invoice_id,subscription_id,invoice_date,due_date,invoice_amount,tax_amount,payment_status,payment_date,payment_method,record_status,status_reason,payment_status_norm
I0000001,S001741,2025-08-13,2025-09-20,63705.13,12558.27,Failed,,Wallet,VALID,No issues detected,Failed
I0000002,S001829,2025-04-15,2025-05-06,46883.31,24072.0,Failed,,Wallet,VALID,No issues detected,Failed
I0000003,S001448,2025-10-14,2025-11-14,57159.86,20904.92,Refunded,,Bank Transfer,VALID,No issues detected,Refunded
I0000004,S000905,2025-12-15,2025-12-24,92131.99,23832.44,,,Bank Transfer,SUSPICIOUS,Missing payment_status,Nan
,S000942,2025-04-19,2025-05-31,98065.49,14169.16,,,Wallet,INVALID,Missing invoice_id; Invoice references non-existent/invalid subscription; Missing payment_status,Nan
I0000006,S002010,2025-02-20,2025-04-03,96747.39,7291.95,,,Bank Transfer,INVALID,Invoice references non-existent/invalid subscription; Missing payment_status,Nan
I0000007,S001349,2025-10-19,2025-11-15,71159.02,11636.1,Refunded,,,INVALID,Invoice references non-existent/invalid subscription,Refunded
I0000008,S001724,2024-08-16,2024-09-06,66741.55,10711.31,Refunded,,,VALID,No issues detected,Refunded
I0000009,S000730,2024-08-20,2024-09-30,57471.82,2692.04,Failed,,,INVALID,Invoice references non-existent/invalid subscription,Failed
I0000010,S002134,2025-07-23,2025-08-12,78210.82,,Refunded,,Card,INVALID,Invoice references non-existent/invalid subscription,Refunded
I0000011,S001828,2024-03-02,2024-03-15,58090.79,4678.22,Paid,2024-03-16,,INVALID,Invoice references non-existent/invalid subscription,Paid
I0000012,S001865,2024-12-14,2025-01-25,113481.44,17627.7,Refunded,2024-12-10,Card,INVALID,Invoice references non-existent/invalid subscription; Payment date earlier than invoice date,Refunded
,S000708,2025-07-02,2025-08-10,4964.09,6712.41,Refunded,2025-06-29,Wallet,INVALID,Missing invoice_id; Invoice references non-existent/invalid subscription; Payment date earlier than invoice date,Refunded
I0000014,S000693,2025-04-04,2025-04-26,5453.33,21200.05,,,Wallet,SUSPICIOUS,Missing payment_status,Nan
I0000015,S002169,2024-05-01,2024-05-23,90703.58,2482.61,Failed,,Wallet,VALID,No issues detected,Failed
I0000016,S001002,2024-02-09,2024-02-20,46721.37,15939.46,,,Bank Transfer,INVALID,Invoice references non-existent/invalid subscription; Missing payment_status,Nan
I0000017,S002079,2025-09-11,2025-10-04,82060.59,17650.62,,,,SUSPICIOUS,Missing payment_status,Nan
I0000018,S000640,2024-06-02,2024-06-27,,,Refunded,2024-07-21,UPI,INVALID,Invoice references non-existent/invalid subscription; Missing invoice_amount,Refunded
I0000019,S002233,2025-06-18,2025-06-04,104672.3,8610.25,Paid,2025-07-13,,INVALID,Invoice references non-existent/invalid subscription,Paid
I0000020,S001950,2025-09-21,2025-09-12,58958.51,21584.04,Failed,2025-10-06,Bank Transfer,INVALID,Invoice references non-existent/invalid subscription,Failed
I0000021,S001982,2025-01-08,2025-01-23,,23412.16,Refunded,,Bank Transfer,INVALID,Invoice references non-existent/invalid subscription; Missing invoice_amount,Refunded
I0000022,S001164,2025-03-17,2025-03-28,51567.71,-1990.27,Failed,2025-05-02,,INVALID,Negative tax_amount,Failed
I0000023,S001618,2025-03-20,2025-03-30,76110.78,22301.52,Refunded,,Wallet,INVALID,Invoice references non-existent/invalid subscription,Refunded
I0000024,S001965,2024-04-09,2024-04-24,76411.49,5262.6,Refunded,,Bank Transfer,INVALID,Invoice references non-existent/invalid subscription,Refunded
I0000025,S001057,2024-08-09,2024-08-19,9378.74,,Failed,2024-08-07,,INVALID,Invoice references non-existent/invalid subscription; Payment date earlier than invoice date,Failed
I0000026,S001171,2025-02-16,2025-03-31,16395.18,9896.45,,,Bank Transfer,INVALID,Invoice references non-existent/invalid subscription; Missing payment_status,Nan
I0000027,S001604,2025-10-30,2025-10-15,67031.92,22798.44,,,Bank Transfer,INVALID,Invoice references non-existent/invalid subscription; Missing payment_status,Nan
I0000028,S000605,2024-08-29,2024-09-09,92893.95,22341.17,Refunded,2024-10-20,Card,INVALID,Invoice references non-existent/invalid subscription,Refunded
I0000029,S000431,2025-02-09,2025-03-23,7105.08,22860.5,Paid,2025-02-04,,INVALID,Invoice references non-existent/invalid subscription; Payment date earlier than invoice date,Paid
I0000030,S002060,2025-05-26,2025-06-30,109207.78,12797.38,,,Wallet,SUSPICIOUS,Missing payment_status,Nan
I0000031,S000113,2024-11-30,2024-11-23,91268.81,-3589.96,Refunded,,Card,INVALID,Invoice references non-existent/invalid subscription; Negative tax_amount,Refunded
I0000032,S000206,2025-07-09,2025-08-22,73576.0,-2732.3,Paid,2025-08-15,Card,INVALID,Negative tax_amount,Paid
I0000033,S001318,2024-05-07,2024-05-20,40950.87,2322.94,,,Card,SUSPICIOUS,Missing payment_status,Nan
I0000034,S000949,2025-10-27,2025-11-07,26092.19,1184.5,Refunded,,,INVALID,Invoice references non-existent/invalid subscription,Refunded
,S000481,2024-12-11,2025-01-15,,17806.93,,2025-02-21,Bank Transfer,INVALID,Missing invoice_id; Invoice references non-existent/invalid subscription; Missing invoice_amount; Missing payment_status,Nan
I0000036,S001438,2025-07-07,2025-08-05,106793.87,6665.57,Paid,2025-09-12,Bank Transfer,VALID,No issues detected,Paid
I0000037,S000183,2025-12-01,2026-01-04,33346.69,-1206.63,Paid,2026-01-04,,INVALID,Negative tax_amount,Paid
I0000038,S000842,2026-01-01,2026-02-11,88117.24,14288.68,Failed,,Bank Transfer,VALID,No issues detected,Failed
I0000039,S001776,2024-07-08,2024-08-19,,7730.85,,,Card,INVALID,Invoice references non-existent/invalid subscription; Missing invoice_amount; Missing payment_status,Nan
,S001164,2025-03-13,2025-03-02,74438.46,15589.81,Paid,2025-04-09,Bank Transfer,INVALID,Missing invoice_id,Paid
I0000041,S001063,2024-02-15,2024-03-20,98276.2,13441.56,,,Wallet,INVALID,Invoice references non-existent/invalid subscription; Missing payment_status,Nan
I0000042,S000329,2025-10-09,2025-10-31,25754.74,614.4,Refunded,,Bank Transfer,INVALID,Invoice references non-existent/invalid subscription,Refunded
I0000043,S000654,2024-12-27,2025-01-08,50347.5,13642.28,Pending,,Card,VALID,No issues detected,Pending
I0000044,S000724,2025-09-16,2025-10-24,113454.85,6949.99,Failed,2025-11-22,Card,INVALID,Invoice references non-existent/invalid subscription,Failed
I0000045,S001305,2025-03-12,2025-04-13,110935.91,,,,Wallet,SUSPICIOUS,Missing payment_status,Nan
I0000046,S001595,2026-01-17,2026-01-26,97447.72,17428.51,Refunded,2026-02-13,,INVALID,Invoice references non-existent/invalid subscription,Refunded
,S001568,2025-05-30,2025-06-21,,17005.33,Pending,,Card,INVALID,Missing invoice_id; Missing invoice_amount,Pending
I0000048,S000050,2024-10-18,2024-11-14,119771.47,4165.84,,,UPI,INVALID,Invoice references non-existent/invalid subscription; Missing payment_status,Nan
I0000049,S001328,2025-10-04,2025-11-08,-99198.93,-528.59,Failed,,Card,INVALID,Invoice references non-existent/invalid subscription; Negative invoice_amount; Negative tax_amount,Failed
I0000050,S000927,2024-01-14,2024-01-23,19187.95,12870.67,Failed,2024-01-19,UPI,VALID,No issues detected,Failed
I0000051,S000361,2024-10-29,2024-12-08,53068.13,-4827.59,Paid,2024-12-13,Bank Transfer,INVALID,Invoice references non-existent/invalid subscription; Negative tax_amount,Paid
I0000052,S000447,2025-02-03,2025-03-10,39681.13,7789.76,Paid,2025-01-31,,INVALID,Invoice references non-existent/invalid subscription; Payment date earlier than invoice date,Paid
I0000053,S002263,2025-10-08,2025-10-30,27855.95,13551.5,Pending,,,VALID,No issues detected,Pending
I0000054,S000669,2025-03-31,2025-04-29,24339.37,2677.23,Pending,,UPI,INVALID,Invoice references non-existent/invalid subscription,Pending
I0000055,S002169,2025-10-20,2025-11-08,6605.01,20590.3,,,Wallet,SUSPICIOUS,Missing payment_status,Nan
I0000056,S001493,2025-01-09,2025-01-30,85870.97,-171.76,,,Bank Transfer,INVALID,Invoice references non-existent/invalid subscription; Negative tax_amount; Missing payment_status,Nan
I0000057,S000697,2024-06-03,2024-05-29,29819.96,11022.9,,,Bank Transfer,INVALID,Invoice references non-existent/invalid subscription; Missing payment_status,Nan
I0000058,S001915,2025-02-13,2025-03-08,17813.04,-1420.96,Pending,2025-02-13,Bank Transfer,INVALID,Invoice references non-existent/invalid subscription; Negative tax_amount,Pending
I0000059,S000635,2025-12-10,2026-01-24,69246.24,7161.97,Failed,,Card,INVALID,Invoice references non-existent/invalid subscription,Failed
I0000060,S002261,2025-04-23,2025-05-31,91055.06,1237.78,Failed,,Wallet,INVALID,Invoice references non-existent/invalid subscription,Failed
I0000061,S001171,2024-02-04,2024-03-14,12470.71,-1517.99,,,,INVALID,Invoice references non-existent/invalid subscription; Negative tax_amount; Missing payment_status,Nan
I0000062,S002374,2025-08-09,2025-09-17,-39529.93,5655.24,,2025-10-07,UPI,INVALID,Invoice references non-existent/invalid subscription; Negative invoice_amount; Missing payment_status,Nan
I0000063,S000706,2024-08-09,2024-08-19,109475.12,24471.76,Refunded,,UPI,VALID,No issues detected,Refunded
I0000064,S000954,2025-01-27,2025-02-27,61867.13,-1900.92,Paid,2025-03-23,Wallet,INVALID,Invoice references non-existent/invalid subscription; Negative tax_amount,Paid
I0000065,S001451,2024-01-06,2024-01-27,,12767.17,,,Bank Transfer,SUSPICIOUS,Missing invoice_amount; Missing payment_status,Nan
I0000066,S000309,2024-11-28,2024-12-27,,1896.82,Pending,,Bank Transfer,SUSPICIOUS,Missing invoice_amount,Pending
I0000067,S001852,2025-01-09,2025-01-26,47337.79,12248.17,Failed,2025-03-22,Wallet,INVALID,Invoice references non-existent/invalid subscription,Failed
I0000068,S002359,2025-03-27,2025-04-13,53836.55,2947.62,Paid,2025-05-20,Bank Transfer,VALID,No issues detected,Paid
I0000069,S001015,2025-04-24,2025-05-14,107967.99,1545.06,Failed,,,INVALID,Invoice references non-existent/invalid subscription,Failed
I0000070,S002201,2024-10-31,2024-12-11,6713.33,3384.97,Paid,2025-01-04,,VALID,No issues detected,Paid
I0000071,S000554,2025-11-20,2025-12-19,2100.09,1541.68,Paid,2025-11-12,Wallet,INVALID,Invoice references non-existent/invalid subscription; Payment date earlier than invoice date,Paid
I0000072,S002034,2025-06-06,2025-06-21,20003.89,7813.68,,,UPI,SUSPICIOUS,Missing payment_status,Nan
I0000073,S001027,2025-11-08,2025-11-17,37384.38,21089.93,Pending,2025-12-25,UPI,VALID,No issues detected,Pending
I0000074,S001137,2025-05-11,2025-05-28,-25009.74,24086.68,Paid,2025-06-11,,INVALID,Invoice references non-existent/invalid subscription; Negative invoice_amount,Paid
I0000075,S000454,2024-02-24,2024-02-09,70380.03,10653.58,Paid,2024-04-21,,INVALID,Invoice references non-existent/invalid subscription,Paid
I0000076,S000321,2025-04-11,2025-05-03,110239.31,,Pending,,Card,INVALID,Invoice references non-existent/invalid subscription,Pending
I0000077,S001570,2024-03-16,2024-04-13,55432.39,6981.95,Paid,2024-04-29,,INVALID,Invoice references non-existent/invalid subscription,Paid
I0000078,S000929,2025-02-09,2025-03-08,81037.99,20900.94,Paid,2025-04-15,Card,INVALID,Invoice references non-existent/invalid subscription,Paid
I0000079,S000441,2025-12-10,2026-01-02,119749.63,4108.32,Failed,2026-02-18,Card,VALID,No issues detected,Failed
I0000080,S001939,2024-02-21,2024-04-01,1331.57,11585.05,Refunded,2024-03-22,Wallet,INVALID,Invoice references non-existent/invalid subscription,Refunded
I0000081,S001661,2025-10-27,2025-12-09,7057.9,2198.9,Pending,,,INVALID,Invoice references non-existent/invalid subscription,Pending
,S001149,2024-06-09,2024-06-29,26461.99,,Refunded,,,INVALID,Missing invoice_id,Refunded
I0000083,S001115,2025-04-09,2025-04-27,51403.68,8264.45,Refunded,2025-06-25,Bank Transfer,VALID,No issues detected,Refunded
I0000084,S001006,2024-06-17,2024-07-07,57818.21,9924.04,Pending,,Bank Transfer,VALID,No issues detected,Pending
I0000085,S000116,2024-08-24,2024-10-06,74351.98,15399.61,Paid,2024-09-24,Bank Transfer,INVALID,Invoice references non-existent/invalid subscription,Paid
I0000086,S002273,2025-08-24,2025-09-03,2629.64,4882.05,,2025-09-14,Wallet,SUSPICIOUS,Missing payment_status,Nan
I0000087,S001866,2025-01-11,2025-02-16,7557.51,17157.43,Paid,2025-01-23,UPI,INVALID,Invoice references non-existent/invalid subscription,Paid
I0000088,S001999,2026-01-01,2026-01-23,37584.12,6170.8,,,Card,INVALID,Invoice references non-existent/invalid subscription; Missing payment_status,Nan
I0000089,S000807,2025-06-17,2025-07-14,61993.6,7098.59,Refunded,,Card,VALID,No issues detected,Refunded
I0000090,S000780,2025-10-12,2025-11-01,94928.84,1195.46,Failed,,Bank Transfer,VALID,No issues detected,Failed
I0000091,S000011,2024-04-28,2024-05-07,31412.19,4440.06,,2024-07-02,Bank Transfer,INVALID,Invoice references non-existent/invalid subscription; Missing payment_status,Nan
I0000092,S000043,2025-02-16,2025-03-07,7446.81,10470.73,,,Wallet,SUSPICIOUS,Missing payment_status,Nan
I0000093,S000359,2024-02-28,2024-04-02,18077.19,3752.96,,,Card,SUSPICIOUS,Missing payment_status,Nan
I0000094,S002261,2024-05-25,2024-06-19,107384.44,19802.76,,,UPI,INVALID,Invoice references non-existent/invalid subscription; Missing payment_status,Nan
I0000095,S001587,2025-03-07,2025-04-11,64693.68,17026.38,Refunded,2025-05-07,Wallet,VALID,No issues detected,Refunded
I0000096,S000350,2024-10-22,2024-12-03,29466.13,16883.21,Failed,,Wallet,INVALID,Invoice references non-existent/invalid subscription,Failed
I0000097,S002252,2025-11-16,2025-12-10,107720.75,9519.0,Refunded,2025-12-03,Wallet,INVALID,Invoice references non-existent/invalid subscription,Refunded
I0000098,S000317,2025-04-27,2025-05-20,67361.6,18576.95,Paid,2025-05-31,Bank Transfer,INVALID,Invoice references non-existent/invalid subscription,Paid
I0000099,S001568,2025-11-03,2025-11-11,69367.78,,Pending,,UPI,VALID,No issues detected,Pending
I0000100,S000225,2024-03-26,2024-05-08,88900.09,16943.9,Failed,,Wallet,INVALID,Invoice references non-existent/invalid subscription,Failed
I0000101,S001921,2025-03-03,2025-04-16,89411.25,8692.47,Failed,,Bank Transfer,INVALID,Invoice references non-existent/invalid subscription,Failed
I0000102,S002279,2024-12-28,2025-01-20,45456.36,2037.13,Paid,2025-01-28,Card,INVALID,Invoice references non-existent/invalid subscription,Paid
I0000103,S002224,2025-10-19,2025-11-06,25527.14,22958.66,Failed,,Wallet,INVALID,Invoice references non-existent/invalid subscription,Failed
I0000104,S000872,2024-08-01,2024-08-13,-48240.53,15508.23,Failed,,Card,INVALID,Invoice references non-existent/invalid subscription; Negative invoice_amount,Failed
I0000105,S001139,2025-05-24,2025-06-18,47147.25,,Failed,,Wallet,VALID,No issues detected,Failed
I0000106,S000083,2025-08-27,2025-09-09,90387.52,-255.6,Refunded,,Wallet,INVALID,Negative tax_amount,Refunded
,S000131,2024-11-23,2024-12-11,11363.92,13053.17,Paid,2024-12-04,Wallet,INVALID,Missing invoice_id; Invoice references non-existent/invalid subscription,Paid
I0000108,S000921,2025-12-25,2026-01-26,3035.29,18582.94,,,,INVALID,Invoice references non-existent/invalid subscription; Missing payment_status,Nan
,S001331,2025-01-15,2025-02-17,29922.6,17112.2,Refunded,,UPI,INVALID,Missing invoice_id,Refunded
I0000110,S000960,2024-01-14,2024-02-05,77938.28,22906.32,Paid,2024-01-13,,INVALID,Payment date earlier than invoice date,Paid
I0000111,S000431,2025-09-25,2025-10-08,2848.05,14300.72,Paid,2025-10-11,UPI,INVALID,Invoice references non-existent/invalid subscription,Paid
I0000112,S002278,2024-08-19,2024-09-06,100899.64,461.7,Failed,,UPI,VALID,No issues detected,Failed
I0000113,S000964,2026-01-16,2026-01-10,32766.02,24638.51,Pending,,Card,INVALID,Invoice references non-existent/invalid subscription,Pending
I0000114,S000622,2025-02-06,2025-02-19,101951.77,8492.09,Paid,2025-04-11,,VALID,No issues detected,Paid
I0000115,S001750,2024-04-25,2024-05-08,55748.75,1591.72,Failed,,Wallet,VALID,No issues detected,Failed
,S000712,2026-01-27,2026-03-04,59427.06,10638.16,Pending,,,INVALID,Missing invoice_id,Pending
I0000117,S001223,2025-06-09,2025-06-22,63619.65,18960.9,Paid,2025-07-31,Bank Transfer,VALID,No issues detected,Paid
I0000118,S000461,2025-06-15,2025-07-10,22111.75,7565.03,Paid,2025-06-24,Bank Transfer,VALID,No issues detected,Paid
I0000119,S000811,2025-12-02,2025-12-28,56866.34,7012.9,Pending,,Wallet,INVALID,Invoice references non-existent/invalid subscription,Pending
I0000120,S001840,2025-12-28,2026-02-03,43202.41,5640.25,Failed,,Card,INVALID,Invoice references non-existent/invalid subscription,Failed
I0000121,S000136,2025-11-30,2025-12-22,6313.77,20806.51,,,,SUSPICIOUS,Missing payment_status,Nan
I0000122,S000391,2025-12-20,2026-01-18,37715.92,22925.5,Refunded,2026-01-30,Bank Transfer,INVALID,Invoice references non-existent/invalid subscription,Refunded
I0000123,S000033,2024-01-11,2024-01-21,-49101.31,4208.65,Pending,,Card,INVALID,Invoice references non-existent/invalid subscription; Negative invoice_amount,Pending
I0000124,S001714,2024-04-14,2024-04-23,-26222.95,836.85,Paid,2024-06-11,Card,INVALID,Negative invoice_amount,Paid
I0000125,S002294,2025-09-14,2025-10-12,5688.03,-2812.25,Refunded,2025-10-18,UPI,INVALID,Negative tax_amount,Refunded
,S000418,2024-05-25,2024-06-01,40145.01,10368.31,Refunded,2024-06-07,Card,INVALID,Missing invoice_id,Refunded
I0000127,S000434,2026-01-08,2026-02-07,48417.69,18674.71,Refunded,,,VALID,No issues detected,Refunded
I0000128,S001371,2025-03-03,2025-02-16,77108.48,-2705.49,,,Wallet,INVALID,Invoice references non-existent/invalid subscription; Negative tax_amount; Missing payment_status,Nan
I0000129,S000131,2024-11-18,2024-12-31,79168.0,21121.06,Failed,,,INVALID,Invoice references non-existent/invalid subscription,Failed
I0000130,S000576,2025-09-18,2025-10-08,72243.47,2969.75,Refunded,2025-11-25,UPI,VALID,No issues detected,Refunded
I0000131,S000362,2024-08-07,2024-09-13,116190.11,24040.59,Paid,2024-09-06,UPI,INVALID,Invoice references non-existent/invalid subscription,Paid
I0000132,S000227,2024-01-03,2024-01-28,109636.32,-916.41,Paid,2023-12-29,Wallet,INVALID,Invoice references non-existent/invalid subscription; Negative tax_amount; Payment date earlier than invoice date,Paid
I0000133,S000209,2024-09-14,2024-09-29,31519.45,10293.12,Paid,2024-09-26,,VALID,No issues detected,Paid
I0000134,S001333,2025-06-22,2025-07-28,14420.84,16445.9,Paid,2025-08-25,Bank Transfer,INVALID,Invoice references non-existent/invalid subscription,Paid
I0000135,S000970,2024-05-27,2024-07-03,85923.47,23766.69,,,,INVALID,Invoice references non-existent/invalid subscription; Missing payment_status,Nan
I0000136,S001707,2024-10-16,2024-11-07,41897.6,8269.06,,,Card,INVALID,Invoice references non-existent/invalid subscription; Missing payment_status,Nan
I0000137,S001917,2025-06-04,2025-06-27,38202.74,9165.08,Paid,2025-06-17,Bank Transfer,INVALID,Invoice references non-existent/invalid subscription,Paid
I0000138,S000315,2025-06-25,2025-08-07,69113.09,20123.97,,,Wallet,SUSPICIOUS,Missing payment_status,Nan
I0000139,S001052,2024-10-20,2024-11-23,12451.15,-2231.92,Failed,2024-11-20,UPI,INVALID,Negative tax_amount,Failed
I0000140,S002166,2025-09-14,2025-10-25,76718.63,20547.68,,,Card,SUSPICIOUS,Missing payment_status,Nan
I0000141,S000968,2024-08-29,2024-09-22,63313.22,-2416.17,Refunded,,UPI,INVALID,Negative tax_amount,Refunded
I0000142,S000481,2026-01-09,2026-01-26,31983.85,12999.6,Pending,2026-03-24,UPI,INVALID,Invoice references non-existent/invalid subscription,Pending
I0000143,S001016,2024-09-11,2024-09-30,10572.74,15240.38,,,Wallet,INVALID,Invoice references non-existent/invalid subscription; Missing payment_status,Nan
I0000144,S001390,2025-02-25,2025-03-05,24988.65,10512.51,Paid,2025-02-23,Bank Transfer,INVALID,Invoice references non-existent/invalid subscription; Payment date earlier than invoice date,Paid
I0000145,S000338,2024-07-03,2024-08-11,116753.15,4834.76,,,,SUSPICIOUS,Missing payment_status,Nan
I0000146,S001490,2024-03-02,2024-04-15,98141.78,-1748.56,Failed,2024-05-03,UPI,INVALID,Invoice references non-existent/invalid subscription; Negative tax_amount,Failed
I0000147,S001031,2025-02-25,2025-03-19,41018.99,,,,Bank Transfer,SUSPICIOUS,Missing payment_status,Nan
I0000148,S000120,2024-12-07,2024-12-03,82420.22,1116.33,Refunded,,UPI,VALID,No issues detected,Refunded
I0000149,S000814,2025-11-18,2025-12-28,-59824.23,-911.85,Failed,,,INVALID,Invoice references non-existent/invalid subscription; Negative invoice_amount; Negative tax_amount,Failed
I0000150,S001587,2025-02-28,2025-03-12,9349.65,19671.38,Refunded,,,VALID,No issues detected,Refunded
I0000151,S001101,2025-08-13,2025-09-20,31266.28,17169.42,Paid,2025-10-04,Card,INVALID,Invoice references non-existent/invalid subscription,Paid
I0000152,S001551,2024-07-04,2024-07-30,12012.96,-1682.68,Pending,,Bank Transfer,INVALID,Negative tax_amount,Pending
I0000153,S001868,2025-01-10,2025-02-05,5692.41,20741.23,Failed,,Wallet,INVALID,Invoice references non-existent/invalid subscription,Failed
I0000154,S001820,2025-07-05,2025-08-15,99756.51,13518.88,Paid,2025-08-07,Bank Transfer,VALID,No issues detected,Paid
I0000155,S000486,2025-06-06,2025-07-11,82232.87,21167.9,Paid,2025-08-11,Wallet,VALID,No issues detected,Paid
I0000156,S001658,2024-02-26,2024-03-18,113077.99,18395.48,Refunded,,,INVALID,Invoice references non-existent/invalid subscription,Refunded
I0000157,S000574,2025-05-21,2025-06-24,111151.87,17947.68,Refunded,,,VALID,No issues detected,Refunded
I0000158,S001196,2024-10-20,2024-11-29,,1667.08,Refunded,,UPI,INVALID,Invoice references non-existent/invalid subscription; Missing invoice_amount,Refunded
I0000159,S000102,2025-12-13,2025-12-22,61293.07,23564.46,Failed,,Card,INVALID,Invoice references non-existent/invalid subscription,Failed
I0000160,S001382,2025-07-18,2025-08-27,65694.23,-1310.54,Pending,2025-09-16,Wallet,INVALID,Invoice references non-existent/invalid subscription; Negative tax_amount,Pending
I0000161,S001582,2026-01-20,2026-02-08,,9068.7,Paid,2026-03-17,Bank Transfer,INVALID,Invoice references non-existent/invalid subscription; Missing invoice_amount,Paid
I0000162,S001107,2024-10-29,2024-10-23,48005.3,14076.12,Paid,2024-12-21,UPI,INVALID,Invoice references non-existent/invalid subscription,Paid
I0000163,S001652,2024-01-02,2023-12-26,78314.67,11119.58,Pending,2024-03-10,UPI,INVALID,Invoice references non-existent/invalid subscription,Pending
I0000164,S000777,2024-02-05,2024-01-25,119858.92,3612.24,Failed,,Bank Transfer,INVALID,Invoice references non-existent/invalid subscription,Failed
I0000165,S002054,2024-10-15,2024-11-27,72987.33,4810.6,Paid,2024-11-29,Bank Transfer,INVALID,Invoice references non-existent/invalid subscription,Paid
I0000166,S000025,2025-07-18,2025-07-09,-50902.0,16780.8,Failed,,Card,INVALID,Invoice references non-existent/invalid subscription; Negative invoice_amount,Failed
I0000167,S002187,2025-05-12,2025-04-28,70634.88,2343.4,Failed,2025-05-16,,INVALID,Invoice references non-existent/invalid subscription,Failed
I0000168,S001194,2024-01-14,2024-02-17,25804.97,6249.74,Refunded,,Wallet,INVALID,Invoice references non-existent/invalid subscription,Refunded
I0000169,S000107,2025-03-18,2025-04-13,,19761.78,,2025-03-08,UPI,INVALID,Invoice references non-existent/invalid subscription; Missing invoice_amount; Missing payment_status; Payment date earlier than invoice date,Nan
I0000170,S000747,2024-03-08,2024-04-09,68997.59,6154.12,Pending,,,VALID,No issues detected,Pending
I0000171,S000815,2024-09-13,2024-10-02,57456.75,7975.48,Failed,,,INVALID,Invoice references non-existent/invalid subscription,Failed
I0000172,S000213,2024-04-28,2024-05-24,119426.62,7997.79,Pending,2024-05-21,UPI,VALID,No issues detected,Pending
I0000173,S001374,2025-11-02,2025-12-07,16140.12,24877.21,Refunded,,UPI,INVALID,Invoice references non-existent/invalid subscription,Refunded
I0000174,S002193,2024-09-09,2024-09-29,119708.96,,,,Card,INVALID,Invoice references non-existent/invalid subscription; Missing payment_status,Nan
I0000175,S000655,2024-07-07,2024-07-30,55884.68,736.3,Paid,2024-07-18,Card,INVALID,Invoice references non-existent/invalid subscription,Paid
I0000176,S000431,2025-07-10,2025-08-01,92986.06,7349.15,Refunded,,Card,INVALID,Invoice references non-existent/invalid subscription,Refunded
I0000177,S000391,2025-08-10,2025-09-17,116219.08,12598.22,Failed,,UPI,INVALID,Invoice references non-existent/invalid subscription,Failed
I0000178,S000958,2025-11-05,2025-11-04,92297.35,20145.44,Paid,2025-12-10,Wallet,INVALID,Invoice references non-existent/invalid subscription,Paid
I0000179,S000553,2025-04-21,2025-05-02,88889.26,-432.22,Refunded,,UPI,INVALID,Invoice references non-existent/invalid subscription; Negative tax_amount,Refunded
I0000180,S001324,2025-06-26,2025-07-21,11227.08,-3366.92,,2025-08-09,Card,INVALID,Negative tax_amount; Missing payment_status,Nan
I0000181,S000624,2024-10-09,2024-09-24,18017.42,9551.76,,2024-12-16,Wallet,INVALID,Invoice references non-existent/invalid subscription; Missing payment_status,Nan
I0000182,S000154,2026-01-26,2026-02-06,99382.47,20328.88,Refunded,,Bank Transfer,VALID,No issues detected,Refunded
I0000183,S000882,2024-09-08,2024-08-27,,14973.22,Paid,2024-10-25,Card,INVALID,Invoice references non-existent/invalid subscription; Missing invoice_amount,Paid
I0000184,S001200,2025-02-19,2025-03-06,72812.5,7679.35,,,Wallet,SUSPICIOUS,Missing payment_status,Nan
,S000995,2025-01-26,2025-02-22,-58854.89,13576.2,Paid,2025-04-04,Card,INVALID,Missing invoice_id; Invoice references non-existent/invalid subscription; Negative invoice_amount,Paid
I0000186,S002263,2024-05-30,2024-07-13,92772.03,11373.79,Refunded,2024-07-24,Bank Transfer,VALID,No issues detected,Refunded
I0000187,S001889,2024-02-19,2024-03-20,54326.8,8305.42,Failed,,Wallet,INVALID,Invoice references non-existent/invalid subscription,Failed
I0000188,S000471,2025-08-24,2025-10-06,60500.15,1997.49,Paid,2025-08-15,Wallet,INVALID,Invoice references non-existent/invalid subscription; Payment date earlier than invoice date,Paid
I0000189,S002074,2025-08-12,2025-08-24,72537.0,-2602.16,Failed,2025-10-11,Card,INVALID,Invoice references non-existent/invalid subscription; Negative tax_amount,Failed
I0000190,S000122,2025-03-02,2025-04-08,32287.49,10112.5,Pending,,Card,INVALID,Invoice references non-existent/invalid subscription,Pending
I0000191,S000627,2024-05-21,2024-06-26,75443.26,8465.6,Failed,,Wallet,INVALID,Invoice references non-existent/invalid subscription,Failed
I0000192,S001375,2026-01-13,2026-02-07,100058.97,17304.06,Failed,,Card,INVALID,Invoice references non-existent/invalid subscription,Failed
I0000193,S002356,2025-12-24,2026-01-27,35800.65,,Paid,2025-12-19,,INVALID,Invoice references non-existent/invalid subscription; Payment date earlier than invoice date,Paid
I0000194,S001224,2024-12-29,2025-02-04,30461.78,-3628.17,Failed,2025-01-01,Bank Transfer,INVALID,Negative tax_amount,Failed
I0000195,S000585,2024-04-14,2024-04-21,39242.84,17624.94,Failed,,UPI,INVALID,Invoice references non-existent/invalid subscription,Failed
,S001825,2024-12-08,2024-12-19,73340.26,9061.65,Paid,2024-12-19,Wallet,INVALID,Missing invoice_id; Invoice references non-existent/invalid subscription,Paid
I0000197,S001434,2024-08-26,2024-10-08,103394.63,17993.29,,,Bank Transfer,INVALID,Invoice references non-existent/invalid subscription; Missing payment_status,Nan
I0000198,S001496,2025-07-04,2025-07-17,62411.0,3483.03,Refunded,,Card,INVALID,Invoice references non-existent/invalid subscription,Refunded
I0000199,S000167,2025-12-28,2026-01-16,71930.76,23578.67,Paid,2025-12-22,Card,INVALID,Invoice references non-existent/invalid subscription; Payment date earlier than invoice date,Paid
I0000200,S001703,2025-12-21,2025-12-30,42378.49,6135.66,Pending,2025-12-28,Bank Transfer,VALID,No issues detected,Pending
I0000201,S000710,2025-01-13,2025-01-20,84805.15,13992.85,Pending,,UPI,VALID,No issues detected,Pending
I0000202,S001585,2024-04-26,2024-05-05,111025.95,12818.57,,,Card,INVALID,Invoice references non-existent/invalid subscription; Missing payment_status,Nan
I0000203,S002099,2025-11-06,2025-10-26,29231.89,21597.67,Failed,,,VALID,No issues detected,Failed
I0000204,S000665,2025-01-14,2025-02-04,69246.14,,Pending,,Wallet,INVALID,Invoice references non-existent/invalid subscription,Pending
I0000205,S001426,2024-01-20,2024-02-11,94084.22,4399.98,Pending,,,INVALID,Invoice references non-existent/invalid subscription,Pending
I0000206,S002103,2025-03-25,2025-05-09,115964.6,-2829.8,Failed,,Bank Transfer,INVALID,Invoice references non-existent/invalid subscription; Negative tax_amount,Failed
I0000207,S001249,2024-02-18,2024-03-09,-44118.69,15643.11,Pending,2024-03-26,,INVALID,Invoice references non-existent/invalid subscription; Negative invoice_amount,Pending
I0000208,S000784,2024-09-13,2024-09-24,26731.44,8114.96,Paid,2024-10-12,Bank Transfer,INVALID,Invoice references non-existent/invalid subscription,Paid
I0000209,S002354,2025-07-04,2025-07-11,9290.67,16322.75,,,Bank Transfer,INVALID,Invoice references non-existent/invalid subscription; Missing payment_status,Nan
I0000210,S000240,2024-10-24,2024-12-04,51725.14,1985.9,Paid,2024-12-08,Card,INVALID,Invoice references non-existent/invalid subscription,Paid
I0000211,S000073,2024-11-23,2024-12-13,12040.45,15629.17,,,Bank Transfer,INVALID,Invoice references non-existent/invalid subscription; Missing payment_status,Nan
I0000212,S001602,2024-10-23,2024-11-21,52583.56,-3555.92,Paid,2024-10-13,UPI,INVALID,Invoice references non-existent/invalid subscription; Negative tax_amount; Payment date earlier than invoice date,Paid
I0000213,S000565,2024-02-10,2024-03-05,115294.66,2779.64,,,,INVALID,Invoice references non-existent/invalid subscription; Missing payment_status,Nan
I0000214,S001853,2025-10-30,2025-11-09,1985.52,11186.4,Pending,,Wallet,VALID,No issues detected,Pending
I0000215,S001572,2024-08-19,2024-09-18,44280.1,24384.93,Pending,,Bank Transfer,INVALID,Invoice references non-existent/invalid subscription,Pending
I0000216,S001418,2024-09-13,2024-09-29,15082.54,3843.86,Refunded,,,INVALID,Invoice references non-existent/invalid subscription,Refunded
I0000217,S001625,2024-10-02,2024-11-13,83089.61,23687.96,Refunded,,,INVALID,Invoice references non-existent/invalid subscription,Refunded
I0000218,S001057,2024-12-12,2024-12-26,,-895.23,Failed,,Card,INVALID,Invoice references non-existent/invalid subscription; Negative tax_amount; Missing invoice_amount,Failed
I0000219,S002184,2025-11-09,2025-11-28,15949.27,-3181.28,,,Wallet,INVALID,Invoice references non-existent/invalid subscription; Negative tax_amount; Missing payment_status,Nan
I0000220,S001587,2025-11-14,2025-11-22,16070.2,7410.41,Paid,2026-01-02,Bank Transfer,VALID,No issues detected,Paid
I0000221,S001537,2025-07-03,2025-07-30,85712.12,9699.46,,,UPI,INVALID,Invoice references non-existent/invalid subscription; Missing payment_status,Nan
I0000222,S000404,2025-11-14,2025-12-11,16187.73,23669.65,Paid,2025-12-31,Bank Transfer,VALID,No issues detected,Paid
I0000223,S000286,2025-08-27,2025-09-13,36493.8,16967.87,Pending,,,VALID,No issues detected,Pending
I0000224,S000866,2024-01-02,2024-02-06,18484.2,-1891.96,Paid,2024-01-27,Card,INVALID,Negative tax_amount,Paid
I0000225,S000589,2025-03-08,2025-04-16,19884.2,23401.28,,,,INVALID,Invoice references non-existent/invalid subscription; Missing payment_status,Nan
I0000226,S002309,2024-05-18,2024-05-30,56966.06,13742.91,,,Card,SUSPICIOUS,Missing payment_status,Nan
I0000227,S000584,2024-10-28,2024-11-05,,5520.56,,,,INVALID,Invoice references non-existent/invalid subscription; Missing invoice_amount; Missing payment_status,Nan
I0000228,S000525,2024-08-26,2024-09-29,30994.31,20710.47,,,Bank Transfer,INVALID,Invoice references non-existent/invalid subscription; Missing payment_status,Nan
I0000229,S001414,2024-08-13,2024-09-20,118571.87,19184.73,Failed,,,VALID,No issues detected,Failed
I0000230,S001560,2025-09-14,2025-10-10,70587.49,5680.65,Refunded,,Card,VALID,No issues detected,Refunded
I0000231,S000528,2024-03-12,2024-04-08,51688.4,2691.57,Paid,2024-04-04,UPI,VALID,No issues detected,Paid
I0000232,S000541,2025-04-08,2025-05-02,29063.09,17361.64,Pending,,,INVALID,Invoice references non-existent/invalid subscription,Pending
I0000233,S001511,2024-11-04,2024-10-25,113967.45,14621.56,Pending,,Bank Transfer,INVALID,Invoice references non-existent/invalid subscription,Pending
I0000234,S000482,2025-05-29,2025-06-24,63459.23,8251.66,,,Bank Transfer,INVALID,Invoice references non-existent/invalid subscription; Missing payment_status,Nan
I0000235,S000361,2025-10-26,2025-11-12,,1538.07,Failed,,Bank Transfer,INVALID,Invoice references non-existent/invalid subscription; Missing invoice_amount,Failed
I0000236,S000851,2024-04-21,2024-05-13,4822.99,15993.6,Refunded,,UPI,INVALID,Invoice references non-existent/invalid subscription,Refunded
I0000237,S001310,2024-12-27,2025-01-05,41359.43,,,2025-02-02,,SUSPICIOUS,Missing payment_status,Nan
I0000238,S000675,2024-03-05,2024-04-02,85637.92,11050.93,Failed,,Card,VALID,No issues detected,Failed
I0000239,S000489,2025-04-05,2025-04-27,54835.04,23925.81,Refunded,,Wallet,VALID,No issues detected,Refunded
,S002396,2025-02-11,2025-02-23,119570.51,-57.14,,,Card,INVALID,Missing invoice_id; Invoice references non-existent/invalid subscription; Negative tax_amount; Missing payment_status,Nan
,S001680,2024-08-26,2024-10-06,4494.69,2981.48,Failed,,UPI,INVALID,Missing invoice_id,Failed
I0000242,S001110,2025-08-25,2025-10-09,4366.36,-646.24,Paid,2025-11-02,Bank Transfer,INVALID,Invoice references non-existent/invalid subscription; Negative tax_amount,Paid
I0000243,S001335,2024-12-01,2025-01-13,108366.79,8354.7,,2025-02-07,Bank Transfer,SUSPICIOUS,Missing payment_status,Nan
I0000244,S001614,2024-08-29,2024-08-26,53024.79,765.09,Paid,2024-11-03,Card,INVALID,Invoice references non-existent/invalid subscription,Paid
I0000245,S000302,2024-03-31,2024-05-08,118102.58,7833.82,Refunded,,Card,INVALID,Invoice references non-existent/invalid subscription,Refunded
I0000246,S002032,2024-12-19,2025-02-02,52763.42,-4202.52,,,Card,INVALID,Invoice references non-existent/invalid subscription; Negative tax_amount; Missing payment_status,Nan
I0000247,S001637,2025-01-06,2025-01-22,103174.98,11974.26,Pending,,Bank Transfer,VALID,No issues detected,Pending
I0000248,S000703,2024-02-08,2024-01-24,31334.48,21762.41,Failed,,UPI,INVALID,Invoice references non-existent/invalid subscription,Failed
I0000249,S001330,2024-02-21,2024-04-03,4970.87,14718.84,Pending,,Bank Transfer,VALID,No issues detected,Pending
I0000250,S001296,2026-01-23,2026-02-24,32140.32,1725.3,Paid,2026-04-03,Card,VALID,No issues detected,Paid
I0000251,S001340,2025-12-11,2026-01-15,102874.31,18590.26,Paid,2025-12-31,UPI,VALID,No issues detected,Paid
I0000252,S000437,2024-03-21,2024-04-07,115501.1,,Refunded,,Bank Transfer,VALID,No issues detected,Refunded
I0000253,S001438,2024-08-02,2024-08-28,72831.71,15914.68,Paid,2024-07-28,UPI,INVALID,Payment date earlier than invoice date,Paid
I0000254,S000858,2025-10-24,2025-11-29,43026.99,8101.92,Refunded,,Wallet,VALID,No issues detected,Refunded
I0000255,S002377,2024-05-26,2024-06-16,31489.63,8369.21,Refunded,,,INVALID,Invoice references non-existent/invalid subscription,Refunded
I0000256,S000597,2024-09-13,2024-10-26,30826.25,23055.62,Paid,2024-09-22,,VALID,No issues detected,Paid
,S000560,2025-09-22,2025-10-07,50423.63,2507.16,Paid,2025-10-19,Bank Transfer,INVALID,Missing invoice_id; Invoice references non-existent/invalid subscription,Paid
I0000258,S000973,2025-02-08,2025-03-22,68680.62,-931.36,Paid,2025-03-20,,INVALID,Invoice references non-existent/invalid subscription; Negative tax_amount,Paid
I0000259,S002087,2024-04-12,2024-05-07,44646.69,14840.39,Paid,2024-04-11,Card,INVALID,Payment date earlier than invoice date,Paid
I0000260,S001302,2025-09-02,2025-10-17,84836.61,22226.87,Refunded,,UPI,VALID,No issues detected,Refunded
I0000261,S000994,2024-01-23,2024-02-08,88508.05,7889.62,Paid,2024-02-04,Card,INVALID,Invoice references non-existent/invalid subscription,Paid
I0000262,S001124,2025-12-24,2026-01-31,89229.76,9791.15,Pending,,Bank Transfer,VALID,No issues detected,Pending
I0000263,S001023,2026-01-10,2026-02-08,80723.51,1176.53,Pending,2026-02-20,UPI,INVALID,Invoice references non-existent/invalid subscription,Pending
I0000264,S001315,2024-02-23,2024-04-06,56852.56,19141.05,Failed,2024-04-20,UPI,INVALID,Invoice references non-existent/invalid subscription,Failed
I0000265,S000945,2024-11-09,2024-12-06,33168.98,17654.41,Pending,,,VALID,No issues detected,Pending
I0000266,S000904,2026-01-21,2026-03-01,76551.87,6970.79,,,Card,INVALID,Invoice references non-existent/invalid subscription; Missing payment_status,Nan
I0000267,S001084,2025-05-07,2025-06-18,45909.0,8120.42,Refunded,,Card,VALID,No issues detected,Refunded
I0000268,S001396,2025-07-24,2025-08-05,27151.3,10829.53,Failed,,UPI,VALID,No issues detected,Failed
I0000269,S000132,2026-01-20,2026-03-02,26433.94,3390.3,Pending,2026-02-18,,VALID,No issues detected,Pending
I0000270,S001154,2024-05-12,2024-06-03,100852.23,13274.09,Pending,,Bank Transfer,INVALID,Invoice references non-existent/invalid subscription,Pending
I0000271,S001514,2025-04-08,2025-05-16,-20640.71,14771.22,Failed,,UPI,INVALID,Invoice references non-existent/invalid subscription; Negative invoice_amount,Failed
I0000272,S002324,2025-08-31,2025-09-27,-72725.54,22200.04,Pending,,Card,INVALID,Invoice references non-existent/invalid subscription; Negative invoice_amount,Pending
I0000273,S001434,2024-05-02,2024-05-29,113902.45,-983.75,Refunded,,,INVALID,Invoice references non-existent/invalid subscription; Negative tax_amount,Refunded
I0000274,S001434,2024-06-21,2024-07-01,90224.22,12409.51,Failed,,Wallet,INVALID,Invoice references non-existent/invalid subscription,Failed
,S000852,2025-10-19,2025-11-11,2714.02,17090.73,,2025-12-21,Wallet,INVALID,Missing invoice_id; Invoice references non-existent/invalid subscription; Missing payment_status,Nan
I0000276,S002010,2025-11-27,2025-12-30,30643.4,9615.33,Failed,,UPI,INVALID,Invoice references non-existent/invalid subscription,Failed
I0000277,S000570,2025-12-31,2026-01-18,21795.63,,,,Card,SUSPICIOUS,Missing payment_status,Nan
I0000278,S001850,2024-06-12,2024-07-01,81462.35,,Pending,,Bank Transfer,INVALID,Invoice references non-existent/invalid subscription,Pending
I0000279,S001100,2025-05-08,2025-05-18,109832.67,1057.09,Paid,2025-05-15,Card,INVALID,Invoice references non-existent/invalid subscription,Paid
I0000280,S001483,2025-09-02,2025-09-24,27779.48,7307.61,Paid,2025-09-04,Bank Transfer,INVALID,Invoice references non-existent/invalid subscription,Paid
I0000281,S000541,2025-05-02,2025-06-04,87966.12,8482.12,Refunded,,Wallet,INVALID,Invoice references non-existent/invalid subscription,Refunded
I0000282,S002004,2025-02-25,2025-04-01,80484.03,,Refunded,,Wallet,VALID,No issues detected,Refunded
I0000283,S001840,2024-06-04,2024-07-18,96054.35,24230.09,Refunded,,Bank Transfer,INVALID,Invoice references non-existent/invalid subscription,Refunded
I0000284,S000041,2024-03-26,2024-05-05,103414.78,13379.35,Failed,,,VALID,No issues detected,Failed
I0000285,S000511,2024-07-17,2024-08-05,92635.23,3034.67,,2024-08-04,Wallet,INVALID,Invoice references non-existent/invalid subscription; Missing payment_status,Nan
I0000286,S000674,2025-07-10,2025-08-16,17484.04,2811.21,,,Bank Transfer,INVALID,Invoice references non-existent/invalid subscription; Missing payment_status,Nan
I0000287,S000365,2025-10-04,2025-11-02,99456.68,858.56,Paid,2025-10-05,Wallet,INVALID,Invoice references non-existent/invalid subscription,Paid
I0000288,S000674,2024-03-02,2024-03-20,30674.85,12576.92,Pending,,Card,INVALID,Invoice references non-existent/invalid subscription,Pending
I0000289,S001129,2025-12-23,2026-01-03,46391.74,20334.26,,,Bank Transfer,INVALID,Invoice references non-existent/invalid subscription; Missing payment_status,Nan
I0000290,S001585,2024-10-08,2024-10-22,83138.56,-2277.09,,,,INVALID,Invoice references non-existent/invalid subscription; Negative tax_amount; Missing payment_status,Nan
I0000291,S001811,2025-05-30,2025-06-09,19596.65,9429.84,,,UPI,INVALID,Invoice references non-existent/invalid subscription; Missing payment_status,Nan
I0000292,S000830,2024-09-01,2024-08-27,24463.84,24515.21,Pending,,Wallet,INVALID,Invoice references non-existent/invalid subscription,Pending
I0000293,S001024,2025-05-13,2025-06-23,,11242.93,,2025-05-21,,SUSPICIOUS,Missing invoice_amount; Missing payment_status,Nan
I0000294,S001024,2024-06-26,2024-08-01,59506.6,3838.79,Paid,2024-07-05,Bank Transfer,VALID,No issues detected,Paid
I0000295,S001420,2024-07-20,2024-08-03,114698.27,,,,Bank Transfer,INVALID,Invoice references non-existent/invalid subscription; Missing payment_status,Nan
I0000296,S000581,2024-03-11,2024-03-18,32363.62,,Refunded,2024-04-18,Card,INVALID,Invoice references non-existent/invalid subscription,Refunded
I0000297,S000418,2025-04-02,2025-05-12,65677.03,19351.18,Paid,2025-05-05,Wallet,VALID,No issues detected,Paid
I0000298,S000775,2024-06-25,2024-07-11,,21723.91,,,Card,SUSPICIOUS,Missing invoice_amount; Missing payment_status,Nan
I0000299,S000442,2024-04-11,2024-04-22,118765.49,23071.91,Failed,2024-05-10,Card,VALID,No issues detected,Failed
I0000300,S001730,2025-03-03,2025-03-25,72807.61,7499.48,Refunded,,,INVALID,Invoice references non-existent/invalid subscription,Refunded
I0000301,S000988,2024-11-10,2024-12-06,62621.37,16385.05,Failed,,Bank Transfer,INVALID,Invoice references non-existent/invalid subscription,Failed
I0000302,S000782,2025-07-24,2025-08-06,102044.51,4304.45,Failed,,Card,VALID,No issues detected,Failed
I0000303,S001177,2025-11-24,2025-12-24,18389.86,-1461.36,Refunded,,Bank Transfer,INVALID,Negative tax_amount,Refunded
I0000304,S002291,2025-12-05,2025-12-20,-54871.49,9486.68,Paid,2025-11-25,,INVALID,Invoice references non-existent/invalid subscription; Negative invoice_amount; Payment date earlier than invoice date,Paid
I0000305,S000286,2025-11-29,2025-12-15,37199.38,10469.3,Pending,,UPI,VALID,No issues detected,Pending
I0000306,S000173,2025-11-06,2025-12-05,68101.06,-4796.07,Failed,,UPI,INVALID,Invoice references non-existent/invalid subscription; Negative tax_amount,Failed
I0000307,S000221,2025-11-20,2025-12-17,85796.6,,Paid,2025-11-22,Bank Transfer,VALID,No issues detected,Paid
I0000308,S000976,2024-04-21,2024-04-15,93009.46,14196.14,Refunded,,Wallet,INVALID,Invoice references non-existent/invalid subscription,Refunded
I0000309,S001833,2025-09-30,2025-10-18,91130.76,11582.19,,,Wallet,INVALID,Invoice references non-existent/invalid subscription; Missing payment_status,Nan
I0000310,S000244,2024-01-17,2024-02-24,1741.58,5074.44,Refunded,2024-02-16,Card,VALID,No issues detected,Refunded
I0000311,S002321,2024-07-07,2024-08-08,91385.65,18809.58,Pending,,,INVALID,Invoice references non-existent/invalid subscription,Pending
I0000312,S000606,2025-03-18,2025-04-24,103923.94,7122.8,Paid,2025-03-20,Wallet,INVALID,Invoice references non-existent/invalid subscription,Paid
I0000313,S001406,2024-03-10,2024-04-01,114532.35,23243.71,,,UPI,INVALID,Invoice references non-existent/invalid subscription; Missing payment_status,Nan
I0000314,S000633,2025-12-11,2026-01-15,50678.35,5920.34,Pending,,,INVALID,Invoice references non-existent/invalid subscription,Pending
I0000315,S001416,2024-05-18,2024-06-15,77818.88,1682.15,Failed,,Bank Transfer,VALID,No issues detected,Failed
I0000316,S002078,2025-11-15,2025-12-22,24093.73,11895.24,Failed,,Bank Transfer,INVALID,Invoice references non-existent/invalid subscription,Failed
I0000317,S000005,2024-06-09,2024-05-28,12909.0,1111.16,Refunded,,Bank Transfer,VALID,No issues detected,Refunded
I0000318,S000559,2024-02-09,2024-03-06,6874.74,5095.05,Refunded,,Wallet,VALID,No issues detected,Refunded
I0000319,S001698,2025-12-26,2025-12-22,28174.33,23400.8,Failed,,,VALID,No issues detected,Failed
I0000320,S002198,2024-02-28,2024-04-04,80943.21,2219.68,Refunded,,Card,VALID,No issues detected,Refunded
I0000321,S001099,2025-03-31,2025-03-30,94113.19,-1530.86,Refunded,,,INVALID,Invoice references non-existent/invalid subscription; Negative tax_amount,Refunded
I0000322,S000446,2024-04-06,2024-04-20,83203.97,-1322.12,Refunded,,UPI,INVALID,Invoice references non-existent/invalid subscription; Negative tax_amount,Refunded
,S002123,2025-03-04,2025-03-11,33332.7,10482.6,,,Bank Transfer,INVALID,Missing invoice_id; Invoice references non-existent/invalid subscription; Missing payment_status,Nan
I0000324,S001025,2025-01-18,2025-02-05,100965.87,,Failed,,UPI,VALID,No issues detected,Failed
I0000325,S001138,2024-11-02,2024-11-12,51451.23,22339.92,Refunded,,UPI,VALID,No issues detected,Refunded
I0000326,S001848,2024-10-19,2024-11-11,109731.59,5030.57,Refunded,,UPI,INVALID,Invoice references non-existent/invalid subscription,Refunded
I0000327,S002322,2025-04-25,2025-05-18,61964.93,9163.31,Pending,,Wallet,VALID,No issues detected,Pending
I0000328,S001060,2025-01-29,2025-03-02,20346.05,20209.24,Pending,2025-04-14,Wallet,INVALID,Invoice references non-existent/invalid subscription,Pending
I0000329,S000801,2025-03-10,2025-04-24,105220.86,,Pending,,,INVALID,Invoice references non-existent/invalid subscription,Pending
I0000330,S000078,2024-10-04,2024-11-01,92392.18,702.02,Refunded,,,VALID,No issues detected,Refunded
I0000331,S000815,2024-02-09,2024-02-08,-28317.18,-141.77,Refunded,,Card,INVALID,Invoice references non-existent/invalid subscription; Negative invoice_amount; Negative tax_amount,Refunded
I0000332,S001430,2025-02-09,2025-02-21,70401.59,-3163.51,Pending,,Card,INVALID,Invoice references non-existent/invalid subscription; Negative tax_amount,Pending
I0000333,S001962,2024-02-11,2024-02-03,7463.68,75.7,Failed,,Wallet,INVALID,Invoice references non-existent/invalid subscription,Failed
I0000334,S000934,2024-05-06,2024-05-22,42020.1,7173.67,Failed,,UPI,INVALID,Invoice references non-existent/invalid subscription,Failed
I0000335,S000696,2025-09-19,2025-10-03,63628.58,16040.56,Paid,2025-09-19,Wallet,VALID,No issues detected,Paid
I0000336,S001765,2024-07-25,2024-09-05,11503.13,5669.06,Pending,,UPI,VALID,No issues detected,Pending
I0000337,S001818,2025-11-17,2025-12-31,41780.5,-1667.88,Paid,2025-12-10,Wallet,INVALID,Negative tax_amount,Paid
I0000338,S002383,2024-09-04,2024-09-29,-99242.63,3664.05,Pending,,Wallet,INVALID,Negative invoice_amount,Pending
I0000339,S002343,2025-03-07,2025-03-25,66570.08,17991.87,Refunded,,,INVALID,Invoice references non-existent/invalid subscription,Refunded
I0000340,S001219,2024-09-21,2024-10-02,79023.06,-4765.54,Paid,2024-11-14,Wallet,INVALID,Invoice references non-existent/invalid subscription; Negative tax_amount,Paid
I0000341,S002273,2024-10-09,2024-10-06,12348.05,480.58,Refunded,2024-12-14,UPI,VALID,No issues detected,Refunded
I0000342,S002233,2024-08-05,2024-08-20,53164.98,15447.43,Refunded,,Wallet,INVALID,Invoice references non-existent/invalid subscription,Refunded
I0000343,S001978,2024-09-25,2024-09-12,117918.65,12265.05,Paid,2024-10-22,Card,VALID,No issues detected,Paid
I0000344,S000903,2025-03-16,2025-04-23,15159.29,,Paid,2025-04-11,Bank Transfer,INVALID,Invoice references non-existent/invalid subscription,Paid
I0000345,S000085,2025-11-15,2025-12-19,53077.55,12535.94,,,Wallet,SUSPICIOUS,Missing payment_status,Nan
I0000346,S001239,2024-10-31,2024-12-15,901.62,6313.56,Refunded,,Bank Transfer,INVALID,Invoice references non-existent/invalid subscription,Refunded
I0000347,S000880,2025-07-03,2025-07-12,116972.47,7124.3,Failed,,Bank Transfer,VALID,No issues detected,Failed
I0000348,S001695,2024-03-03,2024-04-01,93652.53,-3962.4,Pending,,UPI,INVALID,Negative tax_amount,Pending
I0000349,S001806,2024-05-22,2024-06-08,115757.35,15900.68,,2024-06-26,Wallet,SUSPICIOUS,Missing payment_status,Nan
I0000350,S001419,2025-06-06,2025-07-18,85382.44,8894.15,Pending,2025-06-13,Card,INVALID,Invoice references non-existent/invalid subscription,Pending
I0000351,S000032,2024-04-26,2024-05-27,6035.33,24244.27,Pending,,,INVALID,Invoice references non-existent/invalid subscription,Pending
I0000352,S002374,2024-04-29,2024-05-15,10695.09,6486.29,,2024-05-24,Card,INVALID,Invoice references non-existent/invalid subscription; Missing payment_status,Nan
I0000353,S001629,2025-02-02,2025-02-23,23454.31,13664.26,Refunded,,,INVALID,Invoice references non-existent/invalid subscription,Refunded
I0000354,S001910,2025-03-03,2025-03-10,25729.84,-2321.23,Failed,,Bank Transfer,INVALID,Negative tax_amount,Failed
I0000355,S000873,2024-11-25,2024-12-21,56222.0,12528.54,,,Bank Transfer,INVALID,Invoice references non-existent/invalid subscription; Missing payment_status,Nan
I0000356,S001239,2025-07-25,2025-08-26,19345.26,16448.7,,,Wallet,INVALID,Invoice references non-existent/invalid subscription; Missing payment_status,Nan
I0000357,S002033,2025-06-27,2025-07-20,61001.75,8657.27,Refunded,,Card,VALID,No issues detected,Refunded
I0000358,S001730,2024-02-16,2024-03-30,40157.87,20596.55,,,UPI,INVALID,Invoice references non-existent/invalid subscription; Missing payment_status,Nan
I0000359,S000219,2025-05-24,2025-05-23,9192.27,-1386.71,Refunded,,UPI,INVALID,Invoice references non-existent/invalid subscription; Negative tax_amount,Refunded
I0000360,S001155,2024-08-17,2024-09-04,-42147.04,20177.48,Refunded,,Bank Transfer,INVALID,Invoice references non-existent/invalid subscription; Negative invoice_amount,Refunded
I0000361,S001703,2025-04-22,2025-05-02,36743.03,18219.37,Failed,,,VALID,No issues detected,Failed
I0000362,S002339,2024-07-22,2024-08-25,58027.95,9610.43,Refunded,2024-08-01,Bank Transfer,INVALID,Invoice references non-existent/invalid subscription,Refunded
I0000363,S000280,2025-04-25,2025-05-31,57145.37,12945.68,Pending,,Card,VALID,No issues detected,Pending
I0000364,S000447,2025-08-12,2025-09-24,115305.69,21635.48,Failed,2025-10-13,Wallet,INVALID,Invoice references non-existent/invalid subscription,Failed
I0000365,S001719,2024-05-16,2024-06-07,94556.22,21170.87,Pending,,Card,VALID,No issues detected,Pending
I0000366,S000013,2025-07-09,2025-08-13,89844.77,15813.33,Refunded,,Card,INVALID,Invoice references non-existent/invalid subscription,Refunded
I0000367,S000042,2024-02-27,2024-03-23,11902.06,49.92,,,,INVALID,Invoice references non-existent/invalid subscription; Missing payment_status,Nan
I0000368,S000405,2024-07-25,2024-08-09,79393.63,19364.78,Failed,,Wallet,INVALID,Invoice references non-existent/invalid subscription,Failed
I0000369,S000334,2025-08-24,2025-09-16,,7210.78,Failed,2025-08-30,Card,INVALID,Invoice references non-existent/invalid subscription; Missing invoice_amount,Failed
I0000370,S001853,2024-02-22,2024-03-25,66591.26,21452.59,,,Wallet,SUSPICIOUS,Missing payment_status,Nan
I0000371,S001636,2024-01-31,2024-03-01,8588.76,5114.71,Refunded,,UPI,INVALID,Invoice references non-existent/invalid subscription,Refunded
I0000372,S000618,2024-10-18,2024-11-14,91632.77,9683.83,Refunded,,Card,INVALID,Invoice references non-existent/invalid subscription,Refunded
I0000373,S001864,2024-01-23,2024-03-06,43699.95,12130.99,Pending,,,INVALID,Invoice references non-existent/invalid subscription,Pending
I0000374,S000584,2024-01-13,2024-01-29,14319.52,23087.76,Paid,2024-02-12,Wallet,INVALID,Invoice references non-existent/invalid subscription,Paid
I0000375,S000102,2024-10-08,2024-11-03,6641.67,-3354.68,Pending,,Wallet,INVALID,Invoice references non-existent/invalid subscription; Negative tax_amount,Pending
I0000376,S002197,2024-10-11,2024-11-12,111131.82,24134.17,Pending,,Bank Transfer,VALID,No issues detected,Pending
I0000377,S001037,2024-11-02,2024-11-17,119838.48,8053.2,Failed,,Bank Transfer,INVALID,Invoice references non-existent/invalid subscription,Failed
I0000378,S001866,2025-04-12,2025-05-16,115827.94,15105.91,Pending,,Card,INVALID,Invoice references non-existent/invalid subscription,Pending
I0000379,S000120,2025-07-02,2025-07-22,81469.56,6388.06,Refunded,2025-07-19,Wallet,VALID,No issues detected,Refunded
I0000380,S000395,2025-11-24,2025-12-19,56111.68,19454.28,Refunded,,UPI,INVALID,Invoice references non-existent/invalid subscription,Refunded
I0000381,S000759,2024-05-13,2024-06-15,87761.49,19871.29,Failed,,Wallet,INVALID,Invoice references non-existent/invalid subscription,Failed
I0000382,S002257,2024-02-09,2024-03-16,103507.58,24210.4,Paid,2024-03-01,Card,INVALID,Invoice references non-existent/invalid subscription,Paid
I0000383,S002307,2024-06-01,2024-06-28,107287.52,8526.83,,,UPI,SUSPICIOUS,Missing payment_status,Nan
I0000384,S000318,2024-10-16,2024-10-29,71017.32,9918.34,Refunded,,Card,VALID,No issues detected,Refunded
I0000385,S002037,2025-10-30,2025-11-28,66210.35,-1570.06,Paid,2025-12-18,,INVALID,Negative tax_amount,Paid
I0000386,S001545,2024-10-31,2024-11-09,99462.4,-1884.35,Paid,2024-11-28,,INVALID,Negative tax_amount,Paid
I0000387,S001913,2025-01-28,2025-02-08,311.02,-2786.96,,,Bank Transfer,INVALID,Invoice references non-existent/invalid subscription; Negative tax_amount; Missing payment_status,Nan
I0000388,S000318,2025-09-01,2025-09-12,,2454.85,,2025-08-23,UPI,INVALID,Missing invoice_amount; Missing payment_status; Payment date earlier than invoice date,Nan
,S000243,2024-10-23,2024-10-09,65142.76,5276.11,Failed,,,INVALID,Missing invoice_id,Failed
I0000390,S000604,2024-07-17,2024-07-28,2405.69,-825.63,Refunded,,Bank Transfer,INVALID,Negative tax_amount,Refunded
I0000391,S000576,2024-03-18,2024-03-25,47852.63,12452.2,Refunded,,UPI,VALID,No issues detected,Refunded
I0000392,S001298,2024-07-15,2024-08-19,40288.42,,Paid,2024-09-06,Wallet,INVALID,Invoice references non-existent/invalid subscription,Paid
,S002372,2024-11-29,2024-12-08,35147.74,8178.95,,,Wallet,INVALID,Missing invoice_id; Invoice references non-existent/invalid subscription; Missing payment_status,Nan
I0000394,S002374,2025-07-29,2025-09-09,12725.0,5595.51,Paid,2025-08-29,Card,INVALID,Invoice references non-existent/invalid subscription,Paid
,S000672,2024-09-12,2024-10-05,765.84,2975.71,Refunded,,,INVALID,Missing invoice_id; Invoice references non-existent/invalid subscription,Refunded
,S000444,2024-06-14,2024-07-10,76987.98,7023.63,Pending,,Wallet,INVALID,Missing invoice_id; Invoice references non-existent/invalid subscription,Pending
I0000397,S002209,2024-01-16,2024-02-12,85507.76,21638.39,Paid,2024-01-10,Bank Transfer,INVALID,Invoice references non-existent/invalid subscription; Payment date earlier than invoice date,Paid
I0000398,S000681,2024-10-10,2024-10-23,105882.14,22748.8,,,UPI,INVALID,Invoice references non-existent/invalid subscription; Missing payment_status,Nan
I0000399,S000399,2025-12-02,2025-12-28,16841.13,8643.64,Pending,,UPI,VALID,No issues detected,Pending
I0000400,S001075,2024-08-15,2024-08-30,55294.03,16877.68,Pending,2024-09-16,Card,VALID,No issues detected,Pending
I0000401,S000005,2025-02-08,2025-02-20,54366.58,1870.07,Paid,2025-02-06,Bank Transfer,INVALID,Payment date earlier than invoice date,Paid
I0000402,S000352,2024-10-28,2024-11-27,59500.99,2099.96,Paid,2024-11-07,,INVALID,Invoice references non-existent/invalid subscription,Paid
I0000403,S002148,2024-02-27,2024-04-02,72673.42,12833.43,Pending,,Bank Transfer,INVALID,Invoice references non-existent/invalid subscription,Pending
I0000404,S001807,2024-10-31,2024-11-13,-91206.6,22480.38,Failed,,Bank Transfer,INVALID,Invoice references non-existent/invalid subscription; Negative invoice_amount,Failed
I0000405,S001315,2024-06-12,2024-07-14,54550.92,5371.02,Failed,,Bank Transfer,INVALID,Invoice references non-existent/invalid subscription,Failed
I0000406,S000447,2025-12-21,2026-01-28,95297.15,23943.53,Paid,2026-02-01,Wallet,INVALID,Invoice references non-existent/invalid subscription,Paid
I0000407,S002333,2025-10-31,2025-11-17,27544.39,24211.96,Paid,2026-01-04,,INVALID,Invoice references non-existent/invalid subscription,Paid
I0000408,S001098,2025-03-27,2025-04-14,47202.14,15598.05,Refunded,,,INVALID,Invoice references non-existent/invalid subscription,Refunded
I0000409,S001654,2025-06-02,2025-06-23,111501.0,6119.49,,,Wallet,INVALID,Invoice references non-existent/invalid subscription; Missing payment_status,Nan
,S000521,2025-11-30,2025-12-25,15619.36,13144.18,,,Bank Transfer,INVALID,Missing invoice_id; Missing payment_status,Nan
I0000411,S001804,2025-02-05,2025-03-11,73373.21,23832.4,Failed,,Wallet,INVALID,Invoice references non-existent/invalid subscription,Failed
I0000412,S002326,2025-06-02,2025-06-26,12686.09,22194.18,Failed,,UPI,VALID,No issues detected,Failed
I0000413,S000622,2025-10-15,2025-11-17,2078.52,980.3,Failed,,,VALID,No issues detected,Failed
I0000414,S002191,2025-08-01,2025-09-07,-12445.99,7610.7,Pending,,Bank Transfer,INVALID,Invoice references non-existent/invalid subscription; Negative invoice_amount,Pending
I0000415,S000425,2024-08-09,2024-07-31,27185.72,-4335.68,Pending,,,INVALID,Negative tax_amount,Pending
,S001446,2025-11-02,2025-12-06,17028.83,23259.44,Failed,,Bank Transfer,INVALID,Missing invoice_id,Failed
I0000417,S000895,2024-07-30,2024-08-11,71000.09,4016.87,Pending,2024-09-13,UPI,INVALID,Invoice references non-existent/invalid subscription,Pending
I0000418,S000664,2024-02-15,2024-03-13,,-2103.62,,2024-02-11,Bank Transfer,INVALID,Invoice references non-existent/invalid subscription; Negative tax_amount; Missing invoice_amount; Missing payment_status; Payment date earlier than invoice date,Nan
I0000419,S000921,2025-09-26,2025-10-16,109064.44,17486.7,,,UPI,INVALID,Invoice references non-existent/invalid subscription; Missing payment_status,Nan
I0000420,S001451,2024-01-02,2024-01-20,6560.96,16549.08,Failed,,Bank Transfer,VALID,No issues detected,Failed
I0000421,S000036,2025-07-21,2025-08-14,71707.99,1843.98,,,,SUSPICIOUS,Missing payment_status,Nan
I0000422,S000791,2024-01-21,2024-02-05,117201.71,19719.86,,,UPI,INVALID,Invoice references non-existent/invalid subscription; Missing payment_status,Nan
I0000423,S000824,2025-09-01,2025-09-21,97288.7,9731.97,Paid,2025-10-03,Bank Transfer,INVALID,Invoice references non-existent/invalid subscription,Paid
I0000424,S001353,2025-05-10,2025-05-27,73321.28,2320.23,,,Bank Transfer,SUSPICIOUS,Missing payment_status,Nan
,S000996,2025-07-21,2025-07-10,19429.32,4337.28,Pending,2025-08-24,Card,INVALID,Missing invoice_id; Invoice references non-existent/invalid subscription,Pending
I0000426,S001720,2025-09-04,2025-10-19,47693.95,22293.5,,,Card,INVALID,Invoice references non-existent/invalid subscription; Missing payment_status,Nan
I0000427,S000597,2026-01-20,2026-03-03,56772.88,15120.13,Paid,2026-01-24,Card,VALID,No issues detected,Paid
I0000428,S001383,2025-08-06,2025-08-20,115423.4,11116.09,Pending,,Bank Transfer,INVALID,Invoice references non-existent/invalid subscription,Pending
I0000429,S002319,2025-12-06,2026-01-19,30904.03,13534.37,,2025-12-16,,SUSPICIOUS,Missing payment_status,Nan
I0000430,S000876,2025-08-01,2025-08-16,,-323.06,Pending,,UPI,INVALID,Invoice references non-existent/invalid subscription; Negative tax_amount; Missing invoice_amount,Pending
I0000431,S000728,2024-01-05,2024-02-16,112058.6,479.75,Failed,,Bank Transfer,INVALID,Invoice references non-existent/invalid subscription,Failed
I0000432,S001743,2025-08-07,2025-09-07,118953.92,-2716.41,Pending,2025-08-31,Card,INVALID,Negative tax_amount,Pending
I0000433,S002383,2024-01-19,2024-02-05,8745.44,1800.01,Failed,2024-02-18,UPI,VALID,No issues detected,Failed
I0000434,S001628,2025-03-27,2025-03-15,45786.91,2888.53,Pending,,Card,VALID,No issues detected,Pending
I0000435,S002397,2024-11-13,2024-11-28,116127.73,17272.72,,,Bank Transfer,INVALID,Invoice references non-existent/invalid subscription; Missing payment_status,Nan
I0000436,S001749,2025-12-09,2026-01-03,5660.71,5311.43,,,Bank Transfer,INVALID,Invoice references non-existent/invalid subscription; Missing payment_status,Nan
I0000437,S000668,2026-01-18,2026-02-28,18410.85,4381.79,Refunded,,Card,VALID,No issues detected,Refunded
I0000438,S001821,2025-08-02,2025-09-01,81536.76,,,,Card,INVALID,Invoice references non-existent/invalid subscription; Missing payment_status,Nan
I0000439,S001936,2024-08-11,2024-09-08,117817.06,20379.25,,,Wallet,SUSPICIOUS,Missing payment_status,Nan
I0000440,S001079,2024-06-22,2024-07-31,117160.9,10362.01,Pending,,,INVALID,Invoice references non-existent/invalid subscription,Pending
I0000441,S001545,2026-01-18,2026-02-16,80208.25,22865.84,Failed,,,VALID,No issues detected,Failed
I0000442,S001202,2025-07-13,2025-07-28,42427.69,11408.2,,,UPI,INVALID,Invoice references non-existent/invalid subscription; Missing payment_status,Nan
I0000443,S000657,2025-06-27,2025-07-04,51946.11,11544.13,,,Card,INVALID,Invoice references non-existent/invalid subscription; Missing payment_status,Nan
I0000444,S001096,2025-03-26,2025-04-15,38069.86,22734.3,Paid,2025-03-25,,INVALID,Invoice references non-existent/invalid subscription; Payment date earlier than invoice date,Paid
I0000445,S002249,2025-01-28,2025-02-09,1737.06,14861.97,Failed,,Wallet,VALID,No issues detected,Failed
I0000446,S001066,2025-10-07,2025-10-31,24902.64,18637.42,,,Bank Transfer,INVALID,Invoice references non-existent/invalid subscription; Missing payment_status,Nan
I0000447,S002095,2025-07-03,2025-08-15,104539.91,,Pending,,,INVALID,Invoice references non-existent/invalid subscription,Pending
I0000448,S002069,2025-07-10,2025-07-24,26970.91,12995.91,Pending,,Card,INVALID,Invoice references non-existent/invalid subscription,Pending
I0000449,S001276,2025-06-16,2025-07-03,84888.82,2315.99,Pending,,Card,INVALID,Invoice references non-existent/invalid subscription,Pending
I0000450,S000597,2025-02-24,2025-03-26,,,Failed,,,SUSPICIOUS,Missing invoice_amount,Failed
I0000451,S002065,2025-07-23,2025-09-05,85630.86,-1445.99,Failed,,,INVALID,Negative tax_amount,Failed
I0000452,S001240,2025-12-18,2026-01-10,117122.54,22859.1,Pending,,Card,VALID,No issues detected,Pending
I0000453,S002342,2025-12-26,2026-01-12,22169.0,-3048.02,Failed,,,INVALID,Invoice references non-existent/invalid subscription; Negative tax_amount,Failed
I0000454,S002232,2024-07-17,2024-08-15,113140.22,9178.19,,,Bank Transfer,SUSPICIOUS,Missing payment_status,Nan
I0000455,S000941,2025-04-01,2025-04-27,,19418.05,Failed,,UPI,INVALID,Invoice references non-existent/invalid subscription; Missing invoice_amount,Failed
I0000456,S001875,2024-11-25,2024-12-15,30536.19,19540.71,Pending,,,VALID,No issues detected,Pending
I0000457,S002064,2025-03-02,2025-04-05,117529.78,,Paid,2025-04-30,UPI,VALID,No issues detected,Paid
I0000458,S000381,2024-10-24,2024-11-23,94541.49,17718.66,Refunded,,Bank Transfer,VALID,No issues detected,Refunded
I0000459,S000768,2025-08-30,2025-09-10,32497.65,23305.27,Pending,,Card,INVALID,Invoice references non-existent/invalid subscription,Pending
I0000460,S000951,2025-02-15,2025-02-27,51826.41,16261.38,Refunded,2025-04-30,UPI,INVALID,Invoice references non-existent/invalid subscription,Refunded
,S000930,2025-08-12,2025-09-01,83855.83,13733.18,Failed,,,INVALID,Missing invoice_id; Invoice references non-existent/invalid subscription,Failed
I0000462,S002361,2024-09-02,2024-10-14,60506.09,22063.42,Paid,2024-09-13,UPI,INVALID,Invoice references non-existent/invalid subscription,Paid
I0000463,S001209,2024-07-25,2024-08-07,74035.27,20354.92,Pending,2024-09-12,Bank Transfer,INVALID,Invoice references non-existent/invalid subscription,Pending
I0000464,S001691,2025-01-21,2025-02-26,80135.16,22230.84,Pending,,,VALID,No issues detected,Pending
I0000465,S000744,2024-03-31,2024-05-06,115625.36,21359.0,,,,SUSPICIOUS,Missing payment_status,Nan
,S001450,2025-11-09,2025-11-27,67591.26,19354.48,Refunded,,UPI,INVALID,Missing invoice_id; Invoice references non-existent/invalid subscription,Refunded
I0000467,S001368,2025-11-09,2025-11-22,17791.9,17959.54,Refunded,2026-01-28,Card,VALID,No issues detected,Refunded
I0000468,S000128,2025-06-10,2025-07-23,25394.93,12620.38,Failed,,Wallet,INVALID,Invoice references non-existent/invalid subscription,Failed
I0000469,S000884,2026-01-03,2026-02-14,,6791.68,Failed,,Card,INVALID,Invoice references non-existent/invalid subscription; Missing invoice_amount,Failed
I0000470,S000127,2024-11-29,2024-12-14,69842.41,-869.55,Paid,2025-01-12,,INVALID,Invoice references non-existent/invalid subscription; Negative tax_amount,Paid
I0000471,S000363,2024-02-04,2024-02-18,106821.6,23688.18,Pending,2024-03-22,,INVALID,Invoice references non-existent/invalid subscription,Pending
I0000472,S001789,2024-06-22,2024-07-01,95051.52,1362.96,Failed,,Bank Transfer,VALID,No issues detected,Failed
I0000473,S000144,2024-03-27,2024-04-22,17865.9,19101.93,Pending,,Card,VALID,No issues detected,Pending
I0000474,S001209,2024-02-20,2024-03-04,17258.62,-2295.78,Refunded,,Wallet,INVALID,Invoice references non-existent/invalid subscription; Negative tax_amount,Refunded
I0000475,S000634,2025-02-27,2025-03-28,86372.4,15584.08,Refunded,,,INVALID,Invoice references non-existent/invalid subscription,Refunded
I0000476,S001243,2025-08-12,2025-07-30,6541.38,-2400.03,Paid,2025-10-17,UPI,INVALID,Negative tax_amount,Paid
I0000477,S001194,2024-10-12,2024-11-03,106260.92,6291.57,Pending,,UPI,INVALID,Invoice references non-existent/invalid subscription,Pending
I0000478,S001329,2024-09-18,2024-10-23,15286.36,1964.42,Failed,2024-10-31,UPI,VALID,No issues detected,Failed
I0000479,S001194,2024-03-04,2024-03-18,70977.19,11551.39,,,,INVALID,Invoice references non-existent/invalid subscription; Missing payment_status,Nan
I0000480,S001752,2024-11-06,2024-11-24,17812.57,23668.4,,,Wallet,INVALID,Invoice references non-existent/invalid subscription; Missing payment_status,Nan
I0000481,S000286,2024-12-24,2025-01-14,764.67,5566.15,Pending,,Card,VALID,No issues detected,Pending
I0000482,S000092,2025-03-30,2025-03-23,98818.18,1721.61,Refunded,,,VALID,No issues detected,Refunded
I0000483,S000370,2025-08-06,2025-08-27,68786.78,-1046.12,,,Wallet,INVALID,Negative tax_amount; Missing payment_status,Nan
I0000484,S001807,2025-06-28,2025-07-24,64498.97,16692.66,,,Wallet,INVALID,Invoice references non-existent/invalid subscription; Missing payment_status,Nan
I0000485,S001243,2025-10-04,2025-10-16,,10796.91,Refunded,,,SUSPICIOUS,Missing invoice_amount,Refunded
I0000486,S001336,2024-04-15,2024-05-05,22732.36,-4511.69,Pending,,,INVALID,Negative tax_amount,Pending
I0000487,S002017,2025-03-27,2025-05-08,39065.89,-4629.69,Pending,,Bank Transfer,INVALID,Negative tax_amount,Pending
I0000488,S001542,2025-12-13,2026-01-01,116247.05,12937.26,Paid,2025-12-08,Wallet,INVALID,Invoice references non-existent/invalid subscription; Payment date earlier than invoice date,Paid
I0000489,S001715,2025-11-18,2025-12-25,70227.72,7890.35,,,UPI,INVALID,Invoice references non-existent/invalid subscription; Missing payment_status,Nan
I0000490,S000408,2024-06-19,2024-08-01,,953.72,Failed,2024-08-31,,INVALID,Invoice references non-existent/invalid subscription; Missing invoice_amount,Failed
I0000491,S002176,2026-01-12,2026-02-06,50315.62,19491.83,,,UPI,SUSPICIOUS,Missing payment_status,Nan
I0000492,S000778,2024-11-14,2024-12-25,76195.85,8058.31,Pending,,UPI,INVALID,Invoice references non-existent/invalid subscription,Pending
I0000493,S000486,2025-12-09,2025-12-06,23563.2,23618.6,Pending,,Card,VALID,No issues detected,Pending
I0000494,S000723,2024-04-06,2024-05-15,73983.24,10282.84,Refunded,,UPI,VALID,No issues detected,Refunded
I0000495,S000885,2024-09-10,2024-09-25,49858.18,-3735.68,Pending,,Wallet,INVALID,Negative tax_amount,Pending
I0000496,S001679,2024-11-24,2024-12-26,57899.33,9594.28,Paid,2025-01-12,Wallet,INVALID,Invoice references non-existent/invalid subscription,Paid
I0000497,S001388,2025-11-24,2025-12-02,,23416.64,Failed,,UPI,INVALID,Invoice references non-existent/invalid subscription; Missing invoice_amount,Failed
I0000498,S001542,2024-12-03,2024-12-29,75823.45,-4630.36,Paid,2025-01-13,,INVALID,Invoice references non-existent/invalid subscription; Negative tax_amount,Paid
I0000499,S000413,2025-01-31,2025-03-12,-111725.41,9871.23,Refunded,,Wallet,INVALID,Invoice references non-existent/invalid subscription; Negative invoice_amount,Refunded
I0000500,S001736,2024-09-24,2024-10-29,104769.75,-2125.83,Pending,2024-10-20,Card,INVALID,Invoice references non-existent/invalid subscription; Negative tax_amount,Pending
I0000501,S000587,2025-01-07,2025-01-25,-16839.2,20227.08,,,Card,INVALID,Invoice references non-existent/invalid subscription; Negative invoice_amount; Missing payment_status,Nan
I0000502,S000605,2025-12-14,2025-12-22,41207.7,6094.36,,,UPI,INVALID,Invoice references non-existent/invalid subscription; Missing payment_status,Nan
I0000503,S000677,2024-01-04,2024-02-02,73246.91,2676.76,Paid,2024-02-21,Bank Transfer,INVALID,Invoice references non-existent/invalid subscription,Paid
I0000504,S002257,2024-07-14,2024-07-28,111485.71,193.97,Paid,2024-07-31,,INVALID,Invoice references non-existent/invalid subscription,Paid
I0000505,S002161,2024-04-14,2024-05-29,88224.1,6605.42,Refunded,2024-06-12,,INVALID,Invoice references non-existent/invalid subscription,Refunded
I0000506,S001176,2024-11-04,2024-11-23,12412.52,-2307.58,,,Card,INVALID,Negative tax_amount; Missing payment_status,Nan
I0000507,S002328,2024-04-07,2024-04-22,112905.89,22886.95,,2024-06-09,Bank Transfer,INVALID,Invoice references non-existent/invalid subscription; Missing payment_status,Nan
I0000508,S002191,2024-05-20,2024-06-24,67991.83,409.97,Failed,,Bank Transfer,INVALID,Invoice references non-existent/invalid subscription,Failed
I0000509,S001395,2024-10-01,2024-10-16,33543.93,18023.58,Failed,,,INVALID,Invoice references non-existent/invalid subscription,Failed
I0000510,S001649,2024-09-11,2024-09-24,64577.24,14840.88,Refunded,,Wallet,INVALID,Invoice references non-existent/invalid subscription,Refunded
I0000511,S002350,2024-02-16,2024-03-03,42968.12,-2078.41,Pending,,Bank Transfer,INVALID,Negative tax_amount,Pending
I0000512,S001097,2024-02-04,2024-03-05,3167.52,-4110.36,Paid,2024-02-29,,INVALID,Invoice references non-existent/invalid subscription; Negative tax_amount,Paid
,S002223,2025-08-27,2025-10-04,50295.45,-1097.06,Failed,2025-11-09,UPI,INVALID,Missing invoice_id; Invoice references non-existent/invalid subscription; Negative tax_amount,Failed
I0000514,S000008,2024-01-25,2024-02-22,60511.07,-2138.52,Failed,,Bank Transfer,INVALID,Invoice references non-existent/invalid subscription; Negative tax_amount,Failed
I0000515,S001825,2024-04-13,2024-04-28,-19009.42,1095.3,Pending,,,INVALID,Invoice references non-existent/invalid subscription; Negative invoice_amount,Pending
I0000516,S000879,2025-10-21,2025-11-17,47129.15,23462.98,Pending,,Wallet,INVALID,Invoice references non-existent/invalid subscription,Pending
I0000517,S000720,2025-06-03,2025-06-27,7523.77,3770.98,Paid,2025-06-04,Card,INVALID,Invoice references non-existent/invalid subscription,Paid
I0000518,S000997,2024-05-15,2024-06-06,87923.78,17978.88,,2024-05-26,Bank Transfer,INVALID,Invoice references non-existent/invalid subscription; Missing payment_status,Nan
I0000519,S001229,2024-04-24,2024-05-31,107894.37,24441.6,Failed,,Bank Transfer,INVALID,Invoice references non-existent/invalid subscription,Failed
I0000520,S001741,2024-08-21,2024-09-14,116189.65,2013.49,Failed,,,VALID,No issues detected,Failed
I0000521,S001355,2025-12-06,2025-12-30,-74800.01,11091.61,Failed,,Wallet,INVALID,Invoice references non-existent/invalid subscription; Negative invoice_amount,Failed
I0000522,S000954,2024-09-23,2024-10-20,30741.51,-4669.15,Paid,2024-10-04,Card,INVALID,Invoice references non-existent/invalid subscription; Negative tax_amount,Paid
I0000523,S000886,2025-11-24,2025-12-04,4545.7,-3242.36,,,UPI,INVALID,Invoice references non-existent/invalid subscription; Negative tax_amount; Missing payment_status,Nan
I0000524,S000482,2025-08-21,2025-09-17,104816.42,-4893.04,Refunded,,Wallet,INVALID,Invoice references non-existent/invalid subscription; Negative tax_amount,Refunded
I0000525,S001595,2025-02-26,2025-03-16,75174.57,-1628.65,Failed,,Card,INVALID,Invoice references non-existent/invalid subscription; Negative tax_amount,Failed
I0000526,S000245,2025-07-24,2025-08-08,18850.3,12490.99,,,Wallet,INVALID,Invoice references non-existent/invalid subscription; Missing payment_status,Nan
I0000527,S001192,2025-06-02,2025-07-17,88962.5,17350.37,Failed,,Bank Transfer,INVALID,Invoice references non-existent/invalid subscription,Failed
I0000528,S001694,2025-01-18,2025-02-24,9363.29,7125.78,Failed,,,INVALID,Invoice references non-existent/invalid subscription,Failed
I0000529,S000572,2024-01-30,2024-02-25,-70412.2,7163.29,Paid,2024-03-06,Wallet,INVALID,Invoice references non-existent/invalid subscription; Negative invoice_amount,Paid
I0000530,S002087,2026-01-24,2026-02-17,9858.15,1707.04,Pending,,Card,VALID,No issues detected,Pending
I0000531,S001280,2024-08-24,2024-09-26,34578.06,-3205.91,Paid,2024-09-17,Card,INVALID,Negative tax_amount,Paid
I0000532,S001302,2024-12-02,2024-12-11,52783.68,9197.95,Pending,,,VALID,No issues detected,Pending
,S001500,2025-05-27,2025-06-15,56647.63,2686.0,,,Card,INVALID,Missing invoice_id; Missing payment_status,Nan
I0000534,S002239,2024-02-02,2024-03-11,85526.19,-3757.22,,,Wallet,INVALID,Negative tax_amount; Missing payment_status,Nan
I0000535,S002221,2025-03-10,2025-04-08,96909.53,10537.62,Paid,2025-05-09,Bank Transfer,VALID,No issues detected,Paid
I0000536,S001404,2025-07-05,2025-06-20,48530.99,19361.43,Refunded,2025-07-17,UPI,VALID,No issues detected,Refunded
,S000597,2024-05-07,2024-05-18,,8559.21,Paid,2024-05-10,Bank Transfer,INVALID,Missing invoice_id; Missing invoice_amount,Paid
I0000538,S002134,2024-07-04,2024-07-28,33617.07,23071.84,Paid,2024-07-02,UPI,INVALID,Invoice references non-existent/invalid subscription; Payment date earlier than invoice date,Paid
I0000539,S001914,2024-01-21,2024-01-31,59227.15,11787.87,,,Bank Transfer,INVALID,Invoice references non-existent/invalid subscription; Missing payment_status,Nan
I0000540,S000903,2025-07-20,2025-08-12,89574.1,-2087.18,Refunded,,UPI,INVALID,Invoice references non-existent/invalid subscription; Negative tax_amount,Refunded
I0000541,S000320,2025-10-31,2025-11-29,112761.94,20253.28,,,UPI,SUSPICIOUS,Missing payment_status,Nan
I0000542,S000416,2024-05-03,2024-06-14,41534.56,14640.6,Pending,2024-06-09,,INVALID,Invoice references non-existent/invalid subscription,Pending
I0000543,S002343,2025-10-06,2025-11-12,61917.74,16752.93,Refunded,,Bank Transfer,INVALID,Invoice references non-existent/invalid subscription,Refunded
I0000544,S001796,2026-01-12,2026-02-12,,18722.69,Paid,2026-02-19,Bank Transfer,SUSPICIOUS,Missing invoice_amount,Paid
I0000545,S001633,2025-07-02,2025-08-07,58031.65,16521.28,,,,SUSPICIOUS,Missing payment_status,Nan
I0000546,S001896,2024-04-26,2024-05-03,104058.03,-3917.71,Failed,,Bank Transfer,INVALID,Negative tax_amount,Failed
I0000547,S001626,2024-06-22,2024-07-19,62079.43,6238.15,Paid,2024-06-19,Bank Transfer,INVALID,Payment date earlier than invoice date,Paid
I0000548,S002189,2024-04-11,2024-05-21,90766.32,8767.87,Paid,2024-06-06,Card,VALID,No issues detected,Paid
I0000549,S001688,2025-06-12,2025-06-19,38740.15,1669.46,Pending,,Wallet,INVALID,Invoice references non-existent/invalid subscription,Pending
I0000550,S000047,2025-11-14,2025-11-29,108033.79,-755.27,,,Wallet,INVALID,Negative tax_amount; Missing payment_status,Nan
I0000551,S001074,2026-01-17,2026-02-23,66133.38,2935.93,Failed,2026-01-09,UPI,INVALID,Payment date earlier than invoice date,Failed
I0000552,S000622,2024-01-30,2024-02-18,52725.51,4391.61,,,Wallet,SUSPICIOUS,Missing payment_status,Nan
I0000553,S001613,2024-03-06,2024-02-25,101629.05,19680.16,Paid,2024-04-25,,INVALID,Invoice references non-existent/invalid subscription,Paid
I0000554,S001569,2024-10-09,2024-11-03,-35299.81,14891.52,Failed,,,INVALID,Negative invoice_amount,Failed
I0000555,S000318,2025-05-14,2025-06-23,118591.92,17206.24,,2025-06-08,,SUSPICIOUS,Missing payment_status,Nan
I0000556,S001906,2024-09-25,2024-10-03,118703.29,-3856.53,Refunded,2024-10-10,Wallet,INVALID,Invoice references non-existent/invalid subscription; Negative tax_amount,Refunded
I0000557,S001023,2024-02-23,2024-03-21,83099.07,722.17,Pending,,,INVALID,Invoice references non-existent/invalid subscription,Pending
I0000558,S000740,2025-08-16,2025-08-30,51422.37,-2149.86,Failed,,UPI,INVALID,Negative tax_amount,Failed
I0000559,S001685,2025-12-22,2026-01-31,54708.84,-275.09,Pending,,Card,INVALID,Invoice references non-existent/invalid subscription; Negative tax_amount,Pending
I0000560,S001832,2025-05-15,2025-06-05,112510.32,6865.76,Paid,2025-06-26,Bank Transfer,INVALID,Invoice references non-existent/invalid subscription,Paid
I0000561,S000866,2025-10-24,2025-11-28,26268.22,3795.46,Pending,,Wallet,VALID,No issues detected,Pending
I0000562,S001750,2024-09-02,2024-09-28,72595.13,11783.86,Pending,,Card,VALID,No issues detected,Pending
I0000563,S000337,2025-08-10,2025-09-16,35381.24,5005.65,,,UPI,INVALID,Invoice references non-existent/invalid subscription; Missing payment_status,Nan
I0000564,S000611,2025-03-11,2025-04-02,104579.2,18257.34,,2025-05-21,,SUSPICIOUS,Missing payment_status,Nan
I0000565,S000746,2025-02-26,2025-04-04,7629.99,12312.93,Paid,2025-04-21,Card,INVALID,Invoice references non-existent/invalid subscription,Paid
I0000566,S000390,2024-01-31,2024-02-14,113555.42,5559.58,Paid,2024-02-04,Bank Transfer,INVALID,Invoice references non-existent/invalid subscription,Paid
I0000567,S000897,2025-11-05,2025-12-04,84054.19,104.21,,2026-01-14,Card,INVALID,Invoice references non-existent/invalid subscription; Missing payment_status,Nan
I0000568,S001535,2024-08-18,2024-09-22,77252.27,10494.78,Refunded,,Bank Transfer,INVALID,Invoice references non-existent/invalid subscription,Refunded
I0000569,S001210,2024-09-24,2024-10-06,,3206.23,Failed,2024-12-13,UPI,SUSPICIOUS,Missing invoice_amount,Failed
I0000570,S002130,2025-01-27,2025-03-10,60368.5,-2938.21,Refunded,,Wallet,INVALID,Invoice references non-existent/invalid subscription; Negative tax_amount,Refunded
I0000571,S001348,2024-11-14,2024-11-08,,-2296.12,Failed,,Wallet,INVALID,Negative tax_amount; Missing invoice_amount,Failed
I0000572,S000535,2025-02-17,2025-03-09,44634.12,20214.27,Paid,2025-03-19,UPI,INVALID,Invoice references non-existent/invalid subscription,Paid
I0000573,S001506,2024-08-15,2024-09-21,72352.45,3432.35,Paid,2024-08-11,Card,INVALID,Payment date earlier than invoice date,Paid
I0000574,S000788,2024-03-28,2024-04-15,44556.62,24965.02,Paid,2024-04-11,UPI,INVALID,Invoice references non-existent/invalid subscription,Paid
I0000575,S002239,2024-01-29,2024-03-08,16641.27,12007.67,Refunded,,,VALID,No issues detected,Refunded
I0000576,S000528,2024-10-29,2024-11-17,26203.54,21586.37,,,Card,SUSPICIOUS,Missing payment_status,Nan
I0000577,S002359,2024-05-12,2024-06-26,28720.59,11651.22,Paid,2024-06-04,Card,VALID,No issues detected,Paid
I0000578,S002297,2025-08-02,2025-08-28,78038.19,13098.32,Pending,,Card,INVALID,Invoice references non-existent/invalid subscription,Pending
I0000579,S000282,2025-08-18,2025-09-19,86821.11,16732.34,,,UPI,SUSPICIOUS,Missing payment_status,Nan
I0000580,S000497,2025-09-29,2025-11-06,17959.88,9339.61,,,,SUSPICIOUS,Missing payment_status,Nan
I0000581,S001635,2024-07-28,2024-08-07,51257.32,4938.36,,2024-08-28,Bank Transfer,INVALID,Invoice references non-existent/invalid subscription; Missing payment_status,Nan
I0000582,S000146,2025-08-20,2025-09-08,84594.48,22221.92,Refunded,,Wallet,VALID,No issues detected,Refunded
I0000583,S000401,2024-01-13,2024-02-25,67794.95,-3404.05,Failed,,,INVALID,Negative tax_amount,Failed
I0000584,S000170,2025-10-12,2025-11-19,65472.18,-1159.9,,2025-12-27,Card,INVALID,Negative tax_amount; Missing payment_status,Nan
I0000585,S000851,2025-12-09,2026-01-10,,182.69,Failed,,UPI,INVALID,Invoice references non-existent/invalid subscription; Missing invoice_amount,Failed
I0000586,S002282,2025-03-21,2025-03-31,93281.57,6890.57,,,Bank Transfer,INVALID,Invoice references non-existent/invalid subscription; Missing payment_status,Nan
I0000587,S001141,2024-10-06,2024-09-24,46496.13,12845.21,Pending,,Card,INVALID,Invoice references non-existent/invalid subscription,Pending
I0000588,S000741,2024-11-03,2024-11-13,10112.24,5838.29,Failed,,Wallet,VALID,No issues detected,Failed
I0000589,S001696,2025-03-11,2025-03-26,5138.08,6755.72,Failed,,,INVALID,Invoice references non-existent/invalid subscription,Failed
I0000590,S001514,2024-05-11,2024-05-05,77152.43,22610.06,Pending,,,INVALID,Invoice references non-existent/invalid subscription,Pending
I0000591,S001289,2025-04-05,2025-05-14,48855.73,4536.85,Paid,2025-03-29,UPI,INVALID,Invoice references non-existent/invalid subscription; Payment date earlier than invoice date,Paid
I0000592,S001755,2025-02-15,2025-03-30,48577.28,,Refunded,,Wallet,INVALID,Invoice references non-existent/invalid subscription,Refunded
I0000593,S002263,2025-10-17,2025-11-16,8688.86,-16.78,,,UPI,INVALID,Negative tax_amount; Missing payment_status,Nan
I0000594,S002303,2025-02-10,2025-03-27,53835.8,18348.51,Pending,2025-04-27,Bank Transfer,VALID,No issues detected,Pending
I0000595,S001983,2025-02-28,2025-04-04,46305.01,23650.29,Failed,,UPI,INVALID,Invoice references non-existent/invalid subscription,Failed
I0000596,S001563,2024-07-16,2024-08-07,84376.42,11355.2,Paid,2024-09-19,,INVALID,Invoice references non-existent/invalid subscription,Paid
I0000597,S001018,2024-12-19,2025-01-21,54250.78,12157.38,Paid,2025-01-18,Card,INVALID,Invoice references non-existent/invalid subscription,Paid
I0000598,S002341,2024-01-04,2024-01-31,88596.64,10756.71,Refunded,2024-03-08,,INVALID,Invoice references non-existent/invalid subscription,Refunded
I0000599,S000204,2025-12-06,2025-12-23,60172.12,3690.69,Pending,,UPI,INVALID,Invoice references non-existent/invalid subscription,Pending
I0000600,S001607,2024-07-05,2024-06-23,53245.37,17060.17,,,Wallet,INVALID,Invoice references non-existent/invalid subscription; Missing payment_status,Nan
I0000601,S002050,2025-02-20,2025-03-09,88897.81,233.46,Paid,2025-02-12,Wallet,INVALID,Payment date earlier than invoice date,Paid
I0000602,S001483,2024-11-17,2024-11-27,15175.29,19281.18,Paid,2025-01-18,,INVALID,Invoice references non-existent/invalid subscription,Paid
,S000097,2024-09-19,2024-09-28,104070.11,12021.5,Refunded,,UPI,INVALID,Missing invoice_id; Invoice references non-existent/invalid subscription,Refunded
I0000604,S000287,2024-04-04,2024-04-25,51394.19,22672.77,Refunded,2024-06-11,Card,INVALID,Invoice references non-existent/invalid subscription,Refunded
I0000605,S001033,2025-05-21,2025-07-03,59274.26,21940.16,,,,SUSPICIOUS,Missing payment_status,Nan
I0000606,S002280,2024-06-14,2024-06-26,22254.86,7567.6,Refunded,2024-08-03,Wallet,VALID,No issues detected,Refunded
I0000607,S002019,2025-12-24,2026-01-31,-9571.29,19283.54,Pending,,UPI,INVALID,Invoice references non-existent/invalid subscription; Negative invoice_amount,Pending
I0000608,S000469,2024-12-07,2024-12-23,78108.78,-3713.37,Refunded,,,INVALID,Invoice references non-existent/invalid subscription; Negative tax_amount,Refunded
I0000609,S000504,2025-02-04,2025-03-19,101592.43,3962.57,Refunded,,Wallet,VALID,No issues detected,Refunded
I0000610,S001644,2025-02-09,2025-02-16,17551.53,19923.14,Failed,,Card,VALID,No issues detected,Failed
I0000611,S000706,2025-02-19,2025-03-15,73684.53,4330.95,Refunded,,,VALID,No issues detected,Refunded
I0000612,S002180,2026-01-16,2026-02-20,115515.24,9655.0,Pending,,Card,VALID,No issues detected,Pending
I0000613,S001811,2024-12-14,2025-01-08,62145.16,12632.79,Refunded,,,INVALID,Invoice references non-existent/invalid subscription,Refunded
I0000614,S001053,2024-06-12,2024-07-23,71575.81,182.31,Paid,2024-08-05,Bank Transfer,INVALID,Invoice references non-existent/invalid subscription,Paid
I0000615,S001821,2025-09-24,2025-10-25,119011.64,23400.16,Failed,2025-12-13,,INVALID,Invoice references non-existent/invalid subscription,Failed
I0000616,S002324,2025-10-27,2025-10-23,30130.73,8737.33,,,Bank Transfer,INVALID,Invoice references non-existent/invalid subscription; Missing payment_status,Nan
I0000617,S002127,2024-08-25,2024-09-03,74945.98,,Pending,2024-11-06,Card,VALID,No issues detected,Pending
,S002113,2025-04-28,2025-05-14,70019.46,-3260.94,Failed,2025-06-20,,INVALID,Missing invoice_id; Invoice references non-existent/invalid subscription; Negative tax_amount,Failed
I0000619,S000101,2025-03-31,2025-04-28,44629.84,20468.83,Paid,2025-04-08,,VALID,No issues detected,Paid
I0000620,S000110,2026-01-10,2026-01-02,119058.39,5127.91,Failed,,,INVALID,Invoice references non-existent/invalid subscription,Failed
I0000621,S001279,2024-07-02,2024-08-15,,15160.38,,,Wallet,INVALID,Invoice references non-existent/invalid subscription; Missing invoice_amount; Missing payment_status,Nan
I0000622,S000269,2025-10-19,2025-11-27,111528.87,24288.87,,,,SUSPICIOUS,Missing payment_status,Nan
I0000623,S002252,2024-08-11,2024-09-13,22328.25,-1694.32,Failed,,,INVALID,Invoice references non-existent/invalid subscription; Negative tax_amount,Failed
I0000624,S000326,2025-05-18,2025-05-30,113508.78,-799.05,Failed,,Card,INVALID,Invoice references non-existent/invalid subscription; Negative tax_amount,Failed
I0000625,S000763,2024-03-08,2024-04-03,85038.76,-919.18,,,Bank Transfer,INVALID,Negative tax_amount; Missing payment_status,Nan
I0000626,S001429,2025-03-13,2025-04-05,6645.68,24588.82,,,Wallet,SUSPICIOUS,Missing payment_status,Nan
I0000627,S000847,2024-12-10,2024-12-17,62354.08,19248.72,Failed,,Card,INVALID,Invoice references non-existent/invalid subscription,Failed
I0000628,S001483,2025-03-10,2025-04-08,29698.71,20412.48,Failed,2025-04-10,Wallet,INVALID,Invoice references non-existent/invalid subscription,Failed
I0000629,S002049,2025-06-21,2025-07-24,51753.29,23248.78,Pending,,Card,VALID,No issues detected,Pending
I0000630,S000526,2025-06-13,2025-07-18,89152.64,975.38,Refunded,2025-07-07,,VALID,No issues detected,Refunded
I0000631,S001664,2024-04-03,2024-04-11,-10679.66,16930.29,Paid,2024-05-20,UPI,INVALID,Invoice references non-existent/invalid subscription; Negative invoice_amount,Paid
I0000632,S001161,2024-07-10,2024-08-20,18769.12,18611.92,Pending,,Bank Transfer,INVALID,Invoice references non-existent/invalid subscription,Pending
I0000633,S002338,2025-04-07,2025-05-21,64037.92,18578.86,Pending,,,VALID,No issues detected,Pending
I0000634,S002305,2026-01-11,2026-02-01,41914.31,,Refunded,,Bank Transfer,INVALID,Invoice references non-existent/invalid subscription,Refunded
I0000635,S001059,2025-11-21,2025-12-08,58919.23,,Failed,,Card,INVALID,Invoice references non-existent/invalid subscription,Failed
I0000636,S001634,2025-05-11,2025-06-17,-91540.42,2435.96,Pending,,UPI,INVALID,Negative invoice_amount,Pending
I0000637,S001154,2025-02-26,2025-03-22,-79954.22,12820.01,Paid,2025-03-09,,INVALID,Invoice references non-existent/invalid subscription; Negative invoice_amount,Paid
I0000638,S000252,2025-12-08,2025-12-30,56689.02,21691.23,Paid,2026-02-10,Wallet,VALID,No issues detected,Paid
I0000639,S002044,2024-11-22,2024-12-28,53504.8,2045.28,Paid,2025-01-28,Card,INVALID,Invoice references non-existent/invalid subscription,Paid
I0000640,S001079,2024-05-23,2024-06-19,48727.61,9470.47,Pending,,UPI,INVALID,Invoice references non-existent/invalid subscription,Pending
I0000641,S000845,2024-09-21,2024-10-28,98425.89,703.85,,,Card,SUSPICIOUS,Missing payment_status,Nan
I0000642,S001097,2024-01-10,2024-02-22,23876.79,-4097.24,Pending,,Wallet,INVALID,Invoice references non-existent/invalid subscription; Negative tax_amount,Pending
I0000643,S001306,2024-07-11,2024-08-24,-81094.41,408.3,Failed,,Bank Transfer,INVALID,Invoice references non-existent/invalid subscription; Negative invoice_amount,Failed
I0000644,S000578,2025-03-11,2025-04-24,28124.41,21476.11,Paid,2025-03-23,Wallet,INVALID,Invoice references non-existent/invalid subscription,Paid
I0000645,S000975,2025-10-20,2025-11-13,105578.94,-4189.98,,2025-11-10,Card,INVALID,Invoice references non-existent/invalid subscription; Negative tax_amount; Missing payment_status,Nan
,S002240,2024-02-26,2024-03-14,73676.08,22806.11,Failed,,UPI,INVALID,Missing invoice_id; Invoice references non-existent/invalid subscription,Failed
I0000647,S002187,2025-12-19,2026-02-01,-9465.9,5747.09,,2025-12-20,,INVALID,Invoice references non-existent/invalid subscription; Negative invoice_amount; Missing payment_status,Nan
I0000648,S001432,2026-01-18,2026-02-08,22264.83,23046.73,Paid,2026-02-24,UPI,VALID,No issues detected,Paid
I0000649,S001936,2024-03-30,2024-04-17,102448.98,-2761.77,Refunded,,Bank Transfer,INVALID,Negative tax_amount,Refunded
I0000650,S001632,2024-03-12,2024-03-24,77028.1,17881.55,Refunded,,Wallet,INVALID,Invoice references non-existent/invalid subscription,Refunded
I0000651,S002139,2024-09-02,2024-09-29,40074.05,,Refunded,,UPI,VALID,No issues detected,Refunded
I0000652,S001416,2025-01-29,2025-03-11,87975.6,7623.56,Refunded,,Card,VALID,No issues detected,Refunded
I0000653,S002045,2024-10-01,2024-11-11,,6149.5,Pending,,Card,INVALID,Invoice references non-existent/invalid subscription; Missing invoice_amount,Pending
I0000654,S000600,2025-06-09,2025-07-12,59408.02,13687.24,Failed,,,INVALID,Invoice references non-existent/invalid subscription,Failed
I0000655,S001830,2024-11-27,2024-12-28,10148.04,24496.24,Refunded,,UPI,INVALID,Invoice references non-existent/invalid subscription,Refunded
I0000656,S001918,2025-05-17,2025-06-02,8201.9,,Failed,,UPI,VALID,No issues detected,Failed
I0000657,S000385,2024-04-11,2024-04-10,40361.66,5640.37,Failed,,Bank Transfer,INVALID,Invoice references non-existent/invalid subscription,Failed
I0000658,S000866,2025-09-02,2025-09-23,57059.58,462.84,Refunded,,Wallet,VALID,No issues detected,Refunded
I0000659,S000246,2025-03-28,2025-04-23,92266.1,8284.31,,,Card,INVALID,Invoice references non-existent/invalid subscription; Missing payment_status,Nan
I0000660,S000881,2025-09-24,2025-11-04,114367.88,16722.55,Failed,,,VALID,No issues detected,Failed
I0000661,S002311,2025-06-01,2025-06-22,20722.57,5345.97,,,Card,INVALID,Invoice references non-existent/invalid subscription; Missing payment_status,Nan
I0000662,S000730,2025-07-12,2025-08-14,15381.66,8423.3,Paid,2025-08-17,Bank Transfer,INVALID,Invoice references non-existent/invalid subscription,Paid
I0000663,S001837,2025-02-08,2025-02-01,8056.85,5440.21,Refunded,,Wallet,INVALID,Invoice references non-existent/invalid subscription,Refunded
I0000664,S001196,2025-02-26,2025-03-14,53123.18,3577.9,Pending,,,INVALID,Invoice references non-existent/invalid subscription,Pending
I0000665,S002340,2025-04-02,2025-04-23,65608.08,,Failed,,Card,VALID,No issues detected,Failed
I0000666,S001769,2025-10-09,2025-10-25,34712.56,8076.48,Paid,2025-11-04,Bank Transfer,INVALID,Invoice references non-existent/invalid subscription,Paid
I0000667,S000875,2024-03-08,2024-04-13,,9359.47,Paid,2024-04-12,UPI,INVALID,Invoice references non-existent/invalid subscription; Missing invoice_amount,Paid
I0000668,S000608,2024-11-03,2024-11-29,69833.82,10525.86,Refunded,,Card,INVALID,Invoice references non-existent/invalid subscription,Refunded
I0000669,S000898,2026-01-13,2026-01-25,,20853.19,Paid,2026-02-02,Bank Transfer,INVALID,Invoice references non-existent/invalid subscription; Missing invoice_amount,Paid
I0000670,S001977,2024-03-13,2024-03-25,31168.8,12847.37,Paid,2024-05-13,Wallet,VALID,No issues detected,Paid
I0000671,S000487,2025-03-04,2025-03-21,55387.85,11968.65,Paid,2025-03-30,UPI,VALID,No issues detected,Paid
I0000672,S002387,2024-01-04,2024-02-15,61095.39,4255.52,Paid,2024-02-08,Card,INVALID,Invoice references non-existent/invalid subscription,Paid
I0000673,S001315,2025-10-25,2025-11-10,-93019.36,15499.05,Pending,2025-12-17,Bank Transfer,INVALID,Invoice references non-existent/invalid subscription; Negative invoice_amount,Pending
I0000674,S001678,2024-01-19,2024-02-17,111462.9,13968.57,Pending,,UPI,VALID,No issues detected,Pending
I0000675,S001737,2025-12-14,2026-01-08,14060.72,16947.61,Paid,2026-01-11,Card,INVALID,Invoice references non-existent/invalid subscription,Paid
I0000676,S002069,2026-01-14,2026-02-04,-55151.62,23966.04,Failed,,Wallet,INVALID,Invoice references non-existent/invalid subscription; Negative invoice_amount,Failed
I0000677,S001957,2024-06-20,2024-06-28,106495.03,23061.02,Pending,,Wallet,INVALID,Invoice references non-existent/invalid subscription,Pending
I0000678,S000723,2025-04-30,2025-06-10,3764.19,15777.23,Refunded,,Bank Transfer,VALID,No issues detected,Refunded
I0000679,S000070,2024-01-05,2024-01-16,34346.13,24917.92,Failed,,UPI,VALID,No issues detected,Failed
I0000680,S000290,2026-01-19,2026-02-06,15048.99,578.29,Failed,,Wallet,INVALID,Invoice references non-existent/invalid subscription,Failed
I0000681,S000672,2024-09-30,2024-10-16,18274.52,,Refunded,,,INVALID,Invoice references non-existent/invalid subscription,Refunded
I0000682,S000853,2024-10-07,2024-10-25,98268.63,15313.96,Failed,,UPI,INVALID,Invoice references non-existent/invalid subscription,Failed
I0000683,S002039,2024-05-13,2024-06-14,81733.1,6997.27,Refunded,,Bank Transfer,VALID,No issues detected,Refunded
I0000684,S000838,2025-11-01,2025-11-19,8563.74,-275.48,Refunded,,,INVALID,Invoice references non-existent/invalid subscription; Negative tax_amount,Refunded
I0000685,S000465,2025-03-26,2025-05-08,22033.45,-1473.85,Paid,2025-04-13,Card,INVALID,Negative tax_amount,Paid
I0000686,S002025,2024-05-23,2024-06-21,42034.48,20083.16,Pending,,Wallet,INVALID,Invoice references non-existent/invalid subscription,Pending
I0000687,S001480,2025-02-12,2025-03-01,46214.01,-2136.23,,,Bank Transfer,INVALID,Negative tax_amount; Missing payment_status,Nan
I0000688,S000755,2025-06-12,2025-06-23,89885.71,-1072.34,,2025-06-04,Bank Transfer,INVALID,Invoice references non-existent/invalid subscription; Negative tax_amount; Missing payment_status; Payment date earlier than invoice date,Nan
I0000689,S002309,2025-04-29,2025-05-21,104843.35,3732.27,Paid,2025-06-25,UPI,VALID,No issues detected,Paid
I0000690,S002268,2025-12-09,2026-01-22,86978.93,,,,Bank Transfer,INVALID,Invoice references non-existent/invalid subscription; Missing payment_status,Nan
I0000691,S001109,2025-04-26,2025-06-08,31163.38,-2883.89,Failed,,,INVALID,Invoice references non-existent/invalid subscription; Negative tax_amount,Failed
I0000692,S001536,2024-09-14,2024-10-03,49506.04,22477.74,Pending,,UPI,VALID,No issues detected,Pending
,S002352,2025-12-17,2025-12-27,50012.55,,,,Card,INVALID,Missing invoice_id; Invoice references non-existent/invalid subscription; Missing payment_status,Nan
,S000631,2024-08-21,2024-09-14,1295.27,12784.12,Pending,2024-10-16,Bank Transfer,INVALID,Missing invoice_id,Pending
I0000695,S000443,2024-10-21,2024-11-17,10942.93,,Failed,2024-10-20,Wallet,INVALID,Invoice references non-existent/invalid subscription; Payment date earlier than invoice date,Failed
,S001623,2024-08-26,2024-09-26,48761.3,19618.28,Failed,,UPI,INVALID,Missing invoice_id; Invoice references non-existent/invalid subscription,Failed
I0000697,S000242,2024-12-02,2025-01-16,78248.24,19353.75,,,Wallet,SUSPICIOUS,Missing payment_status,Nan
I0000698,S001352,2025-10-15,2025-11-20,48999.24,20386.79,,,UPI,INVALID,Invoice references non-existent/invalid subscription; Missing payment_status,Nan
I0000699,S002191,2024-01-08,2024-01-25,108886.2,-4303.49,Failed,,Wallet,INVALID,Invoice references non-existent/invalid subscription; Negative tax_amount,Failed
I0000700,S000935,2025-01-21,2025-01-30,37257.59,7103.73,Refunded,,,INVALID,Invoice references non-existent/invalid subscription,Refunded
I0000701,S000089,2024-01-11,2024-01-05,21711.2,20288.37,Pending,,Bank Transfer,INVALID,Invoice references non-existent/invalid subscription,Pending
I0000702,S000959,2025-05-27,2025-06-03,98717.52,15398.01,Refunded,,,VALID,No issues detected,Refunded
I0000703,S001675,2024-08-31,2024-10-02,34822.45,15923.27,Failed,2024-10-25,Card,INVALID,Invoice references non-existent/invalid subscription,Failed
I0000704,S001969,2024-08-13,2024-09-22,71289.65,20172.83,Failed,,,INVALID,Invoice references non-existent/invalid subscription,Failed
I0000705,S002213,2024-03-07,2024-03-15,69443.82,-3420.16,Pending,2024-05-08,,INVALID,Invoice references non-existent/invalid subscription; Negative tax_amount,Pending
I0000706,S002199,2024-08-28,2024-10-12,27537.63,19753.17,Refunded,2024-11-15,Bank Transfer,INVALID,Invoice references non-existent/invalid subscription,Refunded
I0000707,S000754,2025-04-11,2025-05-12,104900.16,7364.75,Pending,,Bank Transfer,INVALID,Invoice references non-existent/invalid subscription,Pending
I0000708,S000336,2024-03-29,2024-05-09,26535.32,15197.45,Paid,2024-04-25,Wallet,VALID,No issues detected,Paid
I0000709,S000709,2024-02-22,2024-03-10,93011.05,-944.54,Pending,,,INVALID,Negative tax_amount,Pending
I0000710,S001538,2024-01-11,2024-02-19,62419.54,6460.26,Pending,,Wallet,INVALID,Invoice references non-existent/invalid subscription,Pending
I0000711,S002206,2025-10-14,2025-11-15,52792.55,17163.77,Paid,2025-11-14,Wallet,INVALID,Invoice references non-existent/invalid subscription,Paid
I0000712,S000598,2024-03-17,2024-04-10,46789.56,13761.74,Refunded,2024-05-21,,INVALID,Invoice references non-existent/invalid subscription,Refunded
I0000713,S002073,2025-01-09,2025-02-04,38021.21,20007.53,,,Bank Transfer,INVALID,Invoice references non-existent/invalid subscription; Missing payment_status,Nan
I0000714,S000553,2025-11-03,2025-11-20,30388.14,9667.55,,,Card,INVALID,Invoice references non-existent/invalid subscription; Missing payment_status,Nan
I0000715,S001678,2024-07-24,2024-08-19,70798.38,13623.76,Refunded,,Card,VALID,No issues detected,Refunded
,S000745,2024-10-12,2024-11-13,91273.23,12982.22,,2024-10-28,UPI,INVALID,Missing invoice_id; Invoice references non-existent/invalid subscription; Missing payment_status,Nan
I0000717,S001171,2024-08-07,2024-08-21,58492.3,,Failed,,Bank Transfer,INVALID,Invoice references non-existent/invalid subscription,Failed
I0000718,S001908,2025-08-26,2025-09-12,60076.01,18594.99,,,,INVALID,Invoice references non-existent/invalid subscription; Missing payment_status,Nan
I0000719,S000126,2025-07-28,2025-09-06,82230.1,,,,Wallet,INVALID,Invoice references non-existent/invalid subscription; Missing payment_status,Nan
I0000720,S001079,2024-10-13,2024-11-26,100222.73,8005.41,Failed,,UPI,INVALID,Invoice references non-existent/invalid subscription,Failed
I0000721,S000361,2024-12-15,2025-01-20,2323.33,-4807.58,Refunded,,Bank Transfer,INVALID,Invoice references non-existent/invalid subscription; Negative tax_amount,Refunded
I0000722,S000992,2025-06-07,2025-06-20,5939.6,,Paid,2025-07-06,Card,VALID,No issues detected,Paid
I0000723,S001987,2025-01-25,2025-01-15,61941.33,12688.29,Refunded,,Wallet,INVALID,Invoice references non-existent/invalid subscription,Refunded
I0000724,S000398,2025-08-30,2025-09-06,66506.01,5031.11,Failed,,UPI,INVALID,Invoice references non-existent/invalid subscription,Failed
I0000725,S001710,2025-12-20,2026-01-21,9178.1,8625.79,Pending,,UPI,VALID,No issues detected,Pending
I0000726,S001599,2024-03-14,2024-04-22,17699.89,-2528.56,,2024-03-27,Card,INVALID,Negative tax_amount; Missing payment_status,Nan
,S000858,2025-11-19,2025-12-28,57817.06,9657.34,Refunded,,UPI,INVALID,Missing invoice_id,Refunded
I0000728,S000665,2024-08-05,2024-08-16,86866.43,16667.66,Refunded,2024-08-15,Card,INVALID,Invoice references non-existent/invalid subscription,Refunded
I0000729,S001929,2024-01-19,2024-02-26,74651.49,18966.28,Paid,2024-01-09,Bank Transfer,INVALID,Invoice references non-existent/invalid subscription; Payment date earlier than invoice date,Paid
I0000730,S002122,2025-04-07,2025-05-22,14323.22,2405.11,Pending,2025-05-01,Bank Transfer,VALID,No issues detected,Pending
I0000731,S001221,2024-07-30,2024-09-01,26545.51,10576.73,Failed,,UPI,VALID,No issues detected,Failed
I0000732,S000356,2024-03-04,2024-04-15,96081.23,-4550.75,Pending,,,INVALID,Negative tax_amount,Pending
I0000733,S001101,2026-01-14,2026-01-27,-57781.61,1246.83,,2026-03-30,,INVALID,Invoice references non-existent/invalid subscription; Negative invoice_amount; Missing payment_status,Nan
,S000609,2025-07-02,2025-07-25,,-3090.93,Failed,2025-07-27,Wallet,INVALID,Missing invoice_id; Invoice references non-existent/invalid subscription; Negative tax_amount; Missing invoice_amount,Failed
I0000735,S000135,2025-02-17,2025-03-18,98029.31,15910.45,Failed,,Card,VALID,No issues detected,Failed
I0000736,S002379,2025-02-28,2025-04-04,84607.58,18402.32,Failed,2025-02-23,UPI,INVALID,Invoice references non-existent/invalid subscription; Payment date earlier than invoice date,Failed
I0000737,S000911,2025-06-25,2025-07-31,19385.3,1504.28,,,,INVALID,Invoice references non-existent/invalid subscription; Missing payment_status,Nan
I0000738,S001475,2024-07-23,2024-08-30,5413.41,,Failed,2024-10-03,Card,INVALID,Invoice references non-existent/invalid subscription,Failed
I0000739,S000737,2024-06-18,2024-06-07,23994.8,21074.33,,,Card,INVALID,Invoice references non-existent/invalid subscription; Missing payment_status,Nan
I0000740,S000844,2025-11-12,2025-12-04,103744.09,-1668.66,Pending,,Wallet,INVALID,Negative tax_amount,Pending
I0000741,S000892,2025-04-07,2025-04-25,,22508.95,Paid,2025-04-13,Bank Transfer,SUSPICIOUS,Missing invoice_amount,Paid
I0000742,S001538,2024-08-08,2024-08-27,96112.41,,Refunded,,Card,INVALID,Invoice references non-existent/invalid subscription,Refunded
I0000743,S000932,2024-02-02,2024-03-15,104857.97,7403.53,Refunded,,Bank Transfer,INVALID,Invoice references non-existent/invalid subscription,Refunded
I0000744,S002071,2025-03-28,2025-04-27,50944.23,1223.93,Refunded,2025-05-03,Wallet,VALID,No issues detected,Refunded
I0000745,S000819,2025-05-15,2025-06-15,40436.39,386.18,Paid,2025-05-05,Bank Transfer,INVALID,Invoice references non-existent/invalid subscription; Payment date earlier than invoice date,Paid
I0000746,S001134,2024-03-18,2024-04-17,66501.51,24591.01,Pending,2024-03-20,Bank Transfer,VALID,No issues detected,Pending
I0000747,S001938,2025-04-24,2025-05-23,43492.15,19374.68,Pending,2025-04-22,UPI,INVALID,Payment date earlier than invoice date,Pending
I0000748,S002250,2025-04-16,2025-05-14,37469.24,,Paid,2025-04-16,Wallet,INVALID,Invoice references non-existent/invalid subscription,Paid
I0000749,S001935,2025-07-14,2025-08-07,35377.08,6642.54,Failed,,Wallet,VALID,No issues detected,Failed
I0000750,S002159,2024-02-08,2024-02-18,91172.59,,Failed,2024-03-20,Wallet,INVALID,Invoice references non-existent/invalid subscription,Failed
I0000751,S000194,2025-10-17,2025-10-24,36401.99,225.62,,,Bank Transfer,INVALID,Invoice references non-existent/invalid subscription; Missing payment_status,Nan
I0000752,S000079,2024-10-26,2024-11-04,40243.41,2990.54,,,Bank Transfer,INVALID,Invoice references non-existent/invalid subscription; Missing payment_status,Nan
I0000753,S002376,2025-12-21,2026-01-12,20578.26,18420.14,Paid,2026-01-09,UPI,INVALID,Invoice references non-existent/invalid subscription,Paid
I0000754,S000395,2026-01-01,2026-02-07,29708.15,4432.31,,,UPI,INVALID,Invoice references non-existent/invalid subscription; Missing payment_status,Nan
I0000755,S002309,2025-05-10,2025-06-07,48536.92,14005.2,Pending,,Card,VALID,No issues detected,Pending
I0000756,S002043,2025-06-28,2025-08-09,81859.75,-4596.5,,,UPI,INVALID,Invoice references non-existent/invalid subscription; Negative tax_amount; Missing payment_status,Nan
I0000757,S000829,2025-03-27,2025-04-20,36276.16,24258.78,Refunded,2025-05-07,,INVALID,Invoice references non-existent/invalid subscription,Refunded
I0000758,S000154,2024-11-20,2024-11-27,108977.62,12719.55,Refunded,,UPI,VALID,No issues detected,Refunded
I0000759,S002179,2025-04-02,2025-04-23,34254.84,1355.59,Failed,2025-04-02,,INVALID,Invoice references non-existent/invalid subscription,Failed
I0000760,S001988,2024-07-26,2024-08-16,30113.59,19942.33,Failed,,Bank Transfer,VALID,No issues detected,Failed
I0000761,S001192,2025-04-18,2025-04-29,93067.74,-4326.24,Paid,2025-05-03,UPI,INVALID,Invoice references non-existent/invalid subscription; Negative tax_amount,Paid
I0000762,S000106,2025-09-15,2025-09-25,112523.94,24696.01,Pending,,Bank Transfer,VALID,No issues detected,Pending
I0000763,S001599,2025-03-11,2025-03-29,25933.56,7132.84,Failed,,Card,VALID,No issues detected,Failed
I0000764,S000861,2025-10-31,2025-11-25,103599.21,16505.99,Refunded,2025-12-01,Bank Transfer,INVALID,Invoice references non-existent/invalid subscription,Refunded
I0000765,S000770,2024-01-04,2024-02-06,13426.93,-4459.72,Refunded,,UPI,INVALID,Invoice references non-existent/invalid subscription; Negative tax_amount,Refunded
I0000766,S002377,2025-02-03,2025-03-06,19813.11,721.1,Refunded,,Bank Transfer,INVALID,Invoice references non-existent/invalid subscription,Refunded
I0000767,S002015,2025-08-01,2025-09-06,,9439.5,Pending,,,INVALID,Invoice references non-existent/invalid subscription; Missing invoice_amount,Pending
I0000768,S000654,2025-10-11,2025-11-09,14016.85,-1585.16,Refunded,,UPI,INVALID,Negative tax_amount,Refunded
I0000769,S000441,2024-01-19,2024-02-13,54560.95,10939.57,Pending,,UPI,VALID,No issues detected,Pending
I0000770,S001954,2024-11-05,2024-11-19,68915.17,-1673.46,,,Bank Transfer,INVALID,Invoice references non-existent/invalid subscription; Negative tax_amount; Missing payment_status,Nan
I0000771,S001587,2024-11-28,2025-01-01,93918.38,,Paid,2024-11-25,Wallet,INVALID,Payment date earlier than invoice date,Paid
I0000772,S002305,2024-02-27,2024-03-13,55397.42,10607.5,Failed,,Wallet,INVALID,Invoice references non-existent/invalid subscription,Failed
I0000773,S000111,2024-06-13,2024-07-15,,6044.84,Refunded,,Bank Transfer,INVALID,Invoice references non-existent/invalid subscription; Missing invoice_amount,Refunded
I0000774,S001248,2025-07-20,2025-08-17,104523.14,15545.72,Pending,,UPI,VALID,No issues detected,Pending
I0000775,S002306,2025-01-18,2025-02-18,85401.65,682.18,,,,SUSPICIOUS,Missing payment_status,Nan
I0000776,S001939,2025-09-08,2025-09-26,56771.69,7133.89,Pending,,,INVALID,Invoice references non-existent/invalid subscription,Pending
I0000777,S001302,2024-04-16,2024-04-12,89783.82,-1007.52,Refunded,,Wallet,INVALID,Negative tax_amount,Refunded
I0000778,S000352,2024-11-11,2024-12-07,9622.74,901.44,Refunded,,UPI,INVALID,Invoice references non-existent/invalid subscription,Refunded
I0000779,S000601,2024-06-26,2024-07-24,105535.18,5315.17,Failed,,Card,INVALID,Invoice references non-existent/invalid subscription,Failed
I0000780,S001571,2025-06-28,2025-07-11,116663.22,15251.39,,,Bank Transfer,SUSPICIOUS,Missing payment_status,Nan
I0000781,S000563,2024-02-25,2024-04-06,54282.99,10132.81,Failed,,,INVALID,Invoice references non-existent/invalid subscription,Failed
I0000782,S002115,2025-06-08,2025-07-21,19001.58,-3290.87,Failed,,Bank Transfer,INVALID,Invoice references non-existent/invalid subscription; Negative tax_amount,Failed
I0000783,S001857,2024-08-14,2024-08-26,57163.08,-3000.62,Pending,,Card,INVALID,Invoice references non-existent/invalid subscription; Negative tax_amount,Pending
I0000784,S000070,2025-05-12,2025-06-03,84984.12,13671.22,,,Card,SUSPICIOUS,Missing payment_status,Nan
I0000785,S000283,2026-01-12,2026-01-30,45233.08,8404.99,Failed,2026-02-21,Card,VALID,No issues detected,Failed
I0000786,S000009,2024-12-29,2025-01-05,39826.69,-1852.32,Paid,2025-01-18,Wallet,INVALID,Invoice references non-existent/invalid subscription; Negative tax_amount,Paid
I0000787,S001191,2025-07-31,2025-08-29,59215.03,19481.82,Refunded,,Wallet,VALID,No issues detected,Refunded
I0000788,S001709,2025-06-30,2025-07-25,58136.05,13828.35,,,Card,SUSPICIOUS,Missing payment_status,Nan
I0000789,S001784,2024-02-26,2024-03-16,112193.28,-3539.65,Paid,2024-03-16,Bank Transfer,INVALID,Invoice references non-existent/invalid subscription; Negative tax_amount,Paid
I0000790,S001045,2024-05-26,2024-06-10,13979.71,24829.23,Refunded,,,INVALID,Invoice references non-existent/invalid subscription,Refunded
I0000791,S001412,2025-04-26,2025-05-24,40394.53,,Failed,,UPI,INVALID,Invoice references non-existent/invalid subscription,Failed
I0000792,S001763,2025-01-01,2025-02-12,77246.39,6164.08,Pending,,UPI,INVALID,Invoice references non-existent/invalid subscription,Pending
I0000793,S001814,2024-01-08,2024-02-13,72723.05,1386.22,Failed,,Wallet,VALID,No issues detected,Failed
I0000794,S000672,2024-06-24,2024-07-12,27392.7,21358.44,,,Wallet,INVALID,Invoice references non-existent/invalid subscription; Missing payment_status,Nan
I0000795,S001405,2025-06-25,2025-08-03,118406.1,19372.62,Pending,2025-07-28,Wallet,VALID,No issues detected,Pending
I0000796,S001848,2025-06-10,2025-07-23,93807.65,24432.62,Refunded,,Wallet,INVALID,Invoice references non-existent/invalid subscription,Refunded
I0000797,S002220,2024-12-04,2025-01-10,5501.59,15859.72,Refunded,2025-01-12,,INVALID,Invoice references non-existent/invalid subscription,Refunded
I0000798,S002300,2024-09-23,2024-10-13,32529.64,17252.76,Paid,2024-10-07,Card,INVALID,Invoice references non-existent/invalid subscription,Paid
I0000799,S000362,2024-06-07,2024-06-25,23684.12,-2926.39,Paid,2024-06-22,,INVALID,Invoice references non-existent/invalid subscription; Negative tax_amount,Paid
I0000800,S002280,2024-06-12,2024-07-25,29066.26,22559.28,Refunded,,UPI,VALID,No issues detected,Refunded
I0000801,S000852,2024-12-15,2024-12-13,45154.87,14817.27,Paid,2025-02-03,Bank Transfer,INVALID,Invoice references non-existent/invalid subscription,Paid
I0000802,S000158,2025-07-14,2025-08-09,18731.47,-3151.74,Refunded,,Card,INVALID,Negative tax_amount,Refunded
I0000803,S000505,2025-07-01,2025-07-11,93047.12,11403.55,Paid,2025-07-11,Card,VALID,No issues detected,Paid
,S001520,2024-04-09,2024-04-17,24988.85,-4236.8,Refunded,,Bank Transfer,INVALID,Missing invoice_id; Negative tax_amount,Refunded
I0000805,S002217,2024-10-10,2024-11-16,86574.01,9450.72,Refunded,2024-11-01,Wallet,VALID,No issues detected,Refunded
I0000806,S001731,2025-11-29,2025-12-08,25310.69,-88.54,,,,INVALID,Invoice references non-existent/invalid subscription; Negative tax_amount; Missing payment_status,Nan
I0000807,S002059,2025-10-25,2025-11-26,,12680.39,Failed,2025-12-29,UPI,SUSPICIOUS,Missing invoice_amount,Failed
I0000808,S002377,2025-03-19,2025-03-26,110841.49,5740.78,Pending,2025-03-29,Bank Transfer,INVALID,Invoice references non-existent/invalid subscription,Pending
I0000809,S000652,2024-04-19,2024-04-30,95584.81,3544.85,Refunded,2024-05-09,UPI,INVALID,Invoice references non-existent/invalid subscription,Refunded
I0000810,S001148,2025-01-30,2025-01-28,40991.82,12593.98,,,,SUSPICIOUS,Missing payment_status,Nan
I0000811,S001190,2024-10-31,2024-11-24,52305.72,24139.59,Pending,,Card,INVALID,Invoice references non-existent/invalid subscription,Pending
I0000812,S000541,2025-12-23,2026-01-18,62500.24,-2311.94,Pending,,,INVALID,Invoice references non-existent/invalid subscription; Negative tax_amount,Pending
I0000813,S001482,2025-10-26,2025-11-26,94498.57,-1404.53,Refunded,,Card,INVALID,Negative tax_amount,Refunded
I0000814,S000004,2026-01-02,2026-02-06,-55437.43,3136.1,Pending,,Bank Transfer,INVALID,Invoice references non-existent/invalid subscription; Negative invoice_amount,Pending
I0000815,S001546,2024-01-06,2024-02-08,-111766.44,-1278.55,Failed,2024-03-03,UPI,INVALID,Negative invoice_amount; Negative tax_amount,Failed
I0000816,S000216,2025-07-03,2025-08-05,55384.68,,Failed,,Wallet,VALID,No issues detected,Failed
I0000817,S001103,2024-11-04,2024-12-14,4608.04,3616.99,,,,INVALID,Invoice references non-existent/invalid subscription; Missing payment_status,Nan
I0000818,S000833,2024-05-26,2024-07-02,71944.27,23515.85,Refunded,,Card,INVALID,Invoice references non-existent/invalid subscription,Refunded
I0000819,S001001,2024-05-31,2024-06-23,39273.11,4669.43,Failed,,UPI,VALID,No issues detected,Failed
I0000820,S000019,2025-10-05,2025-11-11,76484.01,10463.82,Pending,,,VALID,No issues detected,Pending
I0000821,S001529,2024-12-18,2025-01-08,90601.33,2767.49,Pending,,,INVALID,Invoice references non-existent/invalid subscription,Pending
I0000822,S001225,2025-11-16,2025-12-22,102912.08,15755.39,Paid,2026-01-10,,INVALID,Invoice references non-existent/invalid subscription,Paid
I0000823,S000605,2024-05-27,2024-06-23,7254.61,-4095.53,Pending,,Bank Transfer,INVALID,Invoice references non-existent/invalid subscription; Negative tax_amount,Pending
I0000824,S000523,2024-08-29,2024-10-12,18208.98,21443.78,Paid,2024-08-27,Card,INVALID,Invoice references non-existent/invalid subscription; Payment date earlier than invoice date,Paid
I0000825,S002170,2024-11-07,2024-11-26,110829.85,23810.05,Paid,2024-12-21,Bank Transfer,VALID,No issues detected,Paid
I0000826,S000309,2025-03-16,2025-04-04,8296.76,5636.97,Refunded,,Wallet,VALID,No issues detected,Refunded
I0000827,S000707,2024-07-29,2024-08-12,117801.35,8388.44,,,UPI,INVALID,Invoice references non-existent/invalid subscription; Missing payment_status,Nan
I0000828,S000198,2025-12-11,2025-12-26,14452.29,19773.44,,2026-02-25,Bank Transfer,INVALID,Invoice references non-existent/invalid subscription; Missing payment_status,Nan
I0000829,S000939,2024-02-26,2024-04-03,,22349.22,Paid,2024-04-18,Card,SUSPICIOUS,Missing invoice_amount,Paid
I0000830,S000422,2024-11-27,2024-12-31,57852.57,12009.71,Pending,,Bank Transfer,INVALID,Invoice references non-existent/invalid subscription,Pending
I0000831,S000951,2025-01-21,2025-03-05,114337.34,17344.33,Pending,2025-02-03,Bank Transfer,INVALID,Invoice references non-existent/invalid subscription,Pending
I0000832,S002086,2025-03-06,2025-03-24,-12769.73,16942.89,,,Bank Transfer,INVALID,Invoice references non-existent/invalid subscription; Negative invoice_amount; Missing payment_status,Nan
I0000833,S001978,2024-03-11,2024-03-23,7058.54,-4753.15,Pending,,UPI,INVALID,Negative tax_amount,Pending
I0000834,S002307,2024-08-19,2024-09-11,14375.66,22687.07,Failed,2024-11-02,,VALID,No issues detected,Failed
I0000835,S001872,2024-06-25,2024-08-06,47954.78,4699.47,Refunded,,Card,VALID,No issues detected,Refunded
I0000836,S001517,2024-06-05,2024-07-10,22622.66,23704.83,Paid,2024-05-29,,INVALID,Invoice references non-existent/invalid subscription; Payment date earlier than invoice date,Paid
I0000837,S000600,2024-10-25,2024-12-02,61398.9,-2092.35,Refunded,,Card,INVALID,Invoice references non-existent/invalid subscription; Negative tax_amount,Refunded
,S000715,2025-05-10,2025-06-03,,15081.59,Failed,,,INVALID,Missing invoice_id; Missing invoice_amount,Failed
I0000839,S000289,2025-08-17,2025-08-30,-83516.01,,Pending,,UPI,INVALID,Invoice references non-existent/invalid subscription; Negative invoice_amount,Pending
I0000840,S000530,2024-05-07,2024-06-19,44786.74,8859.08,Paid,2024-07-14,Wallet,INVALID,Invoice references non-existent/invalid subscription,Paid
I0000841,S001871,2024-01-07,2024-02-13,114124.77,10456.31,Paid,2024-03-13,UPI,VALID,No issues detected,Paid
,S002004,2024-02-25,2024-03-24,77792.45,8612.08,Pending,2024-03-02,Wallet,INVALID,Missing invoice_id,Pending
I0000843,S000413,2024-12-04,2024-12-12,114492.18,4806.0,Refunded,2025-02-11,Wallet,INVALID,Invoice references non-existent/invalid subscription,Refunded
I0000844,S001775,2025-05-25,2025-06-09,76728.45,22470.17,Pending,,Bank Transfer,VALID,No issues detected,Pending
I0000845,S000340,2024-08-17,2024-09-21,39251.07,7752.53,,,UPI,INVALID,Invoice references non-existent/invalid subscription; Missing payment_status,Nan
I0000846,S000365,2025-11-29,2025-12-16,34417.61,9376.2,Failed,,UPI,INVALID,Invoice references non-existent/invalid subscription,Failed
I0000847,S000494,2025-12-20,2026-01-03,19294.51,8174.71,Pending,,Card,INVALID,Invoice references non-existent/invalid subscription,Pending
I0000848,S002043,2025-03-24,2025-04-13,117763.78,-2503.72,Failed,,Card,INVALID,Invoice references non-existent/invalid subscription; Negative tax_amount,Failed
I0000849,S001464,2024-10-25,2024-12-04,36860.63,7882.2,Paid,2024-11-01,UPI,VALID,No issues detected,Paid
,S000654,2024-04-04,2024-04-30,79824.83,24709.59,Failed,,Card,INVALID,Missing invoice_id,Failed
I0000851,S000188,2025-03-29,2025-05-09,35590.91,21081.51,Failed,2025-05-21,UPI,INVALID,Invoice references non-existent/invalid subscription,Failed
I0000852,S000365,2025-02-02,2025-02-17,11550.29,22200.68,Refunded,2025-03-31,Wallet,INVALID,Invoice references non-existent/invalid subscription,Refunded
I0000853,S002252,2024-05-14,2024-05-26,93670.71,,Pending,,UPI,INVALID,Invoice references non-existent/invalid subscription,Pending
I0000854,S001233,2025-09-29,2025-10-15,117860.88,10264.32,Pending,,Wallet,VALID,No issues detected,Pending
I0000855,S001575,2025-05-26,2025-06-16,11490.53,7673.18,Pending,2025-06-25,,INVALID,Invoice references non-existent/invalid subscription,Pending
I0000856,S001348,2025-04-17,2025-05-23,117110.84,,Pending,,,VALID,No issues detected,Pending
I0000857,S001083,2024-05-31,2024-07-09,85393.48,741.81,Paid,2024-06-12,Bank Transfer,INVALID,Invoice references non-existent/invalid subscription,Paid
I0000858,S002185,2024-10-19,2024-11-12,-74490.86,-2921.27,,2024-11-15,,INVALID,Negative invoice_amount; Negative tax_amount; Missing payment_status,Nan
,S000906,2024-08-19,2024-08-10,100012.14,5283.73,Pending,2024-10-29,,INVALID,Missing invoice_id; Invoice references non-existent/invalid subscription,Pending
I0000860,S001368,2025-08-02,2025-08-25,43092.38,15713.33,Pending,,Bank Transfer,VALID,No issues detected,Pending
I0000861,S000280,2024-07-20,2024-09-01,105389.57,2675.45,Paid,2024-09-08,Wallet,VALID,No issues detected,Paid
I0000862,S000482,2025-06-30,2025-07-11,118134.23,-616.83,Pending,,Bank Transfer,INVALID,Invoice references non-existent/invalid subscription; Negative tax_amount,Pending
I0000863,S000641,2024-11-13,2024-11-01,95439.11,4704.28,Pending,2024-12-26,UPI,INVALID,Invoice references non-existent/invalid subscription,Pending
I0000864,S001472,2025-08-26,2025-09-08,114921.95,12899.38,Refunded,2025-08-16,Card,INVALID,Invoice references non-existent/invalid subscription; Payment date earlier than invoice date,Refunded
I0000865,S000793,2024-08-09,2024-09-01,35290.77,7840.86,Refunded,2024-08-10,UPI,VALID,No issues detected,Refunded
I0000866,S000214,2025-03-06,2025-04-09,105759.45,16075.47,,,Card,INVALID,Invoice references non-existent/invalid subscription; Missing payment_status,Nan
I0000867,S002314,2024-07-04,2024-07-25,20115.06,12810.27,Failed,2024-09-14,Wallet,INVALID,Invoice references non-existent/invalid subscription,Failed
I0000868,S000521,2025-02-17,2025-02-27,112959.94,4477.68,Failed,,Bank Transfer,VALID,No issues detected,Failed
I0000869,S001936,2024-04-26,2024-05-23,28530.6,2260.39,,2024-06-23,UPI,SUSPICIOUS,Missing payment_status,Nan
I0000870,S000345,2024-07-07,2024-07-25,102833.86,14131.59,Failed,2024-07-10,Bank Transfer,INVALID,Invoice references non-existent/invalid subscription,Failed
I0000871,S000296,2024-07-20,2024-08-25,61444.96,8216.34,Refunded,,,INVALID,Invoice references non-existent/invalid subscription,Refunded
I0000872,S000183,2024-03-21,2024-04-23,92039.04,6828.24,,,Wallet,SUSPICIOUS,Missing payment_status,Nan
I0000873,S001168,2024-08-01,2024-08-15,-105252.69,7525.91,Refunded,,Card,INVALID,Invoice references non-existent/invalid subscription; Negative invoice_amount,Refunded
I0000874,S001320,2025-03-10,2025-04-24,33085.01,-2852.91,Paid,2025-03-28,,INVALID,Negative tax_amount,Paid
I0000875,S001754,2025-02-24,2025-03-31,30040.85,-244.54,,,Bank Transfer,INVALID,Negative tax_amount; Missing payment_status,Nan
I0000876,S001275,2025-11-18,2025-11-27,3733.55,9274.94,Refunded,,Wallet,INVALID,Invoice references non-existent/invalid subscription,Refunded
I0000877,S001794,2025-06-05,2025-07-18,75938.6,9182.29,Refunded,,Bank Transfer,VALID,No issues detected,Refunded
I0000878,S001712,2025-05-02,2025-05-29,14050.83,-392.33,Failed,2025-06-06,Bank Transfer,INVALID,Invoice references non-existent/invalid subscription; Negative tax_amount,Failed
I0000879,S000824,2024-09-07,2024-10-05,,2559.23,Pending,,Wallet,INVALID,Invoice references non-existent/invalid subscription; Missing invoice_amount,Pending
I0000880,S002338,2024-08-31,2024-09-23,111997.66,20007.51,Pending,,Wallet,VALID,No issues detected,Pending
I0000881,S001759,2025-03-15,2025-04-01,99629.84,,,,,SUSPICIOUS,Missing payment_status,Nan
I0000882,S000855,2024-11-14,2024-12-07,73970.53,20031.67,Refunded,,,VALID,No issues detected,Refunded
I0000883,S000563,2025-05-20,2025-06-28,77028.56,-1840.38,Pending,,Wallet,INVALID,Invoice references non-existent/invalid subscription; Negative tax_amount,Pending
I0000884,S002326,2025-02-04,2025-03-02,108158.52,14510.98,Paid,2025-04-11,UPI,VALID,No issues detected,Paid
I0000885,S001326,2024-01-26,2024-02-06,98810.86,15397.64,,2024-03-18,Wallet,SUSPICIOUS,Missing payment_status,Nan
I0000886,S001866,2024-12-18,2025-01-01,,,Refunded,2025-02-01,UPI,INVALID,Invoice references non-existent/invalid subscription; Missing invoice_amount,Refunded
I0000887,S002209,2025-07-21,2025-08-21,113771.15,1791.93,,,Bank Transfer,INVALID,Invoice references non-existent/invalid subscription; Missing payment_status,Nan
I0000888,S001438,2024-04-11,2024-04-27,22623.43,20817.28,,2024-06-10,Card,SUSPICIOUS,Missing payment_status,Nan
I0000889,S002239,2024-01-09,2024-01-21,101960.98,12460.51,,,Wallet,SUSPICIOUS,Missing payment_status,Nan
I0000890,S001008,2025-01-31,2025-02-09,,-2221.81,Refunded,,Card,INVALID,Negative tax_amount; Missing invoice_amount,Refunded
I0000891,S001062,2024-11-16,2024-12-14,34015.52,3756.62,Refunded,,,INVALID,Invoice references non-existent/invalid subscription,Refunded
I0000892,S001814,2025-09-20,2025-10-19,51980.64,11863.29,Failed,,Card,VALID,No issues detected,Failed
I0000893,S001962,2024-03-27,2024-05-02,5380.07,-2364.02,,,UPI,INVALID,Invoice references non-existent/invalid subscription; Negative tax_amount; Missing payment_status,Nan
I0000894,S000676,2024-07-09,2024-07-24,73579.84,,,,Wallet,INVALID,Invoice references non-existent/invalid subscription; Missing payment_status,Nan
I0000895,S001949,2024-11-15,2024-11-05,67987.67,4743.62,,2024-11-14,,INVALID,Missing payment_status; Payment date earlier than invoice date,Nan
I0000896,S000607,2024-04-15,2024-05-28,,23169.72,Paid,2024-05-23,,SUSPICIOUS,Missing invoice_amount,Paid
I0000897,S000846,2025-08-25,2025-10-08,7936.7,1977.23,Pending,,UPI,INVALID,Invoice references non-existent/invalid subscription,Pending
I0000898,S001562,2024-10-12,2024-11-11,3650.76,8595.18,Pending,,Card,INVALID,Invoice references non-existent/invalid subscription,Pending
I0000899,S001990,2024-12-06,2024-12-05,43277.02,20421.41,Paid,2025-01-09,Bank Transfer,INVALID,Invoice references non-existent/invalid subscription,Paid
I0000900,S001985,2024-03-03,2024-04-03,54171.3,4585.42,Failed,2024-03-02,Bank Transfer,INVALID,Invoice references non-existent/invalid subscription; Payment date earlier than invoice date,Failed
I0000901,S001777,2024-12-03,2025-01-05,69973.01,1849.85,,2024-12-16,Card,SUSPICIOUS,Missing payment_status,Nan
I0000902,S001695,2024-01-04,2024-01-30,97370.37,22481.88,Pending,,,VALID,No issues detected,Pending
I0000903,S000098,2024-09-17,2024-10-07,,14336.47,,,Wallet,INVALID,Invoice references non-existent/invalid subscription; Missing invoice_amount; Missing payment_status,Nan
I0000904,S000052,2024-12-28,2025-02-04,102685.08,-2934.98,Refunded,,Card,INVALID,Invoice references non-existent/invalid subscription; Negative tax_amount,Refunded
I0000905,S000650,2025-03-25,2025-04-16,40739.1,5163.4,Failed,,Wallet,VALID,No issues detected,Failed
I0000906,S000602,2025-08-23,2025-09-04,35662.35,-4910.86,Failed,,Bank Transfer,INVALID,Invoice references non-existent/invalid subscription; Negative tax_amount,Failed
I0000907,S001085,2024-04-11,2024-05-02,33036.73,,,,,SUSPICIOUS,Missing payment_status,Nan
I0000908,S000948,2024-07-16,2024-08-11,32839.84,13676.86,Pending,,UPI,VALID,No issues detected,Pending
I0000909,S002178,2025-02-12,2025-02-27,,-3205.14,Refunded,,Wallet,INVALID,Invoice references non-existent/invalid subscription; Negative tax_amount; Missing invoice_amount,Refunded
I0000910,S001395,2024-02-09,2024-03-11,92109.12,8963.41,Paid,2024-04-02,Wallet,INVALID,Invoice references non-existent/invalid subscription,Paid
I0000911,S000022,2024-09-21,2024-10-02,72054.85,24024.62,,,Bank Transfer,SUSPICIOUS,Missing payment_status,Nan
I0000912,S001142,2025-02-14,2025-02-23,58577.69,4591.44,,,Card,SUSPICIOUS,Missing payment_status,Nan
I0000913,S002093,2024-02-10,2024-02-22,80164.54,5695.61,,,Bank Transfer,SUSPICIOUS,Missing payment_status,Nan
I0000914,S001155,2026-01-15,2026-02-10,26565.99,17042.67,Failed,,Card,INVALID,Invoice references non-existent/invalid subscription,Failed
I0000915,S001399,2025-01-10,2025-01-26,98035.53,7769.22,Refunded,,UPI,INVALID,Invoice references non-existent/invalid subscription,Refunded
I0000916,S000564,2025-07-10,2025-08-19,3813.42,22013.72,Refunded,,Wallet,VALID,No issues detected,Refunded
I0000917,S001227,2025-09-25,2025-10-20,55485.42,19326.29,Refunded,2025-11-13,Wallet,INVALID,Invoice references non-existent/invalid subscription,Refunded
I0000918,S000833,2024-02-07,2024-03-17,118210.44,17673.0,Failed,,Card,INVALID,Invoice references non-existent/invalid subscription,Failed
I0000919,S002317,2025-10-30,2025-12-11,80846.0,,Failed,2025-12-11,Wallet,VALID,No issues detected,Failed
I0000920,S000322,2024-01-02,2024-01-27,91603.0,11980.48,,2024-01-30,UPI,INVALID,Invoice references non-existent/invalid subscription; Missing payment_status,Nan
I0000921,S000042,2024-11-06,2024-12-07,69933.49,-4243.41,Failed,2024-12-20,Bank Transfer,INVALID,Invoice references non-existent/invalid subscription; Negative tax_amount,Failed
I0000922,S001142,2024-01-16,2024-01-23,,-513.15,Failed,,,INVALID,Negative tax_amount; Missing invoice_amount,Failed
I0000923,S001023,2025-08-10,2025-08-27,27771.23,23884.92,Pending,,Wallet,INVALID,Invoice references non-existent/invalid subscription,Pending
,S001700,2024-07-22,2024-08-15,95830.74,6436.17,,,Bank Transfer,INVALID,Missing invoice_id; Invoice references non-existent/invalid subscription; Missing payment_status,Nan
I0000925,S002225,2024-05-15,2024-06-22,13701.14,,,2024-06-23,Bank Transfer,INVALID,Invoice references non-existent/invalid subscription; Missing payment_status,Nan
I0000926,S001981,2024-09-15,2024-10-14,38584.63,3463.54,Refunded,,Wallet,VALID,No issues detected,Refunded
I0000927,S001211,2025-08-30,2025-08-25,72429.45,-1218.24,,2025-09-15,Wallet,INVALID,Invoice references non-existent/invalid subscription; Negative tax_amount; Missing payment_status,Nan
I0000928,S001316,2024-06-18,2024-07-20,38315.82,13007.51,,,Bank Transfer,INVALID,Invoice references non-existent/invalid subscription; Missing payment_status,Nan
I0000929,S001540,2025-10-18,2025-10-29,102451.53,15998.87,Pending,,UPI,INVALID,Invoice references non-existent/invalid subscription,Pending
I0000930,S001825,2025-10-03,2025-09-23,60722.73,13412.09,Refunded,2025-11-11,Wallet,INVALID,Invoice references non-existent/invalid subscription,Refunded
I0000931,S001891,2024-09-24,2024-10-12,-37138.35,23674.6,,,Wallet,INVALID,Negative invoice_amount; Missing payment_status,Nan
I0000932,S001700,2024-02-29,2024-04-11,112276.54,10670.32,Failed,,Bank Transfer,INVALID,Invoice references non-existent/invalid subscription,Failed
I0000933,S000852,2025-05-26,2025-06-29,20744.46,3912.45,Pending,,Card,INVALID,Invoice references non-existent/invalid subscription,Pending
I0000934,S001758,2024-09-14,2024-09-02,97203.06,11833.91,Pending,,UPI,VALID,No issues detected,Pending
I0000935,S002145,2025-03-16,2025-04-29,76286.11,-2748.85,Paid,2025-04-06,Wallet,INVALID,Invoice references non-existent/invalid subscription; Negative tax_amount,Paid
I0000936,S000605,2025-10-18,2025-11-02,12741.44,2063.81,Refunded,,,INVALID,Invoice references non-existent/invalid subscription,Refunded
I0000937,S001824,2025-08-28,2025-08-26,,8913.8,Failed,,Bank Transfer,SUSPICIOUS,Missing invoice_amount,Failed
I0000938,S000239,2025-05-09,2025-06-03,72388.66,,,,UPI,INVALID,Invoice references non-existent/invalid subscription; Missing payment_status,Nan
I0000939,S000324,2025-01-15,2025-02-22,106390.09,17471.6,,,Card,INVALID,Invoice references non-existent/invalid subscription; Missing payment_status,Nan
I0000940,S001772,2024-01-03,2024-01-14,51902.42,,Pending,,Wallet,INVALID,Invoice references non-existent/invalid subscription,Pending
,S001580,2025-04-17,2025-05-23,16912.05,22776.3,,,,INVALID,Missing invoice_id; Invoice references non-existent/invalid subscription; Missing payment_status,Nan
I0000942,S001700,2024-11-16,2024-12-31,52491.07,5573.85,Pending,2025-01-12,Bank Transfer,INVALID,Invoice references non-existent/invalid subscription,Pending
I0000943,S002006,2024-03-18,2024-04-27,5040.32,10299.28,Paid,2024-03-19,,INVALID,Invoice references non-existent/invalid subscription,Paid
I0000944,S000050,2024-10-15,2024-11-20,6873.48,8827.66,,2024-12-28,Bank Transfer,INVALID,Invoice references non-existent/invalid subscription; Missing payment_status,Nan
I0000945,S001583,2026-01-07,2026-01-15,51577.91,11257.75,Paid,2026-01-14,Bank Transfer,INVALID,Invoice references non-existent/invalid subscription,Paid
I0000946,S001569,2025-03-21,2025-04-27,100528.31,24765.91,,,UPI,SUSPICIOUS,Missing payment_status,Nan
I0000947,S002301,2024-01-06,2024-01-29,75485.93,8564.02,,,Wallet,INVALID,Invoice references non-existent/invalid subscription; Missing payment_status,Nan
,S001368,2025-07-06,2025-08-05,15150.29,18656.11,Refunded,,Card,INVALID,Missing invoice_id,Refunded
I0000949,S002239,2025-06-01,2025-06-24,96155.52,11673.6,Refunded,,UPI,VALID,No issues detected,Refunded
I0000950,S002222,2024-03-04,2024-04-13,37425.33,-2092.74,Paid,2024-05-12,,INVALID,Negative tax_amount,Paid
I0000951,S000001,2025-12-23,2026-01-28,,16128.43,,,Card,INVALID,Invoice references non-existent/invalid subscription; Missing invoice_amount; Missing payment_status,Nan
I0000952,S000236,2026-01-17,2026-02-20,10445.85,,,,UPI,SUSPICIOUS,Missing payment_status,Nan
I0000953,S000891,2024-01-01,2024-02-01,82976.82,5195.51,Paid,2023-12-25,Bank Transfer,INVALID,Invoice references non-existent/invalid subscription; Payment date earlier than invoice date,Paid
I0000954,S001472,2025-06-12,2025-06-27,108478.14,15857.53,Refunded,,Wallet,INVALID,Invoice references non-existent/invalid subscription,Refunded
I0000955,S002041,2024-12-07,2024-12-18,32240.72,6455.84,Pending,2025-02-05,Bank Transfer,INVALID,Invoice references non-existent/invalid subscription,Pending
I0000956,S002101,2026-01-11,2026-02-02,70195.54,14241.05,,2026-02-26,Bank Transfer,SUSPICIOUS,Missing payment_status,Nan
I0000957,S000921,2024-05-14,2024-06-20,67076.29,15563.44,Failed,,UPI,INVALID,Invoice references non-existent/invalid subscription,Failed
I0000958,S000658,2025-03-24,2025-04-26,113226.13,15966.43,Failed,,UPI,INVALID,Invoice references non-existent/invalid subscription,Failed
I0000959,S001453,2024-10-04,2024-09-25,34996.24,21413.19,Pending,,UPI,INVALID,Invoice references non-existent/invalid subscription,Pending
I0000960,S001419,2025-04-05,2025-04-17,87501.36,12874.41,Refunded,2025-04-30,,INVALID,Invoice references non-existent/invalid subscription,Refunded
I0000961,S002072,2024-02-13,2024-03-24,92681.76,7351.38,Refunded,,Wallet,INVALID,Invoice references non-existent/invalid subscription,Refunded
I0000962,S000787,2025-04-20,2025-05-28,96463.28,18333.19,Failed,,Bank Transfer,VALID,No issues detected,Failed
,S000872,2024-02-03,2024-03-15,107933.73,15987.39,Pending,,,INVALID,Missing invoice_id; Invoice references non-existent/invalid subscription,Pending
I0000964,S001698,2025-10-01,2025-11-08,98754.73,-1454.19,Pending,,,INVALID,Negative tax_amount,Pending
I0000965,S000586,2025-02-15,2025-03-01,77094.13,11095.99,Pending,2025-05-05,,INVALID,Invoice references non-existent/invalid subscription,Pending
I0000966,S000766,2025-09-29,2025-10-13,92415.85,20305.97,,,UPI,INVALID,Invoice references non-existent/invalid subscription; Missing payment_status,Nan
I0000967,S000907,2025-11-21,2026-01-04,38957.27,-3657.99,Refunded,,Card,INVALID,Invoice references non-existent/invalid subscription; Negative tax_amount,Refunded
I0000968,S001297,2025-04-16,2025-05-23,-76059.78,5657.97,Refunded,2025-06-07,UPI,INVALID,Negative invoice_amount,Refunded
I0000969,S001976,2024-12-20,2025-01-19,74073.42,12538.35,Failed,,Card,VALID,No issues detected,Failed
I0000970,S000410,2024-06-07,2024-07-16,119438.7,1624.91,Failed,,Card,INVALID,Invoice references non-existent/invalid subscription,Failed
I0000971,S001164,2025-07-13,2025-07-23,94582.35,5132.93,,,UPI,SUSPICIOUS,Missing payment_status,Nan
I0000972,S000107,2025-10-29,2025-11-12,,,,,,INVALID,Invoice references non-existent/invalid subscription; Missing invoice_amount; Missing payment_status,Nan
I0000973,S001308,2025-05-23,2025-06-08,117195.51,24003.22,Refunded,,Bank Transfer,VALID,No issues detected,Refunded
I0000974,S001763,2024-08-02,2024-08-22,49823.37,1668.52,Pending,,UPI,INVALID,Invoice references non-existent/invalid subscription,Pending
,S002191,2025-10-19,2025-10-27,83915.18,24513.96,Refunded,2025-11-26,Card,INVALID,Missing invoice_id; Invoice references non-existent/invalid subscription,Refunded
I0000976,S000972,2024-11-27,2024-11-18,96766.09,1926.4,Refunded,,,INVALID,Invoice references non-existent/invalid subscription,Refunded
I0000977,S001877,2025-07-10,2025-07-30,45461.64,,Pending,2025-08-24,,INVALID,Invoice references non-existent/invalid subscription,Pending
I0000978,S000954,2025-04-06,2025-05-09,16037.67,-461.41,,,UPI,INVALID,Invoice references non-existent/invalid subscription; Negative tax_amount; Missing payment_status,Nan
I0000979,S000500,2025-12-04,2026-01-10,28972.4,8819.64,Paid,2026-02-06,UPI,INVALID,Invoice references non-existent/invalid subscription,Paid
,S002032,2025-01-26,2025-01-20,60493.83,-470.89,Paid,2025-02-01,Card,INVALID,Missing invoice_id; Invoice references non-existent/invalid subscription; Negative tax_amount,Paid
I0000981,S001916,2024-11-20,2024-12-16,106294.96,2778.23,Failed,,UPI,VALID,No issues detected,Failed
I0000982,S002210,2025-09-11,2025-10-21,50093.58,16387.06,Pending,2025-10-27,Card,VALID,No issues detected,Pending
I0000983,S000163,2025-01-10,2025-01-27,99873.92,16398.4,Refunded,,Wallet,INVALID,Invoice references non-existent/invalid subscription,Refunded
I0000984,S001646,2024-03-11,2024-04-16,81443.37,13777.41,Paid,2024-03-03,,INVALID,Invoice references non-existent/invalid subscription; Payment date earlier than invoice date,Paid
I0000985,S000967,2024-03-21,2024-04-23,115586.83,3297.78,,2024-05-12,,SUSPICIOUS,Missing payment_status,Nan
I0000986,S001157,2024-06-12,2024-07-27,104707.43,,Pending,,UPI,INVALID,Invoice references non-existent/invalid subscription,Pending
I0000987,S000971,2025-12-01,2025-12-15,90628.3,3183.34,Paid,2026-01-30,,INVALID,Invoice references non-existent/invalid subscription,Paid
I0000988,S002084,2025-07-12,2025-08-01,5300.09,609.39,Refunded,,Wallet,INVALID,Invoice references non-existent/invalid subscription,Refunded
I0000989,S001582,2024-04-05,2024-04-04,26849.01,,,,UPI,INVALID,Invoice references non-existent/invalid subscription; Missing payment_status,Nan
I0000990,S001586,2024-08-30,2024-09-21,66757.54,22281.32,Pending,2024-08-28,Bank Transfer,INVALID,Invoice references non-existent/invalid subscription; Payment date earlier than invoice date,Pending
I0000991,S000061,2024-07-18,2024-07-25,11588.76,-24.67,Paid,2024-07-09,Card,INVALID,Invoice references non-existent/invalid subscription; Negative tax_amount; Payment date earlier than invoice date,Paid
I0000992,S000439,2025-07-05,2025-08-01,61246.37,21546.8,Failed,,Wallet,INVALID,Invoice references non-existent/invalid subscription,Failed
I0000993,S001639,2025-03-05,2025-04-18,13482.83,21267.3,,,Bank Transfer,SUSPICIOUS,Missing payment_status,Nan
I0000994,S000053,2025-12-19,2026-01-13,51218.46,21059.03,Paid,2026-01-11,Bank Transfer,INVALID,Invoice references non-existent/invalid subscription,Paid
I0000995,S001394,2024-10-24,2024-12-04,117558.69,16387.83,Failed,,Bank Transfer,INVALID,Invoice references non-existent/invalid subscription,Failed
I0000996,S001030,2024-08-12,2024-09-01,27994.91,11816.47,Paid,2024-09-25,Card,INVALID,Invoice references non-existent/invalid subscription,Paid
I0000997,S000206,2024-06-25,2024-07-30,24291.95,,Paid,2024-07-27,UPI,VALID,No issues detected,Paid
I0000998,S001088,2025-02-26,2025-03-10,117863.15,4997.72,Refunded,2025-04-20,,INVALID,Invoice references non-existent/invalid subscription,Refunded
I0000999,S002001,2025-05-04,2025-06-11,45927.77,-606.66,,2025-06-22,Wallet,INVALID,Negative tax_amount; Missing payment_status,Nan
I0001000,S001980,2025-11-12,2025-12-11,21426.7,24460.1,Failed,,Wallet,INVALID,Invoice references non-existent/invalid subscription,Failed
,S001429,2024-09-07,2024-10-14,,-2875.5,Refunded,2024-09-20,Wallet,INVALID,Missing invoice_id; Negative tax_amount; Missing invoice_amount,Refunded
I0001002,S002318,2026-01-27,2026-03-05,68872.38,22026.13,Failed,,Card,INVALID,Invoice references non-existent/invalid subscription,Failed
I0001003,S000339,2025-09-30,2025-10-27,95759.75,-2979.7,Failed,,Bank Transfer,INVALID,Negative tax_amount,Failed
I0001004,S002011,2025-08-28,2025-09-18,34077.36,23351.05,Failed,,Wallet,INVALID,Invoice references non-existent/invalid subscription,Failed
I0001005,S002059,2024-10-26,2024-12-06,,-3210.47,,,Wallet,INVALID,Negative tax_amount; Missing invoice_amount; Missing payment_status,Nan
,S002015,2025-03-06,2025-04-19,73835.31,8070.25,Refunded,,Bank Transfer,INVALID,Missing invoice_id; Invoice references non-existent/invalid subscription,Refunded
I0001007,S001253,2024-10-05,2024-10-26,88106.72,-1702.98,Pending,,UPI,INVALID,Negative tax_amount,Pending
I0001008,S000033,2024-03-02,2024-04-07,17312.32,10823.77,Refunded,,,INVALID,Invoice references non-existent/invalid subscription,Refunded
I0001009,S000852,2024-06-07,2024-07-22,43839.5,10997.8,Paid,2024-06-05,Card,INVALID,Invoice references non-existent/invalid subscription; Payment date earlier than invoice date,Paid
I0001010,S002037,2024-02-16,2024-03-26,20463.79,11806.92,,,,SUSPICIOUS,Missing payment_status,Nan
I0001011,S000305,2025-10-20,2025-10-30,21891.98,16288.24,Paid,2025-11-15,Card,VALID,No issues detected,Paid
I0001012,S000561,2025-11-15,2025-12-07,93256.32,-2993.95,Paid,2026-01-03,Card,INVALID,Invoice references non-existent/invalid subscription; Negative tax_amount,Paid
I0001013,S002269,2025-04-07,2025-05-10,100124.83,17204.38,,,,SUSPICIOUS,Missing payment_status,Nan
I0001014,S000900,2025-07-23,2025-08-28,30663.59,3849.38,,2025-09-29,Wallet,INVALID,Invoice references non-existent/invalid subscription; Missing payment_status,Nan
I0001015,S000323,2024-08-21,2024-09-25,79285.28,19272.97,Refunded,,Wallet,INVALID,Invoice references non-existent/invalid subscription,Refunded
I0001016,S000787,2024-02-26,2024-03-11,61414.57,12021.53,Failed,,Wallet,VALID,No issues detected,Failed
I0001017,S001661,2025-03-16,2025-04-20,,12899.84,Failed,,Wallet,INVALID,Invoice references non-existent/invalid subscription; Missing invoice_amount,Failed
I0001018,S001806,2026-01-09,2026-01-27,34985.24,6715.26,,,Bank Transfer,SUSPICIOUS,Missing payment_status,Nan
I0001019,S001794,2024-03-26,2024-05-03,95767.96,,Refunded,2024-05-13,,VALID,No issues detected,Refunded
I0001020,S002021,2025-11-10,2025-12-19,24644.72,4258.88,Pending,,,INVALID,Invoice references non-existent/invalid subscription,Pending
I0001021,S001678,2024-09-13,2024-10-21,107192.11,17642.42,Pending,,UPI,VALID,No issues detected,Pending
I0001022,S001256,2025-06-28,2025-07-05,79866.1,9160.73,Failed,,UPI,INVALID,Invoice references non-existent/invalid subscription,Failed
I0001023,S000861,2024-04-03,2024-04-14,86699.78,8575.68,Failed,2024-06-10,,INVALID,Invoice references non-existent/invalid subscription,Failed
I0001024,S000597,2025-04-03,2025-05-18,89076.61,15167.87,,,,SUSPICIOUS,Missing payment_status,Nan
I0001025,S001694,2024-06-12,2024-07-18,68193.25,13833.97,Refunded,,UPI,INVALID,Invoice references non-existent/invalid subscription,Refunded
I0001026,S002292,2025-10-17,2025-12-01,37912.31,,Refunded,,Wallet,VALID,No issues detected,Refunded
I0001027,S001555,2025-12-17,2026-01-21,34943.75,22456.79,Failed,,,INVALID,Invoice references non-existent/invalid subscription,Failed
I0001028,S000995,2025-05-19,2025-05-29,76277.79,-1770.28,Refunded,,,INVALID,Invoice references non-existent/invalid subscription; Negative tax_amount,Refunded
I0001029,S002326,2025-07-05,2025-07-20,,4280.49,Refunded,,Card,SUSPICIOUS,Missing invoice_amount,Refunded
I0001030,S002352,2025-08-19,2025-09-08,5387.48,,Failed,,Wallet,INVALID,Invoice references non-existent/invalid subscription,Failed
I0001031,S001317,2024-01-05,2024-01-13,22009.28,20012.05,Paid,2024-03-11,Card,VALID,No issues detected,Paid
I0001032,S002226,2024-07-28,2024-08-31,69468.75,6601.25,Failed,,Wallet,INVALID,Invoice references non-existent/invalid subscription,Failed
I0001033,S001197,2025-01-11,2025-01-10,69061.32,20060.73,Pending,,Bank Transfer,INVALID,Invoice references non-existent/invalid subscription,Pending
I0001034,S000649,2024-07-08,2024-08-03,68088.11,-86.31,Failed,,UPI,INVALID,Invoice references non-existent/invalid subscription; Negative tax_amount,Failed
I0001035,S001432,2025-04-07,2025-05-06,36444.18,4467.52,,,Card,SUSPICIOUS,Missing payment_status,Nan
I0001036,S001519,2024-05-27,2024-06-21,,,Pending,,Wallet,INVALID,Invoice references non-existent/invalid subscription; Missing invoice_amount,Pending
I0001037,S000079,2024-06-30,2024-07-23,,23958.56,Pending,2024-07-11,Bank Transfer,INVALID,Invoice references non-existent/invalid subscription; Missing invoice_amount,Pending
I0001038,S001278,2024-07-09,2024-07-24,45731.62,,Paid,2024-08-14,,INVALID,Invoice references non-existent/invalid subscription,Paid
I0001039,S001320,2024-03-16,2024-04-28,4954.28,11242.51,Paid,2024-03-10,Card,INVALID,Payment date earlier than invoice date,Paid
I0001040,S000324,2025-11-28,2025-12-05,,927.84,Pending,,Bank Transfer,INVALID,Invoice references non-existent/invalid subscription; Missing invoice_amount,Pending
I0001041,S000226,2024-09-26,2024-10-11,92360.45,2716.6,Refunded,2024-11-08,UPI,INVALID,Invoice references non-existent/invalid subscription,Refunded
I0001042,S001894,2024-02-07,2024-02-16,86735.48,16137.69,Failed,,,INVALID,Invoice references non-existent/invalid subscription,Failed
I0001043,S000589,2025-10-19,2025-11-01,,10980.12,,,,INVALID,Invoice references non-existent/invalid subscription; Missing invoice_amount; Missing payment_status,Nan
I0001044,S000371,2025-11-09,2025-11-30,5058.12,-4247.94,Refunded,2026-01-04,UPI,INVALID,Invoice references non-existent/invalid subscription; Negative tax_amount,Refunded
I0001045,S002372,2024-07-02,2024-07-16,13888.32,6992.83,Failed,,UPI,INVALID,Invoice references non-existent/invalid subscription,Failed
I0001046,S001753,2025-03-25,2025-04-22,106543.44,1746.51,Failed,2025-06-11,Card,VALID,No issues detected,Failed
I0001047,S001807,2024-12-10,2025-01-08,64993.02,21840.32,,,Card,INVALID,Invoice references non-existent/invalid subscription; Missing payment_status,Nan
I0001048,S000361,2025-03-27,2025-04-17,92195.65,7233.43,Paid,2025-03-23,Card,INVALID,Invoice references non-existent/invalid subscription; Payment date earlier than invoice date,Paid
I0001049,S002260,2025-12-12,2026-01-10,18468.05,-4805.83,,,Bank Transfer,INVALID,Negative tax_amount; Missing payment_status,Nan
I0001050,S001403,2025-08-23,2025-10-07,1730.83,14897.26,Refunded,2025-08-31,UPI,INVALID,Invoice references non-existent/invalid subscription,Refunded
I0001051,S000321,2025-08-19,2025-09-13,38291.95,-1956.84,Failed,,Card,INVALID,Invoice references non-existent/invalid subscription; Negative tax_amount,Failed
I0001052,S000519,2025-04-24,2025-05-18,88277.72,13994.45,Failed,2025-05-20,UPI,VALID,No issues detected,Failed
I0001053,S001073,2024-04-30,2024-06-09,7187.17,10685.4,Failed,,,INVALID,Invoice references non-existent/invalid subscription,Failed
I0001054,S001407,2024-11-10,2024-12-13,8801.37,9482.27,,,Bank Transfer,INVALID,Invoice references non-existent/invalid subscription; Missing payment_status,Nan
I0001055,S002007,2024-10-11,2024-11-12,58009.73,20660.07,Refunded,,Card,INVALID,Invoice references non-existent/invalid subscription,Refunded
I0001056,S001335,2025-07-05,2025-07-27,109072.0,,Pending,,,VALID,No issues detected,Pending
I0001057,S001862,2024-03-23,2024-04-21,5998.57,5483.03,Pending,,Wallet,VALID,No issues detected,Pending
I0001058,S001244,2025-07-27,2025-08-07,-93645.43,16861.02,Failed,,UPI,INVALID,Invoice references non-existent/invalid subscription; Negative invoice_amount,Failed
I0001059,S002358,2025-01-04,2025-01-13,81255.94,9799.3,,,,INVALID,Invoice references non-existent/invalid subscription; Missing payment_status,Nan
I0001060,S000108,2024-09-05,2024-08-22,119226.24,4157.38,Pending,,Wallet,VALID,No issues detected,Pending
I0001061,S000446,2024-01-04,2024-01-28,99515.49,23675.58,Failed,,,INVALID,Invoice references non-existent/invalid subscription,Failed
I0001062,S001095,2025-06-06,2025-07-07,14454.06,11679.73,Paid,2025-07-12,Card,VALID,No issues detected,Paid
I0001063,S000535,2024-10-28,2024-11-16,36166.96,10095.67,Paid,2024-10-28,Bank Transfer,INVALID,Invoice references non-existent/invalid subscription,Paid
I0001064,S001984,2024-02-08,2024-02-25,7683.77,-3508.72,Pending,,UPI,INVALID,Negative tax_amount,Pending
I0001065,S001485,2024-09-06,2024-10-12,31708.62,6812.46,Paid,2024-10-07,UPI,INVALID,Invoice references non-existent/invalid subscription,Paid
I0001066,S000332,2025-08-29,2025-10-01,60643.14,-3909.37,,,Card,INVALID,Negative tax_amount; Missing payment_status,Nan
I0001067,S001489,2025-12-03,2026-01-17,65995.92,-1439.04,Pending,,,INVALID,Invoice references non-existent/invalid subscription; Negative tax_amount,Pending
I0001068,S000299,2025-04-25,2025-06-03,23530.13,8395.34,Pending,,Card,VALID,No issues detected,Pending
I0001069,S000587,2024-04-11,2024-05-13,52442.77,6516.88,Failed,,Wallet,INVALID,Invoice references non-existent/invalid subscription,Failed
,S002328,2025-01-06,2025-01-15,16229.88,19059.65,,2024-12-30,UPI,INVALID,Missing invoice_id; Invoice references non-existent/invalid subscription; Missing payment_status; Payment date earlier than invoice date,Nan
I0001071,S000112,2025-03-28,2025-04-09,76838.78,5380.91,,,,SUSPICIOUS,Missing payment_status,Nan
I0001072,,2024-09-03,2024-09-22,37275.5,-3262.07,Paid,2024-08-26,Wallet,INVALID,Missing subscription_id on invoice; Negative tax_amount; Payment date earlier than invoice date,Paid
I0001073,S001324,2025-08-24,2025-09-18,83407.98,6441.58,Refunded,,UPI,VALID,No issues detected,Refunded
I0001074,S000073,2025-07-14,2025-08-14,103792.77,-2253.8,,,Bank Transfer,INVALID,Invoice references non-existent/invalid subscription; Negative tax_amount; Missing payment_status,Nan
I0001075,S001755,2025-01-28,2025-03-14,-21469.72,926.99,Failed,,Wallet,INVALID,Invoice references non-existent/invalid subscription; Negative invoice_amount,Failed
I0001076,S000956,2024-08-30,2024-09-18,104328.95,-2005.12,Failed,,Bank Transfer,INVALID,Invoice references non-existent/invalid subscription; Negative tax_amount,Failed
,S001726,2024-08-16,2024-09-22,25893.58,1885.93,,2024-10-25,Wallet,INVALID,Missing invoice_id; Invoice references non-existent/invalid subscription; Missing payment_status,Nan
I0001078,S000764,2024-10-17,2024-11-15,,4850.63,Refunded,2024-12-11,,SUSPICIOUS,Missing invoice_amount,Refunded
I0001079,S001794,2025-04-02,2025-04-09,59204.09,12609.14,Failed,,Card,VALID,No issues detected,Failed
I0001080,S001352,2025-02-19,2025-03-23,110837.41,10176.07,Pending,,UPI,INVALID,Invoice references non-existent/invalid subscription,Pending
I0001081,S000320,2024-11-03,2024-11-16,38170.27,24167.74,Paid,2025-01-04,Card,VALID,No issues detected,Paid
,S000986,2024-08-09,2024-09-06,91694.78,15407.27,,,Wallet,INVALID,Missing invoice_id; Invoice references non-existent/invalid subscription; Missing payment_status,Nan
I0001083,S002059,2024-09-30,2024-10-27,117398.03,21420.01,,,,SUSPICIOUS,Missing payment_status,Nan
I0001084,S001496,2024-10-03,2024-11-17,77567.85,22804.93,,2024-11-22,Card,INVALID,Invoice references non-existent/invalid subscription; Missing payment_status,Nan
I0001085,S001383,2025-08-12,2025-09-05,17257.06,-1507.74,Failed,,UPI,INVALID,Invoice references non-existent/invalid subscription; Negative tax_amount,Failed
I0001086,S001592,2025-11-15,2025-12-24,92927.97,13427.04,,,Bank Transfer,SUSPICIOUS,Missing payment_status,Nan
I0001087,S001480,2024-08-17,2024-09-29,111526.93,330.39,Refunded,,UPI,VALID,No issues detected,Refunded
I0001088,S001010,2025-06-22,2025-08-06,32317.37,2210.41,Pending,,Bank Transfer,INVALID,Invoice references non-existent/invalid subscription,Pending
I0001089,S001445,2024-02-13,2024-03-22,58943.26,18925.28,Refunded,,Wallet,INVALID,Invoice references non-existent/invalid subscription,Refunded
I0001090,S000434,2025-05-12,2025-06-17,,1771.68,,2025-06-27,Card,SUSPICIOUS,Missing invoice_amount; Missing payment_status,Nan
I0001091,S001473,2025-07-18,2025-07-30,116369.54,5282.53,Pending,,Card,INVALID,Invoice references non-existent/invalid subscription,Pending
I0001092,S000677,2024-02-17,2024-03-28,85453.92,-412.95,Refunded,2024-05-06,Wallet,INVALID,Invoice references non-existent/invalid subscription; Negative tax_amount,Refunded
I0001093,S001939,2024-10-21,2024-12-05,6661.58,637.94,Refunded,,UPI,INVALID,Invoice references non-existent/invalid subscription,Refunded
I0001094,S002119,2024-07-11,2024-08-21,58495.04,312.28,Failed,,Bank Transfer,INVALID,Invoice references non-existent/invalid subscription,Failed
I0001095,S000147,2025-04-09,2025-05-24,37088.56,10060.78,Paid,2025-06-09,Wallet,INVALID,Invoice references non-existent/invalid subscription,Paid
I0001096,S000029,2024-04-13,2024-04-23,20778.84,8972.23,,,UPI,INVALID,Invoice references non-existent/invalid subscription; Missing payment_status,Nan
I0001097,S002016,2024-01-20,2024-03-04,51074.44,18244.43,Failed,,,VALID,No issues detected,Failed
I0001098,S001005,2024-11-27,2024-12-08,78268.45,97.68,Refunded,,,INVALID,Invoice references non-existent/invalid subscription,Refunded
I0001099,S002102,2025-01-21,2025-02-13,4196.87,-1893.25,Failed,,Card,INVALID,Negative tax_amount,Failed
I0001100,S000219,2024-04-01,2024-04-24,89091.89,13301.86,Paid,2024-05-06,,INVALID,Invoice references non-existent/invalid subscription,Paid
I0001101,S000541,2025-03-13,2025-04-02,36662.31,9168.57,,,,INVALID,Invoice references non-existent/invalid subscription; Missing payment_status,Nan
I0001102,S000141,2025-06-11,2025-06-26,98766.05,-1630.73,Failed,2025-07-11,Card,INVALID,Negative tax_amount,Failed
I0001103,S001454,2025-07-28,2025-08-25,117454.34,7945.45,,,UPI,SUSPICIOUS,Missing payment_status,Nan
I0001104,S001735,2024-09-11,2024-10-25,54766.48,6331.28,Paid,2024-10-22,Bank Transfer,VALID,No issues detected,Paid
I0001105,S001118,2025-06-20,2025-07-24,21574.37,20097.75,,,Bank Transfer,INVALID,Invoice references non-existent/invalid subscription; Missing payment_status,Nan
I0001106,S000105,2025-09-10,2025-10-24,18229.47,,Pending,2025-11-11,Bank Transfer,INVALID,Invoice references non-existent/invalid subscription,Pending
I0001107,S000499,2025-09-10,2025-09-20,27499.14,20277.83,Paid,2025-09-18,,INVALID,Invoice references non-existent/invalid subscription,Paid
I0001108,S000386,2025-03-20,2025-05-04,48147.09,,,,,INVALID,Invoice references non-existent/invalid subscription; Missing payment_status,Nan
I0001109,S000961,2024-07-23,2024-08-28,27619.04,4234.68,Failed,,Bank Transfer,INVALID,Invoice references non-existent/invalid subscription,Failed
I0001110,S001466,2025-12-27,2026-01-26,-104832.58,12385.17,Refunded,2026-01-17,UPI,INVALID,Invoice references non-existent/invalid subscription; Negative invoice_amount,Refunded
I0001111,S000806,2024-02-08,2024-01-28,90496.9,227.08,,,Wallet,INVALID,Invoice references non-existent/invalid subscription; Missing payment_status,Nan
I0001112,S000299,2025-05-18,2025-06-26,,9365.37,Paid,2025-05-29,,SUSPICIOUS,Missing invoice_amount,Paid
I0001113,S000001,2025-04-24,2025-05-27,114718.42,1846.19,Failed,,UPI,INVALID,Invoice references non-existent/invalid subscription,Failed
,S000070,2025-02-12,2025-02-19,-45628.74,6039.01,,,Bank Transfer,INVALID,Missing invoice_id; Negative invoice_amount; Missing payment_status,Nan
I0001115,S001938,2024-10-28,2024-12-10,37728.0,-2829.0,Refunded,,,INVALID,Negative tax_amount,Refunded
I0001116,S002190,2024-08-22,2024-10-03,103992.44,1719.28,Refunded,,Wallet,INVALID,Invoice references non-existent/invalid subscription,Refunded
I0001117,S001341,2024-11-05,2024-11-24,81505.55,,,2024-12-19,Card,INVALID,Invoice references non-existent/invalid subscription; Missing payment_status,Nan
I0001118,S001567,2025-04-08,2025-05-01,104805.68,5109.68,Paid,2025-05-28,Wallet,INVALID,Invoice references non-existent/invalid subscription,Paid
I0001119,S000880,2025-02-28,2025-04-11,86137.0,19187.68,Paid,2025-03-29,Card,VALID,No issues detected,Paid
I0001120,S001543,2025-10-08,2025-10-31,21171.99,12400.83,Pending,,Bank Transfer,INVALID,Invoice references non-existent/invalid subscription,Pending
I0001121,S002233,2024-02-22,2024-02-07,15135.9,20066.5,Refunded,,Bank Transfer,INVALID,Invoice references non-existent/invalid subscription,Refunded
I0001122,S001378,2025-08-07,2025-07-25,58008.73,4057.31,Refunded,,Wallet,VALID,No issues detected,Refunded
I0001123,S002296,2024-03-02,2024-04-11,57100.63,-1911.96,Failed,2024-04-25,UPI,INVALID,Negative tax_amount,Failed
I0001124,S000683,2025-01-23,2025-02-01,54649.92,22506.4,,,,INVALID,Invoice references non-existent/invalid subscription; Missing payment_status,Nan
I0001125,S001519,2025-04-10,2025-03-26,92395.52,21215.79,Pending,,Bank Transfer,INVALID,Invoice references non-existent/invalid subscription,Pending
I0001126,S000506,2024-08-18,2024-09-27,43899.61,-1312.8,Failed,2024-10-08,Wallet,INVALID,Negative tax_amount,Failed
I0001127,S002177,2024-11-26,2024-12-14,26897.41,24715.28,Failed,2024-12-31,Card,INVALID,Invoice references non-existent/invalid subscription,Failed
I0001128,S001233,2025-11-30,2025-12-17,59038.31,22640.3,Failed,,,VALID,No issues detected,Failed
I0001129,S002181,2024-02-20,2024-04-05,87492.42,273.48,Paid,2024-04-06,Wallet,INVALID,Invoice references non-existent/invalid subscription,Paid
I0001130,S001880,2025-08-28,2025-09-21,,13800.26,Refunded,,Wallet,INVALID,Invoice references non-existent/invalid subscription; Missing invoice_amount,Refunded
I0001131,S000846,2024-01-20,2024-02-29,6710.73,7467.58,Pending,2024-02-09,Card,INVALID,Invoice references non-existent/invalid subscription,Pending
I0001132,S000363,2024-11-17,2024-12-23,11342.55,23596.41,Refunded,,Wallet,INVALID,Invoice references non-existent/invalid subscription,Refunded
I0001133,S001141,2025-01-27,2025-01-22,83469.86,7992.53,,,UPI,INVALID,Invoice references non-existent/invalid subscription; Missing payment_status,Nan
I0001134,S001826,2024-07-15,2024-08-23,35278.55,3381.46,,2024-08-04,UPI,INVALID,Invoice references non-existent/invalid subscription; Missing payment_status,Nan
,S002390,2024-03-01,2024-03-30,92132.69,24278.5,Paid,2024-03-27,UPI,INVALID,Missing invoice_id; Invoice references non-existent/invalid subscription,Paid
I0001136,S002366,2025-06-27,2025-07-25,6419.03,,Paid,2025-06-20,,INVALID,Payment date earlier than invoice date,Paid
I0001137,S001308,2024-07-17,2024-08-26,112544.77,3183.12,Pending,2024-09-25,Card,VALID,No issues detected,Pending
I0001138,S001944,2026-01-11,2026-01-09,115402.97,18448.34,Pending,,Bank Transfer,VALID,No issues detected,Pending
,S001638,2024-11-14,2024-12-19,42780.25,-3691.53,,,Bank Transfer,INVALID,Missing invoice_id; Negative tax_amount; Missing payment_status,Nan
I0001140,S000700,2024-01-22,2024-02-15,87175.65,20695.55,Paid,2024-01-24,,VALID,No issues detected,Paid
I0001141,S001569,2024-07-13,2024-08-08,65451.66,18901.29,Pending,,UPI,VALID,No issues detected,Pending
I0001142,S000648,2025-01-09,2025-02-19,69177.45,9070.54,,,UPI,SUSPICIOUS,Missing payment_status,Nan
I0001143,S002214,2024-10-14,2024-11-17,90046.36,5084.99,,,Card,INVALID,Invoice references non-existent/invalid subscription; Missing payment_status,Nan
I0001144,S001934,2025-10-29,2025-11-25,113983.27,,Paid,2026-01-01,Bank Transfer,VALID,No issues detected,Paid
I0001145,S001585,2025-03-07,2025-03-06,-35987.45,-2534.31,Refunded,,Wallet,INVALID,Invoice references non-existent/invalid subscription; Negative invoice_amount; Negative tax_amount,Refunded
I0001146,S001213,2025-11-05,2025-11-27,90230.63,19228.99,Pending,,Wallet,VALID,No issues detected,Pending
I0001147,S000817,2025-10-02,2025-10-29,59204.78,3096.49,Paid,2025-11-06,Card,INVALID,Invoice references non-existent/invalid subscription,Paid
I0001148,S000600,2024-01-16,2024-01-24,114622.87,2250.65,Pending,,,INVALID,Invoice references non-existent/invalid subscription,Pending
I0001149,S001411,2025-02-06,2025-02-20,,,,2025-02-05,UPI,INVALID,Invoice references non-existent/invalid subscription; Missing invoice_amount; Missing payment_status; Payment date earlier than invoice date,Nan
I0001150,S002066,2025-03-27,2025-04-19,23570.58,9766.42,Failed,,Wallet,INVALID,Invoice references non-existent/invalid subscription,Failed
I0001151,S000509,2024-01-08,2024-01-25,81192.59,1561.16,Failed,,Bank Transfer,INVALID,Invoice references non-existent/invalid subscription,Failed
I0001152,S000109,2025-07-25,2025-08-28,58827.4,20236.35,,,Wallet,INVALID,Invoice references non-existent/invalid subscription; Missing payment_status,Nan
I0001153,S000243,2025-05-02,2025-06-02,88583.68,19453.44,Paid,2025-05-05,Bank Transfer,VALID,No issues detected,Paid
I0001154,S001987,2024-10-21,2024-11-03,38323.17,24427.55,,,Wallet,INVALID,Invoice references non-existent/invalid subscription; Missing payment_status,Nan
I0001155,S000121,2025-07-15,2025-08-24,72142.2,22304.41,Paid,2025-08-17,UPI,VALID,No issues detected,Paid
I0001156,S001701,2025-06-26,2025-07-03,,1474.7,Failed,,Card,SUSPICIOUS,Missing invoice_amount,Failed
I0001157,S001984,2025-11-22,2025-12-11,83139.41,23665.26,Failed,,Card,VALID,No issues detected,Failed
I0001158,S002046,2025-02-14,2025-03-23,5574.26,8497.68,Paid,2025-03-16,Card,VALID,No issues detected,Paid
,S001950,2024-07-25,2024-08-04,74840.78,18867.53,Failed,2024-08-16,Card,INVALID,Missing invoice_id; Invoice references non-existent/invalid subscription,Failed
I0001160,S001091,2025-06-09,2025-07-10,42294.12,4520.89,Paid,2025-07-12,Card,VALID,No issues detected,Paid
I0001161,S002367,2025-05-24,2025-06-05,,-1435.5,,,UPI,INVALID,Negative tax_amount; Missing invoice_amount; Missing payment_status,Nan
I0001162,S000008,2025-01-29,2025-03-04,14304.72,21123.25,Refunded,,Card,INVALID,Invoice references non-existent/invalid subscription,Refunded
I0001163,S000674,2024-04-26,2024-05-07,23188.54,9826.13,Pending,,UPI,INVALID,Invoice references non-existent/invalid subscription,Pending
I0001164,S001629,2024-01-23,2024-02-11,29510.69,443.8,Failed,,UPI,INVALID,Invoice references non-existent/invalid subscription,Failed
I0001165,S000831,2024-03-26,2024-05-07,74020.45,3362.23,Failed,,Card,VALID,No issues detected,Failed
I0001166,S000580,2025-07-18,2025-08-15,51929.26,,Failed,,Card,VALID,No issues detected,Failed
I0001167,S000992,2024-03-09,2024-04-14,81562.64,3909.21,Refunded,,UPI,VALID,No issues detected,Refunded
I0001168,S002396,2024-02-17,2024-03-19,75095.45,15658.74,Pending,,Card,INVALID,Invoice references non-existent/invalid subscription,Pending
I0001169,S002046,2026-01-03,2026-01-24,6610.11,-640.28,,,UPI,INVALID,Negative tax_amount; Missing payment_status,Nan
I0001170,S001907,2025-07-12,2025-08-19,94234.87,11743.72,,,UPI,SUSPICIOUS,Missing payment_status,Nan
I0001171,S000354,2024-08-27,2024-09-08,94397.63,5561.16,Failed,2024-11-12,Card,INVALID,Invoice references non-existent/invalid subscription,Failed
I0001172,S000842,2024-10-27,2024-11-13,-104327.74,-2921.45,Paid,2024-11-06,,INVALID,Negative invoice_amount; Negative tax_amount,Paid
I0001173,S000932,2025-06-23,2025-07-29,68211.13,,,,Wallet,INVALID,Invoice references non-existent/invalid subscription; Missing payment_status,Nan
I0001174,S000967,2024-05-29,2024-06-09,119548.97,2717.86,Refunded,,Card,VALID,No issues detected,Refunded
I0001175,S000602,2024-12-11,2025-01-04,15585.55,24703.35,Pending,,UPI,INVALID,Invoice references non-existent/invalid subscription,Pending
I0001176,S001620,2024-01-29,2024-03-09,69525.7,11949.5,Paid,2024-02-03,Wallet,VALID,No issues detected,Paid
,S002209,2025-11-29,2026-01-04,62100.15,-1371.78,Pending,,,INVALID,Missing invoice_id; Invoice references non-existent/invalid subscription; Negative tax_amount,Pending
I0001178,S001858,2024-05-26,2024-06-03,5209.0,11523.91,,2024-05-19,,INVALID,Invoice references non-existent/invalid subscription; Missing payment_status; Payment date earlier than invoice date,Nan
I0001179,S001227,2025-06-27,2025-06-13,84615.76,16598.49,Pending,,Wallet,INVALID,Invoice references non-existent/invalid subscription,Pending
I0001180,S000939,2024-06-29,2024-08-01,72883.68,-1647.33,Failed,2024-08-28,UPI,INVALID,Negative tax_amount,Failed
I0001181,S000798,2024-09-03,2024-09-27,10574.85,11565.27,Paid,2024-10-05,Wallet,INVALID,Invoice references non-existent/invalid subscription,Paid
I0001182,S000807,2024-01-18,2024-02-24,,517.29,Paid,2024-02-18,,SUSPICIOUS,Missing invoice_amount,Paid
I0001183,S002321,2025-01-29,2025-03-06,67157.41,23246.19,,,Wallet,INVALID,Invoice references non-existent/invalid subscription; Missing payment_status,Nan
,S000168,2025-07-13,2025-08-16,33725.62,7019.75,Pending,,Card,INVALID,Missing invoice_id,Pending
I0001185,S001299,2024-09-08,2024-09-17,103291.71,14625.25,Failed,2024-11-09,Bank Transfer,INVALID,Invoice references non-existent/invalid subscription,Failed
I0001186,S001678,2024-08-25,2024-09-11,70475.51,,Refunded,,Bank Transfer,VALID,No issues detected,Refunded
I0001187,S001428,2025-05-08,2025-06-08,-84852.43,808.61,,,UPI,INVALID,Invoice references non-existent/invalid subscription; Negative invoice_amount; Missing payment_status,Nan
I0001188,S000353,2025-12-06,2025-12-29,103492.3,5380.07,Failed,,,INVALID,Invoice references non-existent/invalid subscription,Failed
I0001189,S000004,2025-12-20,2026-01-23,55182.72,9749.03,,,Card,INVALID,Invoice references non-existent/invalid subscription; Missing payment_status,Nan
I0001190,S002337,2026-01-16,2026-03-02,,13552.63,Paid,2026-02-08,Card,SUSPICIOUS,Missing invoice_amount,Paid
I0001191,S001095,2025-02-03,2025-02-24,32218.94,19174.64,,2025-02-11,Bank Transfer,SUSPICIOUS,Missing payment_status,Nan
I0001192,S001359,2024-11-22,2024-12-17,103899.26,19506.35,Pending,,UPI,VALID,No issues detected,Pending
I0001193,S000972,2024-12-22,2025-01-18,-49748.04,12614.34,Failed,2025-02-15,UPI,INVALID,Invoice references non-existent/invalid subscription; Negative invoice_amount,Failed
I0001194,S002201,2025-10-19,2025-11-27,103564.85,13741.0,Failed,2026-01-02,Wallet,VALID,No issues detected,Failed
I0001195,S001866,2025-06-15,2025-07-07,,22284.24,Pending,,Wallet,INVALID,Invoice references non-existent/invalid subscription; Missing invoice_amount,Pending
I0001196,S001312,2025-03-08,2025-04-19,80117.53,23290.1,Refunded,,Bank Transfer,INVALID,Invoice references non-existent/invalid subscription,Refunded
I0001197,S001945,2026-01-05,2026-01-25,80362.02,15526.68,Pending,,,INVALID,Invoice references non-existent/invalid subscription,Pending
I0001198,S001092,2024-02-16,2024-03-03,54678.93,11918.81,,,UPI,INVALID,Invoice references non-existent/invalid subscription; Missing payment_status,Nan
I0001199,S001193,2025-09-13,2025-10-09,44439.55,15054.85,Refunded,,,VALID,No issues detected,Refunded
I0001200,S000139,2024-12-23,2025-01-03,45352.56,,Refunded,,,INVALID,Invoice references non-existent/invalid subscription,Refunded
I0001201,S000672,2025-05-29,2025-05-15,55978.12,9466.86,Failed,,Wallet,INVALID,Invoice references non-existent/invalid subscription,Failed
I0001202,S002316,2024-10-20,2024-12-02,101339.57,-1364.73,Pending,,UPI,INVALID,Negative tax_amount,Pending
I0001203,S000263,2024-07-13,2024-08-01,60345.9,13513.05,Refunded,,Wallet,VALID,No issues detected,Refunded
I0001204,S002305,2025-03-22,2025-05-03,49124.3,2899.67,Pending,,Wallet,INVALID,Invoice references non-existent/invalid subscription,Pending
I0001205,S001660,2025-05-30,2025-05-18,98080.87,9517.78,Paid,2025-06-06,UPI,INVALID,Invoice references non-existent/invalid subscription,Paid
I0001206,S000614,2024-06-03,2024-06-02,86229.09,19595.24,Paid,2024-05-27,,INVALID,Payment date earlier than invoice date,Paid
I0001207,S001538,2024-01-29,2024-02-15,66976.09,-4014.26,Pending,,,INVALID,Invoice references non-existent/invalid subscription; Negative tax_amount,Pending
I0001208,S000792,2025-08-11,2025-08-21,-103934.29,2115.75,Failed,2025-10-12,Wallet,INVALID,Invoice references non-existent/invalid subscription; Negative invoice_amount,Failed
I0001209,S000566,2024-07-13,2024-08-20,2051.56,18412.62,,2024-07-06,Bank Transfer,INVALID,Missing payment_status; Payment date earlier than invoice date,Nan
,S001719,2024-11-18,2024-11-11,11678.65,2356.36,Pending,,UPI,INVALID,Missing invoice_id,Pending
I0001211,S001858,2024-08-23,2024-08-16,33328.45,16563.12,Refunded,2024-08-14,Bank Transfer,INVALID,Invoice references non-existent/invalid subscription; Payment date earlier than invoice date,Refunded
,S000596,2025-05-16,2025-06-10,41543.52,24151.65,,,,INVALID,Missing invoice_id; Missing payment_status,Nan
I0001213,S000412,2024-10-15,2024-10-24,15492.31,-4879.53,Paid,2024-11-18,Bank Transfer,INVALID,Invoice references non-existent/invalid subscription; Negative tax_amount,Paid
I0001214,S001426,2025-03-26,2025-05-07,45675.54,-2580.08,Paid,2025-04-05,UPI,INVALID,Invoice references non-existent/invalid subscription; Negative tax_amount,Paid
I0001215,S001367,2024-04-13,2024-05-01,1968.71,2480.75,Failed,,Card,INVALID,Invoice references non-existent/invalid subscription,Failed
I0001216,S000810,2025-05-31,2025-07-13,,12261.53,Refunded,,Bank Transfer,SUSPICIOUS,Missing invoice_amount,Refunded
I0001217,S001258,2024-07-12,2024-08-23,34383.72,15082.68,Refunded,,Bank Transfer,INVALID,Invoice references non-existent/invalid subscription,Refunded
I0001218,S000467,2026-01-01,2026-02-08,41496.64,15707.23,,,UPI,INVALID,Invoice references non-existent/invalid subscription; Missing payment_status,Nan
I0001219,S000839,2025-09-17,2025-10-30,38205.55,20425.98,,,Bank Transfer,INVALID,Invoice references non-existent/invalid subscription; Missing payment_status,Nan
I0001220,S001259,2025-03-19,2025-04-14,29423.26,23136.51,Refunded,,Card,VALID,No issues detected,Refunded
I0001221,S000670,2025-02-18,2025-03-19,85076.98,-2590.14,,,Wallet,INVALID,Invoice references non-existent/invalid subscription; Negative tax_amount; Missing payment_status,Nan
I0001222,S001906,2025-03-19,2025-03-28,15527.28,9983.93,,,UPI,INVALID,Invoice references non-existent/invalid subscription; Missing payment_status,Nan
I0001223,S001286,2024-09-16,2024-10-11,64478.16,6506.71,Failed,2024-11-20,Wallet,VALID,No issues detected,Failed
I0001224,S002024,2025-09-05,2025-08-22,73728.28,19613.36,Refunded,,,INVALID,Invoice references non-existent/invalid subscription,Refunded
I0001225,S001789,2025-05-19,2025-05-29,81784.63,9764.27,Refunded,,Card,VALID,No issues detected,Refunded
I0001226,S001740,2024-03-24,2024-03-09,77216.39,15553.17,Failed,,Card,INVALID,Invoice references non-existent/invalid subscription,Failed
I0001227,S001787,2025-04-26,2025-05-13,97949.04,24583.76,Refunded,2025-07-13,Card,INVALID,Invoice references non-existent/invalid subscription,Refunded
I0001228,S002170,2025-11-10,2025-11-04,32661.36,23115.2,,,UPI,SUSPICIOUS,Missing payment_status,Nan
I0001229,S002316,2024-06-25,2024-07-14,19405.57,,Paid,2024-08-12,Wallet,VALID,No issues detected,Paid
I0001230,S000643,2025-07-10,2025-07-26,111592.98,3685.16,Failed,,,INVALID,Invoice references non-existent/invalid subscription,Failed
I0001231,S001080,2026-01-03,2026-01-19,51971.4,6337.98,Refunded,,Wallet,VALID,No issues detected,Refunded
I0001232,S001752,2025-09-13,2025-10-17,-61400.96,9638.98,Pending,,Card,INVALID,Invoice references non-existent/invalid subscription; Negative invoice_amount,Pending
I0001233,S002393,2025-11-20,2025-12-15,82717.49,,Pending,,Card,VALID,No issues detected,Pending
I0001234,S001146,2024-01-26,2024-03-10,116831.93,14094.46,Paid,2024-02-06,Card,VALID,No issues detected,Paid
I0001235,S000929,2024-09-15,2024-09-28,47619.24,13669.97,Paid,2024-10-16,Card,INVALID,Invoice references non-existent/invalid subscription,Paid
I0001236,S001916,2024-12-08,2025-01-10,119247.23,-1633.21,Pending,,Card,INVALID,Negative tax_amount,Pending
I0001237,S001848,2024-03-06,2024-04-09,48149.7,-1634.1,Refunded,2024-05-12,Wallet,INVALID,Invoice references non-existent/invalid subscription; Negative tax_amount,Refunded
I0001238,S002069,2026-01-19,2026-01-31,98147.34,16706.85,Failed,2026-03-31,UPI,INVALID,Invoice references non-existent/invalid subscription,Failed
I0001239,S001734,2025-09-11,2025-10-16,72664.1,18259.33,,2025-11-30,Card,INVALID,Invoice references non-existent/invalid subscription; Missing payment_status,Nan
I0001240,S000895,2024-06-13,2024-07-25,57372.56,16017.74,Paid,2024-08-09,UPI,INVALID,Invoice references non-existent/invalid subscription,Paid
I0001241,S000662,2025-03-13,2025-03-25,26571.99,24670.66,Failed,,UPI,VALID,No issues detected,Failed
I0001242,S000325,2025-01-25,2025-03-08,15646.14,,Pending,,UPI,INVALID,Invoice references non-existent/invalid subscription,Pending
I0001243,S002313,2025-02-22,2025-03-23,114755.1,15132.72,,,Bank Transfer,INVALID,Invoice references non-existent/invalid subscription; Missing payment_status,Nan
I0001244,S001473,2024-07-21,2024-08-26,20324.96,20895.54,Pending,,Card,INVALID,Invoice references non-existent/invalid subscription,Pending
I0001245,S000536,2025-01-29,2025-02-21,38420.48,24736.15,Pending,,Bank Transfer,INVALID,Invoice references non-existent/invalid subscription,Pending
I0001246,S002060,2024-12-11,2025-01-22,59690.97,21587.13,Refunded,,,VALID,No issues detected,Refunded
I0001247,S002257,2024-04-13,2024-05-15,41830.38,,Failed,,Wallet,INVALID,Invoice references non-existent/invalid subscription,Failed
I0001248,S000909,2025-04-04,2025-05-03,29573.19,-2242.51,Failed,,,INVALID,Invoice references non-existent/invalid subscription; Negative tax_amount,Failed
I0001249,S001674,2025-04-17,2025-05-31,102657.64,-2416.9,Failed,,Card,INVALID,Invoice references non-existent/invalid subscription; Negative tax_amount,Failed
I0001250,S000486,2026-01-21,2026-02-25,93746.45,8769.42,Pending,,Bank Transfer,VALID,No issues detected,Pending
I0001251,S001973,2024-07-15,2024-07-28,31647.32,,Pending,2024-08-27,Wallet,INVALID,Invoice references non-existent/invalid subscription,Pending
I0001252,S001956,2024-09-04,2024-09-13,34948.12,15413.52,Failed,2024-10-30,UPI,INVALID,Invoice references non-existent/invalid subscription,Failed
I0001253,S000494,2024-01-17,2024-02-01,968.85,18128.81,Refunded,,,INVALID,Invoice references non-existent/invalid subscription,Refunded
I0001254,S000537,2024-03-28,2024-05-01,76291.45,9988.59,,,Card,INVALID,Invoice references non-existent/invalid subscription; Missing payment_status,Nan
,S002361,2025-11-03,2025-11-19,1419.16,24880.58,,2025-10-31,Wallet,INVALID,Missing invoice_id; Invoice references non-existent/invalid subscription; Missing payment_status; Payment date earlier than invoice date,Nan
I0001256,S001701,2024-03-07,2024-03-25,58859.65,-4834.47,,2024-03-20,Bank Transfer,INVALID,Negative tax_amount; Missing payment_status,Nan
I0001257,S001079,2024-02-02,2024-01-20,43924.95,16926.33,Pending,2024-04-10,Wallet,INVALID,Invoice references non-existent/invalid subscription,Pending
I0001258,S002368,2025-03-20,2025-05-03,,6696.52,,,,INVALID,Invoice references non-existent/invalid subscription; Missing invoice_amount; Missing payment_status,Nan
I0001259,S002082,2025-07-31,2025-08-07,26622.89,21927.27,Refunded,,Bank Transfer,INVALID,Invoice references non-existent/invalid subscription,Refunded
I0001260,S001748,2025-01-01,2025-01-17,21410.59,-698.71,Pending,,Wallet,INVALID,Invoice references non-existent/invalid subscription; Negative tax_amount,Pending
I0001261,S000877,2025-12-30,2026-02-03,70042.12,11625.53,Paid,2026-02-28,Card,INVALID,Invoice references non-existent/invalid subscription,Paid
I0001262,S001103,2025-05-30,2025-07-14,70650.43,17578.75,Paid,2025-05-30,Card,INVALID,Invoice references non-existent/invalid subscription,Paid
I0001263,S002377,2025-09-28,2025-11-11,24620.72,12484.22,Refunded,,UPI,INVALID,Invoice references non-existent/invalid subscription,Refunded
I0001264,S002281,2025-06-27,2025-07-22,20270.98,14986.18,Failed,,UPI,VALID,No issues detected,Failed
I0001265,S001444,2025-09-21,2025-10-22,23241.24,24909.35,Failed,,,INVALID,Invoice references non-existent/invalid subscription,Failed
I0001266,S000997,2025-01-25,2025-02-08,,8209.46,Refunded,,Bank Transfer,INVALID,Invoice references non-existent/invalid subscription; Missing invoice_amount,Refunded
I0001267,S000139,2024-04-29,2024-05-20,109056.38,14189.52,Paid,2024-07-02,Bank Transfer,INVALID,Invoice references non-existent/invalid subscription,Paid
I0001268,S001706,2025-07-28,2025-08-29,77421.12,24974.89,Failed,,,VALID,No issues detected,Failed
I0001269,S001771,2024-07-20,2024-08-16,13864.9,773.95,Failed,2024-10-07,Bank Transfer,VALID,No issues detected,Failed
I0001270,S001510,2025-12-03,2025-12-18,44926.08,17565.95,Refunded,,Wallet,INVALID,Invoice references non-existent/invalid subscription,Refunded
I0001271,S000861,2024-01-09,2024-01-27,44381.38,-1881.11,Refunded,,UPI,INVALID,Invoice references non-existent/invalid subscription; Negative tax_amount,Refunded
I0001272,S002252,2026-01-23,2026-02-06,,,Refunded,2026-04-02,Wallet,INVALID,Invoice references non-existent/invalid subscription; Missing invoice_amount,Refunded
I0001273,S000202,2024-08-27,2024-09-22,116290.22,22184.97,,,UPI,SUSPICIOUS,Missing payment_status,Nan
I0001274,S000153,2024-11-03,2024-11-23,104471.75,6438.9,Pending,,Wallet,VALID,No issues detected,Pending
I0001275,S001956,2025-02-20,2025-04-04,91571.0,-4235.14,Failed,2025-02-11,UPI,INVALID,Invoice references non-existent/invalid subscription; Negative tax_amount; Payment date earlier than invoice date,Failed
I0001276,S002045,2025-02-03,2025-02-15,30090.3,1777.93,Pending,,,INVALID,Invoice references non-existent/invalid subscription,Pending
,S001258,2026-01-27,2026-02-11,10618.96,4791.98,Failed,2026-03-19,,INVALID,Missing invoice_id; Invoice references non-existent/invalid subscription,Failed
I0001278,S001037,2024-05-15,2024-06-15,75830.25,15567.98,Paid,2024-05-22,Card,INVALID,Invoice references non-existent/invalid subscription,Paid
I0001279,S001574,2025-07-22,2025-08-15,50759.88,,Pending,,Wallet,VALID,No issues detected,Pending
I0001280,S001211,2024-11-12,2024-11-28,36526.54,23973.21,Paid,2025-01-07,Card,INVALID,Invoice references non-existent/invalid subscription,Paid
I0001281,S001097,2024-09-14,2024-09-30,119930.64,13469.64,,,Card,INVALID,Invoice references non-existent/invalid subscription; Missing payment_status,Nan
I0001282,S000972,2025-01-15,2025-02-01,61325.15,9410.1,Pending,,UPI,INVALID,Invoice references non-existent/invalid subscription,Pending
I0001283,S001454,2025-07-14,2025-08-11,60977.42,,Pending,2025-08-02,Wallet,VALID,No issues detected,Pending
I0001284,S001390,2024-12-07,2024-12-27,,18540.51,Failed,2025-01-29,,INVALID,Invoice references non-existent/invalid subscription; Missing invoice_amount,Failed
I0001285,S001348,2024-05-24,2024-06-07,37235.33,6962.39,Failed,,UPI,VALID,No issues detected,Failed
I0001286,S000197,2025-04-03,2025-04-26,43042.09,3360.0,,,,SUSPICIOUS,Missing payment_status,Nan
I0001287,S002359,2024-07-21,2024-08-20,46172.38,18238.03,Refunded,,Bank Transfer,VALID,No issues detected,Refunded
I0001288,S000313,2025-10-25,2025-11-04,54283.06,10278.32,Pending,,UPI,INVALID,Invoice references non-existent/invalid subscription,Pending
I0001289,S000671,2024-01-03,2024-02-16,12389.53,21299.51,,,Bank Transfer,SUSPICIOUS,Missing payment_status,Nan
I0001290,S002374,2024-11-10,2024-12-25,97860.01,,Paid,2024-12-08,Bank Transfer,INVALID,Invoice references non-existent/invalid subscription,Paid
I0001291,S001989,2024-04-28,2024-06-12,29952.35,5183.74,Paid,2024-05-20,Bank Transfer,INVALID,Invoice references non-existent/invalid subscription,Paid
I0001292,S000257,2025-04-09,2025-04-22,115858.82,13376.16,Refunded,2025-05-18,Bank Transfer,INVALID,Invoice references non-existent/invalid subscription,Refunded
I0001293,S000426,2024-09-15,2024-10-02,27749.22,18521.34,Refunded,,Wallet,VALID,No issues detected,Refunded
I0001294,S001082,2025-12-04,2025-12-28,25186.47,12748.64,,,,INVALID,Invoice references non-existent/invalid subscription; Missing payment_status,Nan
I0001295,S001851,2024-12-26,2025-01-23,86453.0,24907.14,Failed,,Wallet,INVALID,Invoice references non-existent/invalid subscription,Failed
I0001296,S000388,2025-11-01,2025-11-12,100815.97,,Failed,,,VALID,No issues detected,Failed
I0001297,S000792,2024-10-18,2024-10-31,96952.39,-2873.43,Refunded,,Wallet,INVALID,Invoice references non-existent/invalid subscription; Negative tax_amount,Refunded
I0001298,S000515,2024-08-14,2024-09-08,3509.11,4800.65,,,UPI,INVALID,Invoice references non-existent/invalid subscription; Missing payment_status,Nan
I0001299,S000786,2024-10-19,2024-11-29,111354.58,12200.51,Refunded,,UPI,VALID,No issues detected,Refunded
I0001300,S002312,2024-12-14,2024-12-25,83213.89,11648.33,Paid,2025-02-20,,INVALID,Invoice references non-existent/invalid subscription,Paid
I0001301,S000173,2024-05-15,2024-06-01,59417.28,24979.66,Pending,,Card,INVALID,Invoice references non-existent/invalid subscription,Pending
I0001302,S002169,2024-07-22,2024-08-10,35753.06,16392.46,Failed,,Wallet,VALID,No issues detected,Failed
I0001303,S000483,2024-10-24,2024-11-15,-111589.69,13179.77,,,UPI,INVALID,Invoice references non-existent/invalid subscription; Negative invoice_amount; Missing payment_status,Nan
I0001304,S000058,2025-06-26,2025-08-09,111979.24,24628.1,Refunded,2025-08-11,Wallet,INVALID,Invoice references non-existent/invalid subscription,Refunded
I0001305,S000388,2025-08-19,2025-09-18,64808.09,12432.7,Paid,2025-10-16,Wallet,VALID,No issues detected,Paid
I0001306,S001359,2024-05-27,2024-06-03,64796.43,6616.39,Refunded,,UPI,VALID,No issues detected,Refunded
I0001307,S002005,2024-12-03,2024-11-26,68710.73,16652.61,Failed,,,VALID,No issues detected,Failed
I0001308,S000120,2024-03-30,2024-04-06,10424.46,18578.13,Failed,,Card,VALID,No issues detected,Failed
I0001309,S000131,2025-03-07,2025-04-09,117131.38,4082.2,Failed,,UPI,INVALID,Invoice references non-existent/invalid subscription,Failed
I0001310,S000223,2024-12-11,2025-01-25,76106.02,16442.4,,2024-12-01,UPI,INVALID,Missing payment_status; Payment date earlier than invoice date,Nan
I0001311,S000413,2025-05-06,2025-05-20,91442.55,11175.8,Failed,2025-05-21,Card,INVALID,Invoice references non-existent/invalid subscription,Failed
I0001312,S001061,2024-04-01,2024-04-21,37621.16,11096.24,Pending,,Wallet,INVALID,Invoice references non-existent/invalid subscription,Pending
I0001313,S001367,2025-04-24,2025-06-02,29238.24,18549.94,,,UPI,INVALID,Invoice references non-existent/invalid subscription; Missing payment_status,Nan
I0001314,S001888,2025-11-10,2025-12-18,44890.22,,Pending,,Bank Transfer,INVALID,Invoice references non-existent/invalid subscription,Pending
I0001315,S001542,2024-09-26,2024-10-21,106782.35,2813.2,Paid,2024-12-04,Card,INVALID,Invoice references non-existent/invalid subscription,Paid
I0001316,S000854,2024-01-05,2024-01-31,30474.93,11232.34,Refunded,2024-02-20,UPI,VALID,No issues detected,Refunded
I0001317,S001852,2025-11-17,2025-12-02,,-1489.57,Pending,,UPI,INVALID,Invoice references non-existent/invalid subscription; Negative tax_amount; Missing invoice_amount,Pending
I0001318,S000845,2024-10-03,2024-10-19,55398.81,21520.7,Paid,2024-11-14,Card,VALID,No issues detected,Paid
I0001319,S002389,2025-03-06,2025-04-11,35804.89,11186.5,Failed,,,VALID,No issues detected,Failed
I0001320,S000711,2024-11-13,2024-12-04,17876.01,4825.07,,,UPI,INVALID,Invoice references non-existent/invalid subscription; Missing payment_status,Nan
I0001321,S000959,2025-01-04,2025-02-12,108957.31,7821.89,Paid,2025-02-22,,VALID,No issues detected,Paid
I0001322,S002223,2025-10-31,2025-10-23,45469.1,-2594.3,Pending,,,INVALID,Invoice references non-existent/invalid subscription; Negative tax_amount,Pending
I0001323,S001833,2026-01-18,2026-02-01,91911.33,1975.38,Failed,,,INVALID,Invoice references non-existent/invalid subscription,Failed
I0001324,S000362,2024-09-17,2024-10-15,44024.36,4451.46,Paid,2024-11-03,Card,INVALID,Invoice references non-existent/invalid subscription,Paid
I0001325,S002353,2024-12-03,2025-01-06,82540.71,-4283.29,Pending,,UPI,INVALID,Invoice references non-existent/invalid subscription; Negative tax_amount,Pending
I0001326,S001881,2024-05-28,2024-07-03,9514.18,-288.71,,,,INVALID,Negative tax_amount; Missing payment_status,Nan
I0001327,S002223,2025-03-06,2025-04-17,98059.59,13979.25,Pending,,,INVALID,Invoice references non-existent/invalid subscription,Pending
I0001328,S002345,2025-04-11,2025-05-26,44953.92,15157.8,,,Wallet,SUSPICIOUS,Missing payment_status,Nan
I0001329,S001036,2024-07-23,2024-08-01,52186.77,15964.56,Paid,2024-08-04,Bank Transfer,INVALID,Invoice references non-existent/invalid subscription,Paid
I0001330,S001076,2024-05-26,2024-06-10,104723.33,1010.78,Pending,2024-07-24,UPI,INVALID,Invoice references non-existent/invalid subscription,Pending
I0001331,S001993,2024-04-04,2024-05-03,103587.38,22004.94,Refunded,2024-04-16,UPI,INVALID,Invoice references non-existent/invalid subscription,Refunded
I0001332,S001289,2024-08-08,2024-09-18,111792.22,-4917.75,Paid,2024-09-03,,INVALID,Invoice references non-existent/invalid subscription; Negative tax_amount,Paid
,S000240,2025-04-13,2025-05-01,111269.47,737.01,Refunded,,Card,INVALID,Missing invoice_id; Invoice references non-existent/invalid subscription,Refunded
I0001334,S000361,2026-01-20,2026-02-27,24513.73,3343.88,Paid,2026-01-28,UPI,INVALID,Invoice references non-existent/invalid subscription,Paid
I0001335,S000543,2025-02-19,2025-02-28,117941.85,21991.35,Refunded,,,INVALID,Invoice references non-existent/invalid subscription,Refunded
I0001336,S000907,2024-04-19,2024-05-05,118422.1,12906.42,Pending,2024-04-18,Card,INVALID,Invoice references non-existent/invalid subscription; Payment date earlier than invoice date,Pending
I0001337,S002181,2025-05-26,2025-06-03,92613.72,-4330.25,Failed,,UPI,INVALID,Invoice references non-existent/invalid subscription; Negative tax_amount,Failed
I0001338,S000394,2025-10-14,2025-11-22,28853.12,24822.53,Failed,,Wallet,VALID,No issues detected,Failed
I0001339,S002333,2024-01-04,2024-02-10,48213.37,8953.93,Paid,2024-02-26,UPI,INVALID,Invoice references non-existent/invalid subscription,Paid
I0001340,S000258,2025-01-19,2025-01-29,85933.72,,Failed,,Wallet,INVALID,Invoice references non-existent/invalid subscription,Failed
I0001341,S002269,2025-11-03,2025-11-15,84202.35,5822.66,Failed,2025-11-21,Card,VALID,No issues detected,Failed
I0001342,S001303,2025-12-12,2026-01-20,15301.8,-2705.15,Pending,,Card,INVALID,Negative tax_amount,Pending
,S001257,2025-01-03,2025-02-12,88929.87,1399.47,Paid,2025-01-15,,INVALID,Missing invoice_id,Paid
I0001344,S000450,2025-05-03,2025-04-18,85982.68,17064.16,,,Bank Transfer,SUSPICIOUS,Missing payment_status,Nan
I0001345,S001679,2025-10-21,2025-12-01,114543.96,18137.17,Refunded,,,INVALID,Invoice references non-existent/invalid subscription,Refunded
I0001346,S000292,2025-09-17,2025-10-30,102007.79,10450.66,Refunded,2025-10-16,Bank Transfer,INVALID,Invoice references non-existent/invalid subscription,Refunded
I0001347,S002316,2025-04-12,2025-04-28,1619.73,6890.63,,,Bank Transfer,SUSPICIOUS,Missing payment_status,Nan
I0001348,S000470,2025-10-10,2025-11-13,55544.09,14675.65,Paid,2025-11-09,,INVALID,Invoice references non-existent/invalid subscription,Paid
I0001349,S001666,2024-03-03,2024-03-25,30229.44,17171.98,Paid,2024-05-10,Bank Transfer,INVALID,Invoice references non-existent/invalid subscription,Paid
I0001350,S002344,2024-06-30,2024-07-22,,13636.96,Paid,2024-08-03,,INVALID,Invoice references non-existent/invalid subscription; Missing invoice_amount,Paid
I0001351,,2025-05-19,2025-06-21,5912.31,21846.45,Pending,,,INVALID,Missing subscription_id on invoice,Pending
I0001352,S001273,2024-05-05,2024-05-29,14334.93,5340.22,Paid,2024-06-11,UPI,VALID,No issues detected,Paid
I0001353,S001500,2025-02-02,2025-03-07,60991.78,,,,,SUSPICIOUS,Missing payment_status,Nan
I0001354,S000924,2025-12-31,2026-01-19,10821.45,3629.67,Failed,,Wallet,VALID,No issues detected,Failed
I0001355,S001020,2024-04-02,2024-03-27,31551.32,19915.42,Pending,,Wallet,VALID,No issues detected,Pending
I0001356,S002374,2024-05-14,2024-05-26,-41788.11,5422.56,Refunded,2024-06-23,UPI,INVALID,Invoice references non-existent/invalid subscription; Negative invoice_amount,Refunded
I0001357,S000422,2025-01-11,2025-02-06,112350.35,,Failed,,Bank Transfer,INVALID,Invoice references non-existent/invalid subscription,Failed
I0001358,S001235,2024-03-27,2024-05-05,110019.95,24059.58,Paid,2024-05-19,Bank Transfer,VALID,No issues detected,Paid
I0001359,S001779,2024-01-30,2024-02-25,100557.43,17783.32,,,Bank Transfer,SUSPICIOUS,Missing payment_status,Nan
I0001360,S000286,2024-01-02,2024-01-21,78020.75,8323.28,,,Bank Transfer,SUSPICIOUS,Missing payment_status,Nan
I0001361,S000693,2025-05-23,2025-06-10,34131.58,20594.53,Refunded,,Bank Transfer,VALID,No issues detected,Refunded
I0001362,S001210,2024-12-09,2024-12-30,101748.63,7042.14,Refunded,2025-01-30,Bank Transfer,VALID,No issues detected,Refunded
I0001363,S002266,2025-01-11,2025-02-14,104352.94,9644.38,Refunded,2025-03-23,Wallet,INVALID,Invoice references non-existent/invalid subscription,Refunded
I0001364,S002265,2025-03-16,2025-04-12,6557.22,-3132.04,Pending,,,INVALID,Negative tax_amount,Pending
I0001365,S000994,2025-01-05,2025-02-12,46348.44,14676.85,Refunded,,UPI,INVALID,Invoice references non-existent/invalid subscription,Refunded
I0001366,S000664,2024-03-13,2024-03-21,81223.23,4209.8,Failed,,Card,INVALID,Invoice references non-existent/invalid subscription,Failed
I0001367,S000012,2024-01-23,2024-02-29,60855.35,12607.09,,,Card,INVALID,Invoice references non-existent/invalid subscription; Missing payment_status,Nan
,S001419,2024-10-22,2024-10-31,-96511.01,9727.99,,,,INVALID,Missing invoice_id; Invoice references non-existent/invalid subscription; Negative invoice_amount; Missing payment_status,Nan
I0001369,S000467,2025-02-25,2025-04-07,22600.82,-3016.41,Pending,2025-03-15,Bank Transfer,INVALID,Invoice references non-existent/invalid subscription; Negative tax_amount,Pending
I0001370,S002312,2025-10-07,2025-11-16,19764.1,15405.83,Paid,2025-12-09,Card,INVALID,Invoice references non-existent/invalid subscription,Paid
I0001371,S001794,2024-08-12,2024-09-02,13198.61,11787.07,Pending,,UPI,VALID,No issues detected,Pending
I0001372,S000193,2025-08-08,2025-08-25,27879.38,12679.45,Pending,,Bank Transfer,INVALID,Invoice references non-existent/invalid subscription,Pending
,S000246,2024-12-03,2024-12-14,80483.59,3628.62,,,Card,INVALID,Missing invoice_id; Invoice references non-existent/invalid subscription; Missing payment_status,Nan
I0001374,S000701,2025-02-01,2025-02-11,-367.07,-2893.46,Pending,,Wallet,INVALID,Invoice references non-existent/invalid subscription; Negative invoice_amount; Negative tax_amount,Pending
I0001375,S001231,2024-12-09,2025-01-14,,,,,Wallet,SUSPICIOUS,Missing invoice_amount; Missing payment_status,Nan
I0001376,S000657,2025-02-27,2025-03-18,73543.77,23984.0,Refunded,,Bank Transfer,INVALID,Invoice references non-existent/invalid subscription,Refunded
I0001377,S001608,2025-03-30,2025-04-09,77267.04,19647.56,Pending,,,INVALID,Invoice references non-existent/invalid subscription,Pending
I0001378,S000421,2024-09-15,2024-10-15,51633.96,,Pending,,UPI,VALID,No issues detected,Pending
I0001379,S001681,2024-01-01,2023-12-24,109258.76,2008.68,Failed,,UPI,INVALID,Invoice references non-existent/invalid subscription,Failed
I0001380,S001572,2024-05-13,2024-05-09,108274.18,,Paid,2024-06-08,Bank Transfer,INVALID,Invoice references non-existent/invalid subscription,Paid
I0001381,S000969,2025-11-11,2025-11-06,31819.92,15237.65,Failed,2025-11-15,Bank Transfer,INVALID,Invoice references non-existent/invalid subscription,Failed
I0001382,S000280,2025-08-20,2025-09-25,95002.59,19161.91,Pending,,Card,VALID,No issues detected,Pending
I0001383,S001573,2024-12-23,2025-01-23,67844.56,-3458.95,,2025-02-19,,INVALID,Negative tax_amount; Missing payment_status,Nan
I0001384,S001015,2024-09-01,2024-09-18,43977.03,4032.84,Paid,2024-11-10,,INVALID,Invoice references non-existent/invalid subscription,Paid
I0001385,S000361,2024-03-08,2024-04-09,99973.67,-3354.54,Pending,,Bank Transfer,INVALID,Invoice references non-existent/invalid subscription; Negative tax_amount,Pending
I0001386,S002096,2024-10-10,2024-10-01,28787.51,,Failed,,UPI,INVALID,Invoice references non-existent/invalid subscription,Failed
I0001387,S000727,2024-04-24,2024-05-16,16208.8,17258.71,Paid,2024-06-25,UPI,VALID,No issues detected,Paid
I0001388,S000621,2026-01-08,2026-02-11,96593.42,22033.38,Refunded,,Card,INVALID,Invoice references non-existent/invalid subscription,Refunded
I0001389,S002130,2024-04-27,2024-05-15,70328.34,22626.38,Paid,2024-04-29,,INVALID,Invoice references non-existent/invalid subscription,Paid
I0001390,S000239,2026-01-18,2026-02-12,61335.56,-2144.47,Failed,,,INVALID,Invoice references non-existent/invalid subscription; Negative tax_amount,Failed
,S000377,2025-03-07,2025-04-01,12604.54,4016.88,Pending,2025-05-16,Card,INVALID,Missing invoice_id,Pending
I0001392,S001046,2024-02-28,2024-03-12,27360.75,2348.43,Failed,,Wallet,VALID,No issues detected,Failed
I0001393,S000400,2025-06-01,2025-06-08,21905.53,,Failed,,Wallet,INVALID,Invoice references non-existent/invalid subscription,Failed
I0001394,S000191,2025-02-19,2025-02-17,,2942.16,Paid,2025-03-25,Card,SUSPICIOUS,Missing invoice_amount,Paid
I0001395,S000277,2025-12-23,2026-01-17,4816.19,1799.98,Failed,,UPI,INVALID,Invoice references non-existent/invalid subscription,Failed
I0001396,S001364,2024-11-25,2024-12-12,23153.09,12999.53,Pending,,,INVALID,Invoice references non-existent/invalid subscription,Pending
I0001397,S000084,2024-07-11,2024-08-14,71002.27,11491.99,Refunded,2024-08-16,Bank Transfer,INVALID,Invoice references non-existent/invalid subscription,Refunded
I0001398,S000171,2024-05-16,2024-06-13,74243.84,2121.18,Paid,2024-06-04,Card,VALID,No issues detected,Paid
I0001399,S001350,2025-03-30,2025-04-14,44428.38,16179.63,,,,SUSPICIOUS,Missing payment_status,Nan
I0001400,S001529,2025-03-28,2025-05-05,116649.75,10724.3,Refunded,,Wallet,INVALID,Invoice references non-existent/invalid subscription,Refunded
I0001401,S000836,2025-08-30,2025-09-06,40231.32,23716.67,Refunded,,Bank Transfer,INVALID,Invoice references non-existent/invalid subscription,Refunded
I0001402,S000908,2024-09-19,2024-09-29,43392.02,24274.79,Paid,2024-10-30,Bank Transfer,INVALID,Invoice references non-existent/invalid subscription,Paid
I0001403,S002225,2024-06-01,2024-05-28,3711.77,1319.31,Pending,,Card,INVALID,Invoice references non-existent/invalid subscription,Pending
I0001404,S002344,2025-07-03,2025-07-13,,14422.12,Pending,,Card,INVALID,Invoice references non-existent/invalid subscription; Missing invoice_amount,Pending
I0001405,S000461,2024-07-28,2024-09-01,86710.16,,Paid,2024-10-04,UPI,VALID,No issues detected,Paid
I0001406,S001408,2025-10-30,2025-11-16,103083.85,6768.89,Refunded,,UPI,INVALID,Invoice references non-existent/invalid subscription,Refunded
I0001407,S002049,2024-03-03,2024-03-16,43733.18,14463.37,,,Wallet,SUSPICIOUS,Missing payment_status,Nan
I0001408,S001743,2024-09-28,2024-10-26,51307.94,13695.76,Refunded,,Bank Transfer,VALID,No issues detected,Refunded
I0001409,S001403,2024-01-09,2024-02-14,35975.35,,Failed,,Wallet,INVALID,Invoice references non-existent/invalid subscription,Failed
I0001410,S001480,2026-01-30,2026-03-04,59003.0,9416.78,Pending,,Card,VALID,No issues detected,Pending
I0001411,S000329,2025-06-06,2025-07-19,5088.49,,Failed,2025-08-22,UPI,INVALID,Invoice references non-existent/invalid subscription,Failed
I0001412,S002049,2024-06-30,2024-07-08,119820.84,-2239.43,Failed,,Wallet,INVALID,Negative tax_amount,Failed
I0001413,S002094,2025-02-08,2025-03-22,59435.69,17871.04,Failed,,Wallet,VALID,No issues detected,Failed
I0001414,S002344,2025-02-15,2025-03-19,58136.83,23448.05,Pending,,,INVALID,Invoice references non-existent/invalid subscription,Pending
I0001415,S000312,2024-06-06,2024-06-25,40329.8,3017.15,Pending,2024-06-14,Bank Transfer,INVALID,Invoice references non-existent/invalid subscription,Pending
I0001416,S001416,2025-07-11,2025-07-26,74910.91,1323.52,Refunded,,,VALID,No issues detected,Refunded
I0001417,S001505,2025-10-11,2025-10-04,85413.69,-973.5,Refunded,,Card,INVALID,Invoice references non-existent/invalid subscription; Negative tax_amount,Refunded
I0001418,S000410,2025-12-06,2025-12-14,57834.04,,Paid,2025-12-18,Wallet,INVALID,Invoice references non-existent/invalid subscription,Paid
I0001419,S002257,2024-05-27,2024-07-09,57591.54,8724.29,Pending,2024-06-20,Bank Transfer,INVALID,Invoice references non-existent/invalid subscription,Pending
I0001420,S000555,2025-01-30,2025-03-11,74401.66,18752.74,,,Wallet,INVALID,Invoice references non-existent/invalid subscription; Missing payment_status,Nan
I0001421,S002381,2025-01-24,2025-02-07,61353.73,19047.0,Failed,,Bank Transfer,INVALID,Invoice references non-existent/invalid subscription,Failed
I0001422,S002191,2025-08-14,2025-08-27,52062.81,9361.84,Failed,,Wallet,INVALID,Invoice references non-existent/invalid subscription,Failed
I0001423,S001611,2025-12-10,2025-12-07,86208.79,-1113.27,Paid,2025-12-01,Card,INVALID,Negative tax_amount; Payment date earlier than invoice date,Paid
I0001424,S000596,2025-04-14,2025-04-07,38747.94,-2829.84,Failed,,Wallet,INVALID,Negative tax_amount,Failed
I0001425,S000216,2025-02-21,2025-03-11,106165.43,10113.72,,,Bank Transfer,SUSPICIOUS,Missing payment_status,Nan
I0001426,S001607,2025-09-10,2025-09-18,16994.08,1219.56,,,Card,INVALID,Invoice references non-existent/invalid subscription; Missing payment_status,Nan
I0001427,S001780,2024-03-19,2024-04-06,24798.85,13961.8,Paid,2024-04-01,Card,VALID,No issues detected,Paid
I0001428,S000886,2025-07-26,2025-08-14,48063.63,,Paid,2025-09-12,,INVALID,Invoice references non-existent/invalid subscription,Paid
I0001429,S001369,2024-01-11,2024-02-07,73901.12,3831.09,Failed,,Wallet,INVALID,Invoice references non-existent/invalid subscription,Failed
I0001430,S001534,2025-02-13,2025-03-28,,22117.58,Paid,2025-02-10,Bank Transfer,INVALID,Invoice references non-existent/invalid subscription; Missing invoice_amount; Payment date earlier than invoice date,Paid
,S000549,2025-05-06,2025-06-14,75498.68,8624.1,,,UPI,INVALID,Missing invoice_id; Invoice references non-existent/invalid subscription; Missing payment_status,Nan
I0001432,S001118,2025-06-30,2025-07-18,35606.74,3365.25,Refunded,,Card,INVALID,Invoice references non-existent/invalid subscription,Refunded
I0001433,S000766,2024-09-06,2024-09-20,60256.46,18371.43,Paid,2024-11-09,Card,INVALID,Invoice references non-existent/invalid subscription,Paid
I0001434,S000198,2024-06-20,2024-06-29,,9974.35,Failed,,Bank Transfer,INVALID,Invoice references non-existent/invalid subscription; Missing invoice_amount,Failed
I0001435,S002108,2025-03-26,2025-04-27,1021.23,16963.17,,,Card,SUSPICIOUS,Missing payment_status,Nan
,S000552,2025-01-03,2025-02-11,14434.64,1396.37,,,Bank Transfer,INVALID,Missing invoice_id; Invoice references non-existent/invalid subscription; Missing payment_status,Nan
I0001437,S001045,2025-06-08,2025-07-14,36611.88,10640.49,Failed,2025-07-30,Card,INVALID,Invoice references non-existent/invalid subscription,Failed
I0001438,S000295,2025-06-09,2025-07-09,29508.75,4781.81,Refunded,,Wallet,VALID,No issues detected,Refunded
I0001439,S002214,2025-09-29,2025-10-12,37616.75,17757.55,,2025-09-24,UPI,INVALID,Invoice references non-existent/invalid subscription; Missing payment_status; Payment date earlier than invoice date,Nan
I0001440,S001453,2024-09-10,2024-09-25,20870.09,2934.79,Refunded,,UPI,INVALID,Invoice references non-existent/invalid subscription,Refunded
I0001441,S000223,2025-11-06,2025-11-25,74251.4,24420.99,Pending,,Card,VALID,No issues detected,Pending
I0001442,S001163,2025-08-30,2025-09-18,16823.47,5406.64,Paid,2025-09-02,Bank Transfer,VALID,No issues detected,Paid
I0001443,S000909,2024-08-08,2024-09-02,27983.19,-547.07,Failed,,Wallet,INVALID,Invoice references non-existent/invalid subscription; Negative tax_amount,Failed
I0001444,S000842,2024-04-14,2024-05-04,60566.21,7125.11,Refunded,,Wallet,VALID,No issues detected,Refunded
I0001445,S000757,2025-04-03,2025-04-24,38467.6,457.5,Refunded,,Card,INVALID,Invoice references non-existent/invalid subscription,Refunded
I0001446,S002372,2025-07-14,2025-07-31,29122.06,9400.65,Paid,2025-07-13,,INVALID,Invoice references non-existent/invalid subscription; Payment date earlier than invoice date,Paid
I0001447,S000841,2025-09-02,2025-10-02,61007.27,9634.45,Paid,2025-09-18,,INVALID,Invoice references non-existent/invalid subscription,Paid
I0001448,S000154,2024-12-18,2025-01-21,15472.24,3671.14,Failed,,UPI,VALID,No issues detected,Failed
,S001318,2024-10-10,2024-11-06,3256.98,-3637.26,Failed,,Card,INVALID,Missing invoice_id; Negative tax_amount,Failed
I0001450,S001212,2025-12-17,2026-01-29,94706.75,11030.6,Pending,,Bank Transfer,INVALID,Invoice references non-existent/invalid subscription,Pending
I0001451,S002232,2024-09-16,2024-10-12,66386.58,18056.47,,,,SUSPICIOUS,Missing payment_status,Nan
I0001452,S002065,2024-08-31,2024-08-16,19933.59,21482.53,Refunded,,,VALID,No issues detected,Refunded
I0001453,S000783,2024-12-24,2025-02-03,43360.3,18707.96,Paid,2025-01-13,,INVALID,Invoice references non-existent/invalid subscription,Paid
I0001454,S000614,2024-05-18,2024-06-19,9117.28,5756.37,Refunded,,Bank Transfer,VALID,No issues detected,Refunded
I0001455,S001221,2025-04-19,2025-05-04,70658.46,7609.85,Failed,2025-07-02,Bank Transfer,VALID,No issues detected,Failed
I0001456,S002168,2025-03-19,2025-04-26,90950.69,-1896.02,Pending,,Wallet,INVALID,Invoice references non-existent/invalid subscription; Negative tax_amount,Pending
I0001457,S001108,2024-11-08,2024-11-18,40447.17,8186.75,Paid,2024-10-31,Bank Transfer,INVALID,Invoice references non-existent/invalid subscription; Payment date earlier than invoice date,Paid
I0001458,S001378,2024-01-15,2024-01-28,20539.35,10831.09,Pending,,Card,VALID,No issues detected,Pending
I0001459,S001299,2025-11-09,2025-12-01,84649.42,,Refunded,2026-01-18,Wallet,INVALID,Invoice references non-existent/invalid subscription,Refunded
I0001460,S000037,2025-09-09,2025-10-13,39364.76,21888.2,Refunded,,Card,INVALID,Invoice references non-existent/invalid subscription,Refunded
I0001461,S001609,2025-02-01,2025-03-12,76918.32,17749.43,Paid,2025-03-12,UPI,INVALID,Invoice references non-existent/invalid subscription,Paid
I0001462,S000908,2025-01-19,2025-02-07,14608.7,7265.11,,,Card,INVALID,Invoice references non-existent/invalid subscription; Missing payment_status,Nan
I0001463,S000646,2025-05-26,2025-07-04,35050.04,24188.72,Refunded,,,VALID,No issues detected,Refunded
I0001464,S001993,2025-04-25,2025-05-30,42247.17,7146.37,,,,INVALID,Invoice references non-existent/invalid subscription; Missing payment_status,Nan
I0001465,S002350,2024-02-26,2024-03-18,,6117.12,Paid,2024-04-14,Bank Transfer,SUSPICIOUS,Missing invoice_amount,Paid
I0001466,S000943,2025-05-05,2025-06-10,21110.68,19019.91,,,UPI,INVALID,Invoice references non-existent/invalid subscription; Missing payment_status,Nan
I0001467,S001937,2025-03-29,2025-04-15,96365.93,-3901.68,,,Wallet,INVALID,Invoice references non-existent/invalid subscription; Negative tax_amount; Missing payment_status,Nan
I0001468,S000126,2024-10-12,2024-10-22,81554.91,,Refunded,,,INVALID,Invoice references non-existent/invalid subscription,Refunded
I0001469,S000327,2024-11-01,2024-11-19,,24361.18,,,Wallet,INVALID,Invoice references non-existent/invalid subscription; Missing invoice_amount; Missing payment_status,Nan
I0001470,S001754,2024-05-15,2024-06-28,96980.6,8143.22,Pending,,Bank Transfer,VALID,No issues detected,Pending
I0001471,S001878,2025-08-01,2025-09-15,47250.77,,Pending,,Wallet,VALID,No issues detected,Pending
I0001472,S001796,2024-03-21,2024-04-09,-46971.54,12020.09,Pending,,Bank Transfer,INVALID,Negative invoice_amount,Pending
I0001473,S001653,2024-05-29,2024-06-16,119676.18,,Pending,2024-05-25,Bank Transfer,INVALID,Invoice references non-existent/invalid subscription; Payment date earlier than invoice date,Pending
I0001474,S001048,2025-12-04,2025-12-18,28392.72,16988.6,Refunded,,,INVALID,Invoice references non-existent/invalid subscription,Refunded
I0001475,S002099,2024-12-04,2024-12-14,-11687.93,-2695.07,,,Wallet,INVALID,Negative invoice_amount; Negative tax_amount; Missing payment_status,Nan
I0001476,S000243,2025-07-12,2025-07-26,-66948.78,4899.42,Failed,,Wallet,INVALID,Negative invoice_amount,Failed
I0001477,S001399,2024-02-18,2024-03-15,95808.97,2258.16,Paid,2024-03-04,Bank Transfer,INVALID,Invoice references non-existent/invalid subscription,Paid
I0001478,S001880,2025-12-10,2026-01-05,30590.61,-3916.12,Refunded,,,INVALID,Invoice references non-existent/invalid subscription; Negative tax_amount,Refunded
I0001479,S001297,2025-02-13,2025-03-20,37875.31,19854.5,,,Wallet,SUSPICIOUS,Missing payment_status,Nan
I0001480,S002054,2025-08-06,2025-07-31,4458.36,798.29,,,Card,INVALID,Invoice references non-existent/invalid subscription; Missing payment_status,Nan
I0001481,S000752,2024-07-31,2024-09-04,57050.92,18532.26,,2024-10-05,,INVALID,Invoice references non-existent/invalid subscription; Missing payment_status,Nan
I0001482,S000247,2024-05-24,2024-06-02,,14115.43,,,Wallet,INVALID,Invoice references non-existent/invalid subscription; Missing invoice_amount; Missing payment_status,Nan
,S001313,2025-02-06,2025-02-28,83632.65,22380.33,Failed,,Card,INVALID,Missing invoice_id; Invoice references non-existent/invalid subscription,Failed
I0001484,S000073,2025-06-09,2025-07-08,116718.55,21858.87,Failed,,UPI,INVALID,Invoice references non-existent/invalid subscription,Failed
I0001485,S001333,2024-05-18,2024-07-02,86174.8,20106.99,,,Card,INVALID,Invoice references non-existent/invalid subscription; Missing payment_status,Nan
I0001486,S001596,2025-04-11,2025-04-18,54517.32,20748.5,,,Bank Transfer,INVALID,Invoice references non-existent/invalid subscription; Missing payment_status,Nan
I0001487,S000155,2025-05-08,2025-06-10,93481.39,19032.73,Refunded,,Wallet,VALID,No issues detected,Refunded
I0001488,S001945,2024-03-02,2024-02-26,79749.15,-128.87,Refunded,,Wallet,INVALID,Invoice references non-existent/invalid subscription; Negative tax_amount,Refunded
I0001489,S001657,2024-12-06,2024-12-14,84676.26,21676.37,Refunded,,Card,VALID,No issues detected,Refunded
I0001490,S000881,2025-08-13,2025-09-23,13472.68,17263.54,Pending,,Bank Transfer,VALID,No issues detected,Pending
I0001491,S002039,2025-04-13,2025-04-05,,5186.65,Refunded,,UPI,SUSPICIOUS,Missing invoice_amount,Refunded
I0001492,S002202,2024-08-16,2024-09-01,36683.27,8243.91,,,Bank Transfer,INVALID,Invoice references non-existent/invalid subscription; Missing payment_status,Nan
I0001493,S001779,2025-06-27,2025-07-08,2033.61,3691.32,Refunded,,,VALID,No issues detected,Refunded
I0001494,S000197,2024-04-04,2024-03-30,54708.6,5316.9,Pending,2024-04-01,Bank Transfer,INVALID,Payment date earlier than invoice date,Pending
I0001495,S000841,2025-09-02,2025-09-21,41893.54,20699.09,Paid,2025-10-05,Wallet,INVALID,Invoice references non-existent/invalid subscription,Paid
I0001496,S000005,2026-01-19,2026-02-15,28968.47,-885.8,Paid,2026-02-14,Bank Transfer,INVALID,Negative tax_amount,Paid
I0001497,S000554,2025-06-07,2025-07-13,60975.28,1379.28,Pending,,UPI,INVALID,Invoice references non-existent/invalid subscription,Pending
I0001498,S001229,2024-08-25,2024-08-14,67414.49,10970.14,Failed,,,INVALID,Invoice references non-existent/invalid subscription,Failed
I0001499,S000963,2026-01-30,2026-03-14,16017.66,23816.16,Refunded,,,INVALID,Invoice references non-existent/invalid subscription,Refunded
I0001500,S000226,2025-10-26,2025-11-09,-37863.19,478.72,Refunded,,UPI,INVALID,Invoice references non-existent/invalid subscription; Negative invoice_amount,Refunded
I0001501,S000837,2025-08-31,2025-09-27,,19523.05,Pending,2025-10-04,Card,INVALID,Invoice references non-existent/invalid subscription; Missing invoice_amount,Pending
I0001502,S001688,2024-01-16,2024-02-19,21130.72,17413.76,Paid,2024-03-20,Bank Transfer,INVALID,Invoice references non-existent/invalid subscription,Paid
I0001503,S001417,2025-06-14,2025-06-28,81248.59,15285.63,,,Bank Transfer,INVALID,Invoice references non-existent/invalid subscription; Missing payment_status,Nan
I0001504,S000535,2024-08-17,2024-08-25,69032.54,,Refunded,,Wallet,INVALID,Invoice references non-existent/invalid subscription,Refunded
,S000758,2024-10-14,2024-10-08,53355.07,7520.46,Refunded,,Wallet,INVALID,Missing invoice_id,Refunded
I0001506,S000300,2024-09-06,2024-10-16,49746.62,9263.14,Pending,2024-09-16,Wallet,VALID,No issues detected,Pending
I0001507,S000038,2025-02-10,2025-03-07,81271.59,15154.65,Failed,,,VALID,No issues detected,Failed
I0001508,S000541,2024-05-02,2024-05-29,65571.44,-3799.18,Paid,2024-05-02,Bank Transfer,INVALID,Invoice references non-existent/invalid subscription; Negative tax_amount,Paid
I0001509,S000898,2024-07-14,2024-08-27,93166.5,534.41,,,,INVALID,Invoice references non-existent/invalid subscription; Missing payment_status,Nan
I0001510,S000367,2025-05-06,2025-05-14,61982.82,-4221.78,Failed,,UPI,INVALID,Invoice references non-existent/invalid subscription; Negative tax_amount,Failed
I0001511,S001857,2025-11-28,2025-12-13,,19857.02,Pending,,UPI,INVALID,Invoice references non-existent/invalid subscription; Missing invoice_amount,Pending
I0001512,S000663,2025-05-27,2025-06-14,40382.91,17314.3,,2025-07-09,Card,INVALID,Invoice references non-existent/invalid subscription; Missing payment_status,Nan
I0001513,S002036,2025-11-21,2025-11-30,110236.16,9761.66,,,Card,INVALID,Invoice references non-existent/invalid subscription; Missing payment_status,Nan
I0001514,S002024,2024-02-29,2024-03-30,100083.94,11675.89,Refunded,,UPI,INVALID,Invoice references non-existent/invalid subscription,Refunded
I0001515,S001085,2025-09-02,2025-09-22,1129.18,9234.65,Pending,,Bank Transfer,VALID,No issues detected,Pending
I0001516,S001498,2024-11-10,2024-12-22,86850.83,15308.78,Failed,,Wallet,VALID,No issues detected,Failed
I0001517,S001107,2025-07-05,2025-07-17,24427.89,7423.04,Refunded,,Card,INVALID,Invoice references non-existent/invalid subscription,Refunded
I0001518,S001068,2025-02-07,2025-03-02,88758.0,23244.13,Failed,,UPI,VALID,No issues detected,Failed
I0001519,S001806,2024-06-09,2024-07-22,66947.02,13175.41,Failed,,Card,VALID,No issues detected,Failed
,S001877,2025-02-19,2025-04-02,17098.45,6855.51,Pending,,,INVALID,Missing invoice_id; Invoice references non-existent/invalid subscription,Pending
I0001521,S001487,2024-11-14,2024-12-29,117285.55,22453.79,Pending,,,INVALID,Invoice references non-existent/invalid subscription,Pending
I0001522,S000425,2024-07-13,2024-08-27,36213.22,23992.69,Failed,,UPI,VALID,No issues detected,Failed
I0001523,S001685,2025-05-07,2025-06-10,88548.28,-4353.34,Paid,2025-04-30,,INVALID,Invoice references non-existent/invalid subscription; Negative tax_amount; Payment date earlier than invoice date,Paid
I0001524,S000471,2024-11-01,2024-11-22,25012.19,,Pending,,,INVALID,Invoice references non-existent/invalid subscription,Pending
I0001525,S000758,2025-09-20,2025-10-06,105673.55,9952.61,Paid,2025-11-03,UPI,VALID,No issues detected,Paid
I0001526,S001984,2024-11-19,2024-12-12,-32488.82,10765.76,Failed,,Bank Transfer,INVALID,Negative invoice_amount,Failed
I0001527,S000295,2025-03-15,2025-03-06,25759.4,9096.71,Paid,2025-03-16,,VALID,No issues detected,Paid
I0001528,S001870,2025-10-24,2025-10-12,109198.37,17897.19,,,Card,SUSPICIOUS,Missing payment_status,Nan
I0001529,S000351,2025-07-30,2025-09-07,52679.09,14546.45,Failed,,UPI,INVALID,Invoice references non-existent/invalid subscription,Failed
,S002172,2024-05-29,2024-07-04,77563.14,,Pending,,UPI,INVALID,Missing invoice_id; Invoice references non-existent/invalid subscription,Pending
I0001531,S000805,2025-12-07,2025-11-23,73648.81,23047.16,Pending,,Wallet,VALID,No issues detected,Pending
I0001532,S001018,2025-06-18,2025-06-26,,1947.51,,,Card,INVALID,Invoice references non-existent/invalid subscription; Missing invoice_amount; Missing payment_status,Nan
I0001533,S000830,2025-07-05,2025-07-15,22320.49,6892.47,,,Wallet,INVALID,Invoice references non-existent/invalid subscription; Missing payment_status,Nan
I0001534,S001514,2025-07-12,2025-08-23,43822.13,22492.47,Pending,,Wallet,INVALID,Invoice references non-existent/invalid subscription,Pending
I0001535,S001591,2025-01-06,2025-01-23,53377.88,12630.91,Pending,,Bank Transfer,INVALID,Invoice references non-existent/invalid subscription,Pending
I0001536,S001586,2025-04-19,2025-05-12,,14690.15,Pending,,,INVALID,Invoice references non-existent/invalid subscription; Missing invoice_amount,Pending
I0001537,S001034,2025-12-23,2026-01-03,87174.28,-1240.24,Failed,,Card,INVALID,Invoice references non-existent/invalid subscription; Negative tax_amount,Failed
I0001538,S001376,2025-06-03,2025-06-12,9244.17,11299.18,,,UPI,INVALID,Invoice references non-existent/invalid subscription; Missing payment_status,Nan
,S001014,2025-08-13,2025-08-27,11513.33,3693.96,Pending,,Bank Transfer,INVALID,Missing invoice_id,Pending
I0001540,S000042,2024-01-09,2024-01-23,,11554.32,Pending,,UPI,INVALID,Invoice references non-existent/invalid subscription; Missing invoice_amount,Pending
I0001541,S001086,2024-09-21,2024-10-04,118733.59,12112.98,Paid,2024-10-07,Wallet,VALID,No issues detected,Paid
I0001542,S001777,2024-11-24,2024-12-13,46507.85,-2057.71,Failed,,Card,INVALID,Negative tax_amount,Failed
I0001543,S000814,2024-09-16,2024-09-30,24561.76,4843.61,Pending,2024-10-22,Bank Transfer,INVALID,Invoice references non-existent/invalid subscription,Pending
I0001544,S000007,2025-05-03,2025-05-25,59427.3,-257.51,Failed,,UPI,INVALID,Invoice references non-existent/invalid subscription; Negative tax_amount,Failed
I0001545,S000286,2025-06-09,2025-07-24,8270.9,9455.96,Failed,,Bank Transfer,VALID,No issues detected,Failed
I0001546,S001463,2024-01-26,2024-02-11,63994.39,16422.12,Paid,2024-02-28,,VALID,No issues detected,Paid
I0001547,S000133,2025-08-14,2025-09-17,26373.11,2691.72,Failed,,Wallet,VALID,No issues detected,Failed
I0001548,S001186,2026-01-17,2026-02-11,29875.94,828.69,Pending,,,INVALID,Invoice references non-existent/invalid subscription,Pending
I0001549,S000624,2024-11-06,2024-12-10,115077.99,11314.77,Refunded,2025-01-24,Card,INVALID,Invoice references non-existent/invalid subscription,Refunded
I0001550,S000707,2025-12-09,2025-12-23,30230.25,11687.18,Failed,,UPI,INVALID,Invoice references non-existent/invalid subscription,Failed
I0001551,S001891,2025-02-20,2025-02-07,4358.15,5081.7,Failed,,UPI,VALID,No issues detected,Failed
I0001552,S001726,2024-08-06,2024-09-08,20218.37,22264.33,Pending,,,INVALID,Invoice references non-existent/invalid subscription,Pending
I0001553,S001125,2025-10-07,2025-10-19,56818.13,5533.08,Refunded,,Card,VALID,No issues detected,Refunded
I0001554,S001648,2025-07-01,2025-07-31,,21954.41,Paid,2025-08-28,,INVALID,Invoice references non-existent/invalid subscription; Missing invoice_amount,Paid
I0001555,S000782,2025-04-27,2025-05-24,26947.54,271.37,,,Card,SUSPICIOUS,Missing payment_status,Nan
I0001556,S001248,2025-04-19,2025-06-03,31762.67,16643.41,Pending,,Wallet,VALID,No issues detected,Pending
,S001282,2024-08-23,2024-10-01,63495.12,,Refunded,2024-10-14,,INVALID,Missing invoice_id,Refunded
I0001558,S000096,2024-09-11,2024-09-28,15876.01,21524.33,,,Card,INVALID,Invoice references non-existent/invalid subscription; Missing payment_status,Nan
I0001559,S001841,2024-12-05,2025-01-15,-91339.54,365.77,Failed,,UPI,INVALID,Invoice references non-existent/invalid subscription; Negative invoice_amount,Failed
I0001560,S001108,2024-06-14,2024-07-03,105000.3,5461.07,Failed,,Wallet,INVALID,Invoice references non-existent/invalid subscription,Failed
I0001561,S002020,2025-12-11,2026-01-24,69551.79,6698.68,Refunded,,Card,INVALID,Invoice references non-existent/invalid subscription,Refunded
I0001562,S002119,2024-09-19,2024-10-15,75209.9,14069.13,Refunded,,Card,INVALID,Invoice references non-existent/invalid subscription,Refunded
I0001563,S000042,2024-02-28,2024-03-10,97886.57,20341.43,Pending,,UPI,INVALID,Invoice references non-existent/invalid subscription,Pending
I0001564,S000921,2025-01-30,2025-02-22,39117.01,10668.11,Refunded,,,INVALID,Invoice references non-existent/invalid subscription,Refunded
I0001565,S001513,2025-08-31,2025-09-16,7767.94,-957.45,Refunded,,UPI,INVALID,Invoice references non-existent/invalid subscription; Negative tax_amount,Refunded
I0001566,S001177,2024-09-29,2024-10-07,115635.92,19733.45,Paid,2024-11-02,UPI,VALID,No issues detected,Paid
I0001567,S001052,2025-06-04,2025-07-06,72780.33,-1274.78,Failed,,,INVALID,Negative tax_amount,Failed
I0001568,S001702,2025-01-14,2025-02-22,87518.68,4272.23,Paid,2025-01-12,Card,INVALID,Payment date earlier than invoice date,Paid
I0001569,S001676,2026-01-20,2026-01-28,86206.1,20234.52,Refunded,,UPI,INVALID,Invoice references non-existent/invalid subscription,Refunded
I0001570,S000181,2024-09-21,2024-10-08,-50948.35,11637.26,Refunded,2024-11-23,Wallet,INVALID,Invoice references non-existent/invalid subscription; Negative invoice_amount,Refunded
I0001571,S000703,2025-08-28,2025-10-05,96088.43,23355.29,Pending,,UPI,INVALID,Invoice references non-existent/invalid subscription,Pending
,S000533,2025-02-27,2025-04-06,11125.06,23050.65,Pending,,Wallet,INVALID,Missing invoice_id; Invoice references non-existent/invalid subscription,Pending
I0001573,S001133,2024-03-26,2024-05-08,49058.69,24735.19,,,Wallet,INVALID,Invoice references non-existent/invalid subscription; Missing payment_status,Nan
I0001574,S000364,2024-07-31,2024-08-23,24800.89,,,,Bank Transfer,INVALID,Invoice references non-existent/invalid subscription; Missing payment_status,Nan
I0001575,S000536,2026-01-23,2026-02-09,7242.69,17523.53,Pending,,Bank Transfer,INVALID,Invoice references non-existent/invalid subscription,Pending
I0001576,S001485,2026-01-13,2026-02-15,47889.32,23182.98,Refunded,2026-01-30,Card,INVALID,Invoice references non-existent/invalid subscription,Refunded
I0001577,S000552,2025-07-26,2025-08-04,26096.1,24932.76,Pending,,Wallet,INVALID,Invoice references non-existent/invalid subscription,Pending
I0001578,S002276,2024-05-03,2024-06-13,77444.11,17547.11,Paid,2024-05-14,Card,VALID,No issues detected,Paid
I0001579,S002350,2024-05-04,2024-05-15,39277.28,12810.03,Pending,,Card,VALID,No issues detected,Pending
I0001580,S001435,2025-03-09,2025-04-12,643.92,10508.11,Paid,2025-03-26,Card,INVALID,Invoice references non-existent/invalid subscription,Paid
I0001581,S001485,2024-05-12,2024-05-24,14040.01,14782.55,Failed,,,INVALID,Invoice references non-existent/invalid subscription,Failed
I0001582,S001229,2025-02-17,2025-03-07,34324.4,-1799.41,Paid,2025-03-05,Bank Transfer,INVALID,Invoice references non-existent/invalid subscription; Negative tax_amount,Paid
I0001583,S000993,2024-11-06,2024-12-09,1871.85,6907.8,Refunded,,,INVALID,Invoice references non-existent/invalid subscription,Refunded
I0001584,S001031,2025-02-01,2025-03-13,31437.85,21393.27,Failed,,UPI,VALID,No issues detected,Failed
I0001585,S001348,2025-12-15,2025-12-09,71670.0,14712.86,Pending,,Card,VALID,No issues detected,Pending
,S000708,2026-01-28,2026-03-12,82379.39,-3941.81,Pending,2026-03-28,Card,INVALID,Missing invoice_id; Invoice references non-existent/invalid subscription; Negative tax_amount,Pending
I0001587,S001132,2025-02-11,2025-03-24,10238.71,20718.78,Pending,,UPI,VALID,No issues detected,Pending
I0001588,S001497,2025-08-31,2025-09-28,12270.58,-4911.54,Failed,,Bank Transfer,INVALID,Invoice references non-existent/invalid subscription; Negative tax_amount,Failed
I0001589,S001440,2025-09-26,2025-10-15,1728.55,13965.22,Paid,2025-10-29,Card,INVALID,Invoice references non-existent/invalid subscription,Paid
I0001590,S001496,2025-05-27,2025-06-30,409.4,14265.04,Failed,,UPI,INVALID,Invoice references non-existent/invalid subscription,Failed
I0001591,S001877,2025-07-26,2025-08-23,19387.29,18100.81,Refunded,,,INVALID,Invoice references non-existent/invalid subscription,Refunded
I0001592,S000958,2024-06-20,2024-07-24,90089.66,9863.56,Paid,2024-07-21,Card,INVALID,Invoice references non-existent/invalid subscription,Paid
I0001593,S001687,2025-07-10,2025-08-03,52936.25,3976.22,Pending,,UPI,INVALID,Invoice references non-existent/invalid subscription,Pending
I0001594,S000082,2024-08-23,2024-09-17,19194.01,-4412.58,Pending,,Bank Transfer,INVALID,Negative tax_amount,Pending
I0001595,S000707,2025-09-20,2025-11-02,40404.95,22902.86,Failed,,Bank Transfer,INVALID,Invoice references non-existent/invalid subscription,Failed
I0001596,S001730,2024-03-25,2024-04-09,118613.18,12125.5,Failed,2024-05-17,Bank Transfer,INVALID,Invoice references non-existent/invalid subscription,Failed
I0001597,S001885,2025-05-30,2025-06-16,15913.33,,Paid,2025-08-02,Card,INVALID,Invoice references non-existent/invalid subscription,Paid
I0001598,S002299,2024-05-01,2024-06-06,40530.82,9966.15,Refunded,,Card,VALID,No issues detected,Refunded
I0001599,S000542,2025-04-08,2025-05-09,78206.18,,Refunded,,,INVALID,Invoice references non-existent/invalid subscription,Refunded
I0001600,S001296,2025-05-27,2025-06-23,77735.15,8265.71,Pending,2025-06-24,,VALID,No issues detected,Pending
I0001601,S001651,2025-07-03,2025-07-10,32687.66,12803.46,Failed,,Wallet,INVALID,Invoice references non-existent/invalid subscription,Failed
I0001602,S001462,2024-03-25,2024-04-26,80296.75,11056.37,Pending,,UPI,INVALID,Invoice references non-existent/invalid subscription,Pending
I0001603,S000444,2024-10-16,2024-10-26,78926.75,17317.59,Failed,,UPI,INVALID,Invoice references non-existent/invalid subscription,Failed
I0001604,S001116,2025-11-07,2025-12-09,58350.98,-4887.82,Paid,2026-01-11,UPI,INVALID,Invoice references non-existent/invalid subscription; Negative tax_amount,Paid
I0001605,S002127,2025-02-19,2025-03-17,42359.19,2195.53,Paid,2025-03-22,,VALID,No issues detected,Paid
,S000971,2025-02-03,2025-02-18,97140.24,2965.62,Pending,2025-03-16,Card,INVALID,Missing invoice_id; Invoice references non-existent/invalid subscription,Pending
I0001607,S001608,2024-03-20,2024-04-14,108709.55,1230.12,Paid,2024-05-24,Card,INVALID,Invoice references non-existent/invalid subscription,Paid
I0001608,S001924,2025-05-26,2025-07-02,115114.93,18536.43,Paid,2025-07-29,Card,VALID,No issues detected,Paid
I0001609,S001015,2024-03-16,2024-03-24,108841.29,2210.1,Paid,2024-04-02,,INVALID,Invoice references non-existent/invalid subscription,Paid
I0001610,S000990,2024-09-07,2024-10-15,,,Pending,,Wallet,INVALID,Invoice references non-existent/invalid subscription; Missing invoice_amount,Pending
I0001611,S000139,2024-04-17,2024-06-01,1781.45,-2701.31,Pending,,,INVALID,Invoice references non-existent/invalid subscription; Negative tax_amount,Pending
I0001612,S001293,2025-07-14,2025-08-28,83683.81,22813.51,Refunded,,Wallet,INVALID,Invoice references non-existent/invalid subscription,Refunded
I0001613,S002042,2024-07-16,2024-08-24,3813.5,5301.75,Failed,,Bank Transfer,INVALID,Invoice references non-existent/invalid subscription,Failed
I0001614,S001180,2024-02-26,2024-03-31,-56258.48,7280.61,Pending,2024-04-23,Bank Transfer,INVALID,Negative invoice_amount,Pending
I0001615,S001176,2025-05-30,2025-07-01,115433.95,,,2025-08-13,Card,SUSPICIOUS,Missing payment_status,Nan
I0001616,S000606,2024-12-04,2025-01-13,116890.85,11687.61,,2025-01-09,Bank Transfer,INVALID,Invoice references non-existent/invalid subscription; Missing payment_status,Nan
I0001617,S000849,2024-06-12,2024-06-02,3651.85,17762.59,Failed,2024-08-30,Card,INVALID,Invoice references non-existent/invalid subscription,Failed
I0001618,S001646,2024-03-11,2024-03-18,39861.52,-4014.76,,,Card,INVALID,Invoice references non-existent/invalid subscription; Negative tax_amount; Missing payment_status,Nan
I0001619,S002243,2024-05-13,2024-06-07,22771.93,-4854.71,Refunded,,Card,INVALID,Negative tax_amount,Refunded
I0001620,S001017,2024-10-27,2024-12-11,89967.09,-2128.87,,2024-11-22,UPI,INVALID,Negative tax_amount; Missing payment_status,Nan
I0001621,S000415,2025-11-09,2025-12-13,23624.09,-3972.06,Paid,2025-12-15,,INVALID,Invoice references non-existent/invalid subscription; Negative tax_amount,Paid
,S001077,2025-05-16,2025-06-07,87502.27,5125.29,Paid,2025-06-26,UPI,INVALID,Missing invoice_id,Paid
I0001623,S000341,2024-05-28,2024-07-09,96007.17,8216.32,Paid,2024-07-05,,INVALID,Invoice references non-existent/invalid subscription,Paid
I0001624,S000160,2025-01-01,2025-01-08,58412.12,17158.0,,,,INVALID,Invoice references non-existent/invalid subscription; Missing payment_status,Nan
I0001625,S000440,2025-01-16,2025-02-08,41038.56,2548.15,,,Card,INVALID,Invoice references non-existent/invalid subscription; Missing payment_status,Nan
,S001203,2024-11-01,2024-11-21,43788.66,-4668.57,Pending,,Card,INVALID,Missing invoice_id; Invoice references non-existent/invalid subscription; Negative tax_amount,Pending
I0001627,S002277,2024-03-16,2024-04-01,22566.37,9599.5,Failed,2024-05-19,,VALID,No issues detected,Failed
I0001628,S000622,2024-03-12,2024-04-23,73805.2,3225.65,Pending,,Wallet,VALID,No issues detected,Pending
I0001629,S001123,2024-05-25,2024-06-20,90613.34,10400.0,Failed,,Wallet,VALID,No issues detected,Failed
I0001630,S000843,2025-09-10,2025-10-22,76443.93,-1887.53,Pending,2025-11-03,,INVALID,Negative tax_amount,Pending
I0001631,S001490,2024-03-23,2024-04-11,20884.86,22275.86,Paid,2024-04-29,Wallet,INVALID,Invoice references non-existent/invalid subscription,Paid
I0001632,S001996,2025-09-22,2025-11-03,53381.34,-2255.83,Refunded,2025-11-15,Wallet,INVALID,Invoice references non-existent/invalid subscription; Negative tax_amount,Refunded
I0001633,S000179,2025-07-14,2025-08-22,115683.13,2927.11,Pending,2025-07-07,Wallet,INVALID,Payment date earlier than invoice date,Pending
I0001634,S001115,2024-08-22,2024-10-01,58107.31,16678.71,Paid,2024-08-24,,VALID,No issues detected,Paid
I0001635,S002261,2025-06-11,2025-06-26,48993.77,-3492.8,Pending,,Card,INVALID,Invoice references non-existent/invalid subscription; Negative tax_amount,Pending
I0001636,S001387,2024-11-09,2024-11-17,100917.03,-894.96,Pending,,Wallet,INVALID,Invoice references non-existent/invalid subscription; Negative tax_amount,Pending
I0001637,S000317,2025-11-12,2025-11-25,42256.97,6373.63,Refunded,,Bank Transfer,INVALID,Invoice references non-existent/invalid subscription,Refunded
I0001638,S000138,2025-03-24,2025-04-05,,539.86,,,Wallet,SUSPICIOUS,Missing invoice_amount; Missing payment_status,Nan
I0001639,S000852,2024-11-18,2024-12-25,93967.06,-4155.01,Refunded,,,INVALID,Invoice references non-existent/invalid subscription; Negative tax_amount,Refunded
I0001640,S001453,2024-04-10,2024-05-12,-119027.43,7286.94,Pending,,Card,INVALID,Invoice references non-existent/invalid subscription; Negative invoice_amount,Pending
I0001641,S002012,2024-03-09,2024-04-05,64395.85,8043.43,Failed,,,INVALID,Invoice references non-existent/invalid subscription,Failed
,S001058,2025-12-16,2025-12-24,44303.74,19846.73,Paid,2026-02-10,,INVALID,Missing invoice_id; Invoice references non-existent/invalid subscription,Paid
I0001643,S000804,2025-11-17,2025-11-24,84038.53,-3604.08,Refunded,,Card,INVALID,Invoice references non-existent/invalid subscription; Negative tax_amount,Refunded
I0001644,S000336,2024-02-22,2024-03-11,39416.32,4949.39,Pending,,UPI,VALID,No issues detected,Pending
I0001645,S001797,2024-05-25,2024-07-02,93057.99,17039.05,Paid,2024-07-01,Card,INVALID,Invoice references non-existent/invalid subscription,Paid
I0001646,S000351,2025-01-26,2025-03-05,18712.06,10303.66,Refunded,,UPI,INVALID,Invoice references non-existent/invalid subscription,Refunded
I0001647,S001682,2025-04-03,2025-05-05,,-932.95,Pending,,Wallet,INVALID,Invoice references non-existent/invalid subscription; Negative tax_amount; Missing invoice_amount,Pending
I0001648,S000396,2025-04-03,2025-05-18,99278.37,10025.31,Pending,,,VALID,No issues detected,Pending
I0001649,S001639,2024-10-16,2024-11-06,33634.45,-4278.79,,,Wallet,INVALID,Negative tax_amount; Missing payment_status,Nan
I0001650,S000452,2024-09-14,2024-09-26,90944.2,8507.5,,,Wallet,INVALID,Invoice references non-existent/invalid subscription; Missing payment_status,Nan
I0001651,S002374,2025-04-09,2025-05-04,40922.14,1925.01,Paid,2025-05-22,Wallet,INVALID,Invoice references non-existent/invalid subscription,Paid
I0001652,S002240,2025-06-15,2025-07-07,76393.49,21316.28,Failed,,,INVALID,Invoice references non-existent/invalid subscription,Failed
I0001653,S001565,2024-07-03,2024-07-29,42986.61,6224.25,,,Card,SUSPICIOUS,Missing payment_status,Nan
I0001654,S001436,2024-04-08,2024-05-16,19105.43,12988.78,Failed,,Bank Transfer,INVALID,Invoice references non-existent/invalid subscription,Failed
I0001655,S001657,2025-03-03,2025-03-15,17229.17,23629.3,Paid,2025-03-24,Wallet,VALID,No issues detected,Paid
I0001656,S002123,2025-04-14,2025-05-24,22470.4,3226.85,Failed,,UPI,INVALID,Invoice references non-existent/invalid subscription,Failed
I0001657,S001382,2024-09-24,2024-10-20,79229.46,21967.6,Refunded,2024-10-15,UPI,INVALID,Invoice references non-existent/invalid subscription,Refunded
I0001658,S000703,2025-03-31,2025-03-29,,7499.57,,,UPI,INVALID,Invoice references non-existent/invalid subscription; Missing invoice_amount; Missing payment_status,Nan
I0001659,S000389,2025-07-18,2025-08-21,34477.09,14689.75,Failed,2025-08-20,UPI,INVALID,Invoice references non-existent/invalid subscription,Failed
I0001660,S000196,2024-11-09,2024-12-07,113496.3,17821.74,Pending,,UPI,INVALID,Invoice references non-existent/invalid subscription,Pending
I0001661,S001646,2024-12-17,2025-01-21,19438.96,,Refunded,,Card,INVALID,Invoice references non-existent/invalid subscription,Refunded
I0001662,S001725,2025-01-28,2025-02-06,75986.51,5820.91,Refunded,,Wallet,VALID,No issues detected,Refunded
I0001663,S000950,2025-06-14,2025-07-22,96942.32,8286.52,Paid,2025-08-23,UPI,INVALID,Invoice references non-existent/invalid subscription,Paid
I0001664,S002243,2024-07-16,2024-08-02,86719.87,24443.91,Pending,,,VALID,No issues detected,Pending
,S000824,2025-09-04,2025-09-13,74106.94,-2427.27,Failed,,,INVALID,Missing invoice_id; Invoice references non-existent/invalid subscription; Negative tax_amount,Failed
I0001666,S000750,2025-02-01,2025-03-17,87947.86,19579.03,Failed,,Bank Transfer,VALID,No issues detected,Failed
I0001667,S000139,2025-08-31,2025-10-11,104670.29,17209.34,Pending,,UPI,INVALID,Invoice references non-existent/invalid subscription,Pending
,S000253,2025-03-04,2025-03-20,17056.93,22441.37,Pending,,Card,INVALID,Missing invoice_id,Pending
I0001669,S002271,2025-08-25,2025-09-23,85535.91,5676.42,Failed,,,VALID,No issues detected,Failed
I0001670,S001077,2025-10-25,2025-11-12,36742.83,8550.96,Pending,,UPI,VALID,No issues detected,Pending
I0001671,S000112,2024-09-24,2024-10-18,41740.34,6496.23,Paid,2024-11-08,,VALID,No issues detected,Paid
I0001672,S001259,2024-03-29,2024-04-29,2689.76,6505.7,Pending,2024-04-26,Bank Transfer,VALID,No issues detected,Pending
I0001673,S001523,2025-07-25,2025-08-15,12727.01,,Refunded,,UPI,VALID,No issues detected,Refunded
I0001674,S001254,2025-11-11,2025-11-29,106398.25,14595.14,Refunded,,UPI,INVALID,Invoice references non-existent/invalid subscription,Refunded
I0001675,S001776,2024-02-01,2024-03-10,86255.61,18921.43,Refunded,,Bank Transfer,INVALID,Invoice references non-existent/invalid subscription,Refunded
I0001676,S001069,2025-07-30,2025-09-11,25124.97,15658.56,,2025-08-28,UPI,INVALID,Invoice references non-existent/invalid subscription; Missing payment_status,Nan
I0001677,S001840,2025-06-22,2025-07-21,860.93,10157.8,Pending,,,INVALID,Invoice references non-existent/invalid subscription,Pending
I0001678,S001975,2024-08-03,2024-09-06,76531.29,1837.68,Failed,,Card,INVALID,Invoice references non-existent/invalid subscription,Failed
I0001679,S002278,2025-03-31,2025-05-05,69386.99,24395.52,Failed,,Card,VALID,No issues detected,Failed
I0001680,S001984,2024-02-20,2024-02-06,96438.68,882.97,Pending,,Card,VALID,No issues detected,Pending
I0001681,S001118,2025-03-29,2025-03-24,87185.22,-4662.04,Pending,,,INVALID,Invoice references non-existent/invalid subscription; Negative tax_amount,Pending
I0001682,S001876,2024-03-07,2024-04-04,50931.16,6398.59,Failed,,Wallet,VALID,No issues detected,Failed
I0001683,S002231,2024-07-28,2024-08-04,-30457.58,10692.33,Pending,,Card,INVALID,Negative invoice_amount,Pending
I0001684,S001738,2025-01-06,2025-02-19,112224.89,-74.23,Pending,,Bank Transfer,INVALID,Invoice references non-existent/invalid subscription; Negative tax_amount,Pending
I0001685,S002097,2024-01-20,2024-02-24,38489.04,,Refunded,2024-03-27,Wallet,VALID,No issues detected,Refunded
I0001686,S000542,2025-06-14,2025-07-02,119046.4,-4151.83,Failed,,UPI,INVALID,Invoice references non-existent/invalid subscription; Negative tax_amount,Failed
I0001687,S000082,2024-10-03,2024-09-19,13965.44,3167.04,Refunded,,Bank Transfer,VALID,No issues detected,Refunded
,S002165,2025-12-11,2025-12-29,2112.06,5251.07,Paid,2026-01-05,Bank Transfer,INVALID,Missing invoice_id; Invoice references non-existent/invalid subscription,Paid
I0001689,S001259,2024-06-26,2024-07-30,2907.5,7732.51,,2024-07-28,Card,SUSPICIOUS,Missing payment_status,Nan
I0001690,S002148,2025-03-08,2025-04-08,26632.61,1781.66,Paid,2025-05-08,UPI,INVALID,Invoice references non-existent/invalid subscription,Paid
I0001691,S001490,2024-07-12,2024-07-27,39152.67,324.28,Pending,,Wallet,INVALID,Invoice references non-existent/invalid subscription,Pending
I0001692,S002179,2024-05-24,2024-05-22,76747.09,15002.6,Paid,2024-06-25,Card,INVALID,Invoice references non-existent/invalid subscription,Paid
I0001693,S000152,2025-07-02,2025-08-13,18099.8,,Paid,2025-09-09,Card,VALID,No issues detected,Paid
I0001694,S001979,2025-08-18,2025-09-02,55746.7,8421.45,,,Bank Transfer,INVALID,Invoice references non-existent/invalid subscription; Missing payment_status,Nan
I0001695,S002398,2024-05-19,2024-06-17,20712.31,4530.6,Failed,,,INVALID,Invoice references non-existent/invalid subscription,Failed
I0001696,S001019,2024-07-18,2024-08-24,33982.5,,,,Wallet,INVALID,Invoice references non-existent/invalid subscription; Missing payment_status,Nan
I0001697,S001010,2024-03-28,2024-04-21,35582.98,,Paid,2024-05-26,,INVALID,Invoice references non-existent/invalid subscription,Paid
,S001162,2024-12-26,2025-01-16,19281.79,24355.16,Refunded,,,INVALID,Missing invoice_id; Invoice references non-existent/invalid subscription,Refunded
I0001699,S001406,2025-02-10,2025-02-23,2071.95,1858.09,Pending,2025-03-25,Wallet,INVALID,Invoice references non-existent/invalid subscription,Pending
I0001700,S000554,2025-11-21,2025-11-18,112604.57,2875.23,Pending,,Card,INVALID,Invoice references non-existent/invalid subscription,Pending
I0001701,S000244,2025-03-19,2025-03-07,53095.41,22179.69,Refunded,,UPI,VALID,No issues detected,Refunded
I0001702,S000626,2024-03-20,2024-04-19,22551.83,15204.16,,,,INVALID,Invoice references non-existent/invalid subscription; Missing payment_status,Nan
I0001703,S001759,2024-03-20,2024-04-18,97078.0,13056.48,Failed,,Card,VALID,No issues detected,Failed
I0001704,S001778,2024-08-10,2024-08-20,107958.13,-696.25,Pending,,Card,INVALID,Invoice references non-existent/invalid subscription; Negative tax_amount,Pending
I0001705,S000308,2024-06-26,2024-07-31,85455.87,8938.77,Pending,,UPI,VALID,No issues detected,Pending
,S001081,2026-01-08,2026-01-28,-1518.5,20313.57,Refunded,,Bank Transfer,INVALID,Missing invoice_id; Negative invoice_amount,Refunded
I0001707,S001752,2024-09-27,2024-10-25,98642.15,890.78,Failed,,,INVALID,Invoice references non-existent/invalid subscription,Failed
I0001708,S001301,2025-10-31,2025-12-12,31667.78,4890.97,Pending,,Card,VALID,No issues detected,Pending
I0001709,S001081,2025-04-12,2025-05-07,78936.61,3272.93,Pending,2025-04-03,Bank Transfer,INVALID,Payment date earlier than invoice date,Pending
I0001710,S000892,2024-04-10,2024-05-12,25373.79,10746.13,Paid,2024-06-15,UPI,VALID,No issues detected,Paid
,S001243,2025-08-21,2025-08-29,11269.02,24277.54,Refunded,,,INVALID,Missing invoice_id,Refunded
I0001712,S001133,2025-06-01,2025-05-24,90489.55,11637.97,,,Wallet,INVALID,Invoice references non-existent/invalid subscription; Missing payment_status,Nan
I0001713,S001048,2025-12-13,2026-01-14,104216.2,-833.75,Pending,2026-02-05,Wallet,INVALID,Invoice references non-existent/invalid subscription; Negative tax_amount,Pending
,S001811,2025-11-19,2025-12-31,83353.55,4353.39,,,Card,INVALID,Missing invoice_id; Invoice references non-existent/invalid subscription; Missing payment_status,Nan
I0001715,S001646,2025-02-17,2025-02-09,47383.22,-2897.29,Failed,2025-04-16,Card,INVALID,Invoice references non-existent/invalid subscription; Negative tax_amount,Failed
I0001716,S001943,2026-01-12,2026-01-23,49080.58,3175.64,Refunded,,,INVALID,Invoice references non-existent/invalid subscription,Refunded
I0001717,S001267,2024-10-22,2024-11-13,15803.54,-1308.06,Failed,,,INVALID,Invoice references non-existent/invalid subscription; Negative tax_amount,Failed
I0001718,S000838,2025-09-22,2025-11-06,37958.83,1760.45,Refunded,,UPI,INVALID,Invoice references non-existent/invalid subscription,Refunded
I0001719,S001206,2025-05-21,2025-06-09,57106.73,,Paid,2025-06-04,Card,VALID,No issues detected,Paid
I0001720,S000940,2025-08-07,2025-08-21,44040.62,8213.6,Failed,2025-09-17,UPI,VALID,No issues detected,Failed
I0001721,S002154,2025-09-10,2025-08-27,,,Refunded,,UPI,INVALID,Invoice references non-existent/invalid subscription; Missing invoice_amount,Refunded
I0001722,S002351,2026-01-10,2026-02-19,31817.07,,,2026-03-14,Wallet,INVALID,Invoice references non-existent/invalid subscription; Missing payment_status,Nan
I0001723,S001604,2025-11-03,2025-12-13,,1259.0,Pending,,,INVALID,Invoice references non-existent/invalid subscription; Missing invoice_amount,Pending
I0001724,S000403,2024-06-14,2024-06-21,57062.61,,,,,INVALID,Invoice references non-existent/invalid subscription; Missing payment_status,Nan
I0001725,S001932,2025-07-31,2025-08-27,9840.23,24096.21,Failed,,UPI,INVALID,Invoice references non-existent/invalid subscription,Failed
,S001830,2024-02-26,2024-03-09,711.56,17167.64,Refunded,,Wallet,INVALID,Missing invoice_id; Invoice references non-existent/invalid subscription,Refunded
I0001727,S002032,2024-03-25,2024-04-09,70732.05,14380.52,Failed,,Card,INVALID,Invoice references non-existent/invalid subscription,Failed
I0001728,S000295,2025-08-27,2025-09-11,91644.32,10323.52,,,,SUSPICIOUS,Missing payment_status,Nan
I0001729,S001736,2025-02-12,2025-02-22,28478.31,,,2025-03-22,UPI,INVALID,Invoice references non-existent/invalid subscription; Missing payment_status,Nan
I0001730,S002359,2024-05-30,2024-06-06,4927.1,3987.06,Pending,,,VALID,No issues detected,Pending
I0001731,S001940,2024-12-09,2025-01-06,86729.27,17743.85,Paid,2025-02-06,Wallet,VALID,No issues detected,Paid
,S001638,2026-01-16,2026-02-06,41635.61,-2981.33,Refunded,,UPI,INVALID,Missing invoice_id; Negative tax_amount,Refunded
I0001733,S002392,2024-07-10,2024-08-17,25505.26,18226.16,Failed,,Wallet,VALID,No issues detected,Failed
I0001734,S000422,2025-12-11,2026-01-12,13046.65,-3922.47,Pending,,Wallet,INVALID,Invoice references non-existent/invalid subscription; Negative tax_amount,Pending
I0001735,S002081,2024-03-31,2024-05-08,99259.28,3448.35,Paid,2024-06-06,,INVALID,Invoice references non-existent/invalid subscription,Paid
I0001736,S001908,2024-08-28,2024-09-15,6578.26,20222.88,,2024-11-07,Card,INVALID,Invoice references non-existent/invalid subscription; Missing payment_status,Nan
I0001737,S001350,2025-03-31,2025-03-19,66811.47,995.06,Refunded,,Bank Transfer,VALID,No issues detected,Refunded
I0001738,S001107,2025-11-18,2025-12-04,112251.0,5346.17,Paid,2025-11-25,Bank Transfer,INVALID,Invoice references non-existent/invalid subscription,Paid
I0001739,S000947,2024-06-07,2024-06-27,26948.3,6332.82,Refunded,,Bank Transfer,VALID,No issues detected,Refunded
I0001740,S001168,2025-03-30,2025-04-25,,17604.56,Paid,2025-06-01,,INVALID,Invoice references non-existent/invalid subscription; Missing invoice_amount,Paid
I0001741,S002266,2024-02-16,2024-03-07,-98119.74,-2682.98,,,,INVALID,Invoice references non-existent/invalid subscription; Negative invoice_amount; Negative tax_amount; Missing payment_status,Nan
I0001742,S000071,2024-12-11,2024-12-21,118023.17,-1001.28,Refunded,,Bank Transfer,INVALID,Negative tax_amount,Refunded
I0001743,S001980,2024-03-25,2024-05-07,99580.44,16210.88,Paid,2024-05-28,UPI,INVALID,Invoice references non-existent/invalid subscription,Paid
I0001744,S000743,2025-09-18,2025-10-09,67535.96,21870.53,Failed,,Card,INVALID,Invoice references non-existent/invalid subscription,Failed
I0001745,S002268,2024-08-28,2024-09-04,95818.07,4453.23,Failed,2024-10-14,UPI,INVALID,Invoice references non-existent/invalid subscription,Failed
I0001746,S001621,2024-06-07,2024-06-18,25692.65,7953.05,Refunded,,,INVALID,Invoice references non-existent/invalid subscription,Refunded
I0001747,S001538,2024-07-15,2024-07-23,77143.51,400.86,Refunded,,Wallet,INVALID,Invoice references non-existent/invalid subscription,Refunded
,S002181,2024-02-26,2024-03-16,91215.17,,Paid,2024-03-31,Card,INVALID,Missing invoice_id; Invoice references non-existent/invalid subscription,Paid
I0001749,S002169,2025-09-26,2025-10-30,67315.11,-4087.57,Refunded,,UPI,INVALID,Negative tax_amount,Refunded
I0001750,S000421,2025-09-04,2025-10-15,71181.52,20907.87,Failed,,,VALID,No issues detected,Failed
I0001751,S001790,2024-10-16,2024-11-22,118572.6,12527.66,,,Card,INVALID,Invoice references non-existent/invalid subscription; Missing payment_status,Nan
,S000366,2024-03-30,2024-04-23,62094.84,-4595.21,Pending,,Bank Transfer,INVALID,Missing invoice_id; Invoice references non-existent/invalid subscription; Negative tax_amount,Pending
I0001753,S001091,2025-11-30,2025-12-16,49596.15,15771.7,Failed,,Wallet,VALID,No issues detected,Failed
I0001754,S001105,2025-08-23,2025-09-14,13728.06,3786.81,Refunded,2025-08-30,,VALID,No issues detected,Refunded
I0001755,S000129,2024-08-09,2024-08-21,-48872.84,2786.73,Refunded,,Bank Transfer,INVALID,Negative invoice_amount,Refunded
,S000868,2024-11-08,2024-11-15,60634.37,23258.65,Failed,,,INVALID,Missing invoice_id,Failed
I0001757,S002064,2024-03-12,2024-04-13,115415.34,-96.1,Paid,2024-03-25,UPI,INVALID,Negative tax_amount,Paid
,S002267,2024-05-16,2024-06-19,73369.77,-3266.72,Refunded,,Wallet,INVALID,Missing invoice_id; Invoice references non-existent/invalid subscription; Negative tax_amount,Refunded
I0001759,S002212,2025-04-04,2025-05-15,32001.68,10821.45,Refunded,,Wallet,VALID,No issues detected,Refunded
,S002225,2025-01-21,2025-02-01,15350.11,9615.81,,,,INVALID,Missing invoice_id; Invoice references non-existent/invalid subscription; Missing payment_status,Nan
I0001761,S000007,2026-01-29,2026-03-10,9144.76,12200.12,Pending,,UPI,INVALID,Invoice references non-existent/invalid subscription,Pending
I0001762,S001548,2024-07-28,2024-08-05,68867.6,11890.45,Failed,2024-08-17,Wallet,INVALID,Invoice references non-existent/invalid subscription,Failed
I0001763,S001617,2024-07-25,2024-08-10,42328.93,-63.12,Refunded,,,INVALID,Negative tax_amount,Refunded
I0001764,S000939,2024-11-04,2024-11-26,1148.28,747.49,,,Card,SUSPICIOUS,Missing payment_status,Nan
I0001765,S000743,2025-02-08,2025-02-28,97191.48,2776.55,Paid,2025-02-04,Wallet,INVALID,Invoice references non-existent/invalid subscription; Payment date earlier than invoice date,Paid
I0001766,S002072,2024-10-05,2024-11-14,110234.97,-1901.78,Paid,2024-10-16,,INVALID,Invoice references non-existent/invalid subscription; Negative tax_amount,Paid
I0001767,S000384,2024-08-18,2024-09-24,78184.13,4351.58,Paid,2024-10-07,Card,VALID,No issues detected,Paid
I0001768,S001649,2025-04-04,2025-04-20,69382.75,3165.59,Paid,2025-04-27,,INVALID,Invoice references non-existent/invalid subscription,Paid
I0001769,S000254,2024-11-26,2024-12-07,-25397.54,-3315.97,Failed,,Card,INVALID,Invoice references non-existent/invalid subscription; Negative invoice_amount; Negative tax_amount,Failed
I0001770,S001845,2025-08-06,2025-08-21,-66496.85,-555.76,Pending,,Bank Transfer,INVALID,Negative invoice_amount; Negative tax_amount,Pending
I0001771,S001524,2024-02-24,2024-03-26,52369.17,3360.51,Paid,2024-04-29,Wallet,INVALID,Invoice references non-existent/invalid subscription,Paid
I0001772,S002391,2026-01-29,2026-03-13,18717.65,20055.54,Pending,,Card,INVALID,Invoice references non-existent/invalid subscription,Pending
I0001773,S000581,2024-06-04,2024-06-27,1736.52,-4460.88,,2024-06-07,,INVALID,Invoice references non-existent/invalid subscription; Negative tax_amount; Missing payment_status,Nan
I0001774,S001696,2024-04-21,2024-05-16,116705.95,,,,Bank Transfer,INVALID,Invoice references non-existent/invalid subscription; Missing payment_status,Nan
I0001775,S001439,2024-08-25,2024-09-08,1596.92,9541.3,,,,INVALID,Invoice references non-existent/invalid subscription; Missing payment_status,Nan
I0001776,S001388,2025-08-28,2025-09-15,88227.01,17252.54,Failed,,UPI,INVALID,Invoice references non-existent/invalid subscription,Failed
I0001777,S002157,2024-02-01,2024-03-14,18267.39,15486.91,Paid,2024-03-05,Card,VALID,No issues detected,Paid
I0001778,S002382,2025-05-29,2025-06-28,33413.37,4969.96,Paid,2025-05-30,Bank Transfer,INVALID,Invoice references non-existent/invalid subscription,Paid
I0001779,S001227,2025-02-15,2025-03-08,11235.01,-1846.46,Failed,,Card,INVALID,Invoice references non-existent/invalid subscription; Negative tax_amount,Failed
I0001780,S000252,2024-01-11,2024-01-07,82633.4,19655.53,Pending,,Wallet,VALID,No issues detected,Pending
I0001781,S001083,2024-03-11,2024-04-11,7888.86,21717.51,Pending,,Card,INVALID,Invoice references non-existent/invalid subscription,Pending
I0001782,S001654,2024-01-25,2024-02-02,93076.71,11423.62,,,,INVALID,Invoice references non-existent/invalid subscription; Missing payment_status,Nan
I0001783,S001542,2024-11-25,2024-12-28,13250.02,-1361.46,Failed,,,INVALID,Invoice references non-existent/invalid subscription; Negative tax_amount,Failed
I0001784,S001039,2024-10-08,2024-11-07,90495.17,22069.65,Pending,,Bank Transfer,VALID,No issues detected,Pending
I0001785,S001872,2025-12-09,2026-01-16,86908.76,8238.84,Paid,2026-01-29,UPI,VALID,No issues detected,Paid
I0001786,S001462,2024-01-02,2024-01-24,82913.63,3846.19,Paid,2024-02-09,UPI,INVALID,Invoice references non-existent/invalid subscription,Paid
I0001787,S002226,2024-04-30,2024-06-13,4464.49,19968.56,Refunded,,,INVALID,Invoice references non-existent/invalid subscription,Refunded
I0001788,S002092,2025-03-05,2025-03-19,27831.51,24413.63,Paid,2025-02-26,Wallet,INVALID,Payment date earlier than invoice date,Paid
I0001789,S000969,2024-01-07,2024-02-02,46984.98,14829.14,Pending,,Card,INVALID,Invoice references non-existent/invalid subscription,Pending
I0001790,S000695,2024-06-15,2024-06-26,45695.39,-4000.86,Refunded,2024-07-20,Wallet,INVALID,Invoice references non-existent/invalid subscription; Negative tax_amount,Refunded
I0001791,S000772,2025-01-22,2025-02-28,45616.14,-2392.91,Refunded,,Wallet,INVALID,Invoice references non-existent/invalid subscription; Negative tax_amount,Refunded
I0001792,S001653,2025-07-05,2025-07-31,98750.45,23016.38,Refunded,,UPI,INVALID,Invoice references non-existent/invalid subscription,Refunded
I0001793,S000395,2025-11-09,2025-11-25,3424.12,5827.74,Refunded,,,INVALID,Invoice references non-existent/invalid subscription,Refunded
I0001794,S001769,2025-12-23,2026-01-17,83512.98,11326.76,Refunded,,,INVALID,Invoice references non-existent/invalid subscription,Refunded
I0001795,S001497,2026-01-11,2026-01-19,75248.98,-2823.65,,,Bank Transfer,INVALID,Invoice references non-existent/invalid subscription; Negative tax_amount; Missing payment_status,Nan
I0001796,S000624,2025-09-27,2025-10-13,112466.25,24036.29,Failed,,Wallet,INVALID,Invoice references non-existent/invalid subscription,Failed
I0001797,S000988,2025-10-21,2025-11-26,-39018.8,9594.72,,,Card,INVALID,Invoice references non-existent/invalid subscription; Negative invoice_amount; Missing payment_status,Nan
I0001798,S000760,2025-06-25,2025-07-16,,6503.55,Pending,,Bank Transfer,SUSPICIOUS,Missing invoice_amount,Pending
I0001799,S002016,2025-06-17,2025-07-31,,19687.89,Paid,2025-06-13,UPI,INVALID,Missing invoice_amount; Payment date earlier than invoice date,Paid
I0001800,S001025,2025-09-18,2025-10-08,60406.91,14130.12,Failed,,UPI,VALID,No issues detected,Failed
I0001801,S002371,2025-01-26,2025-02-23,84933.2,20031.18,Refunded,,UPI,VALID,No issues detected,Refunded
I0001802,S001403,2024-12-12,2024-12-25,75850.62,5569.73,Pending,,Wallet,INVALID,Invoice references non-existent/invalid subscription,Pending
I0001803,S002257,2024-03-27,2024-04-26,28531.22,14212.01,Paid,2024-04-13,Card,INVALID,Invoice references non-existent/invalid subscription,Paid
I0001804,S002384,2024-06-19,2024-07-06,20708.79,,Paid,2024-06-10,,INVALID,Invoice references non-existent/invalid subscription; Payment date earlier than invoice date,Paid
I0001805,S000676,2025-04-07,2025-05-12,56713.21,23101.12,Refunded,,Card,INVALID,Invoice references non-existent/invalid subscription,Refunded
,S001408,2025-04-19,2025-05-23,75640.22,13913.15,Pending,,Bank Transfer,INVALID,Missing invoice_id; Invoice references non-existent/invalid subscription,Pending
I0001807,S001777,2025-08-25,2025-10-07,27104.09,10707.14,Failed,,Card,VALID,No issues detected,Failed
I0001808,S002337,2024-09-07,2024-09-26,70572.5,17934.09,Failed,2024-11-26,,VALID,No issues detected,Failed
I0001809,S001927,2025-11-15,2025-12-26,23029.45,,,,,INVALID,Invoice references non-existent/invalid subscription; Missing payment_status,Nan
I0001810,S002046,2024-03-19,2024-03-26,21207.51,-2131.33,Paid,2024-05-06,Card,INVALID,Negative tax_amount,Paid
I0001811,S000567,2025-06-18,2025-07-26,50081.29,19241.07,,2025-06-29,Card,SUSPICIOUS,Missing payment_status,Nan
I0001812,S000072,2024-08-11,2024-09-22,60060.9,1877.44,Pending,,UPI,VALID,No issues detected,Pending
I0001813,S000611,2025-08-14,2025-08-27,74178.79,,Failed,,Bank Transfer,VALID,No issues detected,Failed
I0001814,S000911,2024-09-25,2024-10-04,76099.67,22731.64,Pending,,Card,INVALID,Invoice references non-existent/invalid subscription,Pending
I0001815,S001011,2024-10-20,2024-11-28,29757.41,6672.49,Refunded,2024-11-02,Bank Transfer,VALID,No issues detected,Refunded
I0001816,S001047,2024-01-15,2024-02-06,,17961.24,Paid,2024-02-27,Wallet,SUSPICIOUS,Missing invoice_amount,Paid
I0001817,S001678,2025-11-28,2026-01-09,71743.39,20856.84,Failed,2026-02-04,Card,VALID,No issues detected,Failed
I0001818,S001453,2024-02-11,2024-03-12,111613.4,20543.09,,,UPI,INVALID,Invoice references non-existent/invalid subscription; Missing payment_status,Nan
I0001819,S000185,2024-10-25,2024-11-14,2823.15,-654.49,Paid,2024-11-14,,INVALID,Invoice references non-existent/invalid subscription; Negative tax_amount,Paid
I0001820,S002021,2024-05-15,2024-05-30,91421.19,6656.1,Refunded,,,INVALID,Invoice references non-existent/invalid subscription,Refunded
I0001821,S000094,2025-01-12,2025-02-21,93372.51,19664.41,Paid,2025-02-11,Card,VALID,No issues detected,Paid
I0001822,S000092,2025-04-10,2025-04-19,108166.19,5271.21,Failed,,,VALID,No issues detected,Failed
I0001823,S001999,2025-10-13,2025-11-14,67660.19,8616.57,Refunded,,Card,INVALID,Invoice references non-existent/invalid subscription,Refunded
I0001824,S001981,2024-10-25,2024-11-06,-80733.47,20611.36,,,Bank Transfer,INVALID,Negative invoice_amount; Missing payment_status,Nan
I0001825,S000098,2025-09-10,2025-10-20,58521.42,,Failed,,UPI,INVALID,Invoice references non-existent/invalid subscription,Failed
I0001826,S000746,2024-01-09,2024-02-15,73644.67,14982.85,Refunded,,UPI,INVALID,Invoice references non-existent/invalid subscription,Refunded
I0001827,S001228,2024-01-09,2024-01-18,56262.63,-121.56,Pending,2024-01-06,Bank Transfer,INVALID,Invoice references non-existent/invalid subscription; Negative tax_amount; Payment date earlier than invoice date,Pending
I0001828,S001685,2024-07-08,2024-08-09,87487.55,-223.66,Refunded,,Wallet,INVALID,Invoice references non-existent/invalid subscription; Negative tax_amount,Refunded
I0001829,S001299,2024-04-23,2024-06-07,16675.8,5646.1,,,Card,INVALID,Invoice references non-existent/invalid subscription; Missing payment_status,Nan
I0001830,S002351,2025-01-19,2025-01-09,44119.99,3353.79,Refunded,,Card,INVALID,Invoice references non-existent/invalid subscription,Refunded
I0001831,S000646,2025-03-26,2025-04-17,34545.27,10187.52,Pending,,Bank Transfer,VALID,No issues detected,Pending
I0001832,S000229,2025-07-16,2025-08-21,52420.96,20786.97,,,,INVALID,Invoice references non-existent/invalid subscription; Missing payment_status,Nan
I0001833,S001198,2024-01-04,2024-01-24,72053.33,16338.7,,,,SUSPICIOUS,Missing payment_status,Nan
I0001834,S002260,2024-02-09,2024-03-17,109065.95,16360.45,Failed,,Wallet,VALID,No issues detected,Failed
I0001835,S001834,2025-10-22,2025-11-22,53190.55,686.67,Pending,,Bank Transfer,VALID,No issues detected,Pending
I0001836,S001645,2026-01-23,2026-03-09,85443.01,22224.04,Failed,,Card,INVALID,Invoice references non-existent/invalid subscription,Failed
I0001837,S001935,2024-09-18,2024-09-27,57965.0,-4974.55,,,UPI,INVALID,Negative tax_amount; Missing payment_status,Nan
I0001838,S001052,2025-05-26,2025-06-28,69080.17,-120.39,Pending,2025-06-13,UPI,INVALID,Negative tax_amount,Pending
I0001839,S001530,2025-10-18,2025-11-07,32279.96,-4898.75,Failed,,UPI,INVALID,Negative tax_amount,Failed
I0001840,S001596,2024-07-18,2024-07-30,81353.09,11337.15,Paid,2024-08-15,UPI,INVALID,Invoice references non-existent/invalid subscription,Paid
I0001841,S000278,2025-12-15,2025-12-23,,16203.38,Paid,2026-01-29,UPI,SUSPICIOUS,Missing invoice_amount,Paid
I0001842,S000009,2024-05-05,2024-05-19,57502.19,11199.57,Refunded,,Card,INVALID,Invoice references non-existent/invalid subscription,Refunded
I0001843,S001041,2025-04-17,2025-05-11,23739.39,15628.72,Pending,,,VALID,No issues detected,Pending
I0001844,S001313,2024-08-05,2024-08-17,94371.49,5579.63,Pending,,Wallet,INVALID,Invoice references non-existent/invalid subscription,Pending
I0001845,S001368,2024-02-18,2024-03-23,60110.52,,Refunded,,Wallet,VALID,No issues detected,Refunded
I0001846,S002285,2025-05-16,2025-06-28,50739.85,19601.48,Pending,,Card,INVALID,Invoice references non-existent/invalid subscription,Pending
I0001847,S000873,2025-04-23,2025-05-11,,16851.96,Refunded,2025-06-26,Wallet,INVALID,Invoice references non-existent/invalid subscription; Missing invoice_amount,Refunded
I0001848,S000332,2024-12-20,2025-01-25,21995.43,24233.87,Failed,2024-12-28,Card,VALID,No issues detected,Failed
I0001849,S000313,2025-04-23,2025-05-07,36299.75,13826.4,,,,INVALID,Invoice references non-existent/invalid subscription; Missing payment_status,Nan
I0001850,S000989,2025-11-01,2025-11-13,39021.41,10715.18,,,Wallet,SUSPICIOUS,Missing payment_status,Nan
,S002068,2025-09-28,2025-10-22,102740.31,10219.11,Paid,2025-10-28,Bank Transfer,INVALID,Missing invoice_id; Invoice references non-existent/invalid subscription,Paid
I0001852,S001423,2025-08-27,2025-09-13,110332.26,274.08,Pending,2025-10-15,,INVALID,Invoice references non-existent/invalid subscription,Pending
I0001853,S002384,2024-11-08,2024-11-30,62056.16,15692.41,Paid,2024-11-20,Wallet,INVALID,Invoice references non-existent/invalid subscription,Paid
I0001854,S002258,2025-04-02,2025-05-01,76045.0,5691.92,Failed,,Wallet,VALID,No issues detected,Failed
,S000700,2025-02-06,2025-02-25,80344.66,-1643.45,Refunded,,UPI,INVALID,Missing invoice_id; Negative tax_amount,Refunded
I0001856,S001342,2025-04-20,2025-06-02,,3405.38,Failed,,,SUSPICIOUS,Missing invoice_amount,Failed
I0001857,S001408,2025-04-07,2025-05-09,47625.9,1429.13,Pending,,Wallet,INVALID,Invoice references non-existent/invalid subscription,Pending
I0001858,S001666,2025-10-23,2025-10-20,12390.17,24318.6,Paid,2025-12-18,Bank Transfer,INVALID,Invoice references non-existent/invalid subscription,Paid
I0001859,S002279,2024-08-07,2024-09-02,61767.7,-1469.95,,,Card,INVALID,Invoice references non-existent/invalid subscription; Negative tax_amount; Missing payment_status,Nan
,S001107,2025-03-14,2025-04-21,39902.46,-382.09,,,Wallet,INVALID,Missing invoice_id; Invoice references non-existent/invalid subscription; Negative tax_amount; Missing payment_status,Nan
I0001861,S001346,2025-09-25,2025-11-05,88776.42,19786.45,,,Wallet,INVALID,Invoice references non-existent/invalid subscription; Missing payment_status,Nan
I0001862,S001848,2025-05-07,2025-06-02,47516.94,13604.17,Refunded,2025-06-29,Bank Transfer,INVALID,Invoice references non-existent/invalid subscription,Refunded
I0001863,S001661,2024-09-17,2024-09-30,21487.98,4387.16,Pending,,Wallet,INVALID,Invoice references non-existent/invalid subscription,Pending
I0001864,S000644,2025-12-28,2026-01-08,47887.9,21044.63,,2026-02-08,,INVALID,Invoice references non-existent/invalid subscription; Missing payment_status,Nan
I0001865,S000083,2025-05-18,2025-05-25,67484.32,12873.96,Paid,2025-06-17,,VALID,No issues detected,Paid
,S001479,2025-01-18,2025-02-01,57322.86,5165.0,Paid,2025-02-03,UPI,INVALID,Missing invoice_id; Invoice references non-existent/invalid subscription,Paid
I0001867,S001509,2024-04-16,2024-05-13,91630.43,1702.39,Refunded,,UPI,INVALID,Invoice references non-existent/invalid subscription,Refunded
I0001868,S001651,2025-04-04,2025-05-09,26643.93,12428.44,,,Card,INVALID,Invoice references non-existent/invalid subscription; Missing payment_status,Nan
I0001869,S001921,2024-11-12,2024-12-16,103680.21,,Paid,2024-12-14,,INVALID,Invoice references non-existent/invalid subscription,Paid
I0001870,S000077,2025-06-29,2025-07-21,60555.18,20663.47,,2025-07-27,Card,SUSPICIOUS,Missing payment_status,Nan
I0001871,S001501,2024-08-19,2024-08-29,76567.47,22537.99,Pending,,UPI,INVALID,Invoice references non-existent/invalid subscription,Pending
I0001872,S000582,2025-08-07,2025-09-20,,-403.94,,,UPI,INVALID,Negative tax_amount; Missing invoice_amount; Missing payment_status,Nan
,S001025,2024-12-20,2025-01-12,56728.4,16091.33,Refunded,,Card,INVALID,Missing invoice_id,Refunded
I0001874,S000501,2025-03-16,2025-04-20,10724.87,8117.12,Failed,,Card,INVALID,Invoice references non-existent/invalid subscription,Failed
I0001875,S001757,2026-01-07,2026-02-01,1387.65,-1213.81,,,Wallet,INVALID,Invoice references non-existent/invalid subscription; Negative tax_amount; Missing payment_status,Nan
I0001876,S001885,2025-07-13,2025-07-27,71467.54,23338.12,,,Wallet,INVALID,Invoice references non-existent/invalid subscription; Missing payment_status,Nan
I0001877,S000940,2025-12-10,2025-12-25,31521.58,7057.3,Pending,2025-12-21,UPI,VALID,No issues detected,Pending
I0001878,S000873,2025-09-03,2025-08-29,110491.2,,Refunded,2025-10-31,Wallet,INVALID,Invoice references non-existent/invalid subscription,Refunded
I0001879,S001822,2025-02-04,2025-02-20,103501.89,22350.1,Paid,2025-01-28,Bank Transfer,INVALID,Invoice references non-existent/invalid subscription; Payment date earlier than invoice date,Paid
I0001880,S000626,2025-08-09,2025-08-24,117363.35,5738.19,,,Wallet,INVALID,Invoice references non-existent/invalid subscription; Missing payment_status,Nan
I0001881,S000881,2024-05-26,2024-06-06,40362.98,8101.4,,2024-06-14,Wallet,SUSPICIOUS,Missing payment_status,Nan
I0001882,S000827,2025-05-06,2025-04-21,,2178.39,Refunded,,Wallet,SUSPICIOUS,Missing invoice_amount,Refunded
I0001883,S000135,2024-05-18,2024-05-29,74699.03,754.16,Paid,2024-07-07,Bank Transfer,VALID,No issues detected,Paid
,S002326,2026-01-28,2026-02-26,,20203.05,Refunded,,,INVALID,Missing invoice_id; Missing invoice_amount,Refunded
I0001885,S000246,2024-04-19,2024-05-13,54101.97,-3874.23,Paid,2024-04-23,UPI,INVALID,Invoice references non-existent/invalid subscription; Negative tax_amount,Paid
I0001886,S001972,2024-04-21,2024-06-02,117378.14,17828.68,Refunded,,Bank Transfer,INVALID,Invoice references non-existent/invalid subscription,Refunded
I0001887,S001218,2024-07-27,2024-07-24,118815.86,15960.1,Failed,2024-08-16,Card,VALID,No issues detected,Failed
I0001888,S002381,2024-12-02,2025-01-10,39363.53,-2136.98,Pending,,UPI,INVALID,Invoice references non-existent/invalid subscription; Negative tax_amount,Pending
I0001889,S001386,2024-09-22,2024-10-01,52200.51,21841.39,Failed,2024-11-15,Wallet,INVALID,Invoice references non-existent/invalid subscription,Failed
I0001890,S001298,2025-02-04,2025-02-18,10997.43,10945.38,Refunded,,Bank Transfer,INVALID,Invoice references non-existent/invalid subscription,Refunded
I0001891,S001091,2024-09-12,2024-10-18,52415.44,23373.63,Paid,2024-09-07,Bank Transfer,INVALID,Payment date earlier than invoice date,Paid
I0001892,S000779,2024-01-03,2024-01-17,,6116.41,Paid,2024-01-04,UPI,SUSPICIOUS,Missing invoice_amount,Paid
I0001893,S000479,2026-01-26,2026-02-28,90111.93,15362.39,Failed,2026-02-17,,VALID,No issues detected,Failed
I0001894,S000316,2025-08-30,2025-09-17,9855.65,17736.42,,2025-10-06,Bank Transfer,INVALID,Invoice references non-existent/invalid subscription; Missing payment_status,Nan
I0001895,S000905,2024-08-20,2024-09-23,108667.95,8232.91,Failed,,UPI,VALID,No issues detected,Failed
I0001896,S001304,2024-11-03,2024-11-27,49754.99,17447.24,Refunded,,Card,VALID,No issues detected,Refunded
I0001897,S000815,2025-09-05,2025-09-25,100806.84,-4680.66,Failed,,Card,INVALID,Invoice references non-existent/invalid subscription; Negative tax_amount,Failed
I0001898,S001952,2025-06-13,2025-07-03,51136.08,12906.55,,2025-08-17,Wallet,INVALID,Invoice references non-existent/invalid subscription; Missing payment_status,Nan
I0001899,S002055,2025-05-29,2025-06-17,36168.67,19017.87,,,Card,SUSPICIOUS,Missing payment_status,Nan
I0001900,S000915,2024-04-01,2024-04-09,117101.18,21796.97,Failed,,UPI,INVALID,Invoice references non-existent/invalid subscription,Failed
I0001901,S002265,2024-10-13,2024-10-29,80690.74,14378.14,,,Bank Transfer,SUSPICIOUS,Missing payment_status,Nan
I0001902,S000834,2025-06-12,2025-07-10,85904.79,18394.27,Pending,,Wallet,INVALID,Invoice references non-existent/invalid subscription,Pending
I0001903,S001702,2024-05-04,2024-05-12,65629.91,,Refunded,,Card,VALID,No issues detected,Refunded
,S000621,2024-06-13,2024-06-01,24286.03,-224.37,Refunded,,Bank Transfer,INVALID,Missing invoice_id; Invoice references non-existent/invalid subscription; Negative tax_amount,Refunded
I0001905,S002304,2025-01-06,2025-01-27,7592.61,18867.03,Failed,,UPI,INVALID,Invoice references non-existent/invalid subscription,Failed
I0001906,S000078,2025-03-26,2025-05-03,26228.37,1858.92,Paid,2025-05-02,Card,VALID,No issues detected,Paid
I0001907,S001148,2025-12-10,2026-01-15,117816.91,-857.99,,,Wallet,INVALID,Negative tax_amount; Missing payment_status,Nan
I0001908,S000872,2025-12-06,2025-12-14,113079.51,6148.59,,,UPI,INVALID,Invoice references non-existent/invalid subscription; Missing payment_status,Nan
I0001909,S001884,2025-04-21,2025-05-24,-44165.74,12076.72,Failed,,,INVALID,Invoice references non-existent/invalid subscription; Negative invoice_amount,Failed
I0001910,S000439,2025-09-22,2025-11-06,119862.07,20629.19,,,Card,INVALID,Invoice references non-existent/invalid subscription; Missing payment_status,Nan
I0001911,S002189,2025-09-10,2025-10-22,68199.35,24975.3,Refunded,,,VALID,No issues detected,Refunded
I0001912,S000778,2024-07-23,2024-08-14,84455.5,-557.19,,,Card,INVALID,Invoice references non-existent/invalid subscription; Negative tax_amount; Missing payment_status,Nan
I0001913,S001554,2025-08-30,2025-09-28,24790.35,20355.73,Refunded,,Bank Transfer,INVALID,Invoice references non-existent/invalid subscription,Refunded
I0001914,S001990,2024-05-16,2024-06-01,56732.41,16452.08,Pending,,,INVALID,Invoice references non-existent/invalid subscription,Pending
I0001915,S002193,2025-04-24,2025-05-15,48085.11,2167.45,Failed,,Bank Transfer,INVALID,Invoice references non-existent/invalid subscription,Failed
I0001916,S000332,2025-10-18,2025-11-30,5351.7,22167.75,Pending,2025-12-03,,VALID,No issues detected,Pending
I0001917,S001839,2025-03-23,2025-04-30,12975.19,6397.41,Paid,2025-05-04,,VALID,No issues detected,Paid
I0001918,S001891,2024-08-31,2024-09-15,1403.24,-1897.41,,,Wallet,INVALID,Negative tax_amount; Missing payment_status,Nan
I0001919,S000726,2025-08-09,2025-09-23,46541.61,19373.19,Paid,2025-09-11,UPI,INVALID,Invoice references non-existent/invalid subscription,Paid
I0001920,S000858,2025-09-09,2025-10-23,100040.58,-176.45,Failed,,,INVALID,Negative tax_amount,Failed
I0001921,S002132,2024-03-16,2024-03-28,81957.97,-484.43,Failed,,UPI,INVALID,Negative tax_amount,Failed
I0001922,S000715,2024-10-08,2024-10-29,67075.21,5716.42,Paid,2024-11-19,UPI,VALID,No issues detected,Paid
I0001923,S000101,2024-04-09,2024-05-02,49103.56,-450.41,,,Wallet,INVALID,Negative tax_amount; Missing payment_status,Nan
I0001924,S001093,2024-10-13,2024-11-07,23238.22,-1720.04,,,UPI,INVALID,Invoice references non-existent/invalid subscription; Negative tax_amount; Missing payment_status,Nan
I0001925,S001147,2025-04-21,2025-04-06,10601.55,17193.5,,,Bank Transfer,INVALID,Invoice references non-existent/invalid subscription; Missing payment_status,Nan
I0001926,S000582,2024-05-05,2024-05-19,74631.92,11012.72,Refunded,,UPI,VALID,No issues detected,Refunded
I0001927,S000692,2024-12-03,2025-01-09,8275.31,557.29,Refunded,,Card,INVALID,Invoice references non-existent/invalid subscription,Refunded
I0001928,S002108,2025-11-11,2025-11-21,,15759.9,Failed,,UPI,SUSPICIOUS,Missing invoice_amount,Failed
I0001929,S000821,2025-06-14,2025-07-13,-78024.1,21947.06,Refunded,,UPI,INVALID,Invoice references non-existent/invalid subscription; Negative invoice_amount,Refunded
I0001930,S000278,2025-07-28,2025-08-13,58376.11,18969.62,Pending,,Card,VALID,No issues detected,Pending
I0001931,S002164,2025-08-28,2025-10-06,89540.12,-4999.85,Failed,,Card,INVALID,Invoice references non-existent/invalid subscription; Negative tax_amount,Failed
I0001932,S000662,2024-06-12,2024-07-23,10269.57,10008.58,Pending,2024-08-01,Card,VALID,No issues detected,Pending
I0001933,S002025,2024-12-19,2024-12-28,69731.1,5378.78,Paid,2025-02-08,Bank Transfer,INVALID,Invoice references non-existent/invalid subscription,Paid
I0001934,S000945,2024-10-20,2024-10-19,45610.63,498.23,,,Card,SUSPICIOUS,Missing payment_status,Nan
I0001935,S001083,2024-08-25,2024-09-09,37465.36,23163.26,Refunded,,Wallet,INVALID,Invoice references non-existent/invalid subscription,Refunded
I0001936,S000537,2025-02-03,2025-03-17,20150.12,4702.49,Paid,2025-02-21,Bank Transfer,INVALID,Invoice references non-existent/invalid subscription,Paid
I0001937,S000747,2025-08-09,2025-09-13,,22203.19,,,UPI,SUSPICIOUS,Missing invoice_amount; Missing payment_status,Nan
I0001938,S001018,2024-01-09,2024-02-14,53477.84,3134.22,Refunded,,Card,INVALID,Invoice references non-existent/invalid subscription,Refunded
I0001939,S001876,2024-06-05,2024-07-15,-51497.64,11853.2,Failed,,Bank Transfer,INVALID,Negative invoice_amount,Failed
I0001940,S001779,2024-06-08,2024-07-06,48005.66,-244.19,Paid,2024-06-26,UPI,INVALID,Negative tax_amount,Paid
I0001941,S001444,2024-09-03,2024-09-18,-93289.3,23206.77,Failed,,Wallet,INVALID,Invoice references non-existent/invalid subscription; Negative invoice_amount,Failed
I0001942,S001929,2025-09-08,2025-10-05,116627.03,,Pending,,Bank Transfer,INVALID,Invoice references non-existent/invalid subscription,Pending
I0001943,S001781,2024-06-08,2024-07-16,43322.91,,Refunded,,Card,INVALID,Invoice references non-existent/invalid subscription,Refunded
I0001944,S000496,2025-06-02,2025-07-17,87581.46,,,,Card,SUSPICIOUS,Missing payment_status,Nan
I0001945,S001631,2025-12-06,2026-01-09,48000.84,20353.99,,,Wallet,SUSPICIOUS,Missing payment_status,Nan
I0001946,S001468,2025-02-21,2025-02-28,74063.62,10704.1,Failed,,Card,VALID,No issues detected,Failed
I0001947,S002268,2025-10-21,2025-12-01,30626.08,-2803.16,Paid,2025-12-06,Card,INVALID,Invoice references non-existent/invalid subscription; Negative tax_amount,Paid
I0001948,S001819,2024-04-09,2024-04-21,85847.9,18050.75,,,Bank Transfer,INVALID,Invoice references non-existent/invalid subscription; Missing payment_status,Nan
I0001949,S000009,2025-12-18,2026-01-05,117738.33,17080.55,Failed,2025-12-28,Wallet,INVALID,Invoice references non-existent/invalid subscription,Failed
I0001950,S000982,2025-02-19,2025-03-01,3584.75,11429.23,,,Card,SUSPICIOUS,Missing payment_status,Nan
I0001951,S000391,2024-02-20,2024-04-04,9676.75,,,,,INVALID,Invoice references non-existent/invalid subscription; Missing payment_status,Nan
I0001952,S002236,2024-09-19,2024-10-21,91226.17,3432.64,Pending,,Wallet,INVALID,Invoice references non-existent/invalid subscription,Pending
I0001953,S001505,2025-07-27,2025-08-09,108633.68,1258.35,Failed,,Wallet,INVALID,Invoice references non-existent/invalid subscription,Failed
I0001954,S001976,2025-12-17,2026-01-19,54295.46,8928.39,Paid,2026-01-27,Wallet,VALID,No issues detected,Paid
I0001955,S001367,2024-01-16,2024-02-20,40995.03,-256.94,Failed,,Wallet,INVALID,Invoice references non-existent/invalid subscription; Negative tax_amount,Failed
I0001956,S001595,2024-01-17,2024-03-01,9535.54,14986.91,,2024-01-13,Bank Transfer,INVALID,Invoice references non-existent/invalid subscription; Missing payment_status; Payment date earlier than invoice date,Nan
I0001957,S000313,2024-05-02,2024-06-04,58994.32,18106.67,Failed,,Card,INVALID,Invoice references non-existent/invalid subscription,Failed
I0001958,S002397,2025-04-13,2025-04-04,54157.74,8783.62,,,Wallet,INVALID,Invoice references non-existent/invalid subscription; Missing payment_status,Nan
I0001959,S001610,2025-06-09,2025-05-26,20035.25,24850.51,,,Wallet,INVALID,Invoice references non-existent/invalid subscription; Missing payment_status,Nan
I0001960,S002220,2025-05-12,2025-06-12,50025.08,2274.35,,2025-05-13,Wallet,INVALID,Invoice references non-existent/invalid subscription; Missing payment_status,Nan
I0001961,S000511,2024-10-07,2024-11-19,27120.03,15884.66,Paid,2024-10-30,Card,INVALID,Invoice references non-existent/invalid subscription,Paid
I0001962,S001077,2025-11-28,2025-12-18,92956.5,12177.44,Pending,,Wallet,VALID,No issues detected,Pending
I0001963,S001889,2025-09-06,2025-09-17,112507.65,1141.21,Refunded,,UPI,INVALID,Invoice references non-existent/invalid subscription,Refunded
I0001964,S000413,2025-08-26,2025-09-12,29945.41,6954.42,,,Card,INVALID,Invoice references non-existent/invalid subscription; Missing payment_status,Nan
I0001965,S001140,2025-06-06,2025-06-04,102063.53,21163.12,Failed,,Card,VALID,No issues detected,Failed
I0001966,S000410,2025-11-08,2025-12-20,65133.68,20671.41,Pending,,Bank Transfer,INVALID,Invoice references non-existent/invalid subscription,Pending
I0001967,S000548,2024-03-16,2024-03-30,113022.36,7777.7,Refunded,,Card,INVALID,Invoice references non-existent/invalid subscription,Refunded
I0001968,S001543,2024-04-02,2024-05-08,,22614.29,Paid,2024-04-22,Bank Transfer,INVALID,Invoice references non-existent/invalid subscription; Missing invoice_amount,Paid
I0001969,S000567,2024-04-05,2024-04-19,40116.3,20031.29,Failed,2024-06-14,Wallet,VALID,No issues detected,Failed
I0001970,S000075,2024-06-09,2024-07-21,43178.08,13639.44,Paid,2024-07-11,Wallet,VALID,No issues detected,Paid
,S001190,2025-03-10,2025-04-16,51448.69,3099.02,Pending,,Bank Transfer,INVALID,Missing invoice_id; Invoice references non-existent/invalid subscription,Pending
I0001972,S000892,2025-04-15,2025-05-14,79179.69,-1773.15,Failed,,Bank Transfer,INVALID,Negative tax_amount,Failed
I0001973,S001520,2024-02-18,2024-02-27,31022.66,18600.1,,,Bank Transfer,SUSPICIOUS,Missing payment_status,Nan
I0001974,S000534,2025-12-10,2026-01-02,1452.07,4244.28,Refunded,,,INVALID,Invoice references non-existent/invalid subscription,Refunded
I0001975,S001140,2024-01-15,2024-02-06,14977.22,,Refunded,,Wallet,VALID,No issues detected,Refunded
I0001976,S001649,2025-01-03,2025-01-19,,24328.22,Failed,,UPI,INVALID,Invoice references non-existent/invalid subscription; Missing invoice_amount,Failed
I0001977,S001705,2026-01-23,2026-02-25,35894.17,631.98,Pending,,UPI,VALID,No issues detected,Pending
I0001978,S000262,2024-02-06,2024-03-15,9602.77,17555.89,,,Card,INVALID,Invoice references non-existent/invalid subscription; Missing payment_status,Nan
I0001979,S000143,2025-06-19,2025-06-30,83979.2,1662.63,Pending,,Bank Transfer,INVALID,Invoice references non-existent/invalid subscription,Pending
I0001980,S001119,2025-04-16,2025-05-07,38619.36,1559.58,Paid,2025-04-19,UPI,INVALID,Invoice references non-existent/invalid subscription,Paid
I0001981,S000158,2024-04-24,2024-05-31,18077.27,1065.24,Pending,,,VALID,No issues detected,Pending
I0001982,S000782,2025-06-17,2025-08-01,92743.05,10623.9,Paid,2025-06-24,,VALID,No issues detected,Paid
I0001983,S001398,2025-04-30,2025-05-24,77408.9,9246.28,,2025-05-08,Bank Transfer,SUSPICIOUS,Missing payment_status,Nan
I0001984,S001112,2025-01-02,2025-01-19,81444.25,1584.01,,2025-02-13,Wallet,INVALID,Invoice references non-existent/invalid subscription; Missing payment_status,Nan
I0001985,S000848,2025-05-06,2025-05-16,102300.85,16483.58,Paid,2025-05-16,,VALID,No issues detected,Paid
I0001986,S000776,2025-05-17,2025-06-18,23538.71,,Paid,2025-07-26,Wallet,VALID,No issues detected,Paid
I0001987,S002058,2025-04-10,2025-04-23,68501.11,5220.97,Paid,2025-05-22,Card,VALID,No issues detected,Paid
I0001988,S000727,2025-12-31,2026-01-30,89265.76,-3767.46,Refunded,,Bank Transfer,INVALID,Negative tax_amount,Refunded
I0001989,S001323,2024-06-19,2024-07-20,51338.45,7579.03,Paid,2024-08-04,UPI,INVALID,Invoice references non-existent/invalid subscription,Paid
I0001990,S001745,2026-01-14,2026-01-21,73390.41,3116.72,,,Bank Transfer,INVALID,Invoice references non-existent/invalid subscription; Missing payment_status,Nan
I0001991,S000127,2025-11-26,2026-01-04,29529.06,5547.72,Failed,2025-12-31,Card,INVALID,Invoice references non-existent/invalid subscription,Failed
I0001992,S000998,2025-01-30,2025-02-28,,-2282.83,,,Bank Transfer,INVALID,Invoice references non-existent/invalid subscription; Negative tax_amount; Missing invoice_amount; Missing payment_status,Nan
I0001993,S000683,2025-03-14,2025-03-31,117992.12,12995.4,Pending,,Card,INVALID,Invoice references non-existent/invalid subscription,Pending
I0001994,S001659,2025-07-23,2025-08-22,57512.08,18493.27,Pending,,Card,INVALID,Invoice references non-existent/invalid subscription,Pending
I0001995,S001757,2024-06-23,2024-07-28,-101674.11,2258.17,Failed,2024-08-29,Wallet,INVALID,Invoice references non-existent/invalid subscription; Negative invoice_amount,Failed
I0001996,S001469,2024-05-30,2024-06-18,,9787.6,,2024-07-30,UPI,INVALID,Invoice references non-existent/invalid subscription; Missing invoice_amount; Missing payment_status,Nan
I0001997,S001294,2024-08-15,2024-09-04,15233.51,14725.6,Failed,,Card,VALID,No issues detected,Failed
I0001998,S001340,2024-01-21,2024-02-13,,5259.26,Failed,,,SUSPICIOUS,Missing invoice_amount,Failed
I0001999,S001870,2024-08-29,2024-09-20,64288.4,-3623.63,Failed,,Wallet,INVALID,Negative tax_amount,Failed
I0002000,S001052,2025-08-08,2025-08-31,22702.15,15545.35,Refunded,,UPI,VALID,No issues detected,Refunded
I0002001,S002096,2024-01-13,2024-01-29,111440.98,18898.84,Pending,2024-01-09,,INVALID,Invoice references non-existent/invalid subscription; Payment date earlier than invoice date,Pending
I0002002,S001869,2024-09-11,2024-10-19,87942.76,3609.98,,,Bank Transfer,INVALID,Invoice references non-existent/invalid subscription; Missing payment_status,Nan
I0002003,S001732,2025-04-20,2025-05-14,80035.09,6788.53,Pending,,UPI,VALID,No issues detected,Pending
I0002004,S001261,2024-03-30,2024-03-29,117259.72,6049.7,Failed,,Wallet,INVALID,Invoice references non-existent/invalid subscription,Failed
I0002005,S001488,2024-08-19,2024-09-15,63313.02,23906.65,Paid,2024-08-16,Bank Transfer,INVALID,Payment date earlier than invoice date,Paid
I0002006,S001064,2024-08-13,2024-09-07,117341.78,5358.21,Refunded,,UPI,INVALID,Invoice references non-existent/invalid subscription,Refunded
I0002007,S001903,2024-02-11,2024-03-03,70000.53,10326.92,Failed,,Wallet,VALID,No issues detected,Failed
I0002008,S001351,2025-09-04,2025-09-11,9422.12,-118.57,Failed,,UPI,INVALID,Invoice references non-existent/invalid subscription; Negative tax_amount,Failed
I0002009,S001249,2025-07-05,2025-06-28,-51047.5,6357.19,Refunded,,Wallet,INVALID,Invoice references non-existent/invalid subscription; Negative invoice_amount,Refunded
I0002010,S000322,2026-01-17,2026-02-01,44891.24,20387.62,Paid,2026-03-06,,INVALID,Invoice references non-existent/invalid subscription,Paid
I0002011,S000346,2024-10-11,2024-11-16,10491.54,20574.04,Refunded,,Bank Transfer,VALID,No issues detected,Refunded
I0002012,S001493,2025-10-23,2025-11-15,108784.49,7317.62,Failed,,,INVALID,Invoice references non-existent/invalid subscription,Failed
I0002013,S002183,2025-10-11,2025-11-11,33524.95,12016.89,Failed,2025-10-31,Card,VALID,No issues detected,Failed
I0002014,S002268,2024-01-01,2024-01-27,96359.07,16307.41,Refunded,,Bank Transfer,INVALID,Invoice references non-existent/invalid subscription,Refunded
I0002015,S002281,2026-01-17,2026-01-14,45413.92,8288.33,Failed,,Card,VALID,No issues detected,Failed
I0002016,S000278,2024-05-04,2024-04-22,2246.15,20601.63,Pending,,,VALID,No issues detected,Pending
I0002017,S000439,2024-12-08,2025-01-16,30036.04,,,,UPI,INVALID,Invoice references non-existent/invalid subscription; Missing payment_status,Nan
I0002018,S000927,2025-09-17,2025-10-01,19376.42,4644.61,Pending,2025-09-20,Wallet,VALID,No issues detected,Pending
I0002019,S001368,2025-04-04,2025-05-17,112529.02,10749.19,Failed,2025-05-01,Card,VALID,No issues detected,Failed
I0002020,S002194,2024-03-17,2024-04-19,76764.27,-1657.86,Paid,2024-05-05,Wallet,INVALID,Invoice references non-existent/invalid subscription; Negative tax_amount,Paid
I0002021,S001986,2024-12-16,2024-12-24,112529.75,13032.3,Pending,,UPI,INVALID,Invoice references non-existent/invalid subscription,Pending
I0002022,S001320,2026-01-22,2026-02-16,14478.71,15770.07,,,Wallet,SUSPICIOUS,Missing payment_status,Nan
I0002023,S000740,2025-03-09,2025-04-10,48170.21,6670.55,Paid,2025-03-28,Wallet,VALID,No issues detected,Paid
I0002024,S001104,2025-05-15,2025-05-12,81674.7,525.98,Refunded,2025-05-21,,INVALID,Invoice references non-existent/invalid subscription,Refunded
I0002025,S000153,2025-04-16,2025-05-22,931.85,7187.1,,,UPI,SUSPICIOUS,Missing payment_status,Nan
I0002026,S001014,2025-04-09,2025-04-20,91388.95,14096.67,Refunded,,Card,VALID,No issues detected,Refunded
I0002027,S001331,2025-01-30,2025-02-16,31611.62,10441.73,Refunded,,Card,VALID,No issues detected,Refunded
I0002028,S000432,2025-05-04,2025-05-13,64653.47,23669.48,Pending,,,VALID,No issues detected,Pending
I0002029,S000995,2024-06-22,2024-07-03,84519.01,5922.06,Pending,,,INVALID,Invoice references non-existent/invalid subscription,Pending
I0002030,S000992,2025-06-22,2025-07-24,92641.95,16238.44,Paid,2025-08-02,UPI,VALID,No issues detected,Paid
I0002031,S000246,2025-08-28,2025-09-07,,8285.53,Paid,2025-08-25,Bank Transfer,INVALID,Invoice references non-existent/invalid subscription; Missing invoice_amount; Payment date earlier than invoice date,Paid
I0002032,S000930,2025-12-04,2025-12-03,55721.9,852.68,Refunded,,Card,INVALID,Invoice references non-existent/invalid subscription,Refunded
I0002033,S001851,2025-09-16,2025-10-30,,-4521.84,Refunded,2025-11-21,Bank Transfer,INVALID,Invoice references non-existent/invalid subscription; Negative tax_amount; Missing invoice_amount,Refunded
I0002034,S002384,2024-09-20,2024-10-09,,18572.17,Pending,,Card,INVALID,Invoice references non-existent/invalid subscription; Missing invoice_amount,Pending
I0002035,S000934,2025-03-17,2025-03-27,65413.49,17.95,Refunded,,UPI,INVALID,Invoice references non-existent/invalid subscription,Refunded
I0002036,S001899,2024-03-05,2024-03-21,109359.12,13895.93,Paid,2024-03-10,Wallet,INVALID,Invoice references non-existent/invalid subscription,Paid
I0002037,S000408,2024-06-05,2024-06-19,26153.39,8194.78,Failed,,Card,INVALID,Invoice references non-existent/invalid subscription,Failed
I0002038,S002043,2025-12-08,2025-11-24,30732.31,-2688.33,Pending,,Card,INVALID,Invoice references non-existent/invalid subscription; Negative tax_amount,Pending
I0002039,S002307,2025-12-24,2026-01-06,24259.03,24074.02,Paid,2026-02-13,Wallet,VALID,No issues detected,Paid
I0002040,S001285,2024-06-12,2024-06-22,62119.63,5087.47,Paid,2024-07-03,,VALID,No issues detected,Paid
I0002041,S002239,2026-01-06,2026-01-20,15881.49,-2886.73,Failed,,Bank Transfer,INVALID,Negative tax_amount,Failed
I0002042,S001236,2026-01-04,2026-02-13,100384.84,628.39,Failed,,Card,INVALID,Invoice references non-existent/invalid subscription,Failed
I0002043,S000574,2024-08-19,2024-08-27,93865.42,-3778.81,Refunded,,Bank Transfer,INVALID,Negative tax_amount,Refunded
I0002044,S002011,2024-10-11,2024-11-20,101296.35,22296.89,Pending,,Card,INVALID,Invoice references non-existent/invalid subscription,Pending
I0002045,S002242,2025-03-27,2025-04-23,71062.36,17874.04,Refunded,2025-04-08,UPI,VALID,No issues detected,Refunded
I0002046,S001748,2024-01-15,2024-01-23,36799.35,24742.28,Refunded,,,INVALID,Invoice references non-existent/invalid subscription,Refunded
,S001801,2024-08-06,2024-08-29,53653.71,13616.84,Paid,2024-08-26,Wallet,INVALID,Missing invoice_id,Paid
I0002048,S001949,2025-04-12,2025-05-01,109848.38,15724.54,Failed,,Bank Transfer,VALID,No issues detected,Failed
I0002049,S000954,2024-12-05,2025-01-08,90330.7,3639.18,Failed,2025-01-28,UPI,INVALID,Invoice references non-existent/invalid subscription,Failed
I0002050,S002220,2025-10-07,2025-11-01,56858.93,17943.94,Paid,2025-11-30,Bank Transfer,INVALID,Invoice references non-existent/invalid subscription,Paid
I0002051,S000952,2024-08-01,2024-09-08,104250.36,10809.55,,,UPI,SUSPICIOUS,Missing payment_status,Nan
I0002052,S002058,2025-01-10,2024-12-28,108336.13,18950.56,Paid,2025-02-18,,VALID,No issues detected,Paid
I0002053,S001253,2025-01-16,2025-01-28,41711.64,13831.26,Paid,2025-02-20,Card,VALID,No issues detected,Paid
I0002054,S001698,2025-02-10,2025-03-08,32689.81,13326.95,,2025-04-23,Bank Transfer,SUSPICIOUS,Missing payment_status,Nan
I0002055,S001391,2025-02-11,2025-03-21,78242.42,16097.62,Paid,2025-04-12,Wallet,INVALID,Invoice references non-existent/invalid subscription,Paid
I0002056,S000109,2024-04-22,2024-06-01,16385.37,881.95,Pending,,,INVALID,Invoice references non-existent/invalid subscription,Pending
I0002057,S001428,2025-11-05,2025-11-21,60164.22,11375.53,Failed,,,INVALID,Invoice references non-existent/invalid subscription,Failed
I0002058,S000790,2024-06-26,2024-07-03,58306.05,17204.79,,,Card,SUSPICIOUS,Missing payment_status,Nan
I0002059,S002067,2025-07-13,2025-08-20,56486.56,22249.29,Paid,2025-08-13,UPI,VALID,No issues detected,Paid
I0002060,S001321,2025-01-05,2024-12-22,15561.1,2096.9,Failed,,Bank Transfer,INVALID,Invoice references non-existent/invalid subscription,Failed
I0002061,S001739,2024-03-20,2024-03-28,90829.87,16030.17,Paid,2024-05-14,Card,VALID,No issues detected,Paid
I0002062,S001448,2025-03-05,2025-03-14,,3064.45,Failed,2025-03-31,Bank Transfer,SUSPICIOUS,Missing invoice_amount,Failed
I0002063,S001511,2024-04-15,2024-05-07,13919.42,15851.06,,2024-06-19,Bank Transfer,INVALID,Invoice references non-existent/invalid subscription; Missing payment_status,Nan
I0002064,S001284,2025-10-08,2025-11-09,9002.76,-4159.67,Refunded,,Card,INVALID,Invoice references non-existent/invalid subscription; Negative tax_amount,Refunded
I0002065,S001282,2025-04-07,2025-05-15,105773.85,23653.24,Pending,,Wallet,VALID,No issues detected,Pending
I0002066,S000471,2024-10-15,2024-11-05,20288.79,19587.72,Pending,,Card,INVALID,Invoice references non-existent/invalid subscription,Pending
I0002067,S000328,2024-11-06,2024-11-16,46701.96,7358.49,,,Bank Transfer,INVALID,Invoice references non-existent/invalid subscription; Missing payment_status,Nan
I0002068,S001048,2024-07-17,2024-07-12,-49624.47,,,,Bank Transfer,INVALID,Invoice references non-existent/invalid subscription; Negative invoice_amount; Missing payment_status,Nan
I0002069,S001190,2024-01-19,2024-02-22,54650.72,4780.13,Pending,2024-02-14,Bank Transfer,INVALID,Invoice references non-existent/invalid subscription,Pending
I0002070,S001050,2025-07-18,2025-07-30,113806.89,4119.99,Paid,2025-09-12,Card,VALID,No issues detected,Paid
I0002071,S000763,2024-02-10,2024-03-04,77787.01,4808.25,,,Bank Transfer,SUSPICIOUS,Missing payment_status,Nan
I0002072,S000409,2024-04-28,2024-06-01,96950.18,11408.55,,,Wallet,SUSPICIOUS,Missing payment_status,Nan
I0002073,S002236,2024-06-27,2024-07-10,55945.08,,Paid,2024-08-30,Card,INVALID,Invoice references non-existent/invalid subscription,Paid
I0002074,S001035,2025-10-28,2025-12-05,4482.67,4514.03,Refunded,,Card,VALID,No issues detected,Refunded
I0002075,S001212,2024-02-29,2024-04-06,63223.93,,Paid,2024-03-01,Wallet,INVALID,Invoice references non-existent/invalid subscription,Paid
I0002076,S001753,2025-03-20,2025-04-05,79769.25,23908.76,Failed,,Bank Transfer,VALID,No issues detected,Failed
I0002077,S002387,2025-09-26,2025-10-28,86490.47,23738.28,Paid,2025-10-05,Bank Transfer,INVALID,Invoice references non-existent/invalid subscription,Paid
,S001806,2024-04-01,2024-04-30,-32941.73,23489.47,,2024-06-18,UPI,INVALID,Missing invoice_id; Negative invoice_amount; Missing payment_status,Nan
I0002079,S002282,2025-05-29,2025-07-11,53692.47,12586.24,Failed,,Wallet,INVALID,Invoice references non-existent/invalid subscription,Failed
I0002080,S000237,2025-05-21,2025-06-23,113393.73,-1039.96,Refunded,2025-07-20,UPI,INVALID,Negative tax_amount,Refunded
I0002081,S002121,2024-11-26,2024-12-27,81273.05,3039.58,Refunded,,UPI,INVALID,Invoice references non-existent/invalid subscription,Refunded
I0002082,S000597,2024-10-02,2024-10-24,25929.98,24163.01,,,Bank Transfer,SUSPICIOUS,Missing payment_status,Nan
I0002083,S001802,2024-10-18,2024-12-01,6761.31,4500.11,Refunded,,Card,VALID,No issues detected,Refunded
I0002084,S002040,2025-09-28,2025-11-04,56280.06,-3579.02,Paid,2025-11-19,Card,INVALID,Invoice references non-existent/invalid subscription; Negative tax_amount,Paid
I0002085,S001429,2024-07-31,2024-08-14,106308.25,15481.89,Pending,,,VALID,No issues detected,Pending
I0002086,S000097,2024-05-20,2024-07-01,,,Pending,2024-06-14,Card,INVALID,Invoice references non-existent/invalid subscription; Missing invoice_amount,Pending
I0002087,S001283,2025-08-29,2025-10-10,19218.8,9808.27,,,,SUSPICIOUS,Missing payment_status,Nan
I0002088,S002179,2024-11-03,2024-10-21,18320.39,8246.85,Failed,,Wallet,INVALID,Invoice references non-existent/invalid subscription,Failed
I0002089,S000765,2024-11-10,2024-11-06,94058.29,,Paid,2024-12-02,UPI,INVALID,Invoice references non-existent/invalid subscription,Paid
I0002090,S000246,2025-10-29,2025-10-27,36416.99,5688.57,Paid,2025-11-03,Card,INVALID,Invoice references non-existent/invalid subscription,Paid
I0002091,S000646,2025-08-22,2025-10-06,65456.25,19325.32,Pending,,Card,VALID,No issues detected,Pending
I0002092,S000190,2026-01-03,2026-01-21,64763.84,3087.71,Failed,,,INVALID,Invoice references non-existent/invalid subscription,Failed
I0002093,S000448,2025-12-29,2026-01-12,,,Refunded,,,INVALID,Invoice references non-existent/invalid subscription; Missing invoice_amount,Refunded
I0002094,S001180,2024-12-13,2025-01-21,108294.12,5430.86,Failed,2025-01-10,Card,VALID,No issues detected,Failed
I0002095,S001738,2025-04-27,2025-05-07,1135.57,14642.28,Pending,2025-06-18,Bank Transfer,INVALID,Invoice references non-existent/invalid subscription,Pending
I0002096,S001502,2025-12-21,2026-01-03,75542.05,13993.76,Paid,2026-02-13,Bank Transfer,VALID,No issues detected,Paid
I0002097,S000169,2025-09-25,2025-11-06,,7634.02,,,Wallet,INVALID,Invoice references non-existent/invalid subscription; Missing invoice_amount; Missing payment_status,Nan
I0002098,S002385,2024-03-23,2024-04-25,56498.68,2405.54,Refunded,,Card,INVALID,Invoice references non-existent/invalid subscription,Refunded
I0002099,S001092,2024-08-27,2024-09-06,23971.09,22272.63,Paid,2024-11-03,Card,INVALID,Invoice references non-existent/invalid subscription,Paid
I0002100,S000864,2024-07-06,2024-08-18,114437.48,12223.34,Paid,2024-06-28,,INVALID,Invoice references non-existent/invalid subscription; Payment date earlier than invoice date,Paid
I0002101,S001779,2025-10-11,2025-11-19,61150.69,1528.35,Refunded,,Card,VALID,No issues detected,Refunded
I0002102,S001997,2025-02-25,2025-04-02,85705.57,12293.29,Paid,2025-03-28,,INVALID,Invoice references non-existent/invalid subscription,Paid
I0002103,S000561,2024-11-29,2024-12-14,17119.33,10269.09,Paid,2025-01-17,Bank Transfer,INVALID,Invoice references non-existent/invalid subscription,Paid
I0002104,S000448,2024-05-13,2024-06-25,98839.23,6065.0,Failed,,Card,INVALID,Invoice references non-existent/invalid subscription,Failed
I0002105,S002276,2024-02-02,2024-03-05,36291.7,5401.42,Pending,,UPI,VALID,No issues detected,Pending
I0002106,S000191,2024-06-15,2024-07-26,,3182.58,Paid,2024-06-29,Card,SUSPICIOUS,Missing invoice_amount,Paid
I0002107,S000395,2024-09-26,2024-10-09,16940.58,23400.74,Refunded,,UPI,INVALID,Invoice references non-existent/invalid subscription,Refunded
I0002108,S000637,2024-05-11,2024-06-19,51749.71,16686.52,Failed,2024-06-03,Wallet,INVALID,Invoice references non-existent/invalid subscription,Failed
I0002109,S001492,2024-09-07,2024-10-16,117175.47,24714.2,,,UPI,INVALID,Invoice references non-existent/invalid subscription; Missing payment_status,Nan
I0002110,S001768,2025-04-12,2025-04-21,94168.02,-2378.76,Pending,,,INVALID,Negative tax_amount,Pending
I0002111,S002048,2025-08-13,2025-09-26,30733.43,,Refunded,,UPI,VALID,No issues detected,Refunded
I0002112,S002212,2025-06-06,2025-06-20,,-3629.83,Failed,,,INVALID,Negative tax_amount; Missing invoice_amount,Failed
I0002113,S002189,2026-01-02,2026-02-09,98404.43,3871.85,Failed,,UPI,VALID,No issues detected,Failed
I0002114,S000563,2024-08-27,2024-09-26,57714.15,4500.97,Paid,2024-08-21,Wallet,INVALID,Invoice references non-existent/invalid subscription; Payment date earlier than invoice date,Paid
I0002115,S000174,2025-06-07,2025-06-02,19331.88,-3670.54,Refunded,2025-06-12,,INVALID,Negative tax_amount,Refunded
I0002116,S000379,2025-06-20,2025-07-01,110652.99,15794.63,Failed,,UPI,VALID,No issues detected,Failed
I0002117,S001439,2024-11-07,2024-11-30,29513.45,16832.53,Paid,2024-12-15,Wallet,INVALID,Invoice references non-existent/invalid subscription,Paid
I0002118,S000130,2025-06-09,2025-06-27,77518.28,,Paid,2025-08-16,Bank Transfer,INVALID,Invoice references non-existent/invalid subscription,Paid
I0002119,S000819,2025-12-13,2026-01-18,100818.14,8602.69,,,Wallet,INVALID,Invoice references non-existent/invalid subscription; Missing payment_status,Nan
I0002120,S001145,2025-02-16,2025-02-23,91142.21,9671.72,Pending,,Wallet,INVALID,Invoice references non-existent/invalid subscription,Pending
I0002121,S001516,2024-03-02,2024-03-16,73505.11,11694.17,Pending,2024-02-29,Bank Transfer,INVALID,Invoice references non-existent/invalid subscription; Payment date earlier than invoice date,Pending
I0002122,S002352,2024-06-22,2024-08-06,27732.94,3361.19,Pending,,UPI,INVALID,Invoice references non-existent/invalid subscription,Pending
I0002123,S000765,2025-10-28,2025-11-12,46664.03,300.62,,,Wallet,INVALID,Invoice references non-existent/invalid subscription; Missing payment_status,Nan
I0002124,S001492,2025-11-18,2025-12-16,17357.75,14446.69,,,,INVALID,Invoice references non-existent/invalid subscription; Missing payment_status,Nan
I0002125,S000097,2025-03-03,2025-03-26,65834.12,15476.74,Pending,2025-05-08,,INVALID,Invoice references non-existent/invalid subscription,Pending
I0002126,S000027,2025-03-15,2025-04-24,34280.3,,Failed,,,VALID,No issues detected,Failed
I0002127,S000566,2025-10-28,2025-12-12,38722.93,17472.47,Paid,2025-12-07,Bank Transfer,VALID,No issues detected,Paid
I0002128,S001375,2024-02-17,2024-03-20,79552.71,17313.67,,,Card,INVALID,Invoice references non-existent/invalid subscription; Missing payment_status,Nan
I0002129,S001413,2025-02-19,2025-02-26,,-13.21,Failed,,UPI,INVALID,Negative tax_amount; Missing invoice_amount,Failed
I0002130,S000833,2025-10-20,2025-11-18,49347.98,5729.9,Failed,,UPI,INVALID,Invoice references non-existent/invalid subscription,Failed
I0002131,S002006,2024-10-12,2024-10-07,44964.71,-4301.63,Failed,2024-11-20,Card,INVALID,Invoice references non-existent/invalid subscription; Negative tax_amount,Failed
,S001561,2025-07-02,2025-08-03,113851.26,19799.45,,,Wallet,INVALID,Missing invoice_id; Invoice references non-existent/invalid subscription; Missing payment_status,Nan
I0002133,S002106,2025-08-27,2025-09-30,111006.08,-195.52,,,Card,INVALID,Invoice references non-existent/invalid subscription; Negative tax_amount; Missing payment_status,Nan
I0002134,S001134,2024-12-26,2024-12-22,12176.24,11135.79,,,Card,SUSPICIOUS,Missing payment_status,Nan
I0002135,S000194,2025-06-11,2025-06-09,33217.15,,Refunded,,UPI,INVALID,Invoice references non-existent/invalid subscription,Refunded
I0002136,S001536,2025-11-16,2025-12-20,-115662.67,11587.44,,2026-02-01,Bank Transfer,INVALID,Negative invoice_amount; Missing payment_status,Nan
I0002137,S001792,2024-06-05,2024-06-21,,15893.11,Paid,2024-05-27,Card,INVALID,Missing invoice_amount; Payment date earlier than invoice date,Paid
I0002138,S000182,2024-09-20,2024-10-05,58988.1,10890.77,Refunded,,,INVALID,Invoice references non-existent/invalid subscription,Refunded
I0002139,S000481,2026-01-27,2026-02-07,21571.86,,Failed,,Card,INVALID,Invoice references non-existent/invalid subscription,Failed
I0002140,S001459,2025-03-12,2025-04-10,85747.67,19222.19,Failed,,Card,VALID,No issues detected,Failed
I0002141,S000687,2024-12-21,2025-02-01,57778.4,13928.31,,,Wallet,INVALID,Invoice references non-existent/invalid subscription; Missing payment_status,Nan
I0002142,S002226,2025-07-29,2025-08-30,94730.15,14142.72,Refunded,,,INVALID,Invoice references non-existent/invalid subscription,Refunded
I0002143,S001957,2025-03-09,2025-04-04,68891.17,,Refunded,2025-05-10,Wallet,INVALID,Invoice references non-existent/invalid subscription,Refunded
I0002144,S001242,2024-05-21,2024-06-30,22403.04,-3687.83,Failed,,Bank Transfer,INVALID,Invoice references non-existent/invalid subscription; Negative tax_amount,Failed
I0002145,S000586,2025-09-28,2025-10-05,112950.33,23750.92,Failed,,Card,INVALID,Invoice references non-existent/invalid subscription,Failed
I0002146,S001773,2025-11-25,2026-01-09,-80872.99,19584.24,Failed,,,INVALID,Negative invoice_amount,Failed
I0002147,S001647,2024-10-19,2024-11-14,79922.19,23194.53,Paid,2024-11-28,Card,INVALID,Invoice references non-existent/invalid subscription,Paid
I0002148,S001857,2025-08-12,2025-08-23,69362.17,20583.29,Pending,,Bank Transfer,INVALID,Invoice references non-existent/invalid subscription,Pending
,S002110,2025-07-10,2025-08-13,34701.72,-3253.88,Failed,2025-08-17,Bank Transfer,INVALID,Missing invoice_id; Negative tax_amount,Failed
I0002150,S001997,2025-08-01,2025-09-05,90185.62,-2713.48,Pending,,Wallet,INVALID,Invoice references non-existent/invalid subscription; Negative tax_amount,Pending
I0002151,S002356,2024-12-10,2025-01-06,67633.1,13468.11,Paid,2024-12-17,Card,INVALID,Invoice references non-existent/invalid subscription,Paid
I0002152,S001505,2025-04-06,2025-05-04,65030.66,13907.74,Pending,,Wallet,INVALID,Invoice references non-existent/invalid subscription,Pending
I0002153,S001994,2024-06-23,2024-07-18,107623.17,17360.07,Refunded,,Bank Transfer,INVALID,Invoice references non-existent/invalid subscription,Refunded
I0002154,S001735,2024-01-25,2024-02-28,,10191.84,Paid,2024-02-03,UPI,SUSPICIOUS,Missing invoice_amount,Paid
I0002155,S000606,2025-03-23,2025-04-27,86010.59,-2786.68,Pending,,,INVALID,Invoice references non-existent/invalid subscription; Negative tax_amount,Pending
I0002156,S001664,2025-01-05,2025-01-04,83500.21,431.98,,,Bank Transfer,INVALID,Invoice references non-existent/invalid subscription; Missing payment_status,Nan
I0002157,S002102,2026-01-16,2026-03-02,67570.09,19593.97,Paid,2026-02-10,,VALID,No issues detected,Paid
,S002351,2024-07-27,2024-09-08,87022.36,16983.54,Pending,,UPI,INVALID,Missing invoice_id; Invoice references non-existent/invalid subscription,Pending
I0002159,S002271,2024-08-30,2024-10-03,99637.53,13883.41,Refunded,,,VALID,No issues detected,Refunded
I0002160,S000805,2024-02-28,2024-03-11,47965.43,10969.62,Refunded,,Card,VALID,No issues detected,Refunded
I0002161,S000553,2025-11-06,2025-12-15,36431.29,20603.7,Paid,2025-10-30,,INVALID,Invoice references non-existent/invalid subscription; Payment date earlier than invoice date,Paid
I0002162,S002353,2024-08-27,2024-09-23,36492.82,3374.39,Refunded,,Card,INVALID,Invoice references non-existent/invalid subscription,Refunded
I0002163,S001543,2025-04-15,2025-05-10,34906.85,771.17,Paid,2025-06-21,UPI,INVALID,Invoice references non-existent/invalid subscription,Paid
I0002164,S001891,2024-09-20,2024-09-30,17783.96,6762.6,Pending,2024-10-18,Card,VALID,No issues detected,Pending
I0002165,S000325,2024-03-05,2024-03-14,48240.35,-4918.04,Pending,,Card,INVALID,Invoice references non-existent/invalid subscription; Negative tax_amount,Pending
I0002166,S002099,2024-07-23,2024-08-09,823.07,-778.97,Failed,2024-09-22,Wallet,INVALID,Negative tax_amount,Failed
I0002167,S000448,2025-11-26,2026-01-03,,5156.04,Failed,,Bank Transfer,INVALID,Invoice references non-existent/invalid subscription; Missing invoice_amount,Failed
I0002168,S000886,2025-09-22,2025-10-17,39532.42,,Failed,2025-11-09,Bank Transfer,INVALID,Invoice references non-existent/invalid subscription,Failed
I0002169,S001612,2024-12-20,2024-12-27,72271.72,22748.62,Refunded,,Card,INVALID,Invoice references non-existent/invalid subscription,Refunded
I0002170,S000916,2024-01-17,2024-01-27,37129.13,3184.12,Paid,2024-03-18,Card,INVALID,Invoice references non-existent/invalid subscription,Paid
I0002171,S000723,2025-07-14,2025-08-06,85883.94,23563.99,Refunded,,UPI,VALID,No issues detected,Refunded
I0002172,S001529,2025-09-11,2025-09-25,49567.42,-4832.1,Paid,2025-10-07,Bank Transfer,INVALID,Invoice references non-existent/invalid subscription; Negative tax_amount,Paid
I0002173,S000212,2025-07-14,2025-08-05,75388.37,13256.04,Failed,,UPI,INVALID,Invoice references non-existent/invalid subscription,Failed
I0002174,S001024,2024-02-05,2024-03-07,31422.82,14290.45,,2024-02-16,,SUSPICIOUS,Missing payment_status,Nan
I0002175,S000465,2025-01-30,2025-03-03,-52498.18,22029.2,Refunded,,Bank Transfer,INVALID,Negative invoice_amount,Refunded
I0002176,S000960,2026-01-24,2026-02-02,30224.57,,Paid,2026-03-08,Bank Transfer,VALID,No issues detected,Paid
I0002177,S001844,2024-08-20,2024-09-24,,15573.66,Failed,,,SUSPICIOUS,Missing invoice_amount,Failed
,S001244,2025-04-03,2025-04-18,70929.6,5047.68,Pending,,UPI,INVALID,Missing invoice_id; Invoice references non-existent/invalid subscription,Pending
I0002179,S001897,2024-05-19,2024-06-05,51077.41,13210.49,Refunded,,Wallet,INVALID,Invoice references non-existent/invalid subscription,Refunded
I0002180,S000263,2024-02-02,2024-02-15,57169.77,21637.94,,2024-03-24,,SUSPICIOUS,Missing payment_status,Nan
I0002181,S000975,2025-06-16,2025-07-10,74506.65,3491.52,Paid,2025-08-12,Wallet,INVALID,Invoice references non-existent/invalid subscription,Paid
I0002182,S000797,2024-08-02,2024-09-12,24119.65,6858.21,Paid,2024-09-06,Bank Transfer,INVALID,Invoice references non-existent/invalid subscription,Paid
I0002183,S001067,2025-01-11,2025-02-24,14376.94,9697.52,Failed,,Wallet,VALID,No issues detected,Failed
I0002184,S001694,2024-09-16,2024-09-10,,12918.21,Failed,2024-09-21,Card,INVALID,Invoice references non-existent/invalid subscription; Missing invoice_amount,Failed
I0002185,S002220,2024-05-20,2024-07-02,107728.43,22139.56,,2024-06-18,Wallet,INVALID,Invoice references non-existent/invalid subscription; Missing payment_status,Nan
I0002186,S001833,2025-04-25,2025-05-22,28756.27,7854.67,,,Bank Transfer,INVALID,Invoice references non-existent/invalid subscription; Missing payment_status,Nan
,S001015,2024-03-30,2024-04-17,97262.37,14169.4,,2024-06-06,UPI,INVALID,Missing invoice_id; Invoice references non-existent/invalid subscription; Missing payment_status,Nan
I0002188,S000884,2025-04-07,2025-03-26,,10304.79,Refunded,2025-05-11,UPI,INVALID,Invoice references non-existent/invalid subscription; Missing invoice_amount,Refunded
I0002189,S001994,2025-06-24,2025-07-06,24271.74,,Refunded,,UPI,INVALID,Invoice references non-existent/invalid subscription,Refunded
I0002190,S000708,2025-11-19,2025-12-30,24687.04,18630.51,Refunded,,Wallet,INVALID,Invoice references non-existent/invalid subscription,Refunded
I0002191,S000344,2025-07-27,2025-08-06,,18552.35,Paid,2025-09-12,Bank Transfer,INVALID,Invoice references non-existent/invalid subscription; Missing invoice_amount,Paid
I0002192,S000320,2024-02-26,2024-03-28,61330.39,,,,Wallet,SUSPICIOUS,Missing payment_status,Nan
I0002193,S001912,2025-08-14,2025-08-21,105624.05,18940.64,Failed,,Card,INVALID,Invoice references non-existent/invalid subscription,Failed
I0002194,S001667,2024-12-18,2025-02-01,12642.98,15184.26,Paid,2025-01-15,,INVALID,Invoice references non-existent/invalid subscription,Paid
I0002195,S000246,2024-03-08,2024-03-28,39795.98,20132.23,Refunded,,,INVALID,Invoice references non-existent/invalid subscription,Refunded
I0002196,S001568,2025-01-21,2025-03-01,91706.61,1123.7,Pending,,Card,VALID,No issues detected,Pending
I0002197,S001781,2025-12-31,2026-01-12,115896.56,21711.45,Refunded,2026-02-23,,INVALID,Invoice references non-existent/invalid subscription,Refunded
I0002198,S000075,2025-12-04,2025-12-22,54092.85,11098.59,Failed,,Card,VALID,No issues detected,Failed
I0002199,S002005,2025-02-26,2025-03-13,5913.92,9480.47,,,UPI,SUSPICIOUS,Missing payment_status,Nan
I0002200,S000785,2025-01-18,2025-02-27,73779.65,5817.98,Paid,2025-01-17,Bank Transfer,INVALID,Payment date earlier than invoice date,Paid
I0002201,S001116,2026-01-10,2026-01-26,23477.83,2954.84,Refunded,,Bank Transfer,INVALID,Invoice references non-existent/invalid subscription,Refunded
I0002202,S001157,2024-09-09,2024-09-20,89782.27,7550.48,Failed,,Bank Transfer,INVALID,Invoice references non-existent/invalid subscription,Failed
I0002203,S000608,2026-01-12,2026-02-16,59147.31,-3030.75,Paid,2026-01-24,Card,INVALID,Invoice references non-existent/invalid subscription; Negative tax_amount,Paid
I0002204,S000853,2026-01-25,2026-02-24,39551.77,124.24,,,UPI,INVALID,Invoice references non-existent/invalid subscription; Missing payment_status,Nan
I0002205,S000007,2025-07-26,2025-08-28,39910.51,24409.98,,,Card,INVALID,Invoice references non-existent/invalid subscription; Missing payment_status,Nan
I0002206,S001776,2024-10-27,2024-10-13,23973.53,-3314.7,,,Wallet,INVALID,Invoice references non-existent/invalid subscription; Negative tax_amount; Missing payment_status,Nan
I0002207,S000140,2024-01-20,2024-03-01,94179.34,20009.94,Failed,,Bank Transfer,INVALID,Invoice references non-existent/invalid subscription,Failed
I0002208,S001883,2025-12-23,2026-01-24,37277.11,7673.31,Refunded,,Wallet,VALID,No issues detected,Refunded
I0002209,S001892,2024-12-23,2025-01-21,77478.58,421.99,Pending,,Wallet,INVALID,Invoice references non-existent/invalid subscription,Pending
I0002210,S002349,2025-10-16,2025-10-24,91657.57,21773.89,Failed,2025-11-04,Bank Transfer,INVALID,Invoice references non-existent/invalid subscription,Failed
I0002211,S001123,2024-09-28,2024-10-07,115467.78,2642.7,Failed,,Bank Transfer,VALID,No issues detected,Failed
I0002212,S002203,2024-07-07,2024-07-26,,11868.88,Pending,,Bank Transfer,INVALID,Invoice references non-existent/invalid subscription; Missing invoice_amount,Pending
I0002213,S001608,2025-07-08,2025-07-16,-8974.85,-4803.98,Failed,,Card,INVALID,Invoice references non-existent/invalid subscription; Negative invoice_amount; Negative tax_amount,Failed
I0002214,S001990,2025-11-25,2025-12-24,,,Paid,2025-12-23,Wallet,INVALID,Invoice references non-existent/invalid subscription; Missing invoice_amount,Paid
I0002215,S001748,2024-01-19,2024-02-11,10503.74,-2944.99,Refunded,,,INVALID,Invoice references non-existent/invalid subscription; Negative tax_amount,Refunded
I0002216,S000385,2024-05-20,2024-06-19,60795.6,24552.5,,,Bank Transfer,INVALID,Invoice references non-existent/invalid subscription; Missing payment_status,Nan
I0002217,S001706,2024-03-15,2024-03-07,34246.03,15851.11,Paid,2024-03-30,Card,VALID,No issues detected,Paid
I0002218,S001729,2024-06-15,2024-07-04,13656.98,,Failed,,Card,VALID,No issues detected,Failed
I0002219,S000537,2025-11-22,2025-12-12,116229.12,9781.76,Pending,,UPI,INVALID,Invoice references non-existent/invalid subscription,Pending
I0002220,S001627,2025-03-23,2025-03-31,62782.69,-282.76,Failed,2025-03-28,Wallet,INVALID,Invoice references non-existent/invalid subscription; Negative tax_amount,Failed
I0002221,S001090,2024-03-19,2024-04-14,81970.75,6310.12,Paid,2024-05-01,Card,VALID,No issues detected,Paid
I0002222,S000864,2025-01-22,2025-02-28,3620.54,18252.99,Failed,,,INVALID,Invoice references non-existent/invalid subscription,Failed
I0002223,S001303,2025-09-22,2025-11-06,13690.96,23968.31,,,UPI,SUSPICIOUS,Missing payment_status,Nan
I0002224,S001389,2025-05-05,2025-06-04,52518.98,18263.3,Paid,2025-06-14,,INVALID,Invoice references non-existent/invalid subscription,Paid
I0002225,S002315,2024-11-03,2024-12-11,95580.11,4468.7,Pending,,Bank Transfer,INVALID,Invoice references non-existent/invalid subscription,Pending
I0002226,S001943,2026-01-24,2026-03-08,,20479.74,,,Bank Transfer,INVALID,Invoice references non-existent/invalid subscription; Missing invoice_amount; Missing payment_status,Nan
I0002227,S002281,2025-09-17,2025-09-25,20173.49,,Paid,2025-11-21,Bank Transfer,VALID,No issues detected,Paid
I0002228,S000467,2025-03-12,2025-04-03,77320.44,24291.36,Failed,,UPI,INVALID,Invoice references non-existent/invalid subscription,Failed
I0002229,S002295,2024-03-31,2024-03-22,68455.53,6828.91,Pending,,Bank Transfer,VALID,No issues detected,Pending
I0002230,S000715,2025-05-07,2025-05-03,91649.33,23507.24,Refunded,,Bank Transfer,VALID,No issues detected,Refunded
I0002231,S000834,2024-05-28,2024-07-02,32512.92,16552.6,,,,INVALID,Invoice references non-existent/invalid subscription; Missing payment_status,Nan
I0002232,S000255,2025-02-14,2025-02-23,66640.8,13855.72,Failed,2025-02-05,,INVALID,Invoice references non-existent/invalid subscription; Payment date earlier than invoice date,Failed
I0002233,S002214,2026-01-30,2026-02-06,,16762.48,Refunded,,Card,INVALID,Invoice references non-existent/invalid subscription; Missing invoice_amount,Refunded
I0002234,S002159,2024-12-02,2024-12-29,,6963.81,Paid,2025-01-28,,INVALID,Invoice references non-existent/invalid subscription; Missing invoice_amount,Paid
I0002235,S000756,2025-09-29,2025-11-05,110187.05,-1744.95,Failed,,,INVALID,Negative tax_amount,Failed
I0002236,S001147,2026-01-22,2026-02-25,21831.88,-4163.21,Refunded,,,INVALID,Invoice references non-existent/invalid subscription; Negative tax_amount,Refunded
I0002237,S001369,2024-11-20,2024-12-24,-32590.7,-872.12,,,Card,INVALID,Invoice references non-existent/invalid subscription; Negative invoice_amount; Negative tax_amount; Missing payment_status,Nan
I0002238,S002053,2024-07-28,2024-08-17,46682.61,14034.01,Pending,,Bank Transfer,INVALID,Invoice references non-existent/invalid subscription,Pending
I0002239,S002393,2024-10-25,2024-12-02,81757.56,,,2024-11-29,UPI,SUSPICIOUS,Missing payment_status,Nan
I0002240,S000861,2024-12-07,2024-11-27,-58113.83,16710.07,Refunded,,Wallet,INVALID,Invoice references non-existent/invalid subscription; Negative invoice_amount,Refunded
I0002241,S000742,2025-01-06,2025-01-20,5811.16,12552.28,Failed,,Card,INVALID,Invoice references non-existent/invalid subscription,Failed
I0002242,S000286,2024-09-02,2024-09-09,15853.96,12325.2,,,Wallet,SUSPICIOUS,Missing payment_status,Nan
I0002243,S002293,2025-11-20,2025-11-27,105982.7,14583.47,Pending,,,INVALID,Invoice references non-existent/invalid subscription,Pending
I0002244,S001780,2025-01-30,2025-02-09,910.92,6434.74,Paid,2025-02-25,Card,VALID,No issues detected,Paid
I0002245,S002061,2024-09-29,2024-10-11,88185.21,18097.35,,,,INVALID,Invoice references non-existent/invalid subscription; Missing payment_status,Nan
I0002246,S000870,2024-10-19,2024-11-14,43728.31,9668.97,Paid,2024-12-24,Bank Transfer,VALID,No issues detected,Paid
I0002247,S001348,2025-10-12,2025-11-17,68052.98,21432.6,Failed,,,VALID,No issues detected,Failed
I0002248,S000026,2024-11-02,2024-11-09,71423.83,,,,Wallet,INVALID,Invoice references non-existent/invalid subscription; Missing payment_status,Nan
I0002249,S002120,2025-08-26,2025-09-12,6114.19,9734.14,Failed,,Card,INVALID,Invoice references non-existent/invalid subscription,Failed
I0002250,S001903,2025-05-05,2025-06-15,94398.21,2673.79,Pending,,Bank Transfer,VALID,No issues detected,Pending
I0002251,S000094,2024-06-03,2024-06-23,100577.59,12780.9,,2024-08-02,Card,SUSPICIOUS,Missing payment_status,Nan
I0002252,S001498,2025-12-03,2025-12-14,87428.66,-4751.72,Refunded,,,INVALID,Negative tax_amount,Refunded
I0002253,S000473,2024-11-28,2024-12-07,27127.15,,Paid,2024-11-19,,INVALID,Invoice references non-existent/invalid subscription; Payment date earlier than invoice date,Paid
I0002254,S000055,2025-08-03,2025-09-11,52415.47,-691.99,,,UPI,INVALID,Negative tax_amount; Missing payment_status,Nan
I0002255,S001660,2025-04-20,2025-05-13,1461.37,18334.8,Pending,,Card,INVALID,Invoice references non-existent/invalid subscription,Pending
I0002256,S001693,2024-12-18,2025-01-13,11104.42,-3080.94,Paid,2025-01-29,Bank Transfer,INVALID,Negative tax_amount,Paid
I0002257,S001952,2025-05-11,2025-06-12,50007.08,18510.83,Pending,,UPI,INVALID,Invoice references non-existent/invalid subscription,Pending
I0002258,S001878,2025-12-18,2025-12-28,5119.98,6695.84,,2026-01-02,UPI,SUSPICIOUS,Missing payment_status,Nan
I0002259,S001917,2024-12-27,2025-01-10,70530.49,,Paid,2025-02-02,Card,INVALID,Invoice references non-existent/invalid subscription,Paid
I0002260,S000428,2025-04-06,2025-05-09,,-615.8,,2025-04-06,,INVALID,Invoice references non-existent/invalid subscription; Negative tax_amount; Missing invoice_amount; Missing payment_status,Nan
I0002261,S001702,2024-07-07,2024-08-21,92629.06,4699.13,,2024-09-23,Card,SUSPICIOUS,Missing payment_status,Nan
I0002262,S001844,2024-09-03,2024-10-04,64011.29,1539.58,Failed,,,VALID,No issues detected,Failed
I0002263,S000040,2025-03-18,2025-04-18,90245.44,23145.41,,2025-06-06,,SUSPICIOUS,Missing payment_status,Nan
I0002264,S000536,2025-09-30,2025-10-11,-87821.33,23706.12,Paid,2025-10-03,Bank Transfer,INVALID,Invoice references non-existent/invalid subscription; Negative invoice_amount,Paid
I0002265,S001986,2025-11-01,2025-11-30,106141.91,,Paid,2025-11-15,UPI,INVALID,Invoice references non-existent/invalid subscription,Paid
I0002266,S001922,2025-08-16,2025-08-07,91932.94,14813.79,Pending,,UPI,INVALID,Invoice references non-existent/invalid subscription,Pending
,S001898,2025-02-18,2025-03-22,47102.31,-1003.75,Refunded,,Card,INVALID,Missing invoice_id; Invoice references non-existent/invalid subscription; Negative tax_amount,Refunded
I0002268,S000945,2024-02-27,2024-04-08,119861.68,21492.62,Paid,2024-03-08,UPI,VALID,No issues detected,Paid
I0002269,S000237,2025-10-01,2025-10-14,76470.11,16305.84,Pending,2025-12-10,UPI,VALID,No issues detected,Pending
I0002270,S001830,2024-09-15,2024-10-12,79477.15,19570.32,Paid,2024-10-05,UPI,INVALID,Invoice references non-existent/invalid subscription,Paid
I0002271,S000885,2025-12-03,2026-01-12,2174.14,11096.66,Paid,2026-01-25,Card,VALID,No issues detected,Paid
I0002272,S001322,2024-06-27,2024-07-16,69492.11,-1453.44,Refunded,,,INVALID,Invoice references non-existent/invalid subscription; Negative tax_amount,Refunded
I0002273,S001354,2024-07-29,2024-08-16,22701.25,-34.4,,,Wallet,INVALID,Invoice references non-existent/invalid subscription; Negative tax_amount; Missing payment_status,Nan
I0002274,S000444,2024-03-04,2024-03-26,51052.86,4417.98,Paid,2024-05-12,Card,INVALID,Invoice references non-existent/invalid subscription,Paid
I0002275,S001251,2025-08-30,2025-10-06,92906.89,23.62,Refunded,,Wallet,INVALID,Invoice references non-existent/invalid subscription,Refunded
I0002276,S000100,2025-01-20,2025-03-06,107058.1,17749.83,Failed,2025-02-26,UPI,VALID,No issues detected,Failed
I0002277,S001170,2025-05-31,2025-05-19,50115.26,21717.89,Pending,,Wallet,INVALID,Invoice references non-existent/invalid subscription,Pending
I0002278,S001684,2025-04-27,2025-06-04,13098.23,16705.31,Paid,2025-05-27,Bank Transfer,VALID,No issues detected,Paid
I0002279,S000079,2025-05-30,2025-07-11,22797.66,15574.23,Failed,,Card,INVALID,Invoice references non-existent/invalid subscription,Failed
I0002280,S001543,2025-04-29,2025-05-15,12315.16,16059.42,Paid,2025-06-29,UPI,INVALID,Invoice references non-existent/invalid subscription,Paid
I0002281,S000194,2025-01-27,2025-02-17,,4643.97,Pending,,Wallet,INVALID,Invoice references non-existent/invalid subscription; Missing invoice_amount,Pending
I0002282,S000497,2025-09-28,2025-10-27,15576.6,-4069.1,Refunded,,Bank Transfer,INVALID,Negative tax_amount,Refunded
I0002283,S000214,2024-11-10,2024-11-24,67577.36,22937.12,Failed,,,INVALID,Invoice references non-existent/invalid subscription,Failed
I0002284,S001482,2026-01-14,2026-01-27,46402.03,-3934.28,Failed,2026-02-20,UPI,INVALID,Negative tax_amount,Failed
I0002285,S001596,2025-09-06,2025-09-28,69596.45,,Failed,2025-11-20,Bank Transfer,INVALID,Invoice references non-existent/invalid subscription,Failed
I0002286,S001058,2024-12-20,2024-12-28,,13909.47,Refunded,,Card,INVALID,Invoice references non-existent/invalid subscription; Missing invoice_amount,Refunded
I0002287,S000503,2025-12-13,2025-12-06,56999.08,11322.8,Paid,2026-01-16,Card,INVALID,Invoice references non-existent/invalid subscription,Paid
I0002288,S000655,2024-02-20,2024-03-07,73192.57,11208.2,Paid,2024-04-15,Wallet,INVALID,Invoice references non-existent/invalid subscription,Paid
I0002289,S001704,2025-06-11,2025-07-14,14030.54,-4875.27,,,Wallet,INVALID,Invoice references non-existent/invalid subscription; Negative tax_amount; Missing payment_status,Nan
I0002290,S001194,2024-01-24,2024-02-28,79764.5,19533.9,Paid,2024-03-02,Bank Transfer,INVALID,Invoice references non-existent/invalid subscription,Paid
I0002291,S000867,2025-01-31,2025-02-18,,3282.61,,2025-02-13,UPI,INVALID,Invoice references non-existent/invalid subscription; Missing invoice_amount; Missing payment_status,Nan
I0002292,S000396,2025-01-09,2025-02-07,20648.04,6317.73,Pending,,Wallet,VALID,No issues detected,Pending
I0002293,S000635,2025-11-15,2025-12-27,94383.58,12624.0,Pending,,,INVALID,Invoice references non-existent/invalid subscription,Pending
I0002294,S000709,2024-11-01,2024-11-12,88901.48,11741.95,,,,SUSPICIOUS,Missing payment_status,Nan
I0002295,S000993,2025-03-25,2025-05-04,108550.33,-896.26,Paid,2025-05-02,Bank Transfer,INVALID,Invoice references non-existent/invalid subscription; Negative tax_amount,Paid
I0002296,S000612,2024-01-04,2023-12-21,109572.69,,Paid,2024-01-01,Card,INVALID,Invoice references non-existent/invalid subscription; Payment date earlier than invoice date,Paid
I0002297,S001888,2025-10-07,2025-11-19,26999.56,-3179.52,Pending,,Card,INVALID,Invoice references non-existent/invalid subscription; Negative tax_amount,Pending
,S002049,2025-08-06,2025-08-14,78113.54,10046.52,,2025-10-03,Wallet,INVALID,Missing invoice_id; Missing payment_status,Nan
I0002299,S001877,2024-04-03,2024-04-15,85484.09,18763.8,,,Card,INVALID,Invoice references non-existent/invalid subscription; Missing payment_status,Nan
I0002300,S001182,2025-05-27,2025-06-12,74152.19,-638.33,Pending,,UPI,INVALID,Invoice references non-existent/invalid subscription; Negative tax_amount,Pending
I0002301,S001328,2025-07-08,2025-07-26,2006.2,651.65,Refunded,,UPI,INVALID,Invoice references non-existent/invalid subscription,Refunded
I0002302,S000898,2025-07-16,2025-08-07,99667.68,22700.5,Failed,,UPI,INVALID,Invoice references non-existent/invalid subscription,Failed
I0002303,S001808,2024-05-29,2024-07-02,53087.38,9271.55,Pending,,Bank Transfer,VALID,No issues detected,Pending
I0002304,S002288,2024-04-24,2024-05-16,27890.83,,Refunded,2024-06-14,Wallet,VALID,No issues detected,Refunded
I0002305,S001312,2025-04-09,2025-05-15,25461.7,20374.54,Pending,,UPI,INVALID,Invoice references non-existent/invalid subscription,Pending
I0002306,S000385,2025-06-18,2025-07-27,63925.74,5446.32,Pending,,Card,INVALID,Invoice references non-existent/invalid subscription,Pending
I0002307,S000515,2025-03-18,2025-03-28,51920.56,-3109.55,Failed,2025-05-30,,INVALID,Invoice references non-existent/invalid subscription; Negative tax_amount,Failed
I0002308,S000760,2025-08-17,2025-08-10,13313.49,174.37,Pending,,,VALID,No issues detected,Pending
I0002309,S002335,2024-12-06,2024-12-22,71869.51,-4241.64,Paid,2025-02-02,,INVALID,Invoice references non-existent/invalid subscription; Negative tax_amount,Paid
I0002310,S000597,2024-06-16,2024-07-04,5883.09,12761.97,Pending,,Card,VALID,No issues detected,Pending
I0002311,S000534,2025-09-05,2025-10-05,24967.23,,Failed,,Card,INVALID,Invoice references non-existent/invalid subscription,Failed
I0002312,S000849,2025-11-14,2025-12-09,-85332.94,13810.16,,2026-01-12,Card,INVALID,Invoice references non-existent/invalid subscription; Negative invoice_amount; Missing payment_status,Nan
I0002313,S001803,2024-08-13,2024-09-17,76805.31,18910.39,Failed,2024-10-06,Card,INVALID,Invoice references non-existent/invalid subscription,Failed
I0002314,S001115,2024-08-29,2024-10-13,6489.5,18315.99,Failed,,Bank Transfer,VALID,No issues detected,Failed
I0002315,S001311,2025-03-01,2025-02-24,25318.49,20089.17,Paid,2025-04-08,Bank Transfer,VALID,No issues detected,Paid
I0002316,S002034,2025-02-10,2025-01-29,20387.8,3158.53,,,Wallet,SUSPICIOUS,Missing payment_status,Nan
I0002317,S002198,2024-11-08,2024-12-08,29317.03,20300.15,,,Card,SUSPICIOUS,Missing payment_status,Nan
I0002318,S002243,2024-09-25,2024-10-19,72130.72,12332.6,,,,SUSPICIOUS,Missing payment_status,Nan
I0002319,S001957,2024-03-21,2024-05-04,64511.8,-4590.55,,,Wallet,INVALID,Invoice references non-existent/invalid subscription; Negative tax_amount; Missing payment_status,Nan
I0002320,S001481,2025-11-01,2025-12-14,61131.89,-3587.98,Failed,,Bank Transfer,INVALID,Invoice references non-existent/invalid subscription; Negative tax_amount,Failed
I0002321,S000984,2024-11-08,2024-12-05,65959.16,6227.91,Paid,2025-01-17,Card,INVALID,Invoice references non-existent/invalid subscription,Paid
,S001174,2024-10-28,2024-11-24,94578.96,13668.83,,2025-01-06,Bank Transfer,INVALID,Missing invoice_id; Invoice references non-existent/invalid subscription; Missing payment_status,Nan
I0002323,S000425,2025-12-14,2026-01-20,-91270.34,972.19,,2026-02-20,Card,INVALID,Negative invoice_amount; Missing payment_status,Nan
I0002324,S001888,2025-09-09,2025-09-25,23035.24,14608.01,Refunded,,,INVALID,Invoice references non-existent/invalid subscription,Refunded
I0002325,S001096,2025-02-06,2025-02-16,78265.32,7834.36,Refunded,,Wallet,INVALID,Invoice references non-existent/invalid subscription,Refunded
I0002326,S002056,2024-06-17,2024-07-11,48116.16,13768.23,Paid,2024-06-08,UPI,INVALID,Invoice references non-existent/invalid subscription; Payment date earlier than invoice date,Paid
I0002327,S000259,2025-07-15,2025-08-17,57815.97,-461.19,Paid,2025-08-24,Wallet,INVALID,Invoice references non-existent/invalid subscription; Negative tax_amount,Paid
I0002328,S002250,2025-01-13,2025-02-11,30693.96,17751.2,,,UPI,INVALID,Invoice references non-existent/invalid subscription; Missing payment_status,Nan
I0002329,S001677,2025-10-14,2025-10-23,1679.91,,Paid,2025-12-08,UPI,VALID,No issues detected,Paid
,S001684,2024-01-12,2024-01-19,108782.01,13392.17,Pending,,,INVALID,Missing invoice_id,Pending
I0002331,S002360,2025-03-19,2025-04-22,108199.93,2673.21,Pending,,Wallet,INVALID,Invoice references non-existent/invalid subscription,Pending
I0002332,S002397,2025-02-02,2025-03-15,98049.25,334.12,,,Wallet,INVALID,Invoice references non-existent/invalid subscription; Missing payment_status,Nan
I0002333,S000746,2024-07-11,2024-08-08,113776.51,17596.55,Pending,,Wallet,INVALID,Invoice references non-existent/invalid subscription,Pending
I0002334,S002093,2024-07-04,2024-07-19,19420.55,24997.33,,,UPI,SUSPICIOUS,Missing payment_status,Nan
I0002335,S000854,2024-07-30,2024-09-13,101327.62,15671.8,Paid,2024-10-08,Bank Transfer,VALID,No issues detected,Paid
I0002336,S000770,2024-12-21,2025-01-14,79955.18,9273.83,Refunded,,Wallet,INVALID,Invoice references non-existent/invalid subscription,Refunded
I0002337,S001803,2024-02-18,2024-02-25,103945.43,-1998.99,Failed,2024-03-23,,INVALID,Invoice references non-existent/invalid subscription; Negative tax_amount,Failed
I0002338,S001367,2025-04-08,2025-04-01,95909.63,,Paid,2025-05-13,Card,INVALID,Invoice references non-existent/invalid subscription,Paid
I0002339,S001301,2024-08-22,2024-09-17,70602.3,,Refunded,,Bank Transfer,VALID,No issues detected,Refunded
I0002340,S000973,2024-03-10,2024-04-09,74811.07,18924.15,Paid,2024-05-19,,INVALID,Invoice references non-existent/invalid subscription,Paid
I0002341,S001548,2024-10-05,2024-10-24,-77708.87,9528.93,Failed,2024-10-12,UPI,INVALID,Invoice references non-existent/invalid subscription; Negative invoice_amount,Failed
I0002342,S000739,2024-01-01,2024-01-15,93593.35,6036.53,Paid,2024-01-04,,INVALID,Invoice references non-existent/invalid subscription,Paid
I0002343,S000166,2024-01-09,2024-02-02,,494.88,Failed,,Bank Transfer,SUSPICIOUS,Missing invoice_amount,Failed
I0002344,S001015,2025-07-13,2025-08-15,8759.42,3555.58,Pending,,Bank Transfer,INVALID,Invoice references non-existent/invalid subscription,Pending
I0002345,S001969,2024-05-29,2024-06-18,66807.83,-3140.01,Paid,2024-06-16,UPI,INVALID,Invoice references non-existent/invalid subscription; Negative tax_amount,Paid
I0002346,S000447,2025-08-13,2025-09-14,38023.5,-3159.14,Pending,,Card,INVALID,Invoice references non-existent/invalid subscription; Negative tax_amount,Pending
I0002347,S001585,2024-08-30,2024-09-24,7604.54,,,2024-10-01,,INVALID,Invoice references non-existent/invalid subscription; Missing payment_status,Nan
I0002348,S001214,2025-01-04,2025-01-28,39123.32,8238.27,Pending,,Wallet,INVALID,Invoice references non-existent/invalid subscription,Pending
I0002349,S000279,2025-04-07,2025-05-05,64602.45,18804.99,Refunded,,,INVALID,Invoice references non-existent/invalid subscription,Refunded
I0002350,S000377,2024-07-26,2024-07-14,19348.79,6968.76,Refunded,,UPI,VALID,No issues detected,Refunded
I0002351,S002193,2025-10-15,2025-11-26,-40276.88,18637.62,Failed,,Bank Transfer,INVALID,Invoice references non-existent/invalid subscription; Negative invoice_amount,Failed
I0002352,S000352,2025-07-10,2025-08-06,107546.16,17115.26,Paid,2025-07-03,Bank Transfer,INVALID,Invoice references non-existent/invalid subscription; Payment date earlier than invoice date,Paid
I0002353,S002025,2024-06-07,2024-07-03,,1795.39,Refunded,,UPI,INVALID,Invoice references non-existent/invalid subscription; Missing invoice_amount,Refunded
I0002354,S000536,2024-11-06,2024-12-04,-41014.29,10423.97,Refunded,,Card,INVALID,Invoice references non-existent/invalid subscription; Negative invoice_amount,Refunded
I0002355,S000970,2024-05-20,2024-06-05,107291.94,292.78,,,Bank Transfer,INVALID,Invoice references non-existent/invalid subscription; Missing payment_status,Nan
I0002356,S001148,2024-01-21,2024-02-07,,17297.02,Failed,,Bank Transfer,SUSPICIOUS,Missing invoice_amount,Failed
I0002357,S000940,2024-06-17,2024-08-01,109974.16,-4764.94,Pending,,,INVALID,Negative tax_amount,Pending
I0002358,S000164,2024-09-03,2024-09-13,42023.7,8612.17,,2024-10-10,Wallet,SUSPICIOUS,Missing payment_status,Nan
I0002359,S001707,2025-07-11,2025-07-28,16331.49,3575.7,Paid,2025-09-02,Wallet,INVALID,Invoice references non-existent/invalid subscription,Paid
I0002360,S001707,2024-06-28,2024-07-06,54583.66,-4037.81,Refunded,,Wallet,INVALID,Invoice references non-existent/invalid subscription; Negative tax_amount,Refunded
I0002361,S001769,2024-07-28,2024-08-04,42751.71,-1286.36,Failed,2024-10-14,Wallet,INVALID,Invoice references non-existent/invalid subscription; Negative tax_amount,Failed
I0002362,S000098,2024-02-28,2024-03-21,59369.85,20593.09,Pending,,UPI,INVALID,Invoice references non-existent/invalid subscription,Pending
I0002363,S001461,2025-01-07,2025-02-10,57100.73,3110.39,Refunded,2025-03-09,UPI,VALID,No issues detected,Refunded
I0002364,S000711,2024-04-07,2024-04-19,81411.13,8978.08,,,Bank Transfer,INVALID,Invoice references non-existent/invalid subscription; Missing payment_status,Nan
I0002365,S000450,2025-07-27,2025-08-14,80083.54,12702.64,Refunded,,Card,VALID,No issues detected,Refunded
I0002366,S000624,2024-11-19,2024-12-11,94805.32,23645.15,Paid,2024-12-15,,INVALID,Invoice references non-existent/invalid subscription,Paid
I0002367,S001276,2025-11-03,2025-11-10,47614.83,12211.33,Failed,,,INVALID,Invoice references non-existent/invalid subscription,Failed
I0002368,S001905,2024-03-19,2024-04-13,102130.98,4674.46,Paid,2024-04-06,Card,VALID,No issues detected,Paid
I0002369,S002319,2025-09-02,2025-09-27,21986.65,23281.88,Failed,,Bank Transfer,VALID,No issues detected,Failed
I0002370,S000807,2025-10-21,2025-11-17,69125.43,24310.78,Pending,2025-10-12,Wallet,INVALID,Payment date earlier than invoice date,Pending
I0002371,S002323,2024-10-31,2024-12-12,101572.44,7215.22,,,Bank Transfer,INVALID,Invoice references non-existent/invalid subscription; Missing payment_status,Nan
I0002372,S000282,2025-12-10,2026-01-07,-63884.77,3494.67,Failed,2026-02-12,Card,INVALID,Negative invoice_amount,Failed
I0002373,S001260,2024-01-07,2024-02-14,55156.12,-1713.09,Pending,,,INVALID,Negative tax_amount,Pending
I0002374,S000669,2025-11-15,2025-12-16,119097.16,-3427.5,Paid,2026-01-06,,INVALID,Invoice references non-existent/invalid subscription; Negative tax_amount,Paid
I0002375,S001002,2024-10-18,2024-11-27,49047.78,21097.2,Refunded,,Wallet,INVALID,Invoice references non-existent/invalid subscription,Refunded
I0002376,S001147,2024-05-21,2024-05-31,86991.44,17065.65,,,,INVALID,Invoice references non-existent/invalid subscription; Missing payment_status,Nan
I0002377,S000740,2025-02-23,2025-03-28,47462.59,9091.06,Paid,2025-02-19,Card,INVALID,Payment date earlier than invoice date,Paid
I0002378,S000216,2024-11-20,2024-12-25,73918.99,-2551.65,Paid,2024-12-09,Bank Transfer,INVALID,Negative tax_amount,Paid
I0002379,S001368,2025-01-04,2025-01-30,86793.21,-4005.36,Pending,,,INVALID,Negative tax_amount,Pending
I0002380,S001592,2024-10-22,2024-10-31,37547.72,15104.84,,2024-11-18,Wallet,SUSPICIOUS,Missing payment_status,Nan
I0002381,S002107,2025-11-21,2025-12-12,30590.66,23731.44,,,,SUSPICIOUS,Missing payment_status,Nan
I0002382,S001792,2025-05-08,2025-06-11,90295.16,10245.78,Failed,,UPI,VALID,No issues detected,Failed
I0002383,S000602,2024-11-08,2024-11-18,39217.06,1824.74,,,,INVALID,Invoice references non-existent/invalid subscription; Missing payment_status,Nan
I0002384,S002259,2025-01-25,2025-02-08,38906.9,8153.9,Failed,,Card,INVALID,Invoice references non-existent/invalid subscription,Failed
I0002385,S000998,2025-09-06,2025-10-17,,20839.14,Refunded,,UPI,INVALID,Invoice references non-existent/invalid subscription; Missing invoice_amount,Refunded
I0002386,S000526,2024-06-22,2024-07-14,,1160.54,Paid,2024-08-18,Card,SUSPICIOUS,Missing invoice_amount,Paid
I0002387,S001332,2025-12-09,2025-12-24,6630.07,15523.32,,2026-02-08,Wallet,SUSPICIOUS,Missing payment_status,Nan
I0002388,S001426,2024-06-17,2024-07-16,106980.74,14379.02,Refunded,,Bank Transfer,INVALID,Invoice references non-existent/invalid subscription,Refunded
I0002389,S001134,2024-11-18,2024-12-11,118478.68,-4668.53,Refunded,,Card,INVALID,Negative tax_amount,Refunded
I0002390,S000043,2025-01-03,2025-01-30,109699.37,19698.53,,2025-02-26,Wallet,SUSPICIOUS,Missing payment_status,Nan
I0002391,S002150,2024-10-25,2024-11-02,111599.2,23001.67,Failed,,UPI,VALID,No issues detected,Failed
I0002392,S000370,2025-05-15,2025-06-22,19240.1,8604.63,Paid,2025-07-07,Wallet,VALID,No issues detected,Paid
I0002393,S002381,2024-11-16,2024-11-05,24920.99,5191.49,,,Wallet,INVALID,Invoice references non-existent/invalid subscription; Missing payment_status,Nan
I0002394,S001537,2025-12-15,2026-01-22,,3013.43,Failed,,Wallet,INVALID,Invoice references non-existent/invalid subscription; Missing invoice_amount,Failed
I0002395,S002380,2025-07-29,2025-09-08,31366.68,-2542.26,Failed,,,INVALID,Invoice references non-existent/invalid subscription; Negative tax_amount,Failed
I0002396,S002138,2025-12-07,2025-12-31,4630.21,4358.38,Pending,,Bank Transfer,INVALID,Invoice references non-existent/invalid subscription,Pending
I0002397,S002152,2025-12-24,2026-02-02,21166.5,20521.26,Failed,,Bank Transfer,INVALID,Invoice references non-existent/invalid subscription,Failed
I0002398,S001231,2024-02-17,2024-04-02,42813.96,12455.81,Failed,2024-04-27,,VALID,No issues detected,Failed
I0002399,S001967,2024-09-14,2024-09-22,43841.7,,Pending,,Wallet,INVALID,Invoice references non-existent/invalid subscription,Pending
I0002400,S002335,2025-12-02,2026-01-03,30900.85,1190.21,,2026-01-04,,INVALID,Invoice references non-existent/invalid subscription; Missing payment_status,Nan
I0002401,S001306,2024-11-03,2024-12-17,84721.32,2488.73,Failed,,Card,INVALID,Invoice references non-existent/invalid subscription,Failed
I0002402,S001810,2025-03-14,2025-03-03,25200.03,-1540.2,,,,INVALID,Negative tax_amount; Missing payment_status,Nan
I0002403,S001075,2025-12-15,2026-01-21,82774.73,12964.61,Refunded,,,VALID,No issues detected,Refunded
I0002404,S002293,2025-05-23,2025-05-09,104815.91,6508.37,Pending,,Wallet,INVALID,Invoice references non-existent/invalid subscription,Pending
I0002405,S001939,2025-01-16,2025-02-10,11368.74,13707.2,Failed,,Bank Transfer,INVALID,Invoice references non-existent/invalid subscription,Failed
I0002406,S001916,2024-11-26,2024-12-29,82914.34,-2227.22,Failed,,Bank Transfer,INVALID,Negative tax_amount,Failed
I0002407,S001429,2024-08-27,2024-09-22,,17160.43,Pending,2024-08-28,Card,SUSPICIOUS,Missing invoice_amount,Pending
I0002408,S001075,2025-06-02,2025-06-10,85351.47,22123.35,Paid,2025-06-09,Card,VALID,No issues detected,Paid
I0002409,S000363,2024-07-03,2024-08-16,118753.61,19077.94,Failed,,UPI,INVALID,Invoice references non-existent/invalid subscription,Failed
I0002410,S000813,2024-04-22,2024-05-17,114257.56,-3025.03,Paid,2024-04-14,UPI,INVALID,Invoice references non-existent/invalid subscription; Negative tax_amount; Payment date earlier than invoice date,Paid
I0002411,S000198,2025-12-31,2026-01-12,-79599.43,15049.16,Failed,,Wallet,INVALID,Invoice references non-existent/invalid subscription; Negative invoice_amount,Failed
I0002412,S001412,2024-08-13,2024-09-09,42098.74,8411.1,Paid,2024-10-22,Bank Transfer,INVALID,Invoice references non-existent/invalid subscription,Paid
I0002413,S001497,2024-01-25,2024-02-06,85068.39,22994.34,Paid,2024-02-16,,INVALID,Invoice references non-existent/invalid subscription,Paid
I0002414,S001649,2025-04-13,2025-05-23,112907.36,18725.46,Paid,2025-05-28,Card,INVALID,Invoice references non-existent/invalid subscription,Paid
I0002415,S000897,2024-12-18,2025-01-28,21022.93,13620.07,Failed,,,INVALID,Invoice references non-existent/invalid subscription,Failed
I0002416,S000815,2025-04-19,2025-05-31,88154.45,8828.35,,2025-04-24,Card,INVALID,Invoice references non-existent/invalid subscription; Missing payment_status,Nan
I0002417,S000259,2026-01-06,2026-02-20,,5995.13,Refunded,2026-01-08,Card,INVALID,Invoice references non-existent/invalid subscription; Missing invoice_amount,Refunded
I0002418,S001908,2025-06-24,2025-07-09,22548.32,14759.47,,,UPI,INVALID,Invoice references non-existent/invalid subscription; Missing payment_status,Nan
I0002419,S001231,2024-12-09,2024-12-22,108113.46,9610.53,Refunded,,,VALID,No issues detected,Refunded
I0002420,S002365,2024-01-22,2024-02-03,99400.04,19475.29,Refunded,2024-04-11,Bank Transfer,VALID,No issues detected,Refunded
I0002421,S001078,2025-02-17,2025-03-07,15699.16,18242.46,Pending,,,VALID,No issues detected,Pending
I0002422,S001761,2024-02-12,2024-03-28,107266.59,1876.18,Failed,,Card,INVALID,Invoice references non-existent/invalid subscription,Failed
I0002423,S001624,2024-06-06,2024-06-29,,13835.69,,,Card,INVALID,Invoice references non-existent/invalid subscription; Missing invoice_amount; Missing payment_status,Nan
I0002424,S000764,2025-06-20,2025-07-19,48036.25,3080.3,Paid,2025-08-29,UPI,VALID,No issues detected,Paid
I0002425,S002002,2024-08-13,2024-08-28,58087.1,22708.84,Refunded,,Wallet,INVALID,Invoice references non-existent/invalid subscription,Refunded
I0002426,S002262,2024-03-21,2024-04-29,2892.85,,Refunded,,Wallet,INVALID,Invoice references non-existent/invalid subscription,Refunded
,S001373,2024-03-02,2024-04-10,72179.04,2820.98,Paid,2024-04-02,Bank Transfer,INVALID,Missing invoice_id; Invoice references non-existent/invalid subscription,Paid
I0002428,S001949,2024-10-14,2024-10-21,-62292.47,2537.73,Failed,,Card,INVALID,Negative invoice_amount,Failed
I0002429,S001079,2026-01-03,2026-02-13,61804.57,8870.53,Pending,,Wallet,INVALID,Invoice references non-existent/invalid subscription,Pending
I0002430,S002002,2024-02-07,2024-01-24,33668.82,16887.03,,,Bank Transfer,INVALID,Invoice references non-existent/invalid subscription; Missing payment_status,Nan
I0002431,S001939,2025-03-13,2025-04-13,20787.09,3913.37,,,Wallet,INVALID,Invoice references non-existent/invalid subscription; Missing payment_status,Nan
I0002432,S002050,2024-05-01,2024-05-16,28047.01,19018.64,Failed,,Wallet,VALID,No issues detected,Failed
I0002433,S001282,2024-09-25,2024-11-08,12765.41,12323.51,,,Card,SUSPICIOUS,Missing payment_status,Nan
I0002434,S002007,2025-10-14,2025-11-23,-108984.83,3231.31,Paid,2025-12-09,,INVALID,Invoice references non-existent/invalid subscription; Negative invoice_amount,Paid
I0002435,S001650,2025-09-06,2025-10-03,,11649.23,Paid,2025-09-04,,INVALID,Invoice references non-existent/invalid subscription; Missing invoice_amount; Payment date earlier than invoice date,Paid
I0002436,S001537,2024-02-12,2024-02-29,52634.55,12957.54,Paid,2024-03-28,Card,INVALID,Invoice references non-existent/invalid subscription,Paid
I0002437,S002351,2025-09-22,2025-11-01,115915.94,1599.13,Paid,2025-11-03,,INVALID,Invoice references non-existent/invalid subscription,Paid
I0002438,S002230,2025-06-11,2025-06-29,-97341.01,22360.97,Paid,2025-07-25,Card,INVALID,Negative invoice_amount,Paid
I0002439,S002107,2025-03-06,2025-03-21,102007.19,23091.27,,,Bank Transfer,SUSPICIOUS,Missing payment_status,Nan
I0002440,S000832,2025-08-08,2025-08-22,9409.93,14185.49,,,,INVALID,Invoice references non-existent/invalid subscription; Missing payment_status,Nan
I0002441,S002048,2024-11-11,2024-12-10,115525.02,8648.49,Paid,2024-12-12,,VALID,No issues detected,Paid
I0002442,S001057,2026-01-06,2026-01-13,60095.95,10000.33,Failed,,Wallet,INVALID,Invoice references non-existent/invalid subscription,Failed
I0002443,S000767,2024-07-22,2024-08-08,73393.1,8397.9,Failed,,,VALID,No issues detected,Failed
I0002444,S000276,2024-08-15,2024-09-08,17858.82,-3237.78,Paid,2024-09-04,Bank Transfer,INVALID,Negative tax_amount,Paid
I0002445,S000634,2024-07-10,2024-08-15,15612.57,-4884.5,Failed,,UPI,INVALID,Invoice references non-existent/invalid subscription; Negative tax_amount,Failed
I0002446,S001548,2024-11-06,2024-12-07,38686.59,9029.28,Pending,2024-11-21,Bank Transfer,INVALID,Invoice references non-existent/invalid subscription,Pending
I0002447,S001799,2024-02-15,2024-03-19,12179.78,8297.88,Refunded,,Card,INVALID,Invoice references non-existent/invalid subscription,Refunded
I0002448,S002325,2024-05-11,2024-06-01,64761.33,1622.06,Paid,2024-05-26,Bank Transfer,INVALID,Invoice references non-existent/invalid subscription,Paid
I0002449,S000828,2024-05-31,2024-07-13,85153.84,10608.85,,,UPI,INVALID,Invoice references non-existent/invalid subscription; Missing payment_status,Nan
I0002450,S001035,2024-10-07,2024-10-15,116881.52,-3721.72,Failed,2024-10-16,,INVALID,Negative tax_amount,Failed
I0002451,S002248,2024-08-26,2024-09-10,58224.44,21457.22,Pending,,,INVALID,Invoice references non-existent/invalid subscription,Pending
,S002230,2024-07-22,2024-07-30,62775.4,14707.83,Pending,2024-09-13,Card,INVALID,Missing invoice_id,Pending
I0002453,S002175,2025-09-16,2025-10-08,,20688.78,Paid,2025-11-08,UPI,INVALID,Invoice references non-existent/invalid subscription; Missing invoice_amount,Paid
,S001435,2025-08-25,2025-09-28,355.82,,,,Wallet,INVALID,Missing invoice_id; Invoice references non-existent/invalid subscription; Missing payment_status,Nan
I0002455,S001923,2025-02-06,2025-02-02,47123.72,,,,UPI,INVALID,Invoice references non-existent/invalid subscription; Missing payment_status,Nan
I0002456,S001542,2025-10-13,2025-10-03,71112.07,-2892.75,,,Card,INVALID,Invoice references non-existent/invalid subscription; Negative tax_amount; Missing payment_status,Nan
I0002457,S000232,2025-09-14,2025-10-12,70831.32,4880.62,,,UPI,INVALID,Invoice references non-existent/invalid subscription; Missing payment_status,Nan
I0002458,S001172,2025-12-25,2026-01-03,-95778.69,-3619.02,Refunded,,UPI,INVALID,Negative invoice_amount; Negative tax_amount,Refunded
I0002459,S001388,2024-06-17,2024-07-06,22221.71,16804.21,,,Card,INVALID,Invoice references non-existent/invalid subscription; Missing payment_status,Nan
I0002460,S000198,2024-12-30,2025-01-06,50767.99,18174.4,Pending,,Card,INVALID,Invoice references non-existent/invalid subscription,Pending
I0002461,S001439,2025-01-14,2025-01-08,50813.62,-3944.66,Pending,,Wallet,INVALID,Invoice references non-existent/invalid subscription; Negative tax_amount,Pending
I0002462,S001700,2024-02-22,2024-03-04,24705.24,24067.6,Pending,,,INVALID,Invoice references non-existent/invalid subscription,Pending
I0002463,S001373,2024-10-10,2024-10-26,62609.59,9041.16,Paid,2024-10-17,Bank Transfer,INVALID,Invoice references non-existent/invalid subscription,Paid
I0002464,S000657,2025-08-09,2025-08-26,18548.9,,,2025-10-27,Wallet,INVALID,Invoice references non-existent/invalid subscription; Missing payment_status,Nan
I0002465,S000444,2025-06-10,2025-07-05,60133.34,21212.11,Pending,,Wallet,INVALID,Invoice references non-existent/invalid subscription,Pending
I0002466,S001885,2024-02-18,2024-03-12,14837.97,6016.88,,,,INVALID,Invoice references non-existent/invalid subscription; Missing payment_status,Nan
I0002467,S001822,2024-07-12,2024-08-18,94963.03,-3842.83,Refunded,,Card,INVALID,Invoice references non-existent/invalid subscription; Negative tax_amount,Refunded
I0002468,S000731,2024-09-09,2024-09-04,92992.91,19558.52,Paid,2024-09-14,,VALID,No issues detected,Paid
I0002469,S000652,2024-08-25,2024-09-25,2301.29,8555.4,Pending,,UPI,INVALID,Invoice references non-existent/invalid subscription,Pending
I0002470,S001910,2025-06-18,2025-07-10,13300.56,15445.65,Refunded,,,VALID,No issues detected,Refunded
I0002471,S002115,2025-02-07,2025-02-18,107835.0,,Failed,,Bank Transfer,INVALID,Invoice references non-existent/invalid subscription,Failed
I0002472,S000303,2025-06-18,2025-07-05,101356.41,12607.93,Pending,2025-06-12,Wallet,INVALID,Invoice references non-existent/invalid subscription; Payment date earlier than invoice date,Pending
I0002473,S000892,2025-01-25,2025-03-04,19735.3,5529.86,Refunded,2025-03-01,Card,VALID,No issues detected,Refunded
I0002474,S001842,2024-10-19,2024-11-15,108599.37,20281.42,Pending,2024-11-05,,VALID,No issues detected,Pending
I0002475,S001985,2024-12-16,2025-01-10,79441.21,18837.76,Paid,2024-12-06,Card,INVALID,Invoice references non-existent/invalid subscription; Payment date earlier than invoice date,Paid
I0002476,S001329,2025-08-27,2025-08-18,110662.43,17861.75,Paid,2025-10-22,UPI,VALID,No issues detected,Paid
I0002477,S001639,2024-12-06,2024-12-30,-112795.84,7849.66,Pending,,Wallet,INVALID,Negative invoice_amount,Pending
I0002478,S000601,2025-01-17,2025-02-26,83508.25,19728.6,Pending,,Card,INVALID,Invoice references non-existent/invalid subscription,Pending
I0002479,S000067,2024-07-10,2024-07-26,61959.27,24153.75,Refunded,,Bank Transfer,INVALID,Invoice references non-existent/invalid subscription,Refunded
I0002480,S002339,2024-12-24,2025-02-05,7065.11,21161.61,Pending,,UPI,INVALID,Invoice references non-existent/invalid subscription,Pending
I0002481,S000772,2025-02-11,2025-03-06,45446.88,3397.08,Refunded,,,INVALID,Invoice references non-existent/invalid subscription,Refunded
I0002482,S000394,2024-07-07,2024-07-28,19030.2,4186.44,Refunded,,,VALID,No issues detected,Refunded
I0002483,S001784,2025-01-09,2024-12-27,110930.52,-3885.79,Failed,2025-02-18,,INVALID,Invoice references non-existent/invalid subscription; Negative tax_amount,Failed
,S002238,2025-09-23,2025-10-03,113533.08,15028.93,,2025-10-20,Bank Transfer,INVALID,Missing invoice_id; Invoice references non-existent/invalid subscription; Missing payment_status,Nan
I0002485,S001260,2024-01-09,2024-02-09,54909.27,18912.26,,,,SUSPICIOUS,Missing payment_status,Nan
I0002486,S001001,2024-07-01,2024-06-21,82334.32,1077.74,Pending,,Wallet,VALID,No issues detected,Pending
I0002487,S000241,2024-01-23,2024-03-04,106553.19,22158.41,Refunded,,Card,VALID,No issues detected,Refunded
I0002488,S002136,2024-04-13,2024-04-12,51840.16,17209.63,Refunded,2024-07-02,,VALID,No issues detected,Refunded
I0002489,S001468,2024-01-08,2024-02-18,,11004.84,Pending,,Card,SUSPICIOUS,Missing invoice_amount,Pending
,S001144,2025-11-30,2025-12-15,29769.46,24362.68,Pending,,Bank Transfer,INVALID,Missing invoice_id; Invoice references non-existent/invalid subscription,Pending
I0002491,S000238,2024-01-09,2023-12-30,,15080.08,,,Card,INVALID,Invoice references non-existent/invalid subscription; Missing invoice_amount; Missing payment_status,Nan
I0002492,S002256,2024-11-05,2024-11-27,119100.16,23325.09,Paid,2024-11-06,Bank Transfer,VALID,No issues detected,Paid
I0002493,S000248,2024-07-25,2024-08-24,75621.72,-3009.36,,,Card,INVALID,Invoice references non-existent/invalid subscription; Negative tax_amount; Missing payment_status,Nan
I0002494,S002310,2025-12-16,2025-12-06,73052.28,16941.06,Pending,,Wallet,INVALID,Invoice references non-existent/invalid subscription,Pending
I0002495,S000516,2024-09-23,2024-10-02,-26986.19,8413.93,Pending,2024-10-09,,INVALID,Invoice references non-existent/invalid subscription; Negative invoice_amount,Pending
I0002496,S001407,2024-01-21,2024-02-07,54207.83,-563.94,Pending,,Card,INVALID,Invoice references non-existent/invalid subscription; Negative tax_amount,Pending
I0002497,S001099,2025-06-29,2025-08-01,3686.53,21900.67,Paid,2025-07-05,UPI,INVALID,Invoice references non-existent/invalid subscription,Paid
I0002498,S002268,2025-09-07,2025-09-25,39242.54,20927.84,Pending,,Bank Transfer,INVALID,Invoice references non-existent/invalid subscription,Pending
I0002499,S001061,2025-07-15,2025-08-24,100080.77,17301.29,,,Bank Transfer,INVALID,Invoice references non-existent/invalid subscription; Missing payment_status,Nan
I0002500,S001389,2024-01-28,2024-02-22,88208.09,11312.51,Refunded,,Bank Transfer,INVALID,Invoice references non-existent/invalid subscription,Refunded
I0002501,S001986,2025-04-16,2025-05-14,77732.17,17434.39,,,Card,INVALID,Invoice references non-existent/invalid subscription; Missing payment_status,Nan
I0002502,S001321,2025-01-08,2025-01-27,112600.93,15421.03,Refunded,,Bank Transfer,INVALID,Invoice references non-existent/invalid subscription,Refunded
I0002503,S002316,2024-05-16,2024-06-25,67844.86,22201.07,Refunded,,Wallet,VALID,No issues detected,Refunded
I0002504,S000204,2024-09-26,2024-10-24,57883.36,23677.63,Failed,,Wallet,INVALID,Invoice references non-existent/invalid subscription,Failed
I0002505,S001517,2024-04-13,2024-05-08,4772.08,12653.26,Pending,2024-04-07,Bank Transfer,INVALID,Invoice references non-existent/invalid subscription; Payment date earlier than invoice date,Pending
I0002506,S000421,2024-02-18,2024-03-02,-12438.9,,Failed,,Card,INVALID,Negative invoice_amount,Failed
I0002507,S000647,2025-08-24,2025-09-06,7617.99,8813.87,Refunded,,,INVALID,Invoice references non-existent/invalid subscription,Refunded
I0002508,S002200,2025-07-04,2025-07-14,99591.8,22332.93,Paid,2025-07-12,UPI,VALID,No issues detected,Paid
I0002509,S001164,2025-11-27,2026-01-10,67506.23,19481.51,,,Wallet,SUSPICIOUS,Missing payment_status,Nan
I0002510,S001467,2024-08-11,2024-09-03,2484.67,7347.58,Failed,,Card,INVALID,Invoice references non-existent/invalid subscription,Failed
I0002511,S001322,2025-07-02,2025-08-03,38504.86,8005.04,Paid,2025-08-31,Bank Transfer,INVALID,Invoice references non-existent/invalid subscription,Paid
I0002512,S002285,2024-09-10,2024-09-23,26936.42,2273.69,Pending,,Card,INVALID,Invoice references non-existent/invalid subscription,Pending
,S000467,2024-03-18,2024-04-13,117329.79,-3093.87,Paid,2024-03-29,UPI,INVALID,Missing invoice_id; Invoice references non-existent/invalid subscription; Negative tax_amount,Paid
I0002514,S001453,2025-05-02,2025-05-23,-76992.17,14366.81,,2025-04-25,Card,INVALID,Invoice references non-existent/invalid subscription; Negative invoice_amount; Missing payment_status; Payment date earlier than invoice date,Nan
I0002515,S001023,2024-06-20,2024-07-01,46400.73,10219.11,Refunded,,Card,INVALID,Invoice references non-existent/invalid subscription,Refunded
I0002516,S001052,2025-03-03,2025-04-10,4661.7,11104.86,Refunded,,Wallet,VALID,No issues detected,Refunded
I0002517,S000068,2024-01-12,2024-01-20,80226.9,10659.38,Pending,,Card,VALID,No issues detected,Pending
I0002518,S000223,2024-12-10,2024-12-27,49202.28,-3698.66,Paid,2025-01-03,Card,INVALID,Negative tax_amount,Paid
I0002519,S001338,2024-05-05,2024-05-31,54814.48,7023.4,Pending,,UPI,VALID,No issues detected,Pending
I0002520,S001221,2024-10-23,2024-11-01,74937.89,19022.14,Paid,2024-12-18,Card,VALID,No issues detected,Paid
I0002521,S001584,2024-04-10,2024-05-04,80052.15,3990.99,Paid,2024-05-31,Card,VALID,No issues detected,Paid
I0002522,S001039,2025-04-19,2025-06-01,12286.58,19151.58,Paid,2025-06-04,UPI,VALID,No issues detected,Paid
I0002523,S000135,2024-02-22,2024-04-07,-63680.84,2251.31,,,,INVALID,Negative invoice_amount; Missing payment_status,Nan
I0002524,S001300,2024-08-06,2024-09-18,,7050.3,,,Bank Transfer,SUSPICIOUS,Missing invoice_amount; Missing payment_status,Nan
I0002525,S001947,2025-06-10,2025-07-17,95013.19,14795.28,Paid,2025-06-15,,INVALID,Invoice references non-existent/invalid subscription,Paid
I0002526,S000054,2024-07-20,2024-08-12,52830.34,886.7,Paid,2024-07-30,,INVALID,Invoice references non-existent/invalid subscription,Paid
I0002527,S002060,2025-07-03,2025-08-07,58834.97,19841.18,Paid,2025-07-10,Card,VALID,No issues detected,Paid
I0002528,S001504,2025-01-01,2025-02-02,86349.71,20254.81,Paid,2025-03-07,Wallet,VALID,No issues detected,Paid
I0002529,S001060,2025-10-03,2025-11-09,83980.22,22332.53,Refunded,2025-11-19,,INVALID,Invoice references non-existent/invalid subscription,Refunded
I0002530,S001898,2024-10-18,2024-11-23,46114.53,21381.83,,,Bank Transfer,INVALID,Invoice references non-existent/invalid subscription; Missing payment_status,Nan
I0002531,S001997,2025-08-04,2025-09-17,118755.87,14247.64,,,Wallet,INVALID,Invoice references non-existent/invalid subscription; Missing payment_status,Nan
I0002532,S000209,2024-08-22,2024-10-06,44296.47,11975.71,Paid,2024-10-25,,VALID,No issues detected,Paid
I0002533,S000374,2025-04-27,2025-05-05,102956.38,13487.17,Pending,,Bank Transfer,INVALID,Invoice references non-existent/invalid subscription,Pending
I0002534,S001956,2025-06-05,2025-07-17,111715.26,-3210.32,Refunded,,Card,INVALID,Invoice references non-existent/invalid subscription; Negative tax_amount,Refunded
I0002535,S000775,2025-01-30,2025-02-26,97267.14,22353.42,,,Bank Transfer,SUSPICIOUS,Missing payment_status,Nan
I0002536,S002069,2025-01-24,2025-02-22,-82322.22,-468.78,Paid,2025-02-10,Wallet,INVALID,Invoice references non-existent/invalid subscription; Negative invoice_amount; Negative tax_amount,Paid
I0002537,S001945,2024-06-18,2024-06-30,67140.21,12468.27,Pending,,Wallet,INVALID,Invoice references non-existent/invalid subscription,Pending
I0002538,S001015,2025-01-29,2025-02-07,-82407.75,22076.13,,,,INVALID,Invoice references non-existent/invalid subscription; Negative invoice_amount; Missing payment_status,Nan
I0002539,S002116,2024-03-04,2024-03-12,46864.06,19010.9,Paid,2024-03-22,Bank Transfer,VALID,No issues detected,Paid
I0002540,S001423,2025-10-04,2025-10-27,96888.73,20388.96,Pending,,UPI,INVALID,Invoice references non-existent/invalid subscription,Pending
I0002541,S001467,2024-07-20,2024-08-21,36370.74,-418.95,Failed,,Card,INVALID,Invoice references non-existent/invalid subscription; Negative tax_amount,Failed
I0002542,S002062,2024-06-14,2024-07-22,12590.56,10661.8,Paid,2024-06-15,Bank Transfer,INVALID,Invoice references non-existent/invalid subscription,Paid
I0002543,S001010,2025-01-30,2025-01-26,,10872.48,Refunded,,Card,INVALID,Invoice references non-existent/invalid subscription; Missing invoice_amount,Refunded
I0002544,S002008,2024-12-07,2024-12-23,,18495.38,Refunded,,Wallet,INVALID,Invoice references non-existent/invalid subscription; Missing invoice_amount,Refunded
I0002545,S002013,2024-12-29,2025-01-05,23160.68,6839.89,Pending,,,INVALID,Invoice references non-existent/invalid subscription,Pending
I0002546,S000035,2024-07-22,2024-08-25,20181.83,19856.55,Pending,2024-09-15,Card,VALID,No issues detected,Pending
I0002547,S001186,2025-05-04,2025-05-23,76751.71,9663.59,Refunded,,Bank Transfer,INVALID,Invoice references non-existent/invalid subscription,Refunded
I0002548,S000055,2025-07-08,2025-08-05,57061.5,-4713.7,Refunded,,Bank Transfer,INVALID,Negative tax_amount,Refunded
I0002549,S000703,2024-10-22,2024-11-19,85387.65,,Pending,,Wallet,INVALID,Invoice references non-existent/invalid subscription,Pending
I0002550,S001262,2025-02-21,2025-03-06,,22613.53,Failed,,UPI,SUSPICIOUS,Missing invoice_amount,Failed
I0002551,S001425,2025-11-05,2025-11-18,47337.56,20512.88,Failed,,,INVALID,Invoice references non-existent/invalid subscription,Failed
I0002552,S002307,2024-11-25,2024-12-14,21374.64,-1899.54,,,,INVALID,Negative tax_amount; Missing payment_status,Nan
I0002553,S001104,2026-01-29,2026-03-07,576.11,,,,Card,INVALID,Invoice references non-existent/invalid subscription; Missing payment_status,Nan
I0002554,S001434,2025-06-16,2025-06-29,82901.09,7061.61,,,Bank Transfer,INVALID,Invoice references non-existent/invalid subscription; Missing payment_status,Nan
I0002555,S000086,2025-10-08,2025-10-24,101682.13,15310.66,Pending,,Bank Transfer,VALID,No issues detected,Pending
I0002556,S001403,2024-03-26,2024-04-07,101000.92,21262.07,Failed,,Card,INVALID,Invoice references non-existent/invalid subscription,Failed
I0002557,S000538,2024-06-12,2024-07-05,53672.92,-1504.66,Failed,2024-06-30,,INVALID,Negative tax_amount,Failed
I0002558,S001727,2024-04-05,2024-04-25,25227.55,-4747.46,Refunded,,Bank Transfer,INVALID,Invoice references non-existent/invalid subscription; Negative tax_amount,Refunded
I0002559,S002382,2025-12-26,2026-01-15,56383.05,18696.53,,2026-03-16,Card,INVALID,Invoice references non-existent/invalid subscription; Missing payment_status,Nan
I0002560,S000643,2025-01-26,2025-02-18,45347.74,12953.83,,2025-01-26,,INVALID,Invoice references non-existent/invalid subscription; Missing payment_status,Nan
I0002561,S000571,2024-04-15,2024-04-28,9653.74,-96.61,Pending,,Wallet,INVALID,Invoice references non-existent/invalid subscription; Negative tax_amount,Pending
I0002562,S002041,2024-11-15,2024-12-17,-64442.77,15491.48,Refunded,,UPI,INVALID,Invoice references non-existent/invalid subscription; Negative invoice_amount,Refunded
I0002563,S000882,2025-08-23,2025-09-25,55209.23,-91.31,Failed,2025-11-06,,INVALID,Invoice references non-existent/invalid subscription; Negative tax_amount,Failed
I0002564,S002223,2024-10-11,2024-10-20,46970.42,-4833.7,Pending,,Wallet,INVALID,Invoice references non-existent/invalid subscription; Negative tax_amount,Pending
I0002565,S000838,2025-12-12,2025-12-30,84523.9,3765.32,Paid,2026-01-08,Wallet,INVALID,Invoice references non-existent/invalid subscription,Paid
I0002566,S000592,2025-08-19,2025-09-30,17391.26,-227.51,Refunded,,Card,INVALID,Negative tax_amount,Refunded
I0002567,S000241,2024-08-02,2024-09-06,66229.95,1475.32,Paid,2024-09-17,Bank Transfer,VALID,No issues detected,Paid
I0002568,S001149,2024-03-25,2024-04-29,91717.56,-1439.71,Paid,2024-04-02,Wallet,INVALID,Negative tax_amount,Paid
I0002569,S000645,2025-08-01,2025-08-08,,1511.04,Paid,2025-09-11,Bank Transfer,INVALID,Invoice references non-existent/invalid subscription; Missing invoice_amount,Paid
I0002570,S000621,2025-03-09,2025-03-28,-95721.29,12354.15,,,,INVALID,Invoice references non-existent/invalid subscription; Negative invoice_amount; Missing payment_status,Nan
I0002571,S000621,2025-02-17,2025-03-23,45207.42,3788.48,Failed,,,INVALID,Invoice references non-existent/invalid subscription,Failed
I0002572,S001172,2024-08-21,2024-08-10,95937.96,16317.62,Paid,2024-09-09,Wallet,VALID,No issues detected,Paid
I0002573,S001323,2026-01-14,2026-02-01,116412.63,16234.64,Failed,2026-03-12,Bank Transfer,INVALID,Invoice references non-existent/invalid subscription,Failed
I0002574,S001990,2024-03-17,2024-04-07,55814.56,,Refunded,2024-03-27,Bank Transfer,INVALID,Invoice references non-existent/invalid subscription,Refunded
I0002575,S000573,2024-03-07,2024-03-14,52098.16,11947.39,,,UPI,SUSPICIOUS,Missing payment_status,Nan
I0002576,S001605,2025-06-27,2025-07-22,98750.97,24037.0,Failed,,Wallet,VALID,No issues detected,Failed
I0002577,S000221,2024-10-05,2024-10-24,90583.04,1352.8,Paid,2024-11-24,UPI,VALID,No issues detected,Paid
I0002578,S001616,2025-04-04,2025-05-04,12631.28,9115.26,,,Card,INVALID,Invoice references non-existent/invalid subscription; Missing payment_status,Nan
I0002579,S000245,2024-10-14,2024-11-02,71459.91,18451.16,Paid,2024-11-17,Card,INVALID,Invoice references non-existent/invalid subscription,Paid
I0002580,S000624,2026-01-18,2026-02-15,106163.99,-3481.08,Failed,,Bank Transfer,INVALID,Invoice references non-existent/invalid subscription; Negative tax_amount,Failed
I0002581,S002261,2024-04-16,2024-05-16,34747.93,2611.79,Paid,2024-06-22,Bank Transfer,INVALID,Invoice references non-existent/invalid subscription,Paid
I0002582,S002382,2025-01-15,2025-02-22,47739.19,4135.8,Failed,,UPI,INVALID,Invoice references non-existent/invalid subscription,Failed
I0002583,S000770,2025-09-29,2025-11-07,41158.48,1036.7,Refunded,,,INVALID,Invoice references non-existent/invalid subscription,Refunded
I0002584,S001469,2024-05-19,2024-05-26,118981.4,8758.93,Paid,2024-07-21,UPI,INVALID,Invoice references non-existent/invalid subscription,Paid
I0002585,S000439,2025-01-12,2025-01-30,119185.28,6704.55,Failed,,,INVALID,Invoice references non-existent/invalid subscription,Failed
I0002586,S000728,2024-10-28,2024-11-09,64042.81,18954.52,Pending,,Wallet,INVALID,Invoice references non-existent/invalid subscription,Pending
I0002587,S002400,2025-05-07,2025-05-28,47333.41,,,2025-06-16,,SUSPICIOUS,Missing payment_status,Nan
I0002588,S000245,2024-06-28,2024-07-17,-115399.49,2129.65,Failed,,,INVALID,Invoice references non-existent/invalid subscription; Negative invoice_amount,Failed
I0002589,S000309,2025-05-15,2025-05-25,94303.33,8953.09,Refunded,,Wallet,VALID,No issues detected,Refunded
I0002590,S001197,2024-05-18,2024-06-05,93526.07,12599.78,Pending,2024-07-26,,INVALID,Invoice references non-existent/invalid subscription,Pending
I0002591,S002133,2024-02-15,2024-03-24,19414.22,17794.48,Paid,2024-04-25,UPI,VALID,No issues detected,Paid
I0002592,S000923,2025-11-16,2025-12-17,24489.48,23102.51,Refunded,2026-01-09,UPI,INVALID,Invoice references non-existent/invalid subscription,Refunded
I0002593,S001604,2024-08-21,2024-08-30,108409.72,7564.15,Refunded,,Wallet,INVALID,Invoice references non-existent/invalid subscription,Refunded
I0002594,S000952,2025-10-20,2025-11-10,63334.97,17077.94,Failed,,UPI,VALID,No issues detected,Failed
I0002595,S001065,2025-03-12,2025-04-02,80988.26,3644.18,Failed,2025-04-16,UPI,INVALID,Invoice references non-existent/invalid subscription,Failed
,S001480,2024-07-19,2024-07-28,21548.29,11164.0,Refunded,2024-10-04,,INVALID,Missing invoice_id,Refunded
I0002597,S002215,2024-09-04,2024-08-21,54706.17,,Failed,,Card,INVALID,Invoice references non-existent/invalid subscription,Failed
I0002598,S002055,2025-03-13,2025-04-02,41691.65,16110.49,Failed,,,VALID,No issues detected,Failed
I0002599,S001498,2025-03-03,2025-03-10,29362.33,,Refunded,2025-04-06,Wallet,VALID,No issues detected,Refunded
I0002600,S001961,2025-05-04,2025-05-26,94710.12,-3092.17,Refunded,,,INVALID,Invoice references non-existent/invalid subscription; Negative tax_amount,Refunded
I0002601,S002071,2025-01-31,2025-02-19,56183.93,-178.77,,,Wallet,INVALID,Negative tax_amount; Missing payment_status,Nan
I0002602,S001529,2025-11-13,2025-12-27,114156.54,14457.34,Refunded,,,INVALID,Invoice references non-existent/invalid subscription,Refunded
I0002603,S000837,2024-09-21,2024-10-06,11625.15,12257.39,Failed,,,INVALID,Invoice references non-existent/invalid subscription,Failed
,S001090,2024-08-10,2024-09-13,,15756.69,Failed,,Wallet,INVALID,Missing invoice_id; Missing invoice_amount,Failed
,S001845,2024-12-03,2024-11-19,50606.85,17649.0,Paid,2025-01-23,UPI,INVALID,Missing invoice_id,Paid
I0002606,S001709,2024-04-19,2024-05-01,73217.22,13225.39,Paid,2024-06-24,Card,VALID,No issues detected,Paid
I0002607,S001843,2024-01-14,2024-02-04,80273.61,2740.86,Paid,2024-03-02,Card,INVALID,Invoice references non-existent/invalid subscription,Paid
I0002608,S001354,2024-02-15,2024-03-14,111091.66,3251.43,Failed,2024-04-28,Wallet,INVALID,Invoice references non-existent/invalid subscription,Failed
I0002609,S000342,2025-05-02,2025-06-04,34460.73,19090.53,Paid,2025-04-30,Card,INVALID,Invoice references non-existent/invalid subscription; Payment date earlier than invoice date,Paid
I0002610,S002185,2025-07-06,2025-07-30,57663.26,21032.55,Failed,2025-08-14,,VALID,No issues detected,Failed
I0002611,S000679,2026-01-29,2026-02-10,14661.13,7739.25,Failed,,Card,INVALID,Invoice references non-existent/invalid subscription,Failed
I0002612,S000266,2025-05-26,2025-06-19,88301.8,11008.23,,2025-07-15,,SUSPICIOUS,Missing payment_status,Nan
I0002613,S000714,2024-11-26,2025-01-03,101687.68,9982.61,,,Bank Transfer,SUSPICIOUS,Missing payment_status,Nan
I0002614,S000782,2024-02-03,2024-02-18,19054.69,10958.07,Failed,,Wallet,VALID,No issues detected,Failed
,S002196,2025-07-30,2025-08-15,19218.85,-2432.59,Refunded,,Card,INVALID,Missing invoice_id; Invoice references non-existent/invalid subscription; Negative tax_amount,Refunded
I0002616,S000574,2024-12-17,2025-01-05,61962.94,-2788.06,,,Bank Transfer,INVALID,Negative tax_amount; Missing payment_status,Nan
I0002617,S001086,2026-01-14,2026-02-09,-43200.36,9026.77,Refunded,,UPI,INVALID,Negative invoice_amount,Refunded
I0002618,S000001,2024-07-13,2024-07-09,20572.4,21249.83,Pending,,UPI,INVALID,Invoice references non-existent/invalid subscription,Pending
I0002619,S000830,2024-10-24,2024-12-01,111524.92,17991.34,Failed,,Wallet,INVALID,Invoice references non-existent/invalid subscription,Failed
I0002620,S001029,2024-05-23,2024-06-19,77406.72,6048.03,Pending,,Bank Transfer,VALID,No issues detected,Pending
I0002621,S002303,2024-07-06,2024-08-14,58282.2,,Failed,,UPI,VALID,No issues detected,Failed
I0002622,S000494,2024-07-24,2024-08-24,116471.17,-2979.3,Pending,,,INVALID,Invoice references non-existent/invalid subscription; Negative tax_amount,Pending
I0002623,S001677,2025-04-17,2025-05-19,99425.98,,,2025-05-30,UPI,SUSPICIOUS,Missing payment_status,Nan
I0002624,S002217,2024-10-29,2024-11-08,28084.32,14306.12,Failed,,UPI,VALID,No issues detected,Failed
,S001362,2024-02-11,2024-03-21,14720.32,21761.89,Failed,,Wallet,INVALID,Missing invoice_id; Invoice references non-existent/invalid subscription,Failed
I0002626,S000317,2024-10-19,2024-11-13,12373.4,10614.24,Paid,2024-12-16,,INVALID,Invoice references non-existent/invalid subscription,Paid
I0002627,S001975,2024-06-16,2024-07-10,60621.55,11839.48,Refunded,2024-07-05,UPI,INVALID,Invoice references non-existent/invalid subscription,Refunded
I0002628,S001666,2025-04-14,2025-05-23,,-2176.59,,2025-06-16,Bank Transfer,INVALID,Invoice references non-existent/invalid subscription; Negative tax_amount; Missing invoice_amount; Missing payment_status,Nan
I0002629,S000057,2025-06-22,2025-07-07,64401.38,15746.51,,,Bank Transfer,SUSPICIOUS,Missing payment_status,Nan
I0002630,S001869,2024-12-13,2025-01-18,,1873.23,Refunded,2025-02-17,,INVALID,Invoice references non-existent/invalid subscription; Missing invoice_amount,Refunded
I0002631,S000913,2025-03-18,2025-04-09,,13226.66,Pending,,Bank Transfer,INVALID,Invoice references non-existent/invalid subscription; Missing invoice_amount,Pending
I0002632,S001357,2024-03-17,2024-03-30,117917.47,-1271.52,Paid,2024-05-17,Wallet,INVALID,Negative tax_amount,Paid
I0002633,S000721,2025-09-06,2025-09-28,99815.74,11770.39,Refunded,,UPI,INVALID,Invoice references non-existent/invalid subscription,Refunded
I0002634,S002198,2024-02-28,2024-03-26,98608.96,18505.35,Paid,2024-04-16,Wallet,VALID,No issues detected,Paid
I0002635,S001426,2025-12-25,2026-01-18,57494.93,12703.24,Failed,,Wallet,INVALID,Invoice references non-existent/invalid subscription,Failed
I0002636,S000071,2024-05-25,2024-06-07,10441.97,18667.15,Pending,,Bank Transfer,VALID,No issues detected,Pending
I0002637,S000119,2024-02-11,2024-02-27,84003.73,9023.22,Paid,2024-03-14,Bank Transfer,INVALID,Invoice references non-existent/invalid subscription,Paid
I0002638,S000892,2024-05-17,2024-05-31,38079.83,-1803.01,Failed,,UPI,INVALID,Negative tax_amount,Failed
I0002639,S001480,2026-01-30,2026-02-23,75200.66,10501.36,Pending,,UPI,VALID,No issues detected,Pending
,S001261,2024-05-12,2024-06-16,74454.78,,Refunded,2024-05-02,UPI,INVALID,Missing invoice_id; Invoice references non-existent/invalid subscription; Payment date earlier than invoice date,Refunded
I0002641,S000023,2024-02-23,2024-03-23,,20864.77,Pending,,UPI,SUSPICIOUS,Missing invoice_amount,Pending
I0002642,S001834,2024-12-19,2025-01-19,79488.49,20298.87,Pending,,Wallet,VALID,No issues detected,Pending
I0002643,S000218,2025-09-08,2025-10-17,117050.05,,Paid,2025-08-30,UPI,INVALID,Invoice references non-existent/invalid subscription; Payment date earlier than invoice date,Paid
I0002644,S001658,2024-05-10,2024-06-20,65083.05,7179.56,,,Wallet,INVALID,Invoice references non-existent/invalid subscription; Missing payment_status,Nan
I0002645,S000128,2024-09-25,2024-10-28,86621.26,11906.99,Pending,,Bank Transfer,INVALID,Invoice references non-existent/invalid subscription,Pending
I0002646,S000393,2025-05-06,2025-05-25,,22479.4,Pending,2025-06-03,Card,SUSPICIOUS,Missing invoice_amount,Pending
I0002647,S002305,2025-02-23,2025-03-31,48150.74,-949.63,Failed,,,INVALID,Invoice references non-existent/invalid subscription; Negative tax_amount,Failed
I0002648,S001604,2025-01-04,2025-01-17,106871.15,4781.38,Paid,2025-02-04,Card,INVALID,Invoice references non-existent/invalid subscription,Paid
I0002649,S001555,2025-12-15,2026-01-22,96339.17,11617.98,,,Bank Transfer,INVALID,Invoice references non-existent/invalid subscription; Missing payment_status,Nan
I0002650,S001614,2025-08-28,2025-10-03,35418.03,19745.99,Pending,,Card,INVALID,Invoice references non-existent/invalid subscription,Pending
,S001854,2025-09-04,2025-09-22,116432.66,16729.64,,,UPI,INVALID,Missing invoice_id; Missing payment_status,Nan
I0002652,S001239,2024-02-21,2024-03-30,93357.38,14696.71,Pending,,UPI,INVALID,Invoice references non-existent/invalid subscription,Pending
I0002653,S002010,2024-07-13,2024-08-08,91516.77,14732.44,Failed,,Wallet,INVALID,Invoice references non-existent/invalid subscription,Failed
I0002654,S000815,2026-01-06,2026-02-08,20334.15,-2901.63,Paid,2026-01-20,Card,INVALID,Invoice references non-existent/invalid subscription; Negative tax_amount,Paid
I0002655,S001717,2024-09-24,2024-10-23,-10004.86,15050.78,Pending,,UPI,INVALID,Negative invoice_amount,Pending
I0002656,S001582,2025-12-13,2025-12-27,89651.82,12738.26,Pending,2025-12-30,,INVALID,Invoice references non-existent/invalid subscription,Pending
I0002657,S000251,2024-03-07,2024-03-20,62760.45,16595.63,Paid,2024-05-05,Wallet,INVALID,Invoice references non-existent/invalid subscription,Paid
I0002658,S001329,2024-05-06,2024-06-01,116769.27,161.42,Paid,2024-06-23,,VALID,No issues detected,Paid
I0002659,S000384,2026-01-26,2026-02-24,,7411.76,Paid,2026-03-16,,SUSPICIOUS,Missing invoice_amount,Paid
I0002660,S002360,2024-08-27,2024-09-08,108473.34,-2312.27,Pending,,Bank Transfer,INVALID,Invoice references non-existent/invalid subscription; Negative tax_amount,Pending
I0002661,S001188,2025-03-24,2025-04-14,77973.79,24966.23,Failed,,,INVALID,Invoice references non-existent/invalid subscription,Failed
I0002662,S000801,2025-11-11,2025-12-18,118603.6,2811.65,,,Card,INVALID,Invoice references non-existent/invalid subscription; Missing payment_status,Nan
I0002663,S000095,2024-03-18,2024-04-20,30379.37,2301.57,,,,SUSPICIOUS,Missing payment_status,Nan
I0002664,S001177,2025-09-23,2025-10-12,79190.09,20779.3,,2025-09-21,,INVALID,Missing payment_status; Payment date earlier than invoice date,Nan
,S000107,2024-02-08,2024-03-04,26726.02,-1898.34,Failed,,Bank Transfer,INVALID,Missing invoice_id; Invoice references non-existent/invalid subscription; Negative tax_amount,Failed
I0002666,S002324,2025-03-03,2025-04-17,,1277.45,Refunded,,Bank Transfer,INVALID,Invoice references non-existent/invalid subscription; Missing invoice_amount,Refunded
I0002667,S001202,2025-06-28,2025-07-31,31744.08,3131.66,Failed,2025-07-11,,INVALID,Invoice references non-existent/invalid subscription,Failed
I0002668,S000920,2025-12-17,2026-01-23,22928.9,3928.98,Paid,2026-01-20,,INVALID,Invoice references non-existent/invalid subscription,Paid
I0002669,S000178,2024-01-14,2024-01-23,48108.95,5614.17,Refunded,,Wallet,VALID,No issues detected,Refunded
I0002670,S000149,2024-11-01,2024-11-23,2792.65,-1052.46,,,UPI,INVALID,Negative tax_amount; Missing payment_status,Nan
I0002671,S001712,2024-10-02,2024-09-27,53049.29,24806.73,,2024-12-18,Wallet,INVALID,Invoice references non-existent/invalid subscription; Missing payment_status,Nan
,S000829,2025-06-03,2025-07-02,59525.98,3163.08,,2025-07-19,UPI,INVALID,Missing invoice_id; Invoice references non-existent/invalid subscription; Missing payment_status,Nan
I0002673,S001228,2024-05-30,2024-06-15,61287.75,12092.16,Failed,,Bank Transfer,INVALID,Invoice references non-existent/invalid subscription,Failed
I0002674,S001215,2025-01-21,2025-02-23,45561.0,20851.43,Refunded,,Wallet,INVALID,Invoice references non-existent/invalid subscription,Refunded
I0002675,S002359,2026-01-28,2026-03-04,3140.05,22198.83,,,UPI,SUSPICIOUS,Missing payment_status,Nan
I0002676,S000388,2024-07-30,2024-08-31,21932.4,20244.35,Failed,,,VALID,No issues detected,Failed
I0002677,S001952,2024-10-17,2024-11-25,21278.94,17595.24,Refunded,,UPI,INVALID,Invoice references non-existent/invalid subscription,Refunded
I0002678,S001729,2025-05-20,2025-05-28,16498.56,7199.41,Paid,2025-05-12,Wallet,INVALID,Payment date earlier than invoice date,Paid
I0002679,S001898,2025-06-05,2025-06-24,64901.83,658.33,Paid,2025-06-20,,INVALID,Invoice references non-existent/invalid subscription,Paid
I0002680,S001048,2024-03-25,2024-05-03,41417.89,,Refunded,,Bank Transfer,INVALID,Invoice references non-existent/invalid subscription,Refunded
I0002681,S002339,2026-01-11,2026-02-17,-55458.72,-2139.53,,,Card,INVALID,Invoice references non-existent/invalid subscription; Negative invoice_amount; Negative tax_amount; Missing payment_status,Nan
I0002682,S002119,2024-06-28,2024-07-19,,18641.91,Refunded,,Card,INVALID,Invoice references non-existent/invalid subscription; Missing invoice_amount,Refunded
I0002683,S001561,2025-10-13,2025-11-19,84486.2,-468.62,Refunded,,Bank Transfer,INVALID,Invoice references non-existent/invalid subscription; Negative tax_amount,Refunded
I0002684,S001730,2024-02-01,2024-03-17,18038.63,15178.94,Failed,,Wallet,INVALID,Invoice references non-existent/invalid subscription,Failed
I0002685,S000011,2025-09-24,2025-11-07,62078.97,15498.13,,,UPI,INVALID,Invoice references non-existent/invalid subscription; Missing payment_status,Nan
I0002686,S000337,2024-01-10,2024-02-08,36286.39,16854.18,Failed,,,INVALID,Invoice references non-existent/invalid subscription,Failed
I0002687,S000699,2024-01-14,2024-02-04,12932.55,13966.66,,,Bank Transfer,INVALID,Invoice references non-existent/invalid subscription; Missing payment_status,Nan
I0002688,S000588,2024-03-30,2024-05-13,56116.3,19122.39,Pending,,Bank Transfer,VALID,No issues detected,Pending
I0002689,S000994,2025-12-17,2025-12-27,31051.16,5553.1,Pending,,Bank Transfer,INVALID,Invoice references non-existent/invalid subscription,Pending
I0002690,S001571,2024-01-14,2024-02-23,33408.62,-2495.7,Failed,2024-02-19,Wallet,INVALID,Negative tax_amount,Failed
I0002691,S001827,2025-09-16,2025-10-25,75589.85,12906.93,Paid,2025-11-19,UPI,INVALID,Invoice references non-existent/invalid subscription,Paid
I0002692,S000810,2024-11-04,2024-11-19,12649.61,12980.55,Refunded,2024-11-03,UPI,INVALID,Payment date earlier than invoice date,Refunded
I0002693,S001669,2025-02-25,2025-03-11,4221.52,15060.45,Pending,,Wallet,VALID,No issues detected,Pending
I0002694,S001180,2024-03-09,2024-04-08,5044.63,16915.34,Failed,,,VALID,No issues detected,Failed
I0002695,S002211,2025-09-14,2025-09-09,80389.93,18463.94,Pending,2025-10-22,Wallet,VALID,No issues detected,Pending
I0002696,S000533,2025-12-27,2026-01-25,61600.05,12197.11,Paid,2025-12-28,Card,INVALID,Invoice references non-existent/invalid subscription,Paid
,S000776,2024-05-16,2024-06-10,3421.48,19307.22,Refunded,,Wallet,INVALID,Missing invoice_id,Refunded
I0002698,S000008,2025-12-13,2026-01-07,106635.13,18145.16,Paid,2026-01-13,,INVALID,Invoice references non-existent/invalid subscription,Paid
I0002699,S002286,2024-05-21,2024-05-13,20384.12,5993.79,Paid,2024-06-17,UPI,VALID,No issues detected,Paid
I0002700,S000674,2024-11-07,2024-11-16,69711.16,10157.0,Paid,2025-01-01,,INVALID,Invoice references non-existent/invalid subscription,Paid
I0002701,S001082,2024-01-12,2024-01-26,98033.07,24079.56,Refunded,,Bank Transfer,INVALID,Invoice references non-existent/invalid subscription,Refunded
I0002702,S000467,2024-12-08,2024-12-22,118005.77,-3278.15,Paid,2024-12-29,,INVALID,Invoice references non-existent/invalid subscription; Negative tax_amount,Paid
I0002703,S000565,2025-05-08,2025-05-22,53239.84,,Pending,,Bank Transfer,INVALID,Invoice references non-existent/invalid subscription,Pending
I0002704,S000262,2024-12-22,2025-01-01,99285.92,,Failed,,Wallet,INVALID,Invoice references non-existent/invalid subscription,Failed
I0002705,S000281,2025-04-19,2025-05-15,91126.38,6823.59,,,Wallet,SUSPICIOUS,Missing payment_status,Nan
I0002706,S000452,2025-09-30,2025-11-06,,15395.9,Refunded,2025-11-19,Wallet,INVALID,Invoice references non-existent/invalid subscription; Missing invoice_amount,Refunded
I0002707,S001169,2025-02-15,2025-03-23,59233.27,,Failed,,Bank Transfer,VALID,No issues detected,Failed
I0002708,S000964,2024-01-06,2024-01-17,38493.49,21883.26,Refunded,,,INVALID,Invoice references non-existent/invalid subscription,Refunded
I0002709,S002256,2024-10-15,2024-11-20,58197.87,1520.21,Failed,,Wallet,VALID,No issues detected,Failed
I0002710,S000332,2025-03-18,2025-03-29,28530.77,4222.54,Pending,2025-04-06,UPI,VALID,No issues detected,Pending
I0002711,S000543,2024-07-03,2024-07-17,89297.19,-4701.7,,2024-09-09,Card,INVALID,Invoice references non-existent/invalid subscription; Negative tax_amount; Missing payment_status,Nan
I0002712,S001274,2024-12-17,2024-12-08,16369.36,6770.26,,,Bank Transfer,SUSPICIOUS,Missing payment_status,Nan
I0002713,S000741,2025-06-04,2025-07-18,59647.57,13613.47,Pending,,Wallet,VALID,No issues detected,Pending
I0002714,S002215,2025-06-30,2025-08-05,45058.88,2279.18,Failed,2025-08-24,,INVALID,Invoice references non-existent/invalid subscription,Failed
I0002715,S002255,2024-08-08,2024-09-15,55708.17,11857.46,Failed,,Bank Transfer,INVALID,Invoice references non-existent/invalid subscription,Failed
I0002716,S000258,2024-07-18,2024-08-21,16770.72,4180.4,Failed,2024-07-28,Card,INVALID,Invoice references non-existent/invalid subscription,Failed
I0002717,S000726,2024-06-28,2024-07-23,93547.76,24900.83,,,UPI,INVALID,Invoice references non-existent/invalid subscription; Missing payment_status,Nan
I0002718,S001856,2024-03-10,2024-04-07,17243.99,,,,Wallet,INVALID,Invoice references non-existent/invalid subscription; Missing payment_status,Nan
I0002719,S002221,2024-07-22,2024-09-03,-112473.3,-934.21,Paid,2024-07-17,Card,INVALID,Negative invoice_amount; Negative tax_amount; Payment date earlier than invoice date,Paid
I0002720,S001697,2024-01-17,2024-03-01,104863.62,-269.57,Refunded,,,INVALID,Negative tax_amount,Refunded
I0002721,S001280,2026-01-27,2026-02-23,57800.83,3559.32,Failed,,UPI,VALID,No issues detected,Failed
I0002722,S001806,2024-04-12,2024-05-16,59384.52,22370.79,Pending,,,VALID,No issues detected,Pending
I0002723,S002275,2026-01-12,2026-02-21,17701.83,10322.44,Refunded,,Wallet,VALID,No issues detected,Refunded
I0002724,S001374,2025-11-09,2025-12-18,110943.31,20636.22,Failed,,Card,INVALID,Invoice references non-existent/invalid subscription,Failed
I0002725,S002098,2024-12-17,2024-12-29,7751.76,2602.45,Pending,,Wallet,INVALID,Invoice references non-existent/invalid subscription,Pending
I0002726,S000699,2025-09-17,2025-10-21,8620.6,14727.75,Paid,2025-09-18,Bank Transfer,INVALID,Invoice references non-existent/invalid subscription,Paid
I0002727,S000690,2024-07-03,2024-07-22,67492.61,22857.32,Paid,2024-09-04,UPI,INVALID,Invoice references non-existent/invalid subscription,Paid
I0002728,S001102,2024-11-16,2024-12-28,89589.56,17294.94,Failed,2025-02-03,Bank Transfer,VALID,No issues detected,Failed
I0002729,S001114,2024-06-25,2024-06-11,91376.41,6250.38,Refunded,,Card,INVALID,Invoice references non-existent/invalid subscription,Refunded
I0002730,S002335,2025-05-29,2025-06-06,114125.03,18256.04,Pending,,,INVALID,Invoice references non-existent/invalid subscription,Pending
I0002731,S000350,2024-07-15,2024-08-11,33334.28,10789.25,Pending,2024-08-26,,INVALID,Invoice references non-existent/invalid subscription,Pending
I0002732,S002087,2024-10-08,2024-10-28,57760.21,6779.75,Paid,2024-11-19,Bank Transfer,VALID,No issues detected,Paid
I0002733,S001548,2024-05-19,2024-06-28,72731.19,12160.0,Pending,,Wallet,INVALID,Invoice references non-existent/invalid subscription,Pending
,S000805,2025-03-18,2025-04-14,35397.95,23998.24,Failed,,Wallet,INVALID,Missing invoice_id,Failed
I0002735,S002279,2025-11-23,2025-12-15,20616.2,12941.24,,,,INVALID,Invoice references non-existent/invalid subscription; Missing payment_status,Nan
I0002736,S001256,2024-01-15,2024-02-03,4672.91,9359.43,Pending,,Card,INVALID,Invoice references non-existent/invalid subscription,Pending
I0002737,S001989,2024-07-12,2024-07-21,8004.42,22467.91,Failed,,Card,INVALID,Invoice references non-existent/invalid subscription,Failed
I0002738,S001030,2026-01-27,2026-02-23,,2183.95,Paid,2026-03-14,,INVALID,Invoice references non-existent/invalid subscription; Missing invoice_amount,Paid
I0002739,S001869,2024-11-15,2024-12-04,36366.04,16050.5,Failed,2024-12-14,UPI,INVALID,Invoice references non-existent/invalid subscription,Failed
I0002740,S001811,2025-09-04,2025-09-14,82286.2,6712.15,Paid,2025-10-06,Card,INVALID,Invoice references non-existent/invalid subscription,Paid
I0002741,S001769,2024-11-18,2024-12-21,59995.87,1631.8,,,UPI,INVALID,Invoice references non-existent/invalid subscription; Missing payment_status,Nan
I0002742,S000595,2025-11-01,2025-12-13,36678.59,24506.9,Refunded,,Card,INVALID,Invoice references non-existent/invalid subscription,Refunded
I0002743,S001275,2024-11-03,2024-12-15,40122.21,6453.38,Failed,,Card,INVALID,Invoice references non-existent/invalid subscription,Failed
I0002744,S002001,2025-03-05,2025-03-31,62076.69,13060.61,Paid,2025-04-16,UPI,VALID,No issues detected,Paid
I0002745,S002355,2024-08-13,2024-09-08,105427.16,15823.87,Failed,,Bank Transfer,INVALID,Invoice references non-existent/invalid subscription,Failed
I0002746,S002156,2024-05-21,2024-06-09,,1176.7,Pending,,Wallet,SUSPICIOUS,Missing invoice_amount,Pending
I0002747,S001213,2024-07-24,2024-08-12,110220.74,-3435.33,Paid,2024-07-20,Wallet,INVALID,Negative tax_amount; Payment date earlier than invoice date,Paid
,S000422,2025-09-03,2025-09-30,1342.41,-4554.29,Pending,,UPI,INVALID,Missing invoice_id; Invoice references non-existent/invalid subscription; Negative tax_amount,Pending
I0002749,S001824,2024-06-02,2024-07-03,11120.06,1113.79,Failed,2024-07-29,UPI,VALID,No issues detected,Failed
I0002750,S000583,2024-10-12,2024-11-01,32743.51,486.08,Failed,,UPI,INVALID,Invoice references non-existent/invalid subscription,Failed
I0002751,S000823,2024-03-20,2024-04-20,74077.89,-3211.71,,,UPI,INVALID,Invoice references non-existent/invalid subscription; Negative tax_amount; Missing payment_status,Nan
I0002752,S002128,2025-12-29,2026-02-06,,-2358.48,Refunded,2026-02-28,Card,INVALID,Invoice references non-existent/invalid subscription; Negative tax_amount; Missing invoice_amount,Refunded
I0002753,S001218,2026-01-29,2026-03-10,86736.45,16276.96,Pending,,,VALID,No issues detected,Pending
I0002754,S001436,2025-10-20,2025-11-02,112419.09,-237.61,Pending,,Bank Transfer,INVALID,Invoice references non-existent/invalid subscription; Negative tax_amount,Pending
I0002755,S001680,2024-03-04,2024-03-17,63379.5,5842.33,Paid,2024-04-24,Bank Transfer,VALID,No issues detected,Paid
I0002756,S000800,2024-03-14,2024-03-30,58071.74,11126.88,,,,INVALID,Invoice references non-existent/invalid subscription; Missing payment_status,Nan
,S001246,2025-07-25,2025-09-08,-25244.87,6951.65,,,,INVALID,Missing invoice_id; Invoice references non-existent/invalid subscription; Negative invoice_amount; Missing payment_status,Nan
,S000740,2025-10-14,2025-10-21,53800.2,7232.53,Paid,2025-11-23,Card,INVALID,Missing invoice_id,Paid
I0002759,S000860,2025-12-26,2026-02-06,4446.4,,,,,SUSPICIOUS,Missing payment_status,Nan
I0002760,S002077,2025-01-30,2025-02-28,80154.26,9790.17,Failed,,Wallet,INVALID,Invoice references non-existent/invalid subscription,Failed
I0002761,S001424,2024-09-09,2024-10-23,-112039.12,9113.97,Paid,2024-09-12,UPI,INVALID,Invoice references non-existent/invalid subscription; Negative invoice_amount,Paid
I0002762,S002284,2025-01-21,2025-02-01,46370.14,24552.75,Refunded,,,INVALID,Invoice references non-existent/invalid subscription,Refunded
I0002763,S002294,2024-12-02,2024-12-22,63489.31,7894.07,Refunded,,Wallet,VALID,No issues detected,Refunded
I0002764,S002323,2026-01-16,2026-01-10,74720.65,5668.98,Refunded,,Bank Transfer,INVALID,Invoice references non-existent/invalid subscription,Refunded
I0002765,S002203,2025-12-25,2026-01-27,8389.6,14244.1,Paid,2025-12-26,,INVALID,Invoice references non-existent/invalid subscription,Paid
I0002766,S000256,2024-10-15,2024-11-10,2557.29,8757.55,,,Card,SUSPICIOUS,Missing payment_status,Nan
I0002767,S002153,2024-09-17,2024-10-04,51562.19,-811.27,Pending,2024-10-15,Card,INVALID,Negative tax_amount,Pending
I0002768,S001419,2024-01-06,2024-01-31,44485.95,,Pending,,Bank Transfer,INVALID,Invoice references non-existent/invalid subscription,Pending
I0002769,S001724,2025-08-04,2025-08-17,55092.22,-3658.4,Failed,2025-10-12,Card,INVALID,Negative tax_amount,Failed
I0002770,S001932,2024-08-13,2024-09-20,43169.04,,Pending,2024-08-12,,INVALID,Invoice references non-existent/invalid subscription; Payment date earlier than invoice date,Pending
I0002771,S001870,2026-01-07,2026-02-16,89754.33,-3998.8,Paid,2026-02-09,,INVALID,Negative tax_amount,Paid
I0002772,S002354,2025-11-02,2025-11-25,-11576.64,13851.42,Refunded,,,INVALID,Invoice references non-existent/invalid subscription; Negative invoice_amount,Refunded
I0002773,S001358,2024-04-06,2024-04-23,71233.43,16471.45,Paid,2024-06-02,Wallet,INVALID,Invoice references non-existent/invalid subscription,Paid
I0002774,S001057,2025-02-08,2025-03-05,109645.64,,Pending,2025-04-27,UPI,INVALID,Invoice references non-existent/invalid subscription,Pending
I0002775,S000044,2025-08-11,2025-09-21,,5477.51,Refunded,,,SUSPICIOUS,Missing invoice_amount,Refunded
I0002776,S000999,2024-11-08,2024-11-19,57920.02,21148.36,Refunded,2024-12-27,UPI,VALID,No issues detected,Refunded
I0002777,S002338,2025-03-26,2025-04-19,119093.44,,Refunded,,Wallet,VALID,No issues detected,Refunded
I0002778,S000758,2025-02-28,2025-04-02,79930.97,12657.87,Failed,,UPI,VALID,No issues detected,Failed
I0002779,S002025,2025-04-07,2025-05-20,83217.4,11796.1,Failed,,,INVALID,Invoice references non-existent/invalid subscription,Failed
I0002780,S002086,2024-10-18,2024-11-27,96636.6,21288.43,Refunded,,UPI,INVALID,Invoice references non-existent/invalid subscription,Refunded
I0002781,S001122,2025-08-13,2025-09-04,25123.66,12201.7,,,Wallet,SUSPICIOUS,Missing payment_status,Nan
I0002782,S000328,2024-11-06,2024-12-07,111789.57,5827.18,Failed,,Card,INVALID,Invoice references non-existent/invalid subscription,Failed
I0002783,S001880,2025-01-09,2025-01-24,84960.09,12224.85,Refunded,,Bank Transfer,INVALID,Invoice references non-existent/invalid subscription,Refunded
I0002784,S002387,2025-05-31,2025-06-08,83152.14,,Paid,2025-07-03,,INVALID,Invoice references non-existent/invalid subscription,Paid
I0002785,S000347,2025-12-23,2026-01-03,97214.02,7014.43,Failed,2026-01-21,Bank Transfer,INVALID,Invoice references non-existent/invalid subscription,Failed
I0002786,S002091,2025-09-05,2025-10-02,15439.32,21965.26,Refunded,,,INVALID,Invoice references non-existent/invalid subscription,Refunded
I0002787,S002351,2024-05-04,2024-04-30,53059.99,-1160.72,Pending,,UPI,INVALID,Invoice references non-existent/invalid subscription; Negative tax_amount,Pending
I0002788,S001492,2025-10-11,2025-10-18,95269.27,-350.76,Refunded,,UPI,INVALID,Invoice references non-existent/invalid subscription; Negative tax_amount,Refunded
,S000877,2024-02-14,2024-03-01,45440.58,9835.45,Pending,,Card,INVALID,Missing invoice_id; Invoice references non-existent/invalid subscription,Pending
I0002790,S001467,2024-12-27,2024-12-13,13367.92,13063.56,Paid,2025-02-16,,INVALID,Invoice references non-existent/invalid subscription,Paid
I0002791,S001520,2025-09-16,2025-10-25,26631.45,12913.57,Refunded,2025-11-14,Bank Transfer,VALID,No issues detected,Refunded
I0002792,S001419,2024-03-27,2024-03-26,10622.68,5012.43,,2024-04-03,Bank Transfer,INVALID,Invoice references non-existent/invalid subscription; Missing payment_status,Nan
I0002793,S000665,2024-09-22,2024-10-10,,,Pending,,Card,INVALID,Invoice references non-existent/invalid subscription; Missing invoice_amount,Pending
I0002794,S001146,2024-04-08,2024-04-20,12324.97,11790.0,,,Card,SUSPICIOUS,Missing payment_status,Nan
I0002795,S000393,2025-04-25,2025-05-03,111609.46,9459.52,Pending,,UPI,VALID,No issues detected,Pending
,S000974,2024-04-04,2024-04-12,73063.13,6924.9,,2024-04-06,UPI,INVALID,Missing invoice_id; Missing payment_status,Nan
I0002797,S002115,2026-01-13,2026-01-26,101266.78,23890.76,Paid,2026-02-23,,INVALID,Invoice references non-existent/invalid subscription,Paid
I0002798,S000169,2025-11-03,2025-12-02,108038.95,13759.35,Paid,2025-12-31,Wallet,INVALID,Invoice references non-existent/invalid subscription,Paid
I0002799,S001115,2025-03-05,2025-03-30,72349.96,20472.63,Paid,2025-03-05,UPI,VALID,No issues detected,Paid
I0002800,S000255,2024-05-24,2024-07-03,,21403.19,,2024-07-15,Card,INVALID,Invoice references non-existent/invalid subscription; Missing invoice_amount; Missing payment_status,Nan
I0002801,S001285,2025-02-11,2025-03-12,64847.51,24195.19,Failed,,Bank Transfer,VALID,No issues detected,Failed
I0002802,S000791,2024-12-18,2025-01-12,67471.48,2980.35,Paid,2024-12-12,UPI,INVALID,Invoice references non-existent/invalid subscription; Payment date earlier than invoice date,Paid
I0002803,S001483,2025-06-05,2025-07-14,22840.68,16505.57,Paid,2025-07-15,,INVALID,Invoice references non-existent/invalid subscription,Paid
I0002804,S001898,2025-05-04,2025-05-17,,6237.29,Failed,,Bank Transfer,INVALID,Invoice references non-existent/invalid subscription; Missing invoice_amount,Failed
I0002805,S000722,2024-10-12,2024-10-27,75219.44,3211.3,Pending,,,INVALID,Invoice references non-existent/invalid subscription,Pending
I0002806,S002259,2024-07-04,2024-07-28,94316.7,-2423.33,Paid,2024-07-24,Card,INVALID,Invoice references non-existent/invalid subscription; Negative tax_amount,Paid
I0002807,S000505,2025-11-08,2025-10-28,106508.71,16923.16,Pending,2025-12-06,UPI,VALID,No issues detected,Pending
I0002808,S001119,2025-08-24,2025-09-01,90823.94,7088.83,,,Wallet,INVALID,Invoice references non-existent/invalid subscription; Missing payment_status,Nan
I0002809,S002173,2024-02-22,2024-03-17,,15621.34,Refunded,2024-04-15,,INVALID,Invoice references non-existent/invalid subscription; Missing invoice_amount,Refunded
I0002810,S001374,2024-10-30,2024-12-08,84903.05,,,2024-11-12,Wallet,INVALID,Invoice references non-existent/invalid subscription; Missing payment_status,Nan
I0002811,S000279,2024-07-07,2024-07-15,,1018.64,Failed,,Wallet,INVALID,Invoice references non-existent/invalid subscription; Missing invoice_amount,Failed
I0002812,S002272,2024-01-28,2024-01-25,110468.21,4365.61,,2024-03-14,Bank Transfer,INVALID,Invoice references non-existent/invalid subscription; Missing payment_status,Nan
I0002813,S000236,2024-02-09,2024-01-28,64881.71,-4803.14,Paid,2024-02-23,Bank Transfer,INVALID,Negative tax_amount,Paid
,S001539,2024-04-25,2024-04-24,118484.42,-4157.75,Refunded,,Wallet,INVALID,Missing invoice_id; Invoice references non-existent/invalid subscription; Negative tax_amount,Refunded
,S001080,2024-12-12,2025-01-20,102292.14,6433.99,Refunded,,Card,INVALID,Missing invoice_id,Refunded
I0002816,S002284,2025-09-06,2025-10-04,83225.36,19413.92,,,Card,INVALID,Invoice references non-existent/invalid subscription; Missing payment_status,Nan
I0002817,S001647,2025-04-26,2025-05-12,100206.53,20211.37,Paid,2025-06-12,Bank Transfer,INVALID,Invoice references non-existent/invalid subscription,Paid
I0002818,S002172,2025-03-14,2025-03-21,33122.1,16403.99,Paid,2025-04-05,Bank Transfer,INVALID,Invoice references non-existent/invalid subscription,Paid
,S001775,2025-05-27,2025-07-04,68629.14,19514.88,Paid,2025-05-27,Wallet,INVALID,Missing invoice_id,Paid
I0002820,S001905,2025-09-09,2025-10-19,40831.98,-1431.16,,2025-10-05,UPI,INVALID,Negative tax_amount; Missing payment_status,Nan
I0002821,S001468,2024-02-04,2024-03-12,11603.17,,Pending,,UPI,VALID,No issues detected,Pending
I0002822,S001297,2024-11-15,2024-12-14,34214.65,10153.07,Failed,,Bank Transfer,VALID,No issues detected,Failed
I0002823,S001132,2025-05-04,2025-04-30,24634.12,-207.65,Failed,,Bank Transfer,INVALID,Negative tax_amount,Failed
I0002824,S000914,2024-12-17,2025-01-19,94189.23,14064.56,,,Bank Transfer,INVALID,Invoice references non-existent/invalid subscription; Missing payment_status,Nan
I0002825,S000834,2024-08-31,2024-09-26,20981.61,19110.84,Paid,2024-11-01,,INVALID,Invoice references non-existent/invalid subscription,Paid
I0002826,S002213,2025-03-18,2025-05-01,28884.02,5830.08,Pending,2025-04-07,Bank Transfer,INVALID,Invoice references non-existent/invalid subscription,Pending
I0002827,S000924,2024-11-26,2025-01-06,32002.93,,Refunded,,UPI,VALID,No issues detected,Refunded
I0002828,S001872,2025-03-11,2025-04-05,39988.77,432.88,Refunded,,Card,VALID,No issues detected,Refunded
I0002829,S000773,2024-11-12,2024-12-03,17305.15,16866.5,Failed,,,VALID,No issues detected,Failed
I0002830,S002240,2024-02-12,2024-03-15,,,Pending,,UPI,INVALID,Invoice references non-existent/invalid subscription; Missing invoice_amount,Pending
I0002831,S000890,2024-06-27,2024-07-28,113593.88,17000.23,,,Wallet,INVALID,Invoice references non-existent/invalid subscription; Missing payment_status,Nan
I0002832,S002119,2025-03-23,2025-04-24,,20974.99,,,Card,INVALID,Invoice references non-existent/invalid subscription; Missing invoice_amount; Missing payment_status,Nan
I0002833,S000337,2024-03-27,2024-05-06,67789.71,17332.95,Pending,,Bank Transfer,INVALID,Invoice references non-existent/invalid subscription,Pending
I0002834,S001954,2025-10-22,2025-11-11,84447.13,,Paid,2025-12-30,UPI,INVALID,Invoice references non-existent/invalid subscription,Paid
I0002835,S001412,2024-09-11,2024-10-17,,8025.38,Paid,2024-09-27,Card,INVALID,Invoice references non-existent/invalid subscription; Missing invoice_amount,Paid
I0002836,S001585,2025-01-05,2025-01-17,67178.97,-908.69,Pending,2025-01-26,Wallet,INVALID,Invoice references non-existent/invalid subscription; Negative tax_amount,Pending
I0002837,S000687,2024-02-09,2024-02-29,75207.17,14182.33,Paid,2024-03-09,Bank Transfer,INVALID,Invoice references non-existent/invalid subscription,Paid
I0002838,S002120,2024-06-09,2024-07-16,40470.81,6447.82,Paid,2024-07-27,Wallet,INVALID,Invoice references non-existent/invalid subscription,Paid
I0002839,S000838,2025-08-21,2025-09-06,23294.85,8407.24,Failed,,Wallet,INVALID,Invoice references non-existent/invalid subscription,Failed
I0002840,S000457,2025-09-13,2025-09-20,,2122.73,Refunded,,UPI,INVALID,Invoice references non-existent/invalid subscription; Missing invoice_amount,Refunded
I0002841,S000169,2024-04-12,2024-05-19,84184.17,10785.74,Paid,2024-05-16,Bank Transfer,INVALID,Invoice references non-existent/invalid subscription,Paid
,S000083,2024-03-02,2024-03-22,68334.61,-2110.85,Refunded,2024-05-08,UPI,INVALID,Missing invoice_id; Negative tax_amount,Refunded
,S000344,2024-09-27,2024-10-07,37819.33,6562.62,Paid,2024-10-20,Card,INVALID,Missing invoice_id; Invoice references non-existent/invalid subscription,Paid
I0002844,S001302,2025-01-02,2025-02-16,9555.62,20899.85,Paid,2025-01-26,,VALID,No issues detected,Paid
,S001106,2024-03-14,2024-04-27,57588.69,,Refunded,,UPI,INVALID,Missing invoice_id,Refunded
,S000363,2025-10-16,2025-10-25,12103.91,13058.22,,2026-01-04,Wallet,INVALID,Missing invoice_id; Invoice references non-existent/invalid subscription; Missing payment_status,Nan
I0002847,S000687,2025-04-26,2025-05-19,118172.79,13652.43,,,Bank Transfer,INVALID,Invoice references non-existent/invalid subscription; Missing payment_status,Nan
I0002848,S001128,2024-06-25,2024-06-18,23053.52,-2614.32,Failed,,Bank Transfer,INVALID,Invoice references non-existent/invalid subscription; Negative tax_amount,Failed
I0002849,S001501,2025-08-25,2025-09-26,24530.4,7074.79,Paid,2025-09-12,UPI,INVALID,Invoice references non-existent/invalid subscription,Paid
I0002850,S000679,2025-10-18,2025-10-27,12098.37,24691.35,,,Bank Transfer,INVALID,Invoice references non-existent/invalid subscription; Missing payment_status,Nan
I0002851,S001732,2024-08-18,2024-08-25,87615.18,,,,,SUSPICIOUS,Missing payment_status,Nan
I0002852,S000490,2025-07-12,2025-07-23,119172.28,3561.34,Refunded,,UPI,INVALID,Invoice references non-existent/invalid subscription,Refunded
I0002853,S000284,2024-03-18,2024-04-25,35773.19,-1447.54,Pending,,,INVALID,Negative tax_amount,Pending
,S000024,2024-05-22,2024-06-04,62813.25,12440.54,Pending,,Wallet,INVALID,Missing invoice_id,Pending
,S000662,2024-04-29,2024-05-27,,14132.15,Failed,2024-05-15,UPI,INVALID,Missing invoice_id; Missing invoice_amount,Failed
I0002856,S000449,2025-04-29,2025-06-02,35758.76,16162.72,Pending,,Wallet,INVALID,Invoice references non-existent/invalid subscription,Pending
,S001482,2024-11-17,2024-12-16,97957.86,5469.98,,,Wallet,INVALID,Missing invoice_id; Missing payment_status,Nan
I0002858,S001298,2024-11-08,2024-12-03,51429.62,12841.39,Failed,,,INVALID,Invoice references non-existent/invalid subscription,Failed
I0002859,S000015,2025-05-15,2025-06-13,90132.49,-3621.97,Paid,2025-06-23,Wallet,INVALID,Negative tax_amount,Paid
I0002860,S000504,2025-03-27,2025-04-05,39148.09,,,,Wallet,SUSPICIOUS,Missing payment_status,Nan
I0002861,S001217,2024-12-29,2025-01-13,-47958.61,18836.89,Pending,,Bank Transfer,INVALID,Negative invoice_amount,Pending
I0002862,S001809,2024-12-23,2025-01-02,113072.3,16864.98,Pending,,Bank Transfer,VALID,No issues detected,Pending
I0002863,S002092,2025-01-03,2025-02-12,56103.33,247.3,Refunded,,Card,VALID,No issues detected,Refunded
I0002864,S000003,2025-09-07,2025-10-07,119814.18,667.88,Failed,,UPI,INVALID,Invoice references non-existent/invalid subscription,Failed
I0002865,S001243,2024-03-18,2024-04-26,53312.14,9637.24,Pending,2024-05-07,Card,VALID,No issues detected,Pending
I0002866,S001406,2025-10-23,2025-11-30,112645.91,3453.49,Failed,,Card,INVALID,Invoice references non-existent/invalid subscription,Failed
I0002867,S001824,2025-02-14,2025-02-25,26791.97,13409.26,Refunded,,,VALID,No issues detected,Refunded
I0002868,S000022,2024-01-06,2024-02-09,104890.02,21309.98,,,,SUSPICIOUS,Missing payment_status,Nan
I0002869,S002380,2024-07-02,2024-07-25,83647.44,2474.59,Paid,2024-09-08,,INVALID,Invoice references non-existent/invalid subscription,Paid
I0002870,S002248,2025-09-14,2025-10-05,54878.8,23296.83,,,Card,INVALID,Invoice references non-existent/invalid subscription; Missing payment_status,Nan
I0002871,S000448,2024-12-28,2025-02-02,53208.33,16921.51,Pending,,UPI,INVALID,Invoice references non-existent/invalid subscription,Pending
I0002872,S001040,2025-02-04,2025-03-07,21300.71,7093.92,Failed,,Bank Transfer,INVALID,Invoice references non-existent/invalid subscription,Failed
I0002873,S000598,2024-09-27,2024-11-06,62731.79,-1844.38,Pending,,,INVALID,Invoice references non-existent/invalid subscription; Negative tax_amount,Pending
I0002874,S002395,2025-12-24,2026-02-02,44785.45,,Pending,,UPI,INVALID,Invoice references non-existent/invalid subscription,Pending
I0002875,S002169,2025-01-27,2025-03-03,116122.71,10375.43,Refunded,2025-02-06,UPI,VALID,No issues detected,Refunded
I0002876,S000823,2026-01-30,2026-01-21,44539.5,9153.03,Failed,,,INVALID,Invoice references non-existent/invalid subscription,Failed
I0002877,S000424,2024-11-10,2024-11-19,104492.59,6426.29,,,Card,SUSPICIOUS,Missing payment_status,Nan
I0002878,S000929,2025-02-21,2025-03-07,1507.64,17998.77,Pending,,UPI,INVALID,Invoice references non-existent/invalid subscription,Pending
I0002879,S000677,2024-06-17,2024-07-23,71512.38,8667.54,Paid,2024-08-01,Wallet,INVALID,Invoice references non-existent/invalid subscription,Paid
I0002880,S000787,2024-03-01,2024-03-13,31488.06,5386.09,Paid,2024-03-14,Wallet,VALID,No issues detected,Paid
I0002881,S000254,2024-12-12,2025-01-04,2236.34,11438.93,Paid,2025-01-15,Bank Transfer,INVALID,Invoice references non-existent/invalid subscription,Paid
I0002882,S000451,2025-08-24,2025-10-05,53892.46,19335.15,Pending,,UPI,INVALID,Invoice references non-existent/invalid subscription,Pending
I0002883,S000157,2024-09-21,2024-10-09,45960.31,16253.76,Failed,,Wallet,VALID,No issues detected,Failed
I0002884,S000365,2025-08-03,2025-08-30,80632.73,13179.88,Pending,,Bank Transfer,INVALID,Invoice references non-existent/invalid subscription,Pending
I0002885,S000571,2025-06-07,2025-07-12,18679.04,151.64,Pending,,,INVALID,Invoice references non-existent/invalid subscription,Pending
I0002886,S000217,2024-05-19,2024-06-04,24201.62,-3043.68,,,,INVALID,Invoice references non-existent/invalid subscription; Negative tax_amount; Missing payment_status,Nan
I0002887,S001439,2025-11-04,2025-12-07,42823.26,1290.13,Failed,,Bank Transfer,INVALID,Invoice references non-existent/invalid subscription,Failed
I0002888,S001125,2025-01-29,2025-03-14,12767.56,-1961.5,Refunded,2025-01-28,UPI,INVALID,Negative tax_amount; Payment date earlier than invoice date,Refunded
I0002889,S001448,2025-11-28,2025-12-08,67484.19,19827.25,Refunded,,Bank Transfer,VALID,No issues detected,Refunded
I0002890,S000760,2025-12-21,2026-01-18,20993.18,15787.04,Failed,2025-12-28,Card,VALID,No issues detected,Failed
I0002891,S000460,2024-05-29,2024-05-22,65962.23,15978.13,Refunded,,Card,INVALID,Invoice references non-existent/invalid subscription,Refunded
I0002892,S001188,2024-07-13,2024-07-26,88357.85,141.23,Paid,2024-07-18,UPI,INVALID,Invoice references non-existent/invalid subscription,Paid
I0002893,S002374,2024-01-29,2024-03-06,72730.38,23245.87,Refunded,,Bank Transfer,INVALID,Invoice references non-existent/invalid subscription,Refunded
I0002894,S001902,2024-10-31,2024-11-30,39534.97,281.48,,,Wallet,INVALID,Invoice references non-existent/invalid subscription; Missing payment_status,Nan
I0002895,S000436,2024-07-28,2024-08-11,38854.98,13049.62,,2024-07-24,Wallet,INVALID,Missing payment_status; Payment date earlier than invoice date,Nan
I0002896,S000708,2025-11-26,2025-12-13,117606.18,7055.18,,,Bank Transfer,INVALID,Invoice references non-existent/invalid subscription; Missing payment_status,Nan
I0002897,S001956,2025-10-18,2025-10-30,111617.08,23826.42,Paid,2025-12-25,,INVALID,Invoice references non-existent/invalid subscription,Paid
I0002898,S001800,2025-05-05,2025-06-02,12582.56,23090.78,,,Card,INVALID,Invoice references non-existent/invalid subscription; Missing payment_status,Nan
I0002899,S000919,2024-11-03,2024-12-15,98178.06,17779.35,Pending,,,INVALID,Invoice references non-existent/invalid subscription,Pending
I0002900,S001721,2024-11-08,2024-11-15,97420.42,2963.28,Failed,,Wallet,INVALID,Invoice references non-existent/invalid subscription,Failed
,S001911,2025-03-17,2025-04-16,,,Paid,2025-03-07,UPI,INVALID,Missing invoice_id; Invoice references non-existent/invalid subscription; Missing invoice_amount; Payment date earlier than invoice date,Paid
,S000365,2024-12-26,2025-01-27,41579.51,6677.59,,,Card,INVALID,Missing invoice_id; Invoice references non-existent/invalid subscription; Missing payment_status,Nan
,S001696,2025-04-29,2025-06-04,38011.79,,Refunded,2025-07-02,Wallet,INVALID,Missing invoice_id; Invoice references non-existent/invalid subscription,Refunded
I0002904,S001463,2024-02-10,2024-02-01,73260.94,6331.31,Refunded,,Card,VALID,No issues detected,Refunded
I0002905,S001728,2024-03-12,2024-04-10,23867.94,7093.25,Paid,2024-04-05,,INVALID,Invoice references non-existent/invalid subscription,Paid
I0002906,S000109,2025-12-21,2026-01-12,30500.63,,Paid,2026-03-01,UPI,INVALID,Invoice references non-existent/invalid subscription,Paid
I0002907,S000693,2024-07-31,2024-08-19,,24629.07,Refunded,2024-09-11,Bank Transfer,SUSPICIOUS,Missing invoice_amount,Refunded
I0002908,S002132,2025-08-03,2025-08-22,73070.17,-4454.41,,,Bank Transfer,INVALID,Negative tax_amount; Missing payment_status,Nan
I0002909,S000452,2024-10-10,2024-11-11,75658.43,7872.69,,,,INVALID,Invoice references non-existent/invalid subscription; Missing payment_status,Nan
I0002910,S000437,2025-07-21,2025-07-31,-10800.31,6734.61,Refunded,,,INVALID,Negative invoice_amount,Refunded
I0002911,S000071,2025-05-13,2025-06-20,32333.56,19342.97,Pending,2025-07-14,Bank Transfer,VALID,No issues detected,Pending
,S001334,2025-09-05,2025-10-20,71208.78,,Refunded,,Bank Transfer,INVALID,Missing invoice_id,Refunded
I0002913,S001388,2024-07-29,2024-08-22,71373.83,11886.66,Pending,,,INVALID,Invoice references non-existent/invalid subscription,Pending
I0002914,S001727,2025-05-08,2025-06-14,19373.28,20334.62,,,UPI,INVALID,Invoice references non-existent/invalid subscription; Missing payment_status,Nan
,S000128,2025-10-08,2025-10-28,107174.91,,Pending,,,INVALID,Missing invoice_id; Invoice references non-existent/invalid subscription,Pending
I0002916,S000864,2024-03-23,2024-03-30,17306.3,-3071.27,Paid,2024-05-23,Wallet,INVALID,Invoice references non-existent/invalid subscription; Negative tax_amount,Paid
I0002917,S001059,2025-04-29,2025-05-21,82824.05,14709.4,Pending,,UPI,INVALID,Invoice references non-existent/invalid subscription,Pending
I0002918,S000004,2025-11-08,2025-11-21,42864.36,,,,UPI,INVALID,Invoice references non-existent/invalid subscription; Missing payment_status,Nan
I0002919,S002006,2025-05-27,2025-06-23,67770.48,21792.53,Paid,2025-07-11,Bank Transfer,INVALID,Invoice references non-existent/invalid subscription,Paid
I0002920,S001432,2025-01-15,2025-02-01,,1140.9,,,UPI,SUSPICIOUS,Missing invoice_amount; Missing payment_status,Nan
I0002921,S000422,2025-06-12,2025-07-18,110979.21,-1964.84,,2025-06-26,Card,INVALID,Invoice references non-existent/invalid subscription; Negative tax_amount; Missing payment_status,Nan
I0002922,S000124,2024-03-12,2024-04-21,21252.55,3150.87,Failed,2024-05-21,Wallet,VALID,No issues detected,Failed
I0002923,S000701,2024-04-11,2024-04-23,20425.02,3666.07,Paid,2024-05-10,UPI,INVALID,Invoice references non-existent/invalid subscription,Paid
I0002924,S001056,2025-03-26,2025-04-12,104239.54,15627.44,Failed,,UPI,INVALID,Invoice references non-existent/invalid subscription,Failed
I0002925,S002084,2026-01-27,2026-03-10,11767.78,11382.11,Pending,,Card,INVALID,Invoice references non-existent/invalid subscription,Pending
,S000284,2025-08-22,2025-09-15,97715.67,24489.54,,2025-09-22,Card,INVALID,Missing invoice_id; Missing payment_status,Nan
I0002927,S001151,2025-05-06,2025-04-27,38821.16,-4021.37,,,Wallet,INVALID,Invoice references non-existent/invalid subscription; Negative tax_amount; Missing payment_status,Nan
I0002928,S001240,2025-10-27,2025-11-25,109258.88,7759.37,Pending,,UPI,VALID,No issues detected,Pending
I0002929,S000860,2025-04-30,2025-06-09,42968.59,,,,Bank Transfer,SUSPICIOUS,Missing payment_status,Nan
I0002930,S001496,2024-11-15,2024-12-09,82131.12,6405.94,,,UPI,INVALID,Invoice references non-existent/invalid subscription; Missing payment_status,Nan
I0002931,S000144,2024-07-25,2024-08-03,110984.65,4529.82,Paid,2024-07-22,Wallet,INVALID,Payment date earlier than invoice date,Paid
I0002932,S000278,2025-09-15,2025-09-22,66083.41,14067.58,,,Bank Transfer,SUSPICIOUS,Missing payment_status,Nan
I0002933,S000618,2024-07-14,2024-07-07,35426.89,17341.67,,2024-07-07,Wallet,INVALID,Invoice references non-existent/invalid subscription; Missing payment_status; Payment date earlier than invoice date,Nan
I0002934,S000236,2025-05-28,2025-06-27,9106.26,17054.82,Refunded,,Bank Transfer,VALID,No issues detected,Refunded
I0002935,S002370,2025-03-29,2025-03-16,14101.79,-1528.11,Refunded,,Card,INVALID,Negative tax_amount,Refunded
I0002936,S001319,2024-03-30,2024-04-08,29089.7,22172.47,Failed,,,INVALID,Invoice references non-existent/invalid subscription,Failed
,S002216,2025-03-09,2025-03-25,45151.36,-2037.01,Refunded,,Wallet,INVALID,Missing invoice_id; Invoice references non-existent/invalid subscription; Negative tax_amount,Refunded
I0002938,S000212,2024-06-23,2024-07-25,111113.5,24277.17,Failed,2024-07-15,UPI,INVALID,Invoice references non-existent/invalid subscription,Failed
I0002939,S000257,2024-05-03,2024-05-26,,14921.98,Refunded,,Card,INVALID,Invoice references non-existent/invalid subscription; Missing invoice_amount,Refunded
I0002940,S000296,2025-09-21,2025-11-04,50496.8,,Failed,,Wallet,INVALID,Invoice references non-existent/invalid subscription,Failed
I0002941,S001862,2025-11-20,2025-12-05,107497.56,24202.72,Failed,,Wallet,VALID,No issues detected,Failed
,S000956,2025-11-01,2025-11-08,19149.14,12836.34,Refunded,,,INVALID,Missing invoice_id; Invoice references non-existent/invalid subscription,Refunded
I0002943,S000936,2024-06-30,2024-07-15,107705.13,23557.94,,,Card,SUSPICIOUS,Missing payment_status,Nan
I0002944,S001299,2024-03-18,2024-04-17,8479.65,6792.09,Paid,2024-03-14,,INVALID,Invoice references non-existent/invalid subscription; Payment date earlier than invoice date,Paid
I0002945,S002223,2025-09-12,2025-10-19,28805.62,1063.69,Failed,2025-09-11,UPI,INVALID,Invoice references non-existent/invalid subscription; Payment date earlier than invoice date,Failed
,S001192,2024-01-25,2024-02-25,56809.1,684.12,Paid,2024-03-06,Wallet,INVALID,Missing invoice_id; Invoice references non-existent/invalid subscription,Paid
I0002947,S001162,2024-11-17,2024-12-03,67153.53,17094.33,Pending,,,INVALID,Invoice references non-existent/invalid subscription,Pending
I0002948,S001750,2024-11-20,2024-11-27,68700.57,13912.32,Failed,,Card,VALID,No issues detected,Failed
I0002949,S000933,2024-08-28,2024-10-03,98642.09,20592.01,,,Bank Transfer,SUSPICIOUS,Missing payment_status,Nan
I0002950,S001049,2024-05-11,2024-06-05,41958.93,10464.61,Paid,2024-05-07,UPI,INVALID,Payment date earlier than invoice date,Paid
,S001221,2025-09-09,2025-10-24,63887.6,-921.96,,,,INVALID,Missing invoice_id; Negative tax_amount; Missing payment_status,Nan
I0002952,S002353,2025-08-11,2025-08-30,8685.46,,Failed,,,INVALID,Invoice references non-existent/invalid subscription,Failed
I0002953,S000005,2024-06-08,2024-06-24,56520.19,16540.85,,,,SUSPICIOUS,Missing payment_status,Nan
I0002954,S000506,2025-05-18,2025-06-02,97385.13,21650.56,Paid,2025-06-16,Bank Transfer,VALID,No issues detected,Paid
I0002955,S002082,2024-07-19,2024-07-29,99531.46,2494.06,Pending,,Wallet,INVALID,Invoice references non-existent/invalid subscription,Pending
I0002956,S001215,2025-01-08,2025-01-15,53228.52,16297.25,Paid,2025-03-16,Bank Transfer,INVALID,Invoice references non-existent/invalid subscription,Paid
I0002957,S001517,2025-03-19,2025-03-31,11488.19,,,,Wallet,INVALID,Invoice references non-existent/invalid subscription; Missing payment_status,Nan
I0002958,S000204,2025-04-10,2025-05-09,82106.64,19319.41,Refunded,2025-05-05,UPI,INVALID,Invoice references non-existent/invalid subscription,Refunded
I0002959,S000375,2024-02-11,2024-03-02,,,Failed,,Bank Transfer,INVALID,Invoice references non-existent/invalid subscription; Missing invoice_amount,Failed
I0002960,S001510,2025-06-19,2025-08-01,,,Pending,,UPI,INVALID,Invoice references non-existent/invalid subscription; Missing invoice_amount,Pending
I0002961,S000325,2025-03-15,2025-04-28,107437.05,9984.09,Failed,,Card,INVALID,Invoice references non-existent/invalid subscription,Failed
I0002962,S000651,2025-06-25,2025-07-24,-53500.83,5527.29,Paid,2025-08-14,Card,INVALID,Negative invoice_amount,Paid
I0002963,S001606,2024-07-26,2024-09-05,101268.34,17316.78,Refunded,,Card,INVALID,Invoice references non-existent/invalid subscription,Refunded
I0002964,S001070,2025-07-06,2025-07-15,94256.71,20462.42,Paid,2025-07-13,UPI,INVALID,Invoice references non-existent/invalid subscription,Paid
I0002965,S002268,2025-10-08,2025-10-19,118867.58,15045.66,Paid,2025-10-14,Bank Transfer,INVALID,Invoice references non-existent/invalid subscription,Paid
I0002966,S000993,2024-07-25,2024-08-08,,14101.94,Paid,2024-09-03,UPI,INVALID,Invoice references non-existent/invalid subscription; Missing invoice_amount,Paid
I0002967,S001482,2024-05-29,2024-07-03,68186.97,18269.1,,,Bank Transfer,SUSPICIOUS,Missing payment_status,Nan
,S000481,2025-06-21,2025-07-07,35309.53,,Pending,,Bank Transfer,INVALID,Missing invoice_id; Invoice references non-existent/invalid subscription,Pending
I0002969,S000248,2024-06-21,2024-07-15,27405.14,23904.67,,,Bank Transfer,INVALID,Invoice references non-existent/invalid subscription; Missing payment_status,Nan
I0002970,S001262,2024-10-05,2024-10-20,,12287.99,,,Card,SUSPICIOUS,Missing invoice_amount; Missing payment_status,Nan
I0002971,S000051,2024-03-31,2024-04-14,-107431.46,21454.33,Paid,2024-05-24,UPI,INVALID,Negative invoice_amount,Paid
I0002972,S001829,2024-03-29,2024-04-25,43302.33,22903.7,Failed,,UPI,VALID,No issues detected,Failed
I0002973,S001217,2025-09-06,2025-09-28,,22125.99,Paid,2025-09-03,UPI,INVALID,Missing invoice_amount; Payment date earlier than invoice date,Paid
I0002974,S002211,2024-08-25,2024-10-09,37202.22,14855.95,,,Card,SUSPICIOUS,Missing payment_status,Nan
I0002975,S000890,2025-09-24,2025-11-02,,22500.06,Paid,2025-10-15,Wallet,INVALID,Invoice references non-existent/invalid subscription; Missing invoice_amount,Paid
I0002976,S000530,2025-03-20,2025-05-01,105341.61,-360.61,Paid,2025-03-29,UPI,INVALID,Invoice references non-existent/invalid subscription; Negative tax_amount,Paid
I0002977,S001763,2025-05-10,2025-05-08,51009.2,,Paid,2025-05-18,Wallet,INVALID,Invoice references non-existent/invalid subscription,Paid
I0002978,S001422,2024-02-04,2024-03-18,86133.5,-632.71,,2024-03-12,,INVALID,Negative tax_amount; Missing payment_status,Nan
I0002979,S001171,2025-10-26,2025-11-02,31525.72,11042.88,Failed,,Wallet,INVALID,Invoice references non-existent/invalid subscription,Failed
I0002980,S001116,2025-06-15,2025-07-16,15021.9,-2496.23,Pending,,,INVALID,Invoice references non-existent/invalid subscription; Negative tax_amount,Pending
I0002981,S002364,2024-12-22,2025-01-29,95807.68,1728.6,Refunded,,UPI,VALID,No issues detected,Refunded
I0002982,S001159,2024-03-30,2024-04-09,7883.14,5763.6,Refunded,,Bank Transfer,VALID,No issues detected,Refunded
I0002983,S000291,2024-03-14,2024-03-30,45396.26,13835.04,,,UPI,INVALID,Invoice references non-existent/invalid subscription; Missing payment_status,Nan
I0002984,S001260,2025-04-15,2025-05-02,54258.69,14334.32,Pending,,,VALID,No issues detected,Pending
I0002985,S000430,2024-09-09,2024-10-21,-52119.4,11656.62,Paid,2024-10-27,Bank Transfer,INVALID,Invoice references non-existent/invalid subscription; Negative invoice_amount,Paid
I0002986,S000435,2024-05-01,2024-05-23,101772.26,19131.04,Pending,,Card,VALID,No issues detected,Pending
I0002987,S002065,2024-07-10,2024-07-06,27364.55,24800.77,Failed,,UPI,VALID,No issues detected,Failed
I0002988,S002049,2024-07-07,2024-07-22,65643.71,17887.98,,,Wallet,SUSPICIOUS,Missing payment_status,Nan
I0002989,S001543,2024-09-13,2024-10-12,67886.94,-712.62,Pending,,Card,INVALID,Invoice references non-existent/invalid subscription; Negative tax_amount,Pending
I0002990,S002142,2025-12-24,2026-01-10,18507.22,22901.71,Failed,2026-02-21,UPI,VALID,No issues detected,Failed
I0002991,S001937,2024-05-25,2024-07-06,115934.42,2214.27,Failed,,UPI,INVALID,Invoice references non-existent/invalid subscription,Failed
I0002992,S001155,2025-10-07,2025-11-15,80113.36,16012.01,,,Card,INVALID,Invoice references non-existent/invalid subscription; Missing payment_status,Nan
I0002993,S001404,2026-01-21,2026-02-11,24985.27,12921.45,,2026-01-31,UPI,SUSPICIOUS,Missing payment_status,Nan
I0002994,S002353,2024-02-17,2024-03-28,98274.84,15525.67,Failed,,,INVALID,Invoice references non-existent/invalid subscription,Failed
I0002995,S001736,2025-04-25,2025-06-07,66204.46,9627.75,Failed,,UPI,INVALID,Invoice references non-existent/invalid subscription,Failed
I0002996,S000495,2024-02-18,2024-03-11,94042.07,,Failed,,Bank Transfer,INVALID,Invoice references non-existent/invalid subscription,Failed
I0002997,S000984,2025-05-06,2025-05-31,21795.1,4581.64,Pending,,Bank Transfer,INVALID,Invoice references non-existent/invalid subscription,Pending
I0002998,S000820,2025-06-26,2025-08-06,38710.69,-11.03,,2025-06-27,Bank Transfer,INVALID,Invoice references non-existent/invalid subscription; Negative tax_amount; Missing payment_status,Nan
I0002999,S001008,2025-10-29,2025-11-27,68037.74,23932.87,,,Card,SUSPICIOUS,Missing payment_status,Nan
I0003000,S001580,2025-11-15,2025-11-07,45229.12,24281.68,Refunded,,,INVALID,Invoice references non-existent/invalid subscription,Refunded
I0003001,S000523,2024-06-16,2024-07-10,40209.47,10116.34,Failed,2024-09-04,Wallet,INVALID,Invoice references non-existent/invalid subscription,Failed
I0003002,S001444,2024-12-29,2025-01-06,102407.06,21782.84,Failed,,,INVALID,Invoice references non-existent/invalid subscription,Failed
I0003003,S000654,2024-07-10,2024-08-21,575.64,16800.23,,,Bank Transfer,SUSPICIOUS,Missing payment_status,Nan
I0003004,S001244,2024-07-10,2024-07-24,110888.58,-3839.84,Pending,,,INVALID,Invoice references non-existent/invalid subscription; Negative tax_amount,Pending
I0003005,S000031,2025-10-24,2025-11-02,96302.81,6789.68,Pending,,Card,INVALID,Invoice references non-existent/invalid subscription,Pending
I0003006,S000171,2024-08-09,2024-09-19,40672.41,-3678.18,Paid,2024-08-18,Wallet,INVALID,Negative tax_amount,Paid
I0003007,S000447,2024-07-19,2024-08-11,25922.17,-4079.35,,,Wallet,INVALID,Invoice references non-existent/invalid subscription; Negative tax_amount; Missing payment_status,Nan
I0003008,S001217,2024-12-18,2024-12-09,27831.18,-3656.14,Failed,,,INVALID,Negative tax_amount,Failed
I0003009,S001779,2025-08-14,2025-09-06,7929.88,-2365.63,Paid,2025-08-14,Wallet,INVALID,Negative tax_amount,Paid
I0003010,S000413,2024-02-26,2024-03-17,78526.09,16997.53,Pending,2024-04-23,Card,INVALID,Invoice references non-existent/invalid subscription,Pending
I0003011,S001446,2024-03-25,2024-04-30,103473.35,24177.04,Failed,,Card,VALID,No issues detected,Failed
I0003012,S001633,2024-04-21,2024-06-05,74637.74,14330.56,Failed,,UPI,VALID,No issues detected,Failed
I0003013,S002090,2024-09-24,2024-10-12,16331.31,13852.83,Refunded,,Card,INVALID,Invoice references non-existent/invalid subscription,Refunded
I0003014,S000606,2025-10-08,2025-10-26,804.42,17822.14,Failed,,Bank Transfer,INVALID,Invoice references non-existent/invalid subscription,Failed
I0003015,S000545,2024-02-15,2024-03-03,45611.32,6620.11,Paid,2024-03-29,Bank Transfer,INVALID,Invoice references non-existent/invalid subscription,Paid
I0003016,S000642,2024-04-05,2024-04-22,60684.73,22063.79,,2024-06-17,Bank Transfer,SUSPICIOUS,Missing payment_status,Nan
I0003017,S002044,2026-01-07,2026-01-20,15964.99,,Refunded,2026-02-24,Wallet,INVALID,Invoice references non-existent/invalid subscription,Refunded
I0003018,S001565,2024-01-31,2024-01-24,50332.97,3236.57,,,UPI,SUSPICIOUS,Missing payment_status,Nan
I0003019,S000033,2025-07-28,2025-09-02,10126.21,24524.14,Pending,2025-07-25,Wallet,INVALID,Invoice references non-existent/invalid subscription; Payment date earlier than invoice date,Pending
I0003020,S002051,2025-12-19,2026-01-08,12819.61,17328.2,Pending,,Wallet,INVALID,Invoice references non-existent/invalid subscription,Pending
I0003021,S001613,2024-06-13,2024-06-22,74466.14,-1037.34,Failed,,UPI,INVALID,Invoice references non-existent/invalid subscription; Negative tax_amount,Failed
I0003022,S000842,2025-10-23,2025-11-17,,2564.83,Failed,,Bank Transfer,SUSPICIOUS,Missing invoice_amount,Failed
I0003023,S002156,2024-10-04,2024-10-15,39113.21,24233.69,Paid,2024-10-29,Card,VALID,No issues detected,Paid
I0003024,S001994,2025-09-08,2025-10-15,119810.31,-3537.23,Refunded,,Wallet,INVALID,Invoice references non-existent/invalid subscription; Negative tax_amount,Refunded
I0003025,S002162,2025-06-01,2025-06-09,47061.98,3921.45,Refunded,,UPI,VALID,No issues detected,Refunded
I0003026,S000322,2026-01-29,2026-02-23,89567.06,-3748.43,Paid,2026-02-19,,INVALID,Invoice references non-existent/invalid subscription; Negative tax_amount,Paid
I0003027,S001547,2024-09-29,2024-10-21,36903.34,23011.63,Paid,2024-10-01,Card,VALID,No issues detected,Paid
I0003028,S002063,2025-10-16,2025-10-23,102189.9,1389.21,Refunded,,Card,INVALID,Invoice references non-existent/invalid subscription,Refunded
I0003029,S000256,2026-01-10,2026-02-09,35072.35,14961.89,Failed,2026-02-13,Wallet,VALID,No issues detected,Failed
I0003030,S001152,2024-02-08,2024-02-19,119392.55,8333.0,Refunded,,UPI,INVALID,Invoice references non-existent/invalid subscription,Refunded
I0003031,S000919,2025-02-14,2025-03-02,112496.4,6716.57,Failed,2025-04-25,Wallet,INVALID,Invoice references non-existent/invalid subscription,Failed
I0003032,S002396,2025-04-13,2025-04-25,118056.05,10933.18,Pending,2025-04-18,UPI,INVALID,Invoice references non-existent/invalid subscription,Pending
I0003033,S001208,2025-12-17,2026-01-30,97444.11,,Refunded,,Bank Transfer,VALID,No issues detected,Refunded
I0003034,S002081,2025-06-27,2025-08-05,29978.57,12133.98,Paid,2025-07-09,UPI,INVALID,Invoice references non-existent/invalid subscription,Paid
I0003035,S002304,2024-05-28,2024-06-19,115429.77,2874.07,Failed,,UPI,INVALID,Invoice references non-existent/invalid subscription,Failed
I0003036,S001253,2025-04-08,2025-04-28,71511.27,-2276.74,Failed,,,INVALID,Negative tax_amount,Failed
I0003037,S001366,2025-06-18,2025-07-02,54006.65,18230.59,,,Wallet,INVALID,Invoice references non-existent/invalid subscription; Missing payment_status,Nan
,S001627,2024-01-20,2024-02-12,-68172.4,9683.97,Pending,,Bank Transfer,INVALID,Missing invoice_id; Invoice references non-existent/invalid subscription; Negative invoice_amount,Pending
I0003039,S002319,2024-07-12,2024-06-28,76321.5,23841.21,,,UPI,SUSPICIOUS,Missing payment_status,Nan
I0003040,S000406,2024-08-13,2024-09-19,118542.96,,Refunded,,Bank Transfer,INVALID,Invoice references non-existent/invalid subscription,Refunded
I0003041,S000640,2025-12-26,2026-01-08,64362.49,-2724.01,Failed,,Wallet,INVALID,Invoice references non-existent/invalid subscription; Negative tax_amount,Failed
,S001311,2024-11-09,2024-11-16,98490.9,4969.28,,,Wallet,INVALID,Missing invoice_id; Missing payment_status,Nan
I0003043,S002254,2024-10-26,2024-10-11,87420.78,3731.4,Pending,,UPI,VALID,No issues detected,Pending
I0003044,S000007,2025-10-16,2025-11-23,-10319.99,21398.63,Pending,,Wallet,INVALID,Invoice references non-existent/invalid subscription; Negative invoice_amount,Pending
I0003045,S002053,2025-07-22,2025-08-31,15304.0,2852.18,Refunded,2025-07-24,UPI,INVALID,Invoice references non-existent/invalid subscription,Refunded
I0003046,S001723,2024-10-14,2024-11-27,14876.78,-288.77,Pending,,Card,INVALID,Negative tax_amount,Pending
I0003047,S001741,2024-11-11,2024-12-19,26813.04,12518.38,Refunded,,Wallet,VALID,No issues detected,Refunded
I0003048,S000422,2024-11-18,2024-12-07,6803.4,4785.85,Failed,,Wallet,INVALID,Invoice references non-existent/invalid subscription,Failed
,S001029,2024-02-09,2024-03-02,28676.02,3595.36,Paid,2024-02-01,UPI,INVALID,Missing invoice_id; Payment date earlier than invoice date,Paid
,S000150,2025-06-03,2025-07-01,71348.02,15784.73,,2025-06-29,,INVALID,Missing invoice_id; Invoice references non-existent/invalid subscription; Missing payment_status,Nan
I0003051,S001611,2025-08-26,2025-09-18,109622.02,13008.41,Failed,,Wallet,VALID,No issues detected,Failed
I0003052,S001048,2024-09-01,2024-10-14,90557.47,4940.91,Refunded,,Card,INVALID,Invoice references non-existent/invalid subscription,Refunded
I0003053,S001336,2024-07-27,2024-09-09,7218.2,13342.26,Pending,,,VALID,No issues detected,Pending
I0003054,S000219,2024-05-06,2024-06-01,22211.63,9484.58,Paid,2024-06-07,Card,INVALID,Invoice references non-existent/invalid subscription,Paid
I0003055,S002166,2024-01-07,2024-01-06,,-3640.83,,,,INVALID,Negative tax_amount; Missing invoice_amount; Missing payment_status,Nan
I0003056,S000629,2024-02-02,2024-02-24,92030.86,,Failed,,,INVALID,Invoice references non-existent/invalid subscription,Failed
I0003057,S001628,2025-01-08,2025-02-05,31219.28,2635.85,Refunded,2025-03-23,Wallet,VALID,No issues detected,Refunded
I0003058,S000409,2024-07-12,2024-08-08,36147.96,,Paid,2024-07-18,,VALID,No issues detected,Paid
I0003059,S001695,2025-09-10,2025-09-18,76306.38,18599.06,Failed,,UPI,VALID,No issues detected,Failed
I0003060,S001394,2025-12-31,2026-01-09,113166.84,8275.16,Pending,,Wallet,INVALID,Invoice references non-existent/invalid subscription,Pending
I0003061,S001177,2024-02-28,2024-02-22,107507.85,23783.49,,,Bank Transfer,SUSPICIOUS,Missing payment_status,Nan
I0003062,S001916,2024-04-10,2024-05-05,107133.67,6613.48,Refunded,,Wallet,VALID,No issues detected,Refunded
I0003063,S001922,2024-06-11,2024-07-14,97665.16,11855.69,Failed,2024-08-06,,INVALID,Invoice references non-existent/invalid subscription,Failed
I0003064,S001496,2024-10-24,2024-11-23,24207.53,24458.51,Pending,,Wallet,INVALID,Invoice references non-existent/invalid subscription,Pending
I0003065,S000562,2024-05-15,2024-06-24,86129.0,22246.0,Failed,2024-07-01,Card,VALID,No issues detected,Failed
I0003066,S000440,2024-02-01,2024-02-18,64220.35,19962.65,Paid,2024-01-26,Bank Transfer,INVALID,Invoice references non-existent/invalid subscription; Payment date earlier than invoice date,Paid
I0003067,S001599,2025-08-04,2025-08-31,94506.82,504.19,,,Wallet,SUSPICIOUS,Missing payment_status,Nan
I0003068,S000567,2025-07-19,2025-07-31,27791.88,4355.3,,,Card,SUSPICIOUS,Missing payment_status,Nan
I0003069,S000362,2024-03-19,2024-03-05,89341.75,1655.31,Refunded,,Card,INVALID,Invoice references non-existent/invalid subscription,Refunded
I0003070,S001657,2025-10-16,2025-11-23,77586.45,19121.54,Refunded,2025-11-30,Card,VALID,No issues detected,Refunded
I0003071,S000917,2024-01-29,2024-02-16,91332.56,16621.64,,,Wallet,INVALID,Invoice references non-existent/invalid subscription; Missing payment_status,Nan
I0003072,S001867,2024-06-19,2024-07-15,102115.46,14216.83,,2024-08-02,,SUSPICIOUS,Missing payment_status,Nan
I0003073,S001810,2024-02-04,2024-03-17,,24420.29,Pending,,,SUSPICIOUS,Missing invoice_amount,Pending
I0003074,S000141,2025-01-12,2025-01-30,26288.9,2786.76,,,UPI,SUSPICIOUS,Missing payment_status,Nan
I0003075,S000412,2024-12-31,2025-02-05,57021.75,4501.45,Paid,2024-12-31,Wallet,INVALID,Invoice references non-existent/invalid subscription,Paid
I0003076,S000430,2024-02-16,2024-03-09,26946.01,24922.99,Refunded,2024-04-02,,INVALID,Invoice references non-existent/invalid subscription,Refunded
I0003077,S001540,2024-03-05,2024-03-17,105176.92,1331.24,,,Wallet,INVALID,Invoice references non-existent/invalid subscription; Missing payment_status,Nan
I0003078,S002381,2025-04-30,2025-04-25,-80148.59,-1323.72,Paid,2025-06-19,UPI,INVALID,Invoice references non-existent/invalid subscription; Negative invoice_amount; Negative tax_amount,Paid
I0003079,S000001,2024-09-24,2024-10-30,85926.9,12702.3,Pending,2024-10-16,Bank Transfer,INVALID,Invoice references non-existent/invalid subscription,Pending
I0003080,S000897,2025-06-25,2025-06-10,,23184.18,Refunded,,,INVALID,Invoice references non-existent/invalid subscription; Missing invoice_amount,Refunded
I0003081,S001388,2024-09-21,2024-10-16,103107.95,13410.78,Refunded,,Wallet,INVALID,Invoice references non-existent/invalid subscription,Refunded
I0003082,S000944,2025-01-01,2025-02-15,103604.31,-4691.42,Failed,,Bank Transfer,INVALID,Negative tax_amount,Failed
I0003083,S000474,2025-09-28,2025-11-07,84102.32,,Failed,,,VALID,No issues detected,Failed
I0003084,S000572,2025-03-01,2025-03-19,104071.31,10349.55,Refunded,2025-03-24,Wallet,INVALID,Invoice references non-existent/invalid subscription,Refunded
I0003085,S000955,2024-07-29,2024-08-30,8485.5,8165.12,Pending,,Bank Transfer,VALID,No issues detected,Pending
I0003086,S000368,2025-02-09,2025-02-21,28902.6,20.47,Paid,2025-02-06,Card,INVALID,Invoice references non-existent/invalid subscription; Payment date earlier than invoice date,Paid
I0003087,S001708,2024-12-13,2025-01-12,61469.96,18154.73,Paid,2025-02-16,Bank Transfer,VALID,No issues detected,Paid
I0003088,S000111,2025-07-13,2025-08-12,71331.81,17921.37,Refunded,2025-08-12,Wallet,INVALID,Invoice references non-existent/invalid subscription,Refunded
I0003089,S002009,2025-06-15,2025-07-06,41124.56,3800.08,Pending,,,INVALID,Invoice references non-existent/invalid subscription,Pending
I0003090,S001134,2025-10-18,2025-11-06,112226.28,21644.94,Refunded,,UPI,VALID,No issues detected,Refunded
I0003091,S000338,2025-10-29,2025-11-27,60438.37,10555.15,,,Bank Transfer,SUSPICIOUS,Missing payment_status,Nan
I0003092,S001099,2024-04-20,2024-05-15,43757.35,11415.1,Failed,,Wallet,INVALID,Invoice references non-existent/invalid subscription,Failed
I0003093,S000398,2024-09-04,2024-09-27,66655.96,-4248.4,Refunded,,Bank Transfer,INVALID,Invoice references non-existent/invalid subscription; Negative tax_amount,Refunded
I0003094,S001646,2025-08-19,2025-09-04,102050.21,12895.4,Paid,2025-08-14,Bank Transfer,INVALID,Invoice references non-existent/invalid subscription; Payment date earlier than invoice date,Paid
I0003095,S001605,2025-07-05,2025-07-12,,13689.32,Refunded,,Wallet,SUSPICIOUS,Missing invoice_amount,Refunded
I0003096,S001659,2025-09-25,2025-10-09,84635.5,11222.49,Paid,2025-09-22,Wallet,INVALID,Invoice references non-existent/invalid subscription; Payment date earlier than invoice date,Paid
I0003097,S000558,2024-09-20,2024-10-18,,7398.93,Refunded,,Wallet,INVALID,Invoice references non-existent/invalid subscription; Missing invoice_amount,Refunded
I0003098,S002172,2025-08-11,2025-07-31,36543.14,23936.31,Refunded,,Bank Transfer,INVALID,Invoice references non-existent/invalid subscription,Refunded
,S001104,2024-04-10,2024-05-04,66449.03,-1874.22,Refunded,2024-05-26,UPI,INVALID,Missing invoice_id; Invoice references non-existent/invalid subscription; Negative tax_amount,Refunded
I0003100,S001811,2024-07-17,2024-08-06,102351.0,8229.41,,,Card,INVALID,Invoice references non-existent/invalid subscription; Missing payment_status,Nan
I0003101,S000582,2024-04-14,2024-04-27,65370.35,3503.64,Paid,2024-06-05,Wallet,VALID,No issues detected,Paid
I0003102,S001678,2025-09-26,2025-10-05,37537.9,15729.6,,,,SUSPICIOUS,Missing payment_status,Nan
I0003103,S000692,2024-12-25,2025-02-07,62248.65,22686.45,Paid,2025-01-31,UPI,INVALID,Invoice references non-existent/invalid subscription,Paid
I0003104,S000492,2024-06-23,2024-07-17,80057.75,3903.12,Paid,2024-06-18,Wallet,INVALID,Payment date earlier than invoice date,Paid
I0003105,S001740,2025-11-18,2025-12-31,54121.13,712.13,Failed,,,INVALID,Invoice references non-existent/invalid subscription,Failed
I0003106,S001212,2024-02-20,2024-03-03,49220.2,-3768.86,Refunded,,Wallet,INVALID,Invoice references non-existent/invalid subscription; Negative tax_amount,Refunded
I0003107,S002343,2024-10-16,2024-11-25,74190.66,-3594.38,,,UPI,INVALID,Invoice references non-existent/invalid subscription; Negative tax_amount; Missing payment_status,Nan
,S000924,2024-01-22,2024-03-03,30785.24,-4432.78,Refunded,,UPI,INVALID,Missing invoice_id; Negative tax_amount,Refunded
I0003109,S002259,2025-04-23,2025-04-13,70839.09,16138.27,Refunded,2025-05-27,,INVALID,Invoice references non-existent/invalid subscription,Refunded
I0003110,S002010,2025-06-06,2025-06-23,,16092.49,Paid,2025-06-07,Wallet,INVALID,Invoice references non-existent/invalid subscription; Missing invoice_amount,Paid
I0003111,S002243,2026-01-05,2026-02-13,43347.31,4658.5,Failed,,UPI,VALID,No issues detected,Failed
I0003112,S000175,2025-05-02,2025-05-09,118431.93,19817.14,Refunded,,Card,VALID,No issues detected,Refunded
I0003113,S001256,2026-01-15,2026-02-26,94292.96,13367.9,Paid,2026-01-21,Bank Transfer,INVALID,Invoice references non-existent/invalid subscription,Paid
I0003114,S002340,2025-11-09,2025-12-07,,-4109.83,Failed,2025-11-30,UPI,INVALID,Negative tax_amount; Missing invoice_amount,Failed
I0003115,S000725,2025-04-11,2025-04-28,-58701.59,12179.57,Failed,,Card,INVALID,Invoice references non-existent/invalid subscription; Negative invoice_amount,Failed
I0003116,S001338,2025-12-15,2026-01-27,39975.17,13183.6,Failed,,UPI,VALID,No issues detected,Failed
I0003117,S001043,2024-05-21,2024-06-28,94126.84,6755.18,,,Card,INVALID,Invoice references non-existent/invalid subscription; Missing payment_status,Nan
I0003118,S001651,2024-03-26,2024-04-16,81699.94,,,2024-05-20,Wallet,INVALID,Invoice references non-existent/invalid subscription; Missing payment_status,Nan
I0003119,S002021,2025-06-06,2025-05-24,95543.05,24986.33,Refunded,,UPI,INVALID,Invoice references non-existent/invalid subscription,Refunded
I0003120,S001048,2024-05-10,2024-04-26,76604.35,-3280.54,Failed,,Bank Transfer,INVALID,Invoice references non-existent/invalid subscription; Negative tax_amount,Failed
I0003121,S001382,2024-12-01,2025-01-07,99416.04,9953.55,Refunded,,,INVALID,Invoice references non-existent/invalid subscription,Refunded
I0003122,S001977,2024-10-28,2024-12-11,99310.64,13508.6,,,Bank Transfer,SUSPICIOUS,Missing payment_status,Nan
I0003123,S000122,2024-03-27,2024-04-12,101718.69,-785.74,Paid,2024-05-27,Wallet,INVALID,Invoice references non-existent/invalid subscription; Negative tax_amount,Paid
I0003124,S001949,2024-09-01,2024-10-07,109121.62,16461.12,Paid,2024-10-15,Bank Transfer,VALID,No issues detected,Paid
I0003125,S000053,2024-09-22,2024-11-02,104994.05,12337.04,Pending,,,INVALID,Invoice references non-existent/invalid subscription,Pending
I0003126,S002039,2025-06-14,2025-06-21,11875.08,9239.35,Failed,,Card,VALID,No issues detected,Failed
I0003127,S000629,2025-07-20,2025-07-06,109953.9,24161.03,Pending,,Wallet,INVALID,Invoice references non-existent/invalid subscription,Pending
I0003128,S000448,2026-01-24,2026-02-13,99960.55,10920.72,Paid,2026-01-14,Bank Transfer,INVALID,Invoice references non-existent/invalid subscription; Payment date earlier than invoice date,Paid
I0003129,S000807,2025-04-19,2025-05-06,67366.82,-949.01,Failed,,Bank Transfer,INVALID,Negative tax_amount,Failed
I0003130,S000100,2024-07-30,2024-08-19,65173.81,15590.82,Refunded,,,VALID,No issues detected,Refunded
I0003131,S001199,2025-12-23,2025-12-21,85199.4,23031.05,Pending,,,VALID,No issues detected,Pending
I0003132,S001229,2024-06-03,2024-07-07,104293.26,,Paid,2024-07-24,Card,INVALID,Invoice references non-existent/invalid subscription,Paid
I0003133,S002205,2024-05-28,2024-06-24,57923.61,12738.63,Failed,,,INVALID,Invoice references non-existent/invalid subscription,Failed
I0003134,S002162,2024-05-29,2024-06-05,37177.82,9987.89,Paid,2024-06-22,,VALID,No issues detected,Paid
I0003135,S001107,2024-10-28,2024-11-16,3249.69,14007.51,Pending,,Card,INVALID,Invoice references non-existent/invalid subscription,Pending
I0003136,S002189,2024-01-10,2024-02-06,21299.48,13810.34,Refunded,,Card,VALID,No issues detected,Refunded
I0003137,S002332,2025-01-12,2025-01-23,119962.73,-1462.12,Refunded,,UPI,INVALID,Invoice references non-existent/invalid subscription; Negative tax_amount,Refunded
I0003138,S001978,2024-03-13,2024-04-27,26409.87,8616.28,Pending,,Bank Transfer,VALID,No issues detected,Pending
I0003139,S001997,2025-11-13,2025-12-03,31198.75,668.48,Failed,,,INVALID,Invoice references non-existent/invalid subscription,Failed
I0003140,S002281,2025-10-10,2025-11-02,35946.59,16704.05,Refunded,,,VALID,No issues detected,Refunded
I0003141,S001499,2025-09-17,2025-10-24,-72646.89,24660.68,Pending,,Wallet,INVALID,Invoice references non-existent/invalid subscription; Negative invoice_amount,Pending
I0003142,S000063,2025-01-11,2025-02-16,8615.62,15048.93,,2025-01-19,,INVALID,Invoice references non-existent/invalid subscription; Missing payment_status,Nan
I0003143,S001035,2025-12-06,2025-12-28,50456.94,7240.8,Failed,,Card,VALID,No issues detected,Failed
I0003144,S000707,2025-09-23,2025-10-19,-41437.55,7682.32,Paid,2025-10-18,Wallet,INVALID,Invoice references non-existent/invalid subscription; Negative invoice_amount,Paid
I0003145,S001974,2024-09-04,2024-10-15,112496.3,14101.62,Pending,2024-09-11,UPI,VALID,No issues detected,Pending
I0003146,S000964,2025-10-26,2025-12-05,32503.18,14472.55,Refunded,,Card,INVALID,Invoice references non-existent/invalid subscription,Refunded
I0003147,S001232,2025-01-09,2025-02-20,119636.88,10504.87,Refunded,,UPI,INVALID,Invoice references non-existent/invalid subscription,Refunded
I0003148,S001806,2024-03-22,2024-04-07,57883.88,22188.74,,2024-05-21,UPI,SUSPICIOUS,Missing payment_status,Nan
I0003149,S002286,2025-08-06,2025-09-08,55946.05,24594.75,Paid,2025-09-25,UPI,VALID,No issues detected,Paid
I0003150,S001769,2024-06-07,2024-07-22,41879.69,19017.98,Refunded,,,INVALID,Invoice references non-existent/invalid subscription,Refunded
I0003151,S002095,2025-11-19,2025-12-07,20354.46,-1734.41,Paid,2025-11-10,Bank Transfer,INVALID,Invoice references non-existent/invalid subscription; Negative tax_amount; Payment date earlier than invoice date,Paid
I0003152,S002170,2024-09-04,2024-09-22,68684.63,21151.06,Failed,,,VALID,No issues detected,Failed
I0003153,S001147,2025-01-06,2025-02-17,80591.8,11806.84,Paid,2025-01-22,,INVALID,Invoice references non-existent/invalid subscription,Paid
I0003154,S000749,2025-05-14,2025-05-30,10129.68,11265.04,Paid,2025-07-21,Wallet,INVALID,Invoice references non-existent/invalid subscription,Paid
I0003155,S000035,2024-02-01,2024-03-02,47571.98,18018.67,Paid,2024-02-14,UPI,VALID,No issues detected,Paid
I0003156,S002319,2025-12-14,2026-01-03,11407.35,,Failed,,Wallet,VALID,No issues detected,Failed
I0003157,S000326,2026-01-10,2026-01-20,2375.13,999.79,Refunded,,Wallet,INVALID,Invoice references non-existent/invalid subscription,Refunded
I0003158,S000650,2024-06-18,2024-07-05,106972.53,2900.81,,,,SUSPICIOUS,Missing payment_status,Nan
I0003159,S000645,2025-05-24,2025-06-21,,23914.59,Refunded,2025-05-24,Wallet,INVALID,Invoice references non-existent/invalid subscription; Missing invoice_amount,Refunded
I0003160,S000810,2024-01-02,2024-02-03,43499.56,-2915.01,Failed,,Card,INVALID,Negative tax_amount,Failed
I0003161,S001863,2024-11-22,2024-12-01,39260.91,23510.35,Paid,2024-12-22,Card,VALID,No issues detected,Paid
I0003162,S001735,2024-12-28,2025-01-30,50493.09,23645.94,Pending,,Bank Transfer,VALID,No issues detected,Pending
I0003163,S001120,2024-12-12,2025-01-12,75193.84,,Paid,2025-01-21,UPI,INVALID,Invoice references non-existent/invalid subscription,Paid
I0003164,S001661,2025-02-08,2025-03-06,111116.12,8874.12,Paid,2025-03-07,Bank Transfer,INVALID,Invoice references non-existent/invalid subscription,Paid
I0003165,S001591,2025-01-02,2025-01-27,-69044.72,20310.55,,,Wallet,INVALID,Invoice references non-existent/invalid subscription; Negative invoice_amount; Missing payment_status,Nan
I0003166,S000557,2025-01-28,2025-02-19,,8907.78,Failed,,UPI,SUSPICIOUS,Missing invoice_amount,Failed
I0003167,S000528,2024-03-19,2024-04-16,73128.76,14334.74,Paid,2024-04-14,UPI,VALID,No issues detected,Paid
I0003168,S000833,2024-08-26,2024-09-07,82466.85,21951.1,Refunded,,UPI,INVALID,Invoice references non-existent/invalid subscription,Refunded
I0003169,S000210,2024-10-20,2024-11-14,50102.06,21098.77,Paid,2024-10-25,Card,VALID,No issues detected,Paid
I0003170,S000920,2024-10-03,2024-11-16,17833.11,3873.84,Failed,,Bank Transfer,INVALID,Invoice references non-existent/invalid subscription,Failed
,S001468,2024-08-20,2024-09-07,78685.04,,Refunded,2024-11-07,Wallet,INVALID,Missing invoice_id,Refunded
I0003172,S000248,2024-10-10,2024-10-31,18995.5,5002.65,Refunded,,UPI,INVALID,Invoice references non-existent/invalid subscription,Refunded
I0003173,S001904,2025-03-19,2025-04-27,108420.73,23803.06,,,Card,SUSPICIOUS,Missing payment_status,Nan
I0003174,S002209,2025-12-18,2025-12-28,46139.29,206.51,Refunded,,,INVALID,Invoice references non-existent/invalid subscription,Refunded
I0003175,S000895,2024-05-27,2024-06-29,38907.67,18911.54,Paid,2024-07-03,,INVALID,Invoice references non-existent/invalid subscription,Paid
I0003176,S000552,2025-10-17,2025-10-28,37411.01,21539.6,Failed,2025-11-18,UPI,INVALID,Invoice references non-existent/invalid subscription,Failed
I0003177,S001847,2024-01-08,2024-02-14,67051.2,19414.36,Failed,,UPI,VALID,No issues detected,Failed
I0003178,S000158,2024-03-20,2024-04-24,117788.38,24590.75,,,Card,SUSPICIOUS,Missing payment_status,Nan
I0003179,S001230,2024-08-17,2024-10-01,45623.3,19747.68,Failed,,,INVALID,Invoice references non-existent/invalid subscription,Failed
I0003180,S000020,2024-05-29,2024-06-28,107146.91,-1107.36,Refunded,,Wallet,INVALID,Invoice references non-existent/invalid subscription; Negative tax_amount,Refunded
I0003181,S000114,2024-10-15,2024-11-03,54222.76,20466.78,Refunded,,Card,VALID,No issues detected,Refunded
I0003182,S001301,2025-03-11,2025-03-24,1412.43,17328.94,,,UPI,SUSPICIOUS,Missing payment_status,Nan
,S000117,2025-09-06,2025-09-25,19490.69,20377.04,Refunded,2025-11-08,Bank Transfer,INVALID,Missing invoice_id,Refunded
I0003184,S001039,2025-03-23,2025-04-14,88001.11,19570.23,Refunded,,Wallet,VALID,No issues detected,Refunded
I0003185,S000859,2025-03-04,2025-03-12,92207.85,-4519.57,Paid,2025-03-21,Wallet,INVALID,Negative tax_amount,Paid
I0003186,S000763,2024-01-15,2024-02-18,72331.8,18885.84,Pending,2024-01-20,Bank Transfer,VALID,No issues detected,Pending
I0003187,S000580,2025-05-12,2025-05-11,20743.6,16841.25,,2025-07-07,Wallet,SUSPICIOUS,Missing payment_status,Nan
I0003188,S000362,2024-09-16,2024-10-20,37802.84,,Paid,2024-10-04,Wallet,INVALID,Invoice references non-existent/invalid subscription,Paid
I0003189,S000599,2024-01-28,2024-03-04,73282.9,-1588.07,,,Bank Transfer,INVALID,Invoice references non-existent/invalid subscription; Negative tax_amount; Missing payment_status,Nan
I0003190,S001740,2025-06-28,2025-07-15,36063.01,14581.88,Failed,,Card,INVALID,Invoice references non-existent/invalid subscription,Failed
I0003191,S002257,2025-09-07,2025-10-20,,-4219.9,Paid,2025-10-06,Wallet,INVALID,Invoice references non-existent/invalid subscription; Negative tax_amount; Missing invoice_amount,Paid
I0003192,S001514,2025-10-11,2025-11-15,,4583.98,Refunded,,UPI,INVALID,Invoice references non-existent/invalid subscription; Missing invoice_amount,Refunded
I0003193,S000620,2024-02-16,2024-03-11,103405.73,12309.07,Refunded,,UPI,INVALID,Invoice references non-existent/invalid subscription,Refunded
I0003194,S002151,2024-07-07,2024-07-26,78722.42,10822.24,Failed,,,VALID,No issues detected,Failed
I0003195,S001839,2024-06-17,2024-07-02,83451.04,-4009.7,Paid,2024-07-18,,INVALID,Negative tax_amount,Paid
I0003196,S001787,2025-07-05,2025-08-05,-25285.3,11947.57,Pending,,Card,INVALID,Invoice references non-existent/invalid subscription; Negative invoice_amount,Pending
I0003197,S001001,2025-12-24,2026-01-17,80181.53,20678.32,,,UPI,SUSPICIOUS,Missing payment_status,Nan
I0003198,S001293,2024-02-25,2024-03-19,58083.96,,,,UPI,INVALID,Invoice references non-existent/invalid subscription; Missing payment_status,Nan
I0003199,S000761,2024-11-20,2024-12-30,82480.48,16908.36,Pending,,Wallet,INVALID,Invoice references non-existent/invalid subscription,Pending
I0003200,S001448,2024-08-23,2024-09-15,23970.68,-73.63,Paid,2024-08-29,UPI,INVALID,Negative tax_amount,Paid
I0000604,S000287,2024-04-04,2024-04-25,51394.19,22672.77,Refunded,2024-06-11,Card,INVALID,Duplicate invoice_id; Invoice references non-existent/invalid subscription,Refunded
I0001515,S001085,2025-09-02,2025-09-22,1129.18,9234.65,Pending,,Bank Transfer,INVALID,Duplicate invoice_id,Pending
I0003070,S001657,2025-10-16,2025-11-23,77586.45,19121.54,Refunded,2025-11-30,Card,INVALID,Duplicate invoice_id,Refunded
I0003195,S001839,2024-06-17,2024-07-02,83451.04,-4009.7,Paid,2024-07-18,,INVALID,Duplicate invoice_id; Negative tax_amount,Paid
I0001437,S001045,2025-06-08,2025-07-14,36611.88,10640.49,Failed,2025-07-30,Card,INVALID,Duplicate invoice_id; Invoice references non-existent/invalid subscription,Failed
I0000344,S000903,2025-03-16,2025-04-23,15159.29,,Paid,2025-04-11,Bank Transfer,INVALID,Duplicate invoice_id; Invoice references non-existent/invalid subscription,Paid
I0001724,S000403,2024-06-14,2024-06-21,57062.61,,,,,INVALID,Duplicate invoice_id; Invoice references non-existent/invalid subscription; Missing payment_status,Nan
I0001724,S000403,2024-06-14,2024-06-21,57062.61,,,,,INVALID,Duplicate invoice_id; Invoice references non-existent/invalid subscription; Missing payment_status,Nan
I0002291,S000867,2025-01-31,2025-02-18,,3282.61,,2025-02-13,UPI,INVALID,Duplicate invoice_id; Invoice references non-existent/invalid subscription; Missing invoice_amount; Missing payment_status,Nan
I0001653,S001565,2024-07-03,2024-07-29,42986.61,6224.25,,,Card,INVALID,Duplicate invoice_id; Missing payment_status,Nan
I0000683,S002039,2024-05-13,2024-06-14,81733.1,6997.27,Refunded,,Bank Transfer,INVALID,Duplicate invoice_id,Refunded
I0002203,S000608,2026-01-12,2026-02-16,59147.31,-3030.75,Paid,2026-01-24,Card,INVALID,Duplicate invoice_id; Invoice references non-existent/invalid subscription; Negative tax_amount,Paid
,S001015,2024-03-30,2024-04-17,97262.37,14169.4,,2024-06-06,UPI,INVALID,Missing invoice_id; Invoice references non-existent/invalid subscription; Missing payment_status,Nan
,S000868,2024-11-08,2024-11-15,60634.37,23258.65,Failed,,,INVALID,Missing invoice_id,Failed
I0001610,S000990,2024-09-07,2024-10-15,,,Pending,,Wallet,INVALID,Duplicate invoice_id; Invoice references non-existent/invalid subscription; Missing invoice_amount,Pending
I0002207,S000140,2024-01-20,2024-03-01,94179.34,20009.94,Failed,,Bank Transfer,INVALID,Duplicate invoice_id; Invoice references non-existent/invalid subscription,Failed
I0001592,S000958,2024-06-20,2024-07-24,90089.66,9863.56,Paid,2024-07-21,Card,INVALID,Duplicate invoice_id; Invoice references non-existent/invalid subscription,Paid
I0001964,S000413,2025-08-26,2025-09-12,29945.41,6954.42,,,Card,INVALID,Duplicate invoice_id; Invoice references non-existent/invalid subscription; Missing payment_status,Nan
I0000843,S000413,2024-12-04,2024-12-12,114492.18,4806.0,Refunded,2025-02-11,Wallet,INVALID,Duplicate invoice_id; Invoice references non-existent/invalid subscription,Refunded
I0002297,S001888,2025-10-07,2025-11-19,26999.56,-3179.52,Pending,,Card,INVALID,Duplicate invoice_id; Invoice references non-existent/invalid subscription; Negative tax_amount,Pending
I0002303,S001808,2024-05-29,2024-07-02,53087.38,9271.55,Pending,,Bank Transfer,INVALID,Duplicate invoice_id,Pending
I0002893,S002374,2024-01-29,2024-03-06,72730.38,23245.87,Refunded,,Bank Transfer,INVALID,Duplicate invoice_id; Invoice references non-existent/invalid subscription,Refunded
I0002276,S000100,2025-01-20,2025-03-06,107058.1,17749.83,Failed,2025-02-26,UPI,INVALID,Duplicate invoice_id,Failed
I0003179,S001230,2024-08-17,2024-10-01,45623.3,19747.68,Failed,,,INVALID,Duplicate invoice_id; Invoice references non-existent/invalid subscription,Failed
I0002977,S001763,2025-05-10,2025-05-08,51009.2,,Paid,2025-05-18,Wallet,INVALID,Duplicate invoice_id; Invoice references non-existent/invalid subscription,Paid
I0000175,S000655,2024-07-07,2024-07-30,55884.68,736.3,Paid,2024-07-18,Card,INVALID,Duplicate invoice_id; Invoice references non-existent/invalid subscription,Paid
,S000107,2024-02-08,2024-03-04,26726.02,-1898.34,Failed,,Bank Transfer,INVALID,Missing invoice_id; Invoice references non-existent/invalid subscription; Negative tax_amount,Failed
I0002264,S000536,2025-09-30,2025-10-11,-87821.33,23706.12,Paid,2025-10-03,Bank Transfer,INVALID,Duplicate invoice_id; Invoice references non-existent/invalid subscription; Negative invoice_amount,Paid
,S001435,2025-08-25,2025-09-28,355.82,,,,Wallet,INVALID,Missing invoice_id; Invoice references non-existent/invalid subscription; Missing payment_status,Nan
I0000378,S001866,2025-04-12,2025-05-16,115827.94,15105.91,Pending,,Card,INVALID,Duplicate invoice_id; Invoice references non-existent/invalid subscription,Pending
I0001306,S001359,2024-05-27,2024-06-03,64796.43,6616.39,Refunded,,UPI,INVALID,Duplicate invoice_id,Refunded
I0000994,S000053,2025-12-19,2026-01-13,51218.46,21059.03,Paid,2026-01-11,Bank Transfer,INVALID,Duplicate invoice_id; Invoice references non-existent/invalid subscription,Paid
I0001351,,2025-05-19,2025-06-21,5912.31,21846.45,Pending,,,INVALID,Duplicate invoice_id; Missing subscription_id on invoice,Pending
I0001775,S001439,2024-08-25,2024-09-08,1596.92,9541.3,,,,INVALID,Duplicate invoice_id; Invoice references non-existent/invalid subscription; Missing payment_status,Nan
I0001818,S001453,2024-02-11,2024-03-12,111613.4,20543.09,,,UPI,INVALID,Duplicate invoice_id; Invoice references non-existent/invalid subscription; Missing payment_status,Nan
I0002865,S001243,2024-03-18,2024-04-26,53312.14,9637.24,Pending,2024-05-07,Card,INVALID,Duplicate invoice_id,Pending
I0000432,S001743,2025-08-07,2025-09-07,118953.92,-2716.41,Pending,2025-08-31,Card,INVALID,Duplicate invoice_id; Negative tax_amount,Pending
I0000574,S000788,2024-03-28,2024-04-15,44556.62,24965.02,Paid,2024-04-11,UPI,INVALID,Duplicate invoice_id; Invoice references non-existent/invalid subscription,Paid
I0000594,S002303,2025-02-10,2025-03-27,53835.8,18348.51,Pending,2025-04-27,Bank Transfer,INVALID,Duplicate invoice_id,Pending
I0002690,S001571,2024-01-14,2024-02-23,33408.62,-2495.7,Failed,2024-02-19,Wallet,INVALID,Duplicate invoice_id; Negative tax_amount,Failed
,S001638,2026-01-16,2026-02-06,41635.61,-2981.33,Refunded,,UPI,INVALID,Missing invoice_id; Negative tax_amount,Refunded
I0002443,S000767,2024-07-22,2024-08-08,73393.1,8397.9,Failed,,,INVALID,Duplicate invoice_id,Failed
I0000829,S000939,2024-02-26,2024-04-03,,22349.22,Paid,2024-04-18,Card,INVALID,Duplicate invoice_id; Missing invoice_amount,Paid
I0003169,S000210,2024-10-20,2024-11-14,50102.06,21098.77,Paid,2024-10-25,Card,INVALID,Duplicate invoice_id,Paid
I0001871,S001501,2024-08-19,2024-08-29,76567.47,22537.99,Pending,,UPI,INVALID,Duplicate invoice_id; Invoice references non-existent/invalid subscription,Pending
I0002051,S000952,2024-08-01,2024-09-08,104250.36,10809.55,,,UPI,INVALID,Duplicate invoice_id; Missing payment_status,Nan
I0000806,S001731,2025-11-29,2025-12-08,25310.69,-88.54,,,,INVALID,Duplicate invoice_id; Invoice references non-existent/invalid subscription; Negative tax_amount; Missing payment_status,Nan
I0000566,S000390,2024-01-31,2024-02-14,113555.42,5559.58,Paid,2024-02-04,Bank Transfer,INVALID,Duplicate invoice_id; Invoice references non-existent/invalid subscription,Paid
I0000879,S000824,2024-09-07,2024-10-05,,2559.23,Pending,,Wallet,INVALID,Duplicate invoice_id; Invoice references non-existent/invalid subscription; Missing invoice_amount,Pending
I0000394,S002374,2025-07-29,2025-09-09,12725.0,5595.51,Paid,2025-08-29,Card,INVALID,Duplicate invoice_id; Invoice references non-existent/invalid subscription,Paid
I0002703,S000565,2025-05-08,2025-05-22,53239.84,,Pending,,Bank Transfer,INVALID,Duplicate invoice_id; Invoice references non-existent/invalid subscription,Pending
,S000117,2025-09-06,2025-09-25,19490.69,20377.04,Refunded,2025-11-08,Bank Transfer,INVALID,Missing invoice_id,Refunded
I0002592,S000923,2025-11-16,2025-12-17,24489.48,23102.51,Refunded,2026-01-09,UPI,INVALID,Duplicate invoice_id; Invoice references non-existent/invalid subscription,Refunded
I0000305,S000286,2025-11-29,2025-12-15,37199.38,10469.3,Pending,,UPI,INVALID,Duplicate invoice_id,Pending
I0002530,S001898,2024-10-18,2024-11-23,46114.53,21381.83,,,Bank Transfer,INVALID,Duplicate invoice_id; Invoice references non-existent/invalid subscription; Missing payment_status,Nan
I0002119,S000819,2025-12-13,2026-01-18,100818.14,8602.69,,,Wallet,INVALID,Duplicate invoice_id; Invoice references non-existent/invalid subscription; Missing payment_status,Nan
I0002478,S000601,2025-01-17,2025-02-26,83508.25,19728.6,Pending,,Card,INVALID,Duplicate invoice_id; Invoice references non-existent/invalid subscription,Pending
I0000258,S000973,2025-02-08,2025-03-22,68680.62,-931.36,Paid,2025-03-20,,INVALID,Duplicate invoice_id; Invoice references non-existent/invalid subscription; Negative tax_amount,Paid
I0001323,S001833,2026-01-18,2026-02-01,91911.33,1975.38,Failed,,,INVALID,Duplicate invoice_id; Invoice references non-existent/invalid subscription,Failed
I0000943,S002006,2024-03-18,2024-04-27,5040.32,10299.28,Paid,2024-03-19,,INVALID,Duplicate invoice_id; Invoice references non-existent/invalid subscription,Paid
I0001824,S001981,2024-10-25,2024-11-06,-80733.47,20611.36,,,Bank Transfer,INVALID,Duplicate invoice_id; Negative invoice_amount; Missing payment_status,Nan
I0002837,S000687,2024-02-09,2024-02-29,75207.17,14182.33,Paid,2024-03-09,Bank Transfer,INVALID,Duplicate invoice_id; Invoice references non-existent/invalid subscription,Paid
I0002844,S001302,2025-01-02,2025-02-16,9555.62,20899.85,Paid,2025-01-26,,INVALID,Duplicate invoice_id,Paid
I0002474,S001842,2024-10-19,2024-11-15,108599.37,20281.42,Pending,2024-11-05,,INVALID,Duplicate invoice_id,Pending
I0002930,S001496,2024-11-15,2024-12-09,82131.12,6405.94,,,UPI,INVALID,Duplicate invoice_id; Invoice references non-existent/invalid subscription; Missing payment_status,Nan
I0001164,S001629,2024-01-23,2024-02-11,29510.69,443.8,Failed,,UPI,INVALID,Duplicate invoice_id; Invoice references non-existent/invalid subscription,Failed
I0002551,S001425,2025-11-05,2025-11-18,47337.56,20512.88,Failed,,,INVALID,Duplicate invoice_id; Invoice references non-existent/invalid subscription,Failed
I0002035,S000934,2025-03-17,2025-03-27,65413.49,17.95,Refunded,,UPI,INVALID,Duplicate invoice_id; Invoice references non-existent/invalid subscription,Refunded
I0002886,S000217,2024-05-19,2024-06-04,24201.62,-3043.68,,,,INVALID,Duplicate invoice_id; Invoice references non-existent/invalid subscription; Negative tax_amount; Missing payment_status,Nan
I0002407,S001429,2024-08-27,2024-09-22,,17160.43,Pending,2024-08-28,Card,INVALID,Duplicate invoice_id; Missing invoice_amount,Pending
I0001075,S001755,2025-01-28,2025-03-14,-21469.72,926.99,Failed,,Wallet,INVALID,Duplicate invoice_id; Invoice references non-existent/invalid subscription; Negative invoice_amount,Failed
I0001143,S002214,2024-10-14,2024-11-17,90046.36,5084.99,,,Card,INVALID,Duplicate invoice_id; Invoice references non-existent/invalid subscription; Missing payment_status,Nan
I0001401,S000836,2025-08-30,2025-09-06,40231.32,23716.67,Refunded,,Bank Transfer,INVALID,Duplicate invoice_id; Invoice references non-existent/invalid subscription,Refunded
I0000622,S000269,2025-10-19,2025-11-27,111528.87,24288.87,,,,INVALID,Duplicate invoice_id; Missing payment_status,Nan
I0000429,S002319,2025-12-06,2026-01-19,30904.03,13534.37,,2025-12-16,,INVALID,Duplicate invoice_id; Missing payment_status,Nan
I0002017,S000439,2024-12-08,2025-01-16,30036.04,,,,UPI,INVALID,Duplicate invoice_id; Invoice references non-existent/invalid subscription; Missing payment_status,Nan
I0000307,S000221,2025-11-20,2025-12-17,85796.6,,Paid,2025-11-22,Bank Transfer,INVALID,Duplicate invoice_id,Paid
I0001454,S000614,2024-05-18,2024-06-19,9117.28,5756.37,Refunded,,Bank Transfer,INVALID,Duplicate invoice_id,Refunded
I0000564,S000611,2025-03-11,2025-04-02,104579.2,18257.34,,2025-05-21,,INVALID,Duplicate invoice_id; Missing payment_status,Nan
I0002383,S000602,2024-11-08,2024-11-18,39217.06,1824.74,,,,INVALID,Duplicate invoice_id; Invoice references non-existent/invalid subscription; Missing payment_status,Nan
I0001217,S001258,2024-07-12,2024-08-23,34383.72,15082.68,Refunded,,Bank Transfer,INVALID,Duplicate invoice_id; Invoice references non-existent/invalid subscription,Refunded
I0001245,S000536,2025-01-29,2025-02-21,38420.48,24736.15,Pending,,Bank Transfer,INVALID,Duplicate invoice_id; Invoice references non-existent/invalid subscription,Pending
I0000684,S000838,2025-11-01,2025-11-19,8563.74,-275.48,Refunded,,,INVALID,Duplicate invoice_id; Invoice references non-existent/invalid subscription; Negative tax_amount,Refunded
I0001962,S001077,2025-11-28,2025-12-18,92956.5,12177.44,Pending,,Wallet,INVALID,Duplicate invoice_id,Pending
I0001412,S002049,2024-06-30,2024-07-08,119820.84,-2239.43,Failed,,Wallet,INVALID,Duplicate invoice_id; Negative tax_amount,Failed
I0002904,S001463,2024-02-10,2024-02-01,73260.94,6331.31,Refunded,,Card,INVALID,Duplicate invoice_id,Refunded
I0002326,S002056,2024-06-17,2024-07-11,48116.16,13768.23,Paid,2024-06-08,UPI,INVALID,Duplicate invoice_id; Invoice references non-existent/invalid subscription; Payment date earlier than invoice date,Paid
I0001991,S000127,2025-11-26,2026-01-04,29529.06,5547.72,Failed,2025-12-31,Card,INVALID,Duplicate invoice_id; Invoice references non-existent/invalid subscription,Failed
I0001064,S001984,2024-02-08,2024-02-25,7683.77,-3508.72,Pending,,UPI,INVALID,Duplicate invoice_id; Negative tax_amount,Pending
I0001979,S000143,2025-06-19,2025-06-30,83979.2,1662.63,Pending,,Bank Transfer,INVALID,Duplicate invoice_id; Invoice references non-existent/invalid subscription,Pending
I0001042,S001894,2024-02-07,2024-02-16,86735.48,16137.69,Failed,,,INVALID,Duplicate invoice_id; Invoice references non-existent/invalid subscription,Failed
I0000877,S001794,2025-06-05,2025-07-18,75938.6,9182.29,Refunded,,Bank Transfer,INVALID,Duplicate invoice_id,Refunded
,S000672,2024-09-12,2024-10-05,765.84,2975.71,Refunded,,,INVALID,Missing invoice_id; Invoice references non-existent/invalid subscription,Refunded
I0000468,S000128,2025-06-10,2025-07-23,25394.93,12620.38,Failed,,Wallet,INVALID,Duplicate invoice_id; Invoice references non-existent/invalid subscription,Failed
I0001724,S000403,2024-06-14,2024-06-21,57062.61,,,,,INVALID,Duplicate invoice_id; Invoice references non-existent/invalid subscription; Missing payment_status,Nan
I0001320,S000711,2024-11-13,2024-12-04,17876.01,4825.07,,,UPI,INVALID,Duplicate invoice_id; Invoice references non-existent/invalid subscription; Missing payment_status,Nan
I0000605,S001033,2025-05-21,2025-07-03,59274.26,21940.16,,,,INVALID,Duplicate invoice_id; Missing payment_status,Nan
,S002165,2025-12-11,2025-12-29,2112.06,5251.07,Paid,2026-01-05,Bank Transfer,INVALID,Missing invoice_id; Invoice references non-existent/invalid subscription,Paid
I0000138,S000315,2025-06-25,2025-08-07,69113.09,20123.97,,,Wallet,INVALID,Duplicate invoice_id; Missing payment_status,Nan
I0002671,S001712,2024-10-02,2024-09-27,53049.29,24806.73,,2024-12-18,Wallet,INVALID,Duplicate invoice_id; Invoice references non-existent/invalid subscription; Missing payment_status,Nan
I0000324,S001025,2025-01-18,2025-02-05,100965.87,,Failed,,UPI,INVALID,Duplicate invoice_id,Failed
I0001538,S001376,2025-06-03,2025-06-12,9244.17,11299.18,,,UPI,INVALID,Duplicate invoice_id; Invoice references non-existent/invalid subscription; Missing payment_status,Nan
I0001035,S001432,2025-04-07,2025-05-06,36444.18,4467.52,,,Card,INVALID,Duplicate invoice_id; Missing payment_status,Nan
I0001646,S000351,2025-01-26,2025-03-05,18712.06,10303.66,Refunded,,UPI,INVALID,Duplicate invoice_id; Invoice references non-existent/invalid subscription,Refunded
I0002170,S000916,2024-01-17,2024-01-27,37129.13,3184.12,Paid,2024-03-18,Card,INVALID,Duplicate invoice_id; Invoice references non-existent/invalid subscription,Paid
I0001472,S001796,2024-03-21,2024-04-09,-46971.54,12020.09,Pending,,Bank Transfer,INVALID,Duplicate invoice_id; Negative invoice_amount,Pending
I0002270,S001830,2024-09-15,2024-10-12,79477.15,19570.32,Paid,2024-10-05,UPI,INVALID,Duplicate invoice_id; Invoice references non-existent/invalid subscription,Paid
I0002168,S000886,2025-09-22,2025-10-17,39532.42,,Failed,2025-11-09,Bank Transfer,INVALID,Duplicate invoice_id; Invoice references non-existent/invalid subscription,Failed
I0002742,S000595,2025-11-01,2025-12-13,36678.59,24506.9,Refunded,,Card,INVALID,Duplicate invoice_id; Invoice references non-existent/invalid subscription,Refunded
I0001048,S000361,2025-03-27,2025-04-17,92195.65,7233.43,Paid,2025-03-23,Card,INVALID,Duplicate invoice_id; Invoice references non-existent/invalid subscription; Payment date earlier than invoice date,Paid
I0002019,S001368,2025-04-04,2025-05-17,112529.02,10749.19,Failed,2025-05-01,Card,INVALID,Duplicate invoice_id,Failed
I0001769,S000254,2024-11-26,2024-12-07,-25397.54,-3315.97,Failed,,Card,INVALID,Duplicate invoice_id; Invoice references non-existent/invalid subscription; Negative invoice_amount; Negative tax_amount,Failed
I0000936,S000605,2025-10-18,2025-11-02,12741.44,2063.81,Refunded,,,INVALID,Duplicate invoice_id; Invoice references non-existent/invalid subscription,Refunded
I0002222,S000864,2025-01-22,2025-02-28,3620.54,18252.99,Failed,,,INVALID,Duplicate invoice_id; Invoice references non-existent/invalid subscription,Failed
I0000653,S002045,2024-10-01,2024-11-11,,6149.5,Pending,,Card,INVALID,Duplicate invoice_id; Invoice references non-existent/invalid subscription; Missing invoice_amount,Pending
I0000803,S000505,2025-07-01,2025-07-11,93047.12,11403.55,Paid,2025-07-11,Card,INVALID,Duplicate invoice_id,Paid
I0002737,S001989,2024-07-12,2024-07-21,8004.42,22467.91,Failed,,Card,INVALID,Duplicate invoice_id; Invoice references non-existent/invalid subscription,Failed
I0000590,S001514,2024-05-11,2024-05-05,77152.43,22610.06,Pending,,,INVALID,Duplicate invoice_id; Invoice references non-existent/invalid subscription,Pending
I0002696,S000533,2025-12-27,2026-01-25,61600.05,12197.11,Paid,2025-12-28,Card,INVALID,Duplicate invoice_id; Invoice references non-existent/invalid subscription,Paid
,S002240,2024-02-26,2024-03-14,73676.08,22806.11,Failed,,UPI,INVALID,Missing invoice_id; Invoice references non-existent/invalid subscription,Failed
I0001339,S002333,2024-01-04,2024-02-10,48213.37,8953.93,Paid,2024-02-26,UPI,INVALID,Duplicate invoice_id; Invoice references non-existent/invalid subscription,Paid
I0000528,S001694,2025-01-18,2025-02-24,9363.29,7125.78,Failed,,,INVALID,Duplicate invoice_id; Invoice references non-existent/invalid subscription,Failed
I0001369,S000467,2025-02-25,2025-04-07,22600.82,-3016.41,Pending,2025-03-15,Bank Transfer,INVALID,Duplicate invoice_id; Invoice references non-existent/invalid subscription; Negative tax_amount,Pending
I0000251,S001340,2025-12-11,2026-01-15,102874.31,18590.26,Paid,2025-12-31,UPI,INVALID,Duplicate invoice_id,Paid
I0000602,S001483,2024-11-17,2024-11-27,15175.29,19281.18,Paid,2025-01-18,,INVALID,Duplicate invoice_id; Invoice references non-existent/invalid subscription,Paid
I0002063,S001511,2024-04-15,2024-05-07,13919.42,15851.06,,2024-06-19,Bank Transfer,INVALID,Duplicate invoice_id; Invoice references non-existent/invalid subscription; Missing payment_status,Nan
I0000303,S001177,2025-11-24,2025-12-24,18389.86,-1461.36,Refunded,,Bank Transfer,INVALID,Duplicate invoice_id; Negative tax_amount,Refunded
I0002893,S002374,2024-01-29,2024-03-06,72730.38,23245.87,Refunded,,Bank Transfer,INVALID,Duplicate invoice_id; Invoice references non-existent/invalid subscription,Refunded
I0001009,S000852,2024-06-07,2024-07-22,43839.5,10997.8,Paid,2024-06-05,Card,INVALID,Duplicate invoice_id; Invoice references non-existent/invalid subscription; Payment date earlier than invoice date,Paid
I0001824,S001981,2024-10-25,2024-11-06,-80733.47,20611.36,,,Bank Transfer,INVALID,Duplicate invoice_id; Negative invoice_amount; Missing payment_status,Nan
I0001054,S001407,2024-11-10,2024-12-13,8801.37,9482.27,,,Bank Transfer,INVALID,Duplicate invoice_id; Invoice references non-existent/invalid subscription; Missing payment_status,Nan
I0001931,S002164,2025-08-28,2025-10-06,89540.12,-4999.85,Failed,,Card,INVALID,Duplicate invoice_id; Invoice references non-existent/invalid subscription; Negative tax_amount,Failed
I0002658,S001329,2024-05-06,2024-06-01,116769.27,161.42,Paid,2024-06-23,,INVALID,Duplicate invoice_id,Paid
I0003080,S000897,2025-06-25,2025-06-10,,23184.18,Refunded,,,INVALID,Duplicate invoice_id; Invoice references non-existent/invalid subscription; Missing invoice_amount,Refunded
I0001396,S001364,2024-11-25,2024-12-12,23153.09,12999.53,Pending,,,INVALID,Duplicate invoice_id; Invoice references non-existent/invalid subscription,Pending
I0001776,S001388,2025-08-28,2025-09-15,88227.01,17252.54,Failed,,UPI,INVALID,Duplicate invoice_id; Invoice references non-existent/invalid subscription,Failed
I0000828,S000198,2025-12-11,2025-12-26,14452.29,19773.44,,2026-02-25,Bank Transfer,INVALID,Duplicate invoice_id; Invoice references non-existent/invalid subscription; Missing payment_status,Nan
I0002691,S001827,2025-09-16,2025-10-25,75589.85,12906.93,Paid,2025-11-19,UPI,INVALID,Duplicate invoice_id; Invoice references non-existent/invalid subscription,Paid
I0003133,S002205,2024-05-28,2024-06-24,57923.61,12738.63,Failed,,,INVALID,Duplicate invoice_id; Invoice references non-existent/invalid subscription,Failed
I0000520,S001741,2024-08-21,2024-09-14,116189.65,2013.49,Failed,,,INVALID,Duplicate invoice_id,Failed
,S002015,2025-03-06,2025-04-19,73835.31,8070.25,Refunded,,Bank Transfer,INVALID,Missing invoice_id; Invoice references non-existent/invalid subscription,Refunded
I0003137,S002332,2025-01-12,2025-01-23,119962.73,-1462.12,Refunded,,UPI,INVALID,Duplicate invoice_id; Invoice references non-existent/invalid subscription; Negative tax_amount,Refunded
,S002165,2025-12-11,2025-12-29,2112.06,5251.07,Paid,2026-01-05,Bank Transfer,INVALID,Missing invoice_id; Invoice references non-existent/invalid subscription,Paid
I0001703,S001759,2024-03-20,2024-04-18,97078.0,13056.48,Failed,,Card,INVALID,Duplicate invoice_id,Failed
I0000104,S000872,2024-08-01,2024-08-13,-48240.53,15508.23,Failed,,Card,INVALID,Duplicate invoice_id; Invoice references non-existent/invalid subscription; Negative invoice_amount,Failed
I0000384,S000318,2024-10-16,2024-10-29,71017.32,9918.34,Refunded,,Card,INVALID,Duplicate invoice_id,Refunded
I0001926,S000582,2024-05-05,2024-05-19,74631.92,11012.72,Refunded,,UPI,INVALID,Duplicate invoice_id,Refunded
I0001242,S000325,2025-01-25,2025-03-08,15646.14,,Pending,,UPI,INVALID,Duplicate invoice_id; Invoice references non-existent/invalid subscription,Pending
,S002230,2024-07-22,2024-07-30,62775.4,14707.83,Pending,2024-09-13,Card,INVALID,Missing invoice_id,Pending
I0000460,S000951,2025-02-15,2025-02-27,51826.41,16261.38,Refunded,2025-04-30,UPI,INVALID,Duplicate invoice_id; Invoice references non-existent/invalid subscription,Refunded
I0001396,S001364,2024-11-25,2024-12-12,23153.09,12999.53,Pending,,,INVALID,Duplicate invoice_id; Invoice references non-existent/invalid subscription,Pending
I0002780,S002086,2024-10-18,2024-11-27,96636.6,21288.43,Refunded,,UPI,INVALID,Duplicate invoice_id; Invoice references non-existent/invalid subscription,Refunded
I0002662,S000801,2025-11-11,2025-12-18,118603.6,2811.65,,,Card,INVALID,Duplicate invoice_id; Invoice references non-existent/invalid subscription; Missing payment_status,Nan
I0003118,S001651,2024-03-26,2024-04-16,81699.94,,,2024-05-20,Wallet,INVALID,Duplicate invoice_id; Invoice references non-existent/invalid subscription; Missing payment_status,Nan
I0002220,S001627,2025-03-23,2025-03-31,62782.69,-282.76,Failed,2025-03-28,Wallet,INVALID,Duplicate invoice_id; Invoice references non-existent/invalid subscription; Negative tax_amount,Failed
I0002249,S002120,2025-08-26,2025-09-12,6114.19,9734.14,Failed,,Card,INVALID,Duplicate invoice_id; Invoice references non-existent/invalid subscription,Failed
I0002812,S002272,2024-01-28,2024-01-25,110468.21,4365.61,,2024-03-14,Bank Transfer,INVALID,Duplicate invoice_id; Invoice references non-existent/invalid subscription; Missing payment_status,Nan
I0001610,S000990,2024-09-07,2024-10-15,,,Pending,,Wallet,INVALID,Duplicate invoice_id; Invoice references non-existent/invalid subscription; Missing invoice_amount,Pending
I0003091,S000338,2025-10-29,2025-11-27,60438.37,10555.15,,,Bank Transfer,INVALID,Duplicate invoice_id; Missing payment_status,Nan
I0001109,S000961,2024-07-23,2024-08-28,27619.04,4234.68,Failed,,Bank Transfer,INVALID,Duplicate invoice_id; Invoice references non-existent/invalid subscription,Failed
I0002571,S000621,2025-02-17,2025-03-23,45207.42,3788.48,Failed,,,INVALID,Duplicate invoice_id; Invoice references non-existent/invalid subscription,Failed
I0002264,S000536,2025-09-30,2025-10-11,-87821.33,23706.12,Paid,2025-10-03,Bank Transfer,INVALID,Duplicate invoice_id; Invoice references non-existent/invalid subscription; Negative invoice_amount,Paid
I0003069,S000362,2024-03-19,2024-03-05,89341.75,1655.31,Refunded,,Card,INVALID,Duplicate invoice_id; Invoice references non-existent/invalid subscription,Refunded
I0000602,S001483,2024-11-17,2024-11-27,15175.29,19281.18,Paid,2025-01-18,,INVALID,Duplicate invoice_id; Invoice references non-existent/invalid subscription,Paid
I0001444,S000842,2024-04-14,2024-05-04,60566.21,7125.11,Refunded,,Wallet,INVALID,Duplicate invoice_id,Refunded
I0000617,S002127,2024-08-25,2024-09-03,74945.98,,Pending,2024-11-06,Card,INVALID,Duplicate invoice_id,Pending
I0002346,S000447,2025-08-13,2025-09-14,38023.5,-3159.14,Pending,,Card,INVALID,Duplicate invoice_id; Invoice references non-existent/invalid subscription; Negative tax_amount,Pending
I0000755,S002309,2025-05-10,2025-06-07,48536.92,14005.2,Pending,,Card,INVALID,Duplicate invoice_id,Pending
I0002456,S001542,2025-10-13,2025-10-03,71112.07,-2892.75,,,Card,INVALID,Duplicate invoice_id; Invoice references non-existent/invalid subscription; Negative tax_amount; Missing payment_status,Nan
I0000958,S000658,2025-03-24,2025-04-26,113226.13,15966.43,Failed,,UPI,INVALID,Duplicate invoice_id; Invoice references non-existent/invalid subscription,Failed
I0000966,S000766,2025-09-29,2025-10-13,92415.85,20305.97,,,UPI,INVALID,Duplicate invoice_id; Invoice references non-existent/invalid subscription; Missing payment_status,Nan
I0002510,S001467,2024-08-11,2024-09-03,2484.67,7347.58,Failed,,Card,INVALID,Duplicate invoice_id; Invoice references non-existent/invalid subscription,Failed
I0002190,S000708,2025-11-19,2025-12-30,24687.04,18630.51,Refunded,,Wallet,INVALID,Duplicate invoice_id; Invoice references non-existent/invalid subscription,Refunded
I0001554,S001648,2025-07-01,2025-07-31,,21954.41,Paid,2025-08-28,,INVALID,Duplicate invoice_id; Invoice references non-existent/invalid subscription; Missing invoice_amount,Paid
I0001853,S002384,2024-11-08,2024-11-30,62056.16,15692.41,Paid,2024-11-20,Wallet,INVALID,Duplicate invoice_id; Invoice references non-existent/invalid subscription,Paid
I0002393,S002381,2024-11-16,2024-11-05,24920.99,5191.49,,,Wallet,INVALID,Duplicate invoice_id; Invoice references non-existent/invalid subscription; Missing payment_status,Nan
I0002019,S001368,2025-04-04,2025-05-17,112529.02,10749.19,Failed,2025-05-01,Card,INVALID,Duplicate invoice_id,Failed
I0002020,S002194,2024-03-17,2024-04-19,76764.27,-1657.86,Paid,2024-05-05,Wallet,INVALID,Duplicate invoice_id; Invoice references non-existent/invalid subscription; Negative tax_amount,Paid
I0002460,S000198,2024-12-30,2025-01-06,50767.99,18174.4,Pending,,Card,INVALID,Duplicate invoice_id; Invoice references non-existent/invalid subscription,Pending
I0001444,S000842,2024-04-14,2024-05-04,60566.21,7125.11,Refunded,,Wallet,INVALID,Duplicate invoice_id,Refunded
I0002521,S001584,2024-04-10,2024-05-04,80052.15,3990.99,Paid,2024-05-31,Card,INVALID,Duplicate invoice_id,Paid
I0000217,S001625,2024-10-02,2024-11-13,83089.61,23687.96,Refunded,,,INVALID,Duplicate invoice_id; Invoice references non-existent/invalid subscription,Refunded
I0001439,S002214,2025-09-29,2025-10-12,37616.75,17757.55,,2025-09-24,UPI,INVALID,Duplicate invoice_id; Invoice references non-existent/invalid subscription; Missing payment_status; Payment date earlier than invoice date,Nan
I0001316,S000854,2024-01-05,2024-01-31,30474.93,11232.34,Refunded,2024-02-20,UPI,INVALID,Duplicate invoice_id,Refunded
I0001653,S001565,2024-07-03,2024-07-29,42986.61,6224.25,,,Card,INVALID,Duplicate invoice_id; Missing payment_status,Nan
I0002735,S002279,2025-11-23,2025-12-15,20616.2,12941.24,,,,INVALID,Duplicate invoice_id; Invoice references non-existent/invalid subscription; Missing payment_status,Nan
I0002461,S001439,2025-01-14,2025-01-08,50813.62,-3944.66,Pending,,Wallet,INVALID,Duplicate invoice_id; Invoice references non-existent/invalid subscription; Negative tax_amount,Pending
I0000820,S000019,2025-10-05,2025-11-11,76484.01,10463.82,Pending,,,INVALID,Duplicate invoice_id,Pending
I0001328,S002345,2025-04-11,2025-05-26,44953.92,15157.8,,,Wallet,INVALID,Duplicate invoice_id; Missing payment_status,Nan
I0002927,S001151,2025-05-06,2025-04-27,38821.16,-4021.37,,,Wallet,INVALID,Duplicate invoice_id; Invoice references non-existent/invalid subscription; Negative tax_amount; Missing payment_status,Nan
I0002976,S000530,2025-03-20,2025-05-01,105341.61,-360.61,Paid,2025-03-29,UPI,INVALID,Duplicate invoice_id; Invoice references non-existent/invalid subscription; Negative tax_amount,Paid
I0002761,S001424,2024-09-09,2024-10-23,-112039.12,9113.97,Paid,2024-09-12,UPI,INVALID,Duplicate invoice_id; Invoice references non-existent/invalid subscription; Negative invoice_amount,Paid
,S001104,2024-04-10,2024-05-04,66449.03,-1874.22,Refunded,2024-05-26,UPI,INVALID,Missing invoice_id; Invoice references non-existent/invalid subscription; Negative tax_amount,Refunded
I0002650,S001614,2025-08-28,2025-10-03,35418.03,19745.99,Pending,,Card,INVALID,Duplicate invoice_id; Invoice references non-existent/invalid subscription,Pending
I0000349,S001806,2024-05-22,2024-06-08,115757.35,15900.68,,2024-06-26,Wallet,INVALID,Duplicate invoice_id; Missing payment_status,Nan
I0000378,S001866,2025-04-12,2025-05-16,115827.94,15105.91,Pending,,Card,INVALID,Duplicate invoice_id; Invoice references non-existent/invalid subscription,Pending
I0001146,S001213,2025-11-05,2025-11-27,90230.63,19228.99,Pending,,Wallet,INVALID,Duplicate invoice_id,Pending
I0001502,S001688,2024-01-16,2024-02-19,21130.72,17413.76,Paid,2024-03-20,Bank Transfer,INVALID,Duplicate invoice_id; Invoice references non-existent/invalid subscription,Paid
I0001471,S001878,2025-08-01,2025-09-15,47250.77,,Pending,,Wallet,INVALID,Duplicate invoice_id,Pending
I0001100,S000219,2024-04-01,2024-04-24,89091.89,13301.86,Paid,2024-05-06,,INVALID,Duplicate invoice_id; Invoice references non-existent/invalid subscription,Paid
,S001368,2025-07-06,2025-08-05,15150.29,18656.11,Refunded,,Card,INVALID,Missing invoice_id,Refunded
I0000961,S002072,2024-02-13,2024-03-24,92681.76,7351.38,Refunded,,Wallet,INVALID,Duplicate invoice_id; Invoice references non-existent/invalid subscription,Refunded
I0000962,S000787,2025-04-20,2025-05-28,96463.28,18333.19,Failed,,Bank Transfer,INVALID,Duplicate invoice_id,Failed
I0002585,S000439,2025-01-12,2025-01-30,119185.28,6704.55,Failed,,,INVALID,Duplicate invoice_id; Invoice references non-existent/invalid subscription,Failed
I0000100,S000225,2024-03-26,2024-05-08,88900.09,16943.9,Failed,,Wallet,INVALID,Duplicate invoice_id; Invoice references non-existent/invalid subscription,Failed
I0001634,S001115,2024-08-22,2024-10-01,58107.31,16678.71,Paid,2024-08-24,,INVALID,Duplicate invoice_id,Paid
I0001700,S000554,2025-11-21,2025-11-18,112604.57,2875.23,Pending,,Card,INVALID,Duplicate invoice_id; Invoice references non-existent/invalid subscription,Pending
I0000245,S000302,2024-03-31,2024-05-08,118102.58,7833.82,Refunded,,Card,INVALID,Duplicate invoice_id; Invoice references non-existent/invalid subscription,Refunded
I0000873,S001168,2024-08-01,2024-08-15,-105252.69,7525.91,Refunded,,Card,INVALID,Duplicate invoice_id; Invoice references non-existent/invalid subscription; Negative invoice_amount,Refunded
I0002987,S002065,2024-07-10,2024-07-06,27364.55,24800.77,Failed,,UPI,INVALID,Duplicate invoice_id,Failed
I0001496,S000005,2026-01-19,2026-02-15,28968.47,-885.8,Paid,2026-02-14,Bank Transfer,INVALID,Duplicate invoice_id; Negative tax_amount,Paid
I0000003,S001448,2025-10-14,2025-11-14,57159.86,20904.92,Refunded,,Bank Transfer,INVALID,Duplicate invoice_id,Refunded
I0000782,S002115,2025-06-08,2025-07-21,19001.58,-3290.87,Failed,,Bank Transfer,INVALID,Duplicate invoice_id; Invoice references non-existent/invalid subscription; Negative tax_amount,Failed
I0001182,S000807,2024-01-18,2024-02-24,,517.29,Paid,2024-02-18,,INVALID,Duplicate invoice_id; Missing invoice_amount,Paid
I0002070,S001050,2025-07-18,2025-07-30,113806.89,4119.99,Paid,2025-09-12,Card,INVALID,Duplicate invoice_id,Paid
I0002229,S002295,2024-03-31,2024-03-22,68455.53,6828.91,Pending,,Bank Transfer,INVALID,Duplicate invoice_id,Pending
I0001187,S001428,2025-05-08,2025-06-08,-84852.43,808.61,,,UPI,INVALID,Duplicate invoice_id; Invoice references non-existent/invalid subscription; Negative invoice_amount; Missing payment_status,Nan
I0001120,S001543,2025-10-08,2025-10-31,21171.99,12400.83,Pending,,Bank Transfer,INVALID,Duplicate invoice_id; Invoice references non-existent/invalid subscription,Pending
I0002835,S001412,2024-09-11,2024-10-17,,8025.38,Paid,2024-09-27,Card,INVALID,Duplicate invoice_id; Invoice references non-existent/invalid subscription; Missing invoice_amount,Paid
I0001486,S001596,2025-04-11,2025-04-18,54517.32,20748.5,,,Bank Transfer,INVALID,Duplicate invoice_id; Invoice references non-existent/invalid subscription; Missing payment_status,Nan
