subscription_id,customer_id,region,plan_name,signup_date,renewal_date,monthly_fee,discount_pct,auto_renew,subscription_status,sales_channel,record_status,status_reason,subscription_status_norm
S000001,C00918,South,Basic,2025-10-18,2025-12-25,58773.1,126.0,Y,Active,Inside Sales,INVALID,Discount_pct outside 0-100 range,Active
S000002,C00418,East,Growth,2024-07-18,2024-08-08,22676.79,0.0,N,Active,Partner,VALID,No issues detected,Active
S000003,C01264,South,Growth,2025-04-22,2025-04-12,13274.49,42.0,,Cancelled,Partner,INVALID,Renewal date earlier than signup date,Cancelled
S000004,C00053,North,Growth,2025-05-20,2025-12-29,-22343.42,38.0,,Expired,Website,INVALID,Negative monthly_fee,Expired
S000005,C00809,Central,Growth,2024-06-30,2025-05-14,18700.04,0.0,N,Active,,VALID,No issues detected,Active
S000006,C01782,,Pro,2025-07-06,2025-08-17,19658.89,-25.0,N,,Marketplace,INVALID,Discount_pct outside 0-100 range; Missing subscription_status,Nan
S000007,C01669,,,2025-09-08,2025-09-07,,38.0,N,Active,Partner,INVALID,Renewal date earlier than signup date; Missing monthly_fee,Active
S000008,C01078,West,Basic,2025-01-18,2025-12-03,30114.38,122.0,N,,Inside Sales,INVALID,Discount_pct outside 0-100 range; Missing subscription_status,Nan
S000009,C01645,West,Growth,2025-11-06,2026-11-30,58996.4,-30.0,Y,Active,Inside Sales,INVALID,Discount_pct outside 0-100 range,Active
S000010,C00560,West,,2025-02-22,2025-12-18,16181.18,0.0,,Cancelled,Inside Sales,VALID,No issues detected,Cancelled
S000011,,,,2025-04-03,2025-12-25,79733.36,0.0,Y,Expired,Inside Sales,INVALID,Missing customer_id,Expired
S000012,C00786,Central,,2025-06-16,2025-06-03,,108.0,,Active,Inside Sales,INVALID,Renewal date earlier than signup date; Missing monthly_fee; Discount_pct outside 0-100 range,Active
S000013,C01363,West,,2024-03-14,,57677.0,-22.0,Y,Active,,INVALID,Discount_pct outside 0-100 range; Active subscription with missing/implausible renewal date,Active
S000014,C00196,East,,2025-08-05,2025-12-15,74200.34,-14.0,Y,Trial,Website,INVALID,Discount_pct outside 0-100 range,Trial
S000015,C01763,North,Enterprise,2025-05-24,2026-01-30,10266.59,0.0,,,Partner,SUSPICIOUS,Missing subscription_status,Nan
S000016,C01752,Central,Growth,2025-03-17,2026-04-30,38683.92,38.0,N,Expired,,VALID,No issues detected,Expired
S000017,C00257,Central,Enterprise,2024-02-25,2025-01-13,68365.94,130.0,,Trial,Partner,INVALID,Discount_pct outside 0-100 range,Trial
S000018,C01448,East,Growth,2024-05-05,2025-06-04,,0.0,N,Trial,Inside Sales,SUSPICIOUS,Missing monthly_fee,Trial
S000019,C00723,West,Pro,2024-05-18,2024-12-18,68034.31,11.0,,Cancelled,Website,VALID,No issues detected,Cancelled
S000020,,West,Growth,2024-10-12,,3973.63,0.0,Y,Active,,INVALID,Missing customer_id; Active subscription with missing/implausible renewal date,Active
S000021,C00988,West,Pro,2025-01-18,,,9.0,N,Cancelled,Website,SUSPICIOUS,Missing monthly_fee,Cancelled
S000022,C00509,,Enterprise,2025-01-25,2025-03-04,49302.6,0.0,Y,Cancelled,Website,VALID,No issues detected,Cancelled
S000023,C01438,East,Pro,2024-10-26,,16067.37,0.0,Y,Active,Marketplace,SUSPICIOUS,Active subscription with missing/implausible renewal date,Active
S000024,C00291,East,Growth,2025-03-14,2025-06-23,77774.81,0.0,,Active,Marketplace,VALID,No issues detected,Active
S000025,C01063,North,Growth,2024-10-27,2024-10-18,44323.71,-18.0,N,Cancelled,,INVALID,Renewal date earlier than signup date; Discount_pct outside 0-100 range,Cancelled
S000026,C00406,East,Pro,2025-11-22,2026-03-21,60286.62,-20.0,Y,Trial,Inside Sales,INVALID,Discount_pct outside 0-100 range,Trial
S000027,C00763,,,2025-05-24,2026-01-04,55410.81,0.0,,Cancelled,Partner,VALID,No issues detected,Cancelled
S000028,C01786,Central,Growth,2024-09-02,2024-12-28,1429.83,44.0,N,Expired,,VALID,No issues detected,Expired
S000029,,North,Enterprise,2025-05-16,2026-03-22,24414.58,0.0,,,Website,INVALID,Missing customer_id; Missing subscription_status,Nan
S000030,C00359,Central,Growth,2025-04-16,2026-01-25,55387.6,38.0,Y,Trial,Website,VALID,No issues detected,Trial
S000031,C01041,North,Pro,2025-01-28,2025-05-22,-28512.96,49.0,N,Active,Marketplace,INVALID,Negative monthly_fee,Active
S000032,C01387,,Pro,2024-10-21,2025-09-07,79609.58,-13.0,,Active,Inside Sales,INVALID,Discount_pct outside 0-100 range,Active
S000033,C00712,West,Enterprise,2024-04-24,2025-05-18,65415.08,158.0,Y,Trial,Partner,INVALID,Discount_pct outside 0-100 range,Trial
S000034,C01660,North,Pro,2025-11-26,,4998.26,0.0,,Expired,Inside Sales,VALID,No issues detected,Expired
S000035,C00272,Central,Pro,2024-04-06,2024-12-28,11326.94,9.0,,Active,Marketplace,VALID,No issues detected,Active
S000036,C00846,East,Growth,2024-01-04,2024-09-12,78005.8,0.0,Y,,Inside Sales,SUSPICIOUS,Missing subscription_status,Nan
S000037,C00136,,Pro,2025-09-16,2026-08-17,78590.36,153.0,,,Website,INVALID,Discount_pct outside 0-100 range; Missing subscription_status,Nan
S000038,C01178,South,Growth,2024-05-05,2024-10-05,17974.55,0.0,Y,Trial,Inside Sales,VALID,No issues detected,Trial
S000039,C00042,North,,2025-06-10,2025-10-11,4826.37,37.0,,Expired,Inside Sales,VALID,No issues detected,Expired
S000040,C00431,South,Enterprise,2025-01-17,2025-09-27,65696.34,51.0,Y,,,SUSPICIOUS,Missing subscription_status,Nan
S000041,C01268,West,Enterprise,2024-09-15,2025-08-30,28977.72,0.0,,Active,,VALID,No issues detected,Active
S000042,C00313,North,Enterprise,2024-02-24,2024-06-11,,-20.0,N,Trial,,INVALID,Missing monthly_fee; Discount_pct outside 0-100 range,Trial
S000043,C00036,West,,2024-02-14,,20439.87,55.0,N,Trial,,VALID,No issues detected,Trial
S000044,C01257,,,2025-10-04,2026-06-17,,44.0,Y,Active,,SUSPICIOUS,Missing monthly_fee,Active
S000045,C00066,South,Growth,2025-11-20,2026-07-11,,26.0,Y,Expired,Inside Sales,SUSPICIOUS,Missing monthly_fee,Expired
S000046,C00962,North,,2024-01-22,2024-02-17,9500.25,27.0,Y,Cancelled,Marketplace,VALID,No issues detected,Cancelled
S000047,C01702,North,Growth,2025-04-18,2026-05-08,13822.19,33.0,Y,Active,,VALID,No issues detected,Active
,C00395,,Growth,2024-03-26,2025-04-29,21479.65,0.0,Y,Cancelled,,INVALID,Missing subscription_id,Cancelled
S000049,,East,Growth,2024-05-03,2024-07-29,55738.84,30.0,N,Cancelled,Inside Sales,INVALID,Missing customer_id,Cancelled
S000050,C01138,North,Basic,2024-03-09,2024-05-11,60480.31,-30.0,Y,Active,Website,INVALID,Discount_pct outside 0-100 range,Active
S000051,C00864,,Enterprise,2025-02-24,2025-11-26,2058.25,20.0,N,,Marketplace,SUSPICIOUS,Missing subscription_status,Nan
S000052,C00187,East,,2024-03-29,2024-10-23,51110.59,-2.0,,,Inside Sales,INVALID,Discount_pct outside 0-100 range; Missing subscription_status,Nan
S000053,C01643,East,Basic,2025-03-29,2025-10-28,20771.22,-2.0,N,Cancelled,Marketplace,INVALID,Discount_pct outside 0-100 range,Cancelled
S000054,C00766,North,Pro,2024-02-29,,2175.47,121.0,,Trial,Partner,INVALID,Discount_pct outside 0-100 range,Trial
S000055,C00738,South,Basic,2024-11-11,2025-11-30,27331.59,0.0,N,Expired,Inside Sales,VALID,No issues detected,Expired
S000056,C01038,North,,2024-10-15,2024-10-12,76409.62,-2.0,N,Expired,Marketplace,INVALID,Renewal date earlier than signup date; Discount_pct outside 0-100 range,Expired
S000057,C00326,South,Basic,2025-02-10,,,0.0,,Cancelled,Partner,SUSPICIOUS,Missing monthly_fee,Cancelled
S000058,C00396,South,Growth,2025-03-26,2025-09-25,57581.51,-8.0,,Trial,Inside Sales,INVALID,Discount_pct outside 0-100 range,Trial
S000059,C00139,East,Enterprise,2025-11-14,2026-11-05,61770.72,-12.0,N,,,INVALID,Discount_pct outside 0-100 range; Missing subscription_status,Nan
S000060,C00085,East,Pro,2024-03-11,2024-11-23,,137.0,N,Cancelled,Inside Sales,INVALID,Missing monthly_fee; Discount_pct outside 0-100 range,Cancelled
S000061,,East,Growth,2024-11-04,2025-08-13,17978.74,0.0,,Expired,Website,INVALID,Missing customer_id,Expired
S000062,,,Pro,2024-02-21,,78130.73,0.0,N,Cancelled,Inside Sales,INVALID,Missing customer_id,Cancelled
S000063,C01082,West,Growth,2024-07-09,2025-08-18,74215.48,137.0,,Active,Partner,INVALID,Discount_pct outside 0-100 range,Active
S000064,C01470,North,Basic,2024-03-22,2025-02-12,55588.74,-18.0,,,Marketplace,INVALID,Discount_pct outside 0-100 range; Missing subscription_status,Nan
,,North,Pro,2024-10-19,2025-10-25,11514.83,130.0,Y,Trial,Partner,INVALID,Missing subscription_id; Missing customer_id; Discount_pct outside 0-100 range,Trial
,C01309,North,,2025-10-10,2026-08-09,6886.55,70.0,,Trial,Marketplace,INVALID,Missing subscription_id,Trial
S000067,C01244,South,Enterprise,2025-10-31,2026-06-16,50540.71,138.0,Y,Trial,,INVALID,Discount_pct outside 0-100 range,Trial
S000068,C00642,East,Pro,2024-11-08,2025-10-31,34584.88,0.0,N,Expired,Website,VALID,No issues detected,Expired
S000069,C00038,East,Growth,2025-07-16,,45213.73,-21.0,,,Partner,INVALID,Discount_pct outside 0-100 range; Missing subscription_status,Nan
S000070,C00786,West,Enterprise,2024-03-18,,,28.0,N,,Marketplace,SUSPICIOUS,Missing monthly_fee; Missing subscription_status,Nan
S000071,C01604,North,,2024-10-27,2025-03-02,32424.28,68.0,,,Inside Sales,SUSPICIOUS,Missing subscription_status,Nan
S000072,C00277,North,Pro,2024-03-19,2025-01-08,,0.0,N,Trial,Marketplace,SUSPICIOUS,Missing monthly_fee,Trial
S000073,C01032,South,Pro,2025-02-01,2025-07-31,3332.47,109.0,N,Active,Inside Sales,INVALID,Discount_pct outside 0-100 range,Active
S000074,C01721,South,Enterprise,2025-04-03,2026-05-16,67280.73,9.0,,Cancelled,,VALID,No issues detected,Cancelled
S000075,C00988,North,,2025-01-15,,56640.71,34.0,Y,Cancelled,Partner,VALID,No issues detected,Cancelled
,C01130,Central,Enterprise,2024-02-09,2025-02-12,76099.0,137.0,N,,Website,INVALID,Missing subscription_id; Discount_pct outside 0-100 range; Missing subscription_status,Nan
S000077,C01544,North,Basic,2025-09-16,2026-08-02,18196.21,65.0,,Cancelled,Website,VALID,No issues detected,Cancelled
S000078,C00980,South,Growth,2025-01-28,2026-03-21,,0.0,N,,,SUSPICIOUS,Missing monthly_fee; Missing subscription_status,Nan
S000079,C00374,Central,Enterprise,2024-12-09,,55948.86,-25.0,Y,,Inside Sales,INVALID,Discount_pct outside 0-100 range; Missing subscription_status,Nan
,C00887,,Pro,2024-03-07,2024-10-31,10441.05,105.0,,Active,Inside Sales,INVALID,Missing subscription_id; Discount_pct outside 0-100 range,Active
S000081,C01403,East,Growth,2025-05-25,2026-07-05,38075.86,123.0,Y,,,INVALID,Discount_pct outside 0-100 range; Missing subscription_status,Nan
S000082,C00910,South,Basic,2024-01-01,2025-02-24,39331.78,0.0,,Cancelled,Inside Sales,VALID,No issues detected,Cancelled
S000083,C01560,East,Pro,2025-02-22,2025-04-20,68262.64,14.0,N,Expired,Partner,VALID,No issues detected,Expired
S000084,C00733,South,Pro,2024-10-30,2025-08-03,24397.52,130.0,N,Expired,Inside Sales,INVALID,Discount_pct outside 0-100 range,Expired
S000085,C00019,,,2025-05-11,2025-10-23,60521.63,60.0,N,,Inside Sales,SUSPICIOUS,Missing subscription_status,Nan
S000086,C01449,Central,Pro,2025-04-24,2025-07-29,,0.0,Y,Active,Marketplace,SUSPICIOUS,Missing monthly_fee,Active
S000087,C01651,,Pro,2025-08-10,2025-11-20,35715.95,-11.0,Y,Active,Marketplace,INVALID,Discount_pct outside 0-100 range,Active
S000088,C01265,North,Pro,2024-09-30,,22392.15,-25.0,,Expired,Website,INVALID,Discount_pct outside 0-100 range,Expired
S000089,C01723,North,Pro,2024-02-27,2024-05-30,1855.28,146.0,N,Active,,INVALID,Discount_pct outside 0-100 range,Active
,C00448,Central,Basic,2024-01-11,2023-12-26,47564.74,27.0,Y,Trial,Partner,INVALID,Missing subscription_id; Renewal date earlier than signup date,Trial
,C01648,North,Growth,2025-05-16,2025-11-04,57117.35,0.0,Y,Active,Marketplace,INVALID,Missing subscription_id,Active
S000092,C00581,North,Basic,2025-02-09,2025-08-25,75690.0,0.0,Y,Active,Partner,VALID,No issues detected,Active
S000093,C00284,West,Growth,2024-01-05,2024-10-22,24065.22,133.0,,Expired,Marketplace,INVALID,Discount_pct outside 0-100 range,Expired
S000094,C00277,Central,Pro,2025-08-31,2026-05-06,46245.7,0.0,Y,,Partner,SUSPICIOUS,Missing subscription_status,Nan
S000095,C01564,,Enterprise,2025-04-09,2025-09-04,78959.0,4.0,,Expired,Marketplace,VALID,No issues detected,Expired
S000096,C00156,West,Basic,2024-07-03,2025-01-05,35523.03,117.0,N,Cancelled,Marketplace,INVALID,Discount_pct outside 0-100 range,Cancelled
S000097,C01461,,Basic,2025-01-24,2026-02-14,8321.71,108.0,N,Expired,Website,INVALID,Discount_pct outside 0-100 range,Expired
S000098,C00566,North,Pro,2025-07-21,2025-05-30,62214.2,62.0,N,Cancelled,Inside Sales,INVALID,Renewal date earlier than signup date,Cancelled
S000099,C01394,West,,2024-10-04,2025-04-04,-39390.48,113.0,N,Active,Inside Sales,INVALID,Negative monthly_fee; Discount_pct outside 0-100 range,Active
S000100,C01277,,Basic,2024-03-18,2024-12-14,66165.05,0.0,N,Cancelled,,VALID,No issues detected,Cancelled
S000101,C00871,South,Growth,2024-03-16,2025-04-15,77801.24,0.0,Y,,Website,SUSPICIOUS,Missing subscription_status,Nan
S000102,C00042,East,Pro,2025-05-12,2025-04-23,32135.75,-28.0,Y,Active,Partner,INVALID,Renewal date earlier than signup date; Discount_pct outside 0-100 range,Active
S000103,C01127,,Growth,2024-07-29,2025-05-08,39534.33,-10.0,Y,Active,,INVALID,Discount_pct outside 0-100 range,Active
S000104,C00166,East,Basic,2025-09-20,2026-06-20,8131.15,-27.0,Y,Active,Inside Sales,INVALID,Discount_pct outside 0-100 range,Active
S000105,C01306,South,Pro,2024-08-05,2024-12-27,78269.9,116.0,,Expired,,INVALID,Discount_pct outside 0-100 range,Expired
S000106,C00963,Central,Growth,2025-04-03,2025-12-26,,0.0,,Active,Inside Sales,SUSPICIOUS,Missing monthly_fee,Active
S000107,C00325,Central,Pro,2024-02-29,2024-08-21,38253.71,-10.0,N,Cancelled,,INVALID,Discount_pct outside 0-100 range,Cancelled
S000108,C00957,South,,2024-02-18,,,0.0,N,,Partner,SUSPICIOUS,Missing monthly_fee; Missing subscription_status,Nan
S000109,,Central,Enterprise,2024-05-09,,57111.26,-4.0,,,Partner,INVALID,Missing customer_id; Discount_pct outside 0-100 range; Missing subscription_status,Nan
S000110,C01748,Central,Pro,2024-10-15,2025-10-24,43904.07,138.0,N,Active,Website,INVALID,Discount_pct outside 0-100 range,Active
S000111,C00760,Central,Basic,2025-09-26,2026-09-10,16395.08,127.0,Y,Cancelled,Partner,INVALID,Discount_pct outside 0-100 range,Cancelled
S000112,C01106,North,,2025-07-25,2026-05-04,32267.25,41.0,,Trial,Inside Sales,VALID,No issues detected,Trial
S000113,C00613,,Enterprise,2024-01-20,2024-09-19,20650.12,-25.0,N,Cancelled,Marketplace,INVALID,Discount_pct outside 0-100 range,Cancelled
S000114,C01569,South,Pro,2025-09-04,2026-01-01,62110.98,60.0,N,Active,Inside Sales,VALID,No issues detected,Active
S000115,C01239,East,Enterprise,2025-10-17,,66540.06,69.0,N,Trial,,VALID,No issues detected,Trial
S000116,C00305,West,Pro,2024-03-03,2024-06-01,55826.64,103.0,Y,Active,Website,INVALID,Discount_pct outside 0-100 range,Active
S000117,C01653,Central,Pro,2025-06-30,2026-07-05,57610.45,0.0,Y,Trial,,VALID,No issues detected,Trial
S000118,C01195,Central,Enterprise,2024-06-22,2025-06-16,8967.52,12.0,N,Trial,Marketplace,VALID,No issues detected,Trial
S000119,C00173,South,Pro,2025-02-18,2026-01-21,12554.03,125.0,Y,Active,Partner,INVALID,Discount_pct outside 0-100 range,Active
S000120,C00123,Central,Enterprise,2025-04-02,2025-12-27,15060.0,42.0,Y,,Inside Sales,SUSPICIOUS,Missing subscription_status,Nan
S000121,C00339,,,2025-01-21,2026-01-15,,35.0,Y,Active,Inside Sales,SUSPICIOUS,Missing monthly_fee,Active
S000122,C00411,Central,,2025-09-19,2025-12-29,26398.32,115.0,N,Trial,Website,INVALID,Discount_pct outside 0-100 range,Trial
,C00500,North,Basic,2024-06-30,2025-01-10,70658.06,151.0,,Trial,Partner,INVALID,Missing subscription_id; Discount_pct outside 0-100 range,Trial
S000124,C00704,West,Pro,2024-02-01,,42093.34,0.0,,Active,Marketplace,SUSPICIOUS,Active subscription with missing/implausible renewal date,Active
,C01085,Central,Pro,2024-10-22,2025-11-01,72684.01,117.0,Y,Expired,,INVALID,Missing subscription_id; Discount_pct outside 0-100 range,Expired
S000126,C00913,Central,Growth,2024-01-27,2024-01-13,2000.74,-19.0,N,Cancelled,Partner,INVALID,Renewal date earlier than signup date; Discount_pct outside 0-100 range,Cancelled
S000127,C01490,,Growth,2025-06-24,2025-10-05,28265.41,151.0,N,Active,Website,INVALID,Discount_pct outside 0-100 range,Active
S000128,C00880,North,,2025-06-01,2025-08-14,40640.81,130.0,,Active,Inside Sales,INVALID,Discount_pct outside 0-100 range,Active
S000129,C01108,East,Basic,2024-07-24,2025-08-04,76351.68,0.0,Y,Active,Partner,VALID,No issues detected,Active
S000130,,South,Pro,2025-11-24,2025-11-21,-31910.64,10.0,,Expired,Marketplace,INVALID,Missing customer_id; Renewal date earlier than signup date; Negative monthly_fee,Expired
S000131,C01742,East,Enterprise,2024-07-31,2025-04-05,45153.11,156.0,N,Active,,INVALID,Discount_pct outside 0-100 range,Active
S000132,C00257,North,Pro,2025-03-02,,37737.28,2.0,Y,,Website,SUSPICIOUS,Missing subscription_status,Nan
S000133,C01293,Central,Basic,2025-05-04,2026-03-04,68748.78,58.0,,Expired,Website,VALID,No issues detected,Expired
,C00174,Central,Basic,2025-10-26,,68407.67,21.0,Y,Cancelled,Marketplace,INVALID,Missing subscription_id,Cancelled
S000135,C00443,South,Enterprise,2024-11-29,,35476.0,65.0,Y,Trial,Partner,VALID,No issues detected,Trial
S000136,C01211,South,Basic,2025-01-08,2026-01-20,79565.99,0.0,,,Partner,SUSPICIOUS,Missing subscription_status,Nan
S000137,,West,,2025-10-13,2026-04-09,76336.23,112.0,,Expired,,INVALID,Missing customer_id; Discount_pct outside 0-100 range,Expired
S000138,C00660,Central,,2025-04-24,2026-01-05,43950.48,1.0,,Expired,Marketplace,VALID,No issues detected,Expired
S000139,C00758,North,Enterprise,2025-06-19,2026-04-14,55856.77,-10.0,,Trial,Website,INVALID,Discount_pct outside 0-100 range,Trial
S000140,C00097,South,,2025-03-28,2025-09-08,59754.66,120.0,,Active,Inside Sales,INVALID,Discount_pct outside 0-100 range,Active
S000141,C00290,South,,2024-06-05,2025-04-17,15486.31,32.0,N,Active,Inside Sales,VALID,No issues detected,Active
,C01474,South,,2024-01-19,,8544.23,-24.0,,Cancelled,,INVALID,Missing subscription_id; Discount_pct outside 0-100 range,Cancelled
S000143,C00305,South,Growth,2024-06-24,2024-12-05,,115.0,Y,Active,Website,INVALID,Missing monthly_fee; Discount_pct outside 0-100 range,Active
S000144,C00448,West,Growth,2024-09-29,2024-12-28,60133.6,31.0,N,Active,,VALID,No issues detected,Active
,C00517,Central,Basic,2025-02-21,2025-11-21,43027.54,-13.0,Y,Trial,Inside Sales,INVALID,Missing subscription_id; Discount_pct outside 0-100 range,Trial
S000146,C01234,South,Enterprise,2025-06-13,2025-07-18,71014.35,0.0,N,,Inside Sales,SUSPICIOUS,Missing subscription_status,Nan
S000147,C01584,North,Pro,2025-05-30,2026-06-29,71051.14,103.0,,,Partner,INVALID,Discount_pct outside 0-100 range; Missing subscription_status,Nan
S000148,C01600,South,Pro,2025-05-05,,65638.95,-19.0,,Expired,Partner,INVALID,Discount_pct outside 0-100 range,Expired
S000149,C01069,Central,Enterprise,2024-08-23,2024-10-08,6542.98,0.0,N,Cancelled,Marketplace,VALID,No issues detected,Cancelled
S000150,C00107,Central,,2025-01-09,2026-02-02,33171.07,150.0,N,Expired,Inside Sales,INVALID,Discount_pct outside 0-100 range,Expired
S000151,C00059,South,,2024-02-29,2025-01-19,78826.6,0.0,,Expired,Partner,VALID,No issues detected,Expired
S000152,C01781,West,Growth,2024-12-18,2025-07-07,37147.87,65.0,Y,Expired,Inside Sales,VALID,No issues detected,Expired
S000153,C01563,North,,2024-07-21,2025-03-01,57586.04,20.0,Y,,Partner,SUSPICIOUS,Missing subscription_status,Nan
S000154,C01727,,,2024-11-29,2025-01-26,,7.0,Y,Expired,Website,SUSPICIOUS,Missing monthly_fee,Expired
S000155,C01319,South,Enterprise,2025-04-07,2025-07-05,49431.07,18.0,N,Active,Inside Sales,VALID,No issues detected,Active
S000156,C01698,South,Enterprise,2024-02-01,2024-05-22,13091.59,127.0,,Trial,Inside Sales,INVALID,Discount_pct outside 0-100 range,Trial
S000157,C00568,,Pro,2025-01-12,2025-10-18,39087.33,0.0,Y,Expired,,VALID,No issues detected,Expired
S000158,C01158,East,Pro,2025-05-19,2026-02-11,27746.0,0.0,N,Expired,,VALID,No issues detected,Expired
S000159,C00108,,Enterprise,2024-08-16,2025-04-18,984.37,0.0,N,Trial,,VALID,No issues detected,Trial
S000160,C00235,Central,Growth,2024-01-07,2023-11-13,78843.33,-15.0,Y,Trial,Partner,INVALID,Renewal date earlier than signup date; Discount_pct outside 0-100 range,Trial
S000161,C01595,,Enterprise,2024-11-16,2025-04-20,58428.11,153.0,N,Trial,Inside Sales,INVALID,Discount_pct outside 0-100 range,Trial
S000162,C00633,West,Basic,2024-09-06,2025-02-23,54490.24,38.0,,Expired,Website,VALID,No issues detected,Expired
S000163,C00853,West,,2025-04-14,2026-04-30,42446.12,130.0,Y,Trial,Marketplace,INVALID,Discount_pct outside 0-100 range,Trial
S000164,C01389,South,,2024-10-31,2025-03-12,8055.53,70.0,,,Marketplace,SUSPICIOUS,Missing subscription_status,Nan
S000165,C01355,East,Pro,2024-12-06,2025-03-29,51357.57,0.0,Y,Trial,,VALID,No issues detected,Trial
S000166,C01673,West,,2024-06-21,2025-06-30,2445.73,0.0,,Trial,Marketplace,VALID,No issues detected,Trial
S000167,C01223,South,Pro,2024-04-17,,65046.44,-20.0,N,Cancelled,Marketplace,INVALID,Discount_pct outside 0-100 range,Cancelled
S000168,C01637,,Growth,2025-09-25,2026-06-06,46590.14,0.0,Y,Active,Website,VALID,No issues detected,Active
S000169,C00661,South,,2024-10-02,,77697.86,142.0,,,Partner,INVALID,Discount_pct outside 0-100 range; Missing subscription_status,Nan
S000170,C00282,West,Basic,2025-08-24,2026-09-29,60045.81,0.0,N,Trial,Partner,VALID,No issues detected,Trial
S000171,C01475,East,Growth,2024-08-23,2025-07-29,73557.96,56.0,Y,Cancelled,Marketplace,VALID,No issues detected,Cancelled
S000172,C01616,South,Pro,2024-07-16,2024-12-31,-5184.21,133.0,N,,Inside Sales,INVALID,Negative monthly_fee; Discount_pct outside 0-100 range; Missing subscription_status,Nan
S000173,C01112,West,,2024-05-04,2024-11-01,4449.21,-28.0,N,Trial,Website,INVALID,Discount_pct outside 0-100 range,Trial
S000174,C00031,West,Enterprise,2025-10-14,2025-11-12,61008.65,69.0,Y,Active,Inside Sales,VALID,No issues detected,Active
S000175,C00635,South,Pro,2024-09-12,2025-07-22,38467.92,0.0,,Trial,,VALID,No issues detected,Trial
S000176,C00758,,Enterprise,2025-11-11,2026-08-11,31090.75,-1.0,Y,,,INVALID,Discount_pct outside 0-100 range; Missing subscription_status,Nan
,C01248,South,Pro,2024-11-03,2025-06-19,17058.36,0.0,,Trial,Website,INVALID,Missing subscription_id,Trial
S000178,C00597,,,2025-08-22,2026-08-18,26601.87,0.0,,Cancelled,Partner,VALID,No issues detected,Cancelled
S000179,C00346,North,Pro,2025-01-24,2025-08-29,54859.43,0.0,Y,Expired,Partner,VALID,No issues detected,Expired
S000180,,North,Enterprise,2025-11-20,2026-06-16,19066.3,49.0,,Expired,Marketplace,INVALID,Missing customer_id,Expired
S000181,C00729,Central,Pro,2025-07-04,2025-09-18,28625.19,-26.0,Y,Expired,Partner,INVALID,Discount_pct outside 0-100 range,Expired
S000182,C00731,,Basic,2024-09-21,2025-10-05,17426.66,110.0,Y,Expired,,INVALID,Discount_pct outside 0-100 range,Expired
S000183,C01132,South,Growth,2025-06-28,2026-04-22,62227.55,0.0,N,Expired,Marketplace,VALID,No issues detected,Expired
S000184,C01187,East,Basic,2024-05-26,2024-10-02,65359.71,-28.0,,Expired,Marketplace,INVALID,Discount_pct outside 0-100 range,Expired
S000185,C00409,North,Enterprise,2024-08-10,2025-03-24,19622.67,-18.0,,,Partner,INVALID,Discount_pct outside 0-100 range; Missing subscription_status,Nan
,C01535,West,Growth,2024-01-20,2023-12-08,49144.85,0.0,Y,,,INVALID,Missing subscription_id; Renewal date earlier than signup date; Missing subscription_status,Nan
S000187,C01652,,Basic,2024-04-12,2025-04-10,69182.48,120.0,N,Trial,Marketplace,INVALID,Discount_pct outside 0-100 range,Trial
S000188,,South,Basic,2024-06-11,2024-07-14,76443.45,42.0,,,Partner,INVALID,Missing customer_id; Missing subscription_status,Nan
S000189,C00777,East,Basic,2025-08-19,,7065.88,0.0,,,,SUSPICIOUS,Missing subscription_status,Nan
S000190,,South,Basic,2025-03-08,2025-10-14,61136.12,129.0,N,Trial,Marketplace,INVALID,Missing customer_id; Discount_pct outside 0-100 range,Trial
S000191,C00084,South,,2024-10-06,2025-09-25,30398.4,0.0,Y,Cancelled,Marketplace,VALID,No issues detected,Cancelled
,C00428,West,Enterprise,2025-04-07,2025-02-09,11412.9,17.0,N,Active,Website,INVALID,Missing subscription_id; Renewal date earlier than signup date,Active
S000193,C00504,West,Enterprise,2024-06-14,2024-12-19,-26806.38,160.0,Y,Active,Partner,INVALID,Negative monthly_fee; Discount_pct outside 0-100 range,Active
S000194,C00461,,Growth,2024-06-05,2025-07-06,65416.9,150.0,Y,Expired,Website,INVALID,Discount_pct outside 0-100 range,Expired
S000195,C00130,West,,2025-08-10,2025-10-08,75669.12,125.0,,Active,Inside Sales,INVALID,Discount_pct outside 0-100 range,Active
S000196,C00578,South,Growth,2024-12-21,2025-11-26,17074.44,-15.0,,Active,Partner,INVALID,Discount_pct outside 0-100 range,Active
S000197,C01713,Central,Basic,2024-11-02,2025-05-31,52636.52,0.0,N,Active,,VALID,No issues detected,Active
S000198,C01350,Central,Basic,2025-04-25,2025-08-07,56977.83,-9.0,Y,Trial,Partner,INVALID,Discount_pct outside 0-100 range,Trial
S000199,C00040,South,Pro,2025-09-08,2026-01-26,44658.29,-27.0,,,Partner,INVALID,Discount_pct outside 0-100 range; Missing subscription_status,Nan
S000200,C00314,North,Basic,2025-06-25,2026-02-09,22936.17,32.0,Y,Expired,Partner,VALID,No issues detected,Expired
S000201,C01048,North,Basic,2024-08-13,2025-09-19,68002.2,-23.0,N,Active,Marketplace,INVALID,Discount_pct outside 0-100 range,Active
S000202,C00228,West,Enterprise,2025-04-08,2025-08-04,23578.03,0.0,N,Active,Marketplace,VALID,No issues detected,Active
S000203,C00321,East,Basic,2025-10-23,2026-05-15,30196.98,37.0,,Active,Marketplace,VALID,No issues detected,Active
S000204,C00159,East,Basic,2025-08-29,2026-04-05,54814.0,145.0,N,Expired,Partner,INVALID,Discount_pct outside 0-100 range,Expired
S000205,C00098,East,Basic,2025-07-02,2026-02-20,26470.41,2.0,,,,SUSPICIOUS,Missing subscription_status,Nan
S000206,C00357,West,Enterprise,2025-04-05,2026-03-25,55030.49,44.0,,,Inside Sales,SUSPICIOUS,Missing subscription_status,Nan
S000207,C01667,South,Basic,2024-07-29,,-44929.39,115.0,,,Partner,INVALID,Negative monthly_fee; Discount_pct outside 0-100 range; Missing subscription_status,Nan
S000208,C00624,South,Growth,2025-05-16,2026-01-18,3634.12,-3.0,Y,,Partner,INVALID,Discount_pct outside 0-100 range; Missing subscription_status,Nan
S000209,C00188,West,,2024-02-23,2025-01-18,78183.74,0.0,N,Expired,Partner,VALID,No issues detected,Expired
S000210,C01589,South,Pro,2024-12-03,,77709.58,0.0,Y,,Partner,SUSPICIOUS,Missing subscription_status,Nan
S000211,C01321,East,Pro,2025-04-03,2025-07-02,,-9.0,,Trial,,INVALID,Missing monthly_fee; Discount_pct outside 0-100 range,Trial
S000212,C00133,,Basic,2024-06-19,2024-05-29,14288.8,-20.0,,Cancelled,,INVALID,Renewal date earlier than signup date; Discount_pct outside 0-100 range,Cancelled
S000213,C01032,East,Basic,2024-01-17,2024-02-23,73435.95,0.0,Y,Cancelled,Partner,VALID,No issues detected,Cancelled
S000214,C00538,East,Enterprise,2024-04-22,2024-11-28,29561.68,-18.0,Y,Trial,Partner,INVALID,Discount_pct outside 0-100 range,Trial
,C01477,Central,Pro,2024-04-15,2024-03-21,31640.24,0.0,Y,Active,Marketplace,INVALID,Missing subscription_id; Renewal date earlier than signup date,Active
S000216,C00439,East,Basic,2024-07-15,2025-01-08,49476.85,33.0,N,Trial,Website,VALID,No issues detected,Trial
S000217,C01696,,Basic,2024-06-04,2025-07-16,32938.19,-16.0,Y,,Inside Sales,INVALID,Discount_pct outside 0-100 range; Missing subscription_status,Nan
S000218,C00623,East,Pro,2024-03-26,2024-03-03,-14785.73,0.0,Y,Active,Marketplace,INVALID,Renewal date earlier than signup date; Negative monthly_fee,Active
S000219,C01545,East,,2025-05-30,2025-06-21,54526.12,101.0,N,Active,,INVALID,Discount_pct outside 0-100 range,Active
,C00867,South,Growth,2025-10-11,2026-07-17,72235.79,-5.0,,,Partner,INVALID,Missing subscription_id; Discount_pct outside 0-100 range; Missing subscription_status,Nan
S000221,C01444,,Enterprise,2025-08-07,2025-09-06,,69.0,N,Active,Website,SUSPICIOUS,Missing monthly_fee,Active
S000222,C00669,South,Pro,2025-11-11,2026-08-28,19529.79,0.0,,Cancelled,Website,VALID,No issues detected,Cancelled
S000223,C00893,,Enterprise,2024-03-16,2024-11-21,70068.66,50.0,,Expired,Marketplace,VALID,No issues detected,Expired
S000224,C01512,West,Basic,2025-09-26,2026-05-17,7716.24,38.0,,Expired,Partner,VALID,No issues detected,Expired
S000225,C00131,,,2024-06-05,2024-07-03,22444.15,-16.0,,Trial,Marketplace,INVALID,Discount_pct outside 0-100 range,Trial
S000226,C00894,South,,2024-02-29,2024-02-12,34590.33,130.0,N,Cancelled,Partner,INVALID,Renewal date earlier than signup date; Discount_pct outside 0-100 range,Cancelled
S000227,C00945,West,Pro,2025-01-25,2025-12-08,5067.09,141.0,Y,Active,Marketplace,INVALID,Discount_pct outside 0-100 range,Active
S000228,C01600,South,Growth,2025-03-11,2025-12-08,17611.12,-28.0,N,Active,Website,INVALID,Discount_pct outside 0-100 range,Active
S000229,C01613,West,Growth,2025-06-12,2025-05-28,,0.0,,Active,Partner,INVALID,Renewal date earlier than signup date; Missing monthly_fee,Active
S000230,C01184,South,,2024-10-27,2025-01-05,74507.96,137.0,N,Expired,Website,INVALID,Discount_pct outside 0-100 range,Expired
S000231,,East,,2024-02-18,2024-08-05,59892.21,-9.0,,Cancelled,Marketplace,INVALID,Missing customer_id; Discount_pct outside 0-100 range,Cancelled
S000232,C00249,Central,Pro,2024-10-10,2025-06-11,21355.66,-26.0,Y,Trial,Website,INVALID,Discount_pct outside 0-100 range,Trial
S000233,C00857,Central,Pro,2025-03-07,2025-06-28,10946.63,152.0,Y,Cancelled,Inside Sales,INVALID,Discount_pct outside 0-100 range,Cancelled
S000234,C01649,South,Enterprise,2024-07-21,2024-12-23,49192.46,0.0,N,,Partner,SUSPICIOUS,Missing subscription_status,Nan
,C00642,Central,,2024-10-06,2025-09-30,2000.02,0.0,,Expired,Inside Sales,INVALID,Missing subscription_id,Expired
S000236,C01460,North,,2024-10-02,2025-03-20,67697.45,0.0,N,,Website,SUSPICIOUS,Missing subscription_status,Nan
S000237,C00242,,Growth,2024-11-30,2025-04-08,,61.0,,Expired,,SUSPICIOUS,Missing monthly_fee,Expired
S000238,C00280,,Growth,2024-12-22,2025-05-11,,-30.0,Y,Cancelled,Website,INVALID,Missing monthly_fee; Discount_pct outside 0-100 range,Cancelled
S000239,C00339,South,Pro,2024-10-27,,59698.74,152.0,Y,Cancelled,Inside Sales,INVALID,Discount_pct outside 0-100 range,Cancelled
S000240,C01612,West,Enterprise,2024-12-16,2024-10-20,-70047.98,1.0,,Cancelled,Partner,INVALID,Renewal date earlier than signup date; Negative monthly_fee,Cancelled
S000241,C00649,East,Pro,2025-01-01,2025-06-27,53270.84,13.0,N,Active,Website,VALID,No issues detected,Active
S000242,C00457,East,,2025-08-09,2026-03-13,17985.06,58.0,,,Marketplace,SUSPICIOUS,Missing subscription_status,Nan
S000243,C00434,Central,,2025-04-22,2025-05-09,62662.51,0.0,N,Trial,Inside Sales,VALID,No issues detected,Trial
S000244,C01765,,Basic,2025-02-12,2025-04-02,51476.75,0.0,N,Cancelled,,VALID,No issues detected,Cancelled
S000245,C00918,North,Enterprise,2025-11-25,2026-04-26,,-6.0,Y,,Website,INVALID,Missing monthly_fee; Discount_pct outside 0-100 range; Missing subscription_status,Nan
S000246,C00728,East,Enterprise,2024-10-08,2024-10-03,59972.82,160.0,Y,Cancelled,Inside Sales,INVALID,Renewal date earlier than signup date; Discount_pct outside 0-100 range,Cancelled
S000247,C00929,West,Growth,2024-12-23,2025-03-15,74604.98,-20.0,N,Cancelled,Marketplace,INVALID,Discount_pct outside 0-100 range,Cancelled
S000248,C00547,South,Enterprise,2024-07-27,2024-11-01,,133.0,N,Expired,,INVALID,Missing monthly_fee; Discount_pct outside 0-100 range,Expired
S000249,C00374,North,Growth,2025-03-10,2025-04-05,35963.38,-25.0,,Active,,INVALID,Discount_pct outside 0-100 range,Active
S000250,C01599,South,,2024-03-06,2024-09-27,,0.0,Y,,Website,SUSPICIOUS,Missing monthly_fee; Missing subscription_status,Nan
S000251,C00405,South,,2025-07-28,2026-02-24,22431.63,-8.0,,Cancelled,,INVALID,Discount_pct outside 0-100 range,Cancelled
S000252,C01577,North,Growth,2024-10-21,2025-06-23,34432.78,0.0,N,Trial,,VALID,No issues detected,Trial
S000253,C00765,Central,,2025-08-29,,46533.33,60.0,Y,Trial,Partner,VALID,No issues detected,Trial
S000254,C00422,North,,2024-08-31,2025-08-06,3220.33,-18.0,Y,Active,,INVALID,Discount_pct outside 0-100 range,Active
S000255,C01002,,Enterprise,2025-03-07,2025-10-14,65838.65,102.0,N,Trial,Inside Sales,INVALID,Discount_pct outside 0-100 range,Trial
S000256,C01215,East,Enterprise,2025-04-14,,68671.48,64.0,Y,Active,Website,SUSPICIOUS,Active subscription with missing/implausible renewal date,Active
S000257,C01170,North,Basic,2024-10-06,2024-08-19,6313.22,68.0,N,Expired,Marketplace,INVALID,Renewal date earlier than signup date,Expired
S000258,C01182,,Enterprise,2025-05-19,2025-12-23,43871.1,152.0,N,,Website,INVALID,Discount_pct outside 0-100 range; Missing subscription_status,Nan
S000259,C00323,North,Growth,2025-04-03,2025-07-30,40201.86,150.0,N,Active,Marketplace,INVALID,Discount_pct outside 0-100 range,Active
S000260,C00170,West,Growth,2024-12-18,2025-06-03,67789.76,130.0,,Trial,,INVALID,Discount_pct outside 0-100 range,Trial
S000261,,West,Pro,2025-08-13,2025-07-29,51050.09,0.0,,Active,Website,INVALID,Missing customer_id; Renewal date earlier than signup date,Active
S000262,C00146,,Enterprise,2024-11-06,2025-02-16,72257.18,142.0,Y,Cancelled,Marketplace,INVALID,Discount_pct outside 0-100 range,Cancelled
S000263,C00764,East,Growth,2025-08-28,2026-07-31,44758.47,0.0,N,Cancelled,Inside Sales,VALID,No issues detected,Cancelled
S000264,C01421,South,Basic,2024-09-25,2024-12-05,54344.83,0.0,Y,Trial,Website,VALID,No issues detected,Trial
S000265,C00254,Central,,2025-08-18,2026-07-27,48235.39,2.0,Y,,Website,SUSPICIOUS,Missing subscription_status,Nan
S000266,C01240,,Basic,2024-07-22,2025-07-22,52583.04,20.0,,,Website,SUSPICIOUS,Missing subscription_status,Nan
S000267,C01430,East,Basic,2024-10-07,2025-04-19,39560.43,-6.0,,Expired,Marketplace,INVALID,Discount_pct outside 0-100 range,Expired
S000268,C01241,South,Pro,2025-07-30,2025-08-29,37486.66,120.0,Y,Expired,Website,INVALID,Discount_pct outside 0-100 range,Expired
S000269,C00736,East,Enterprise,2025-07-30,,74076.01,0.0,,Active,Inside Sales,SUSPICIOUS,Active subscription with missing/implausible renewal date,Active
,C00937,,Basic,2025-06-25,2026-01-13,69143.94,55.0,,Trial,Inside Sales,INVALID,Missing subscription_id,Trial
S000271,C00952,,Enterprise,2025-11-15,2026-09-07,43621.16,0.0,N,Expired,Inside Sales,VALID,No issues detected,Expired
S000272,C00172,,Enterprise,2025-04-24,2025-11-08,13587.28,0.0,Y,Cancelled,Inside Sales,VALID,No issues detected,Cancelled
S000273,C00535,North,,2025-05-04,2026-03-20,2825.15,0.0,Y,Trial,Inside Sales,VALID,No issues detected,Trial
,C01540,,Basic,2025-09-14,2025-10-05,31563.91,128.0,,Cancelled,Website,INVALID,Missing subscription_id; Discount_pct outside 0-100 range,Cancelled
,C01656,North,Pro,2025-10-02,,40680.96,-17.0,Y,Active,Website,INVALID,Missing subscription_id; Discount_pct outside 0-100 range; Active subscription with missing/implausible renewal date,Active
S000276,C00379,Central,Growth,2024-06-26,2025-07-28,6744.08,0.0,,Cancelled,,VALID,No issues detected,Cancelled
S000277,C01514,West,,2024-03-17,2024-11-07,2272.43,-9.0,,,Inside Sales,INVALID,Discount_pct outside 0-100 range; Missing subscription_status,Nan
S000278,C00210,South,Pro,2024-10-20,2025-06-04,60497.26,0.0,Y,Active,,VALID,No issues detected,Active
S000279,,East,Basic,2025-08-03,,1191.27,0.0,,,,INVALID,Missing customer_id; Missing subscription_status,Nan
S000280,C00671,East,,2024-02-28,2024-11-29,8823.36,15.0,N,Trial,Marketplace,VALID,No issues detected,Trial
S000281,C01773,,Pro,2025-07-03,,34358.29,65.0,,Expired,Website,VALID,No issues detected,Expired
S000282,C00890,East,Basic,2024-12-20,2025-05-04,64161.68,8.0,N,Trial,,VALID,No issues detected,Trial
S000283,C00837,South,Growth,2025-11-09,2026-01-22,45241.31,0.0,Y,Trial,Partner,VALID,No issues detected,Trial
S000284,C01543,North,Enterprise,2024-04-10,2024-11-06,48496.0,44.0,Y,Cancelled,,VALID,No issues detected,Cancelled
S000285,C01536,,,2024-01-24,2024-04-03,41623.8,-25.0,,Active,Inside Sales,INVALID,Discount_pct outside 0-100 range,Active
S000286,C00292,North,Pro,2025-11-13,2026-12-22,35091.71,0.0,Y,,Website,SUSPICIOUS,Missing subscription_status,Nan
S000287,C01467,West,Enterprise,2024-10-12,,34997.18,-28.0,N,Expired,Partner,INVALID,Discount_pct outside 0-100 range,Expired
S000288,C01075,West,Basic,2024-11-08,2025-09-01,25419.78,148.0,N,,Inside Sales,INVALID,Discount_pct outside 0-100 range; Missing subscription_status,Nan
S000289,C00483,Central,Pro,2025-01-05,2025-04-29,52062.48,140.0,N,,Marketplace,INVALID,Discount_pct outside 0-100 range; Missing subscription_status,Nan
S000290,C00771,East,Growth,2024-03-23,2024-08-29,-36396.83,0.0,N,Trial,Marketplace,INVALID,Negative monthly_fee,Trial
S000291,C00078,North,Enterprise,2025-10-09,2026-01-12,72972.77,-29.0,,Expired,Partner,INVALID,Discount_pct outside 0-100 range,Expired
S000292,,Central,,2024-12-08,2025-06-21,20770.95,5.0,Y,Cancelled,Marketplace,INVALID,Missing customer_id,Cancelled
S000293,C00941,Central,Enterprise,2025-09-02,2025-10-26,10919.33,135.0,Y,Cancelled,,INVALID,Discount_pct outside 0-100 range,Cancelled
,C00630,East,Enterprise,2024-04-05,2024-07-05,21716.18,5.0,Y,Trial,Inside Sales,INVALID,Missing subscription_id,Trial
S000295,C00194,Central,Pro,2024-01-18,2024-05-07,7630.11,0.0,N,Trial,,VALID,No issues detected,Trial
S000296,C00329,West,Pro,2025-07-12,2025-10-20,18831.85,110.0,Y,Expired,Marketplace,INVALID,Discount_pct outside 0-100 range,Expired
S000297,C00005,East,Growth,2024-11-05,2024-12-07,32482.22,-14.0,Y,Expired,Partner,INVALID,Discount_pct outside 0-100 range,Expired
S000298,C00026,West,Pro,2024-04-27,2024-09-12,78253.32,65.0,,Expired,Marketplace,VALID,No issues detected,Expired
S000299,C00417,Central,Growth,2025-01-20,,37237.32,0.0,N,Cancelled,Website,VALID,No issues detected,Cancelled
S000300,C01462,West,Basic,2025-07-22,,44090.83,0.0,Y,Cancelled,,VALID,No issues detected,Cancelled
S000301,C00212,West,,2025-06-11,2025-04-26,37908.44,-7.0,,Active,,INVALID,Renewal date earlier than signup date; Discount_pct outside 0-100 range,Active
S000302,,North,Pro,2024-12-10,2025-09-23,21322.48,40.0,Y,Cancelled,Website,INVALID,Missing customer_id,Cancelled
S000303,C00721,East,Basic,2025-11-15,2026-05-14,35261.25,-24.0,Y,Active,,INVALID,Discount_pct outside 0-100 range,Active
,C00947,,Enterprise,2025-04-10,2025-05-01,8207.1,53.0,,Active,Inside Sales,INVALID,Missing subscription_id,Active
S000305,C00530,North,Pro,2024-11-01,,17941.31,29.0,Y,Trial,Partner,VALID,No issues detected,Trial
S000306,C01606,Central,Growth,2024-07-11,2024-11-01,32826.07,-13.0,,Active,Website,INVALID,Discount_pct outside 0-100 range,Active
S000307,C00514,Central,Basic,2024-12-12,2025-09-23,51762.35,159.0,N,,Website,INVALID,Discount_pct outside 0-100 range; Missing subscription_status,Nan
S000308,C00134,Central,Basic,2025-07-11,2025-11-29,6671.38,12.0,Y,Trial,,VALID,No issues detected,Trial
S000309,C01757,,Pro,2024-08-18,2024-10-11,71508.36,0.0,,,,SUSPICIOUS,Missing subscription_status,Nan
S000310,C01054,East,,2024-08-24,2024-10-26,-70966.03,132.0,,Trial,Website,INVALID,Negative monthly_fee; Discount_pct outside 0-100 range,Trial
S000311,C01532,Central,,2025-10-02,,44761.18,0.0,,Trial,Website,VALID,No issues detected,Trial
S000312,C01299,Central,Pro,2024-07-15,2024-07-12,20124.16,148.0,Y,Expired,Website,INVALID,Renewal date earlier than signup date; Discount_pct outside 0-100 range,Expired
S000313,C01069,East,Growth,2025-04-25,,36925.04,-14.0,N,Cancelled,,INVALID,Discount_pct outside 0-100 range,Cancelled
S000314,C01307,East,Growth,2025-02-03,2025-11-22,48803.03,150.0,,,,INVALID,Discount_pct outside 0-100 range; Missing subscription_status,Nan
S000315,C01392,East,Basic,2024-06-20,2025-05-06,72272.7,0.0,N,Cancelled,Inside Sales,VALID,No issues detected,Cancelled
S000316,C00167,South,Growth,2025-10-25,,76875.43,-5.0,N,Trial,,INVALID,Discount_pct outside 0-100 range,Trial
S000317,,Central,Pro,2024-07-07,2025-01-21,35847.0,114.0,,Trial,Website,INVALID,Missing customer_id; Discount_pct outside 0-100 range,Trial
S000318,C00510,,Pro,2025-11-14,2026-09-16,29931.42,38.0,,,,SUSPICIOUS,Missing subscription_status,Nan
S000319,C00047,,Enterprise,2024-11-12,2025-11-16,18695.86,0.0,N,Trial,Website,VALID,No issues detected,Trial
S000320,C01646,East,,2025-08-09,2026-05-23,39750.4,54.0,N,Active,Marketplace,VALID,No issues detected,Active
S000321,C00303,,Growth,2024-03-18,,28537.67,129.0,Y,Cancelled,Inside Sales,INVALID,Discount_pct outside 0-100 range,Cancelled
S000322,C00040,,Enterprise,2025-01-15,2025-10-02,72065.54,101.0,N,,Partner,INVALID,Discount_pct outside 0-100 range; Missing subscription_status,Nan
S000323,C00586,,,2025-01-07,2025-01-05,31787.92,0.0,Y,Active,Inside Sales,INVALID,Renewal date earlier than signup date,Active
S000324,C00117,South,Growth,2024-06-25,2025-04-29,77325.32,-19.0,,,Website,INVALID,Discount_pct outside 0-100 range; Missing subscription_status,Nan
S000325,C00910,North,Enterprise,2024-06-27,2024-10-08,65408.19,-6.0,Y,Cancelled,Inside Sales,INVALID,Discount_pct outside 0-100 range,Cancelled
S000326,,Central,Growth,2025-04-03,,79394.94,-29.0,,Cancelled,Marketplace,INVALID,Missing customer_id; Discount_pct outside 0-100 range,Cancelled
S000327,C00020,East,Enterprise,2024-11-13,,56648.09,-9.0,N,Active,Inside Sales,INVALID,Discount_pct outside 0-100 range; Active subscription with missing/implausible renewal date,Active
S000328,C01094,West,Enterprise,2024-12-25,,,-7.0,,,Website,INVALID,Missing monthly_fee; Discount_pct outside 0-100 range; Missing subscription_status,Nan
S000329,C00921,West,Enterprise,2025-01-12,2025-03-11,66439.34,-10.0,Y,Cancelled,Partner,INVALID,Discount_pct outside 0-100 range,Cancelled
S000330,C01672,North,Pro,2024-01-24,,5327.64,-6.0,,,Partner,INVALID,Discount_pct outside 0-100 range; Missing subscription_status,Nan
S000331,C01651,South,Basic,2025-03-19,2025-07-07,51773.85,0.0,,Active,Marketplace,VALID,No issues detected,Active
S000332,C01787,West,Growth,2024-05-23,2025-03-24,8197.51,43.0,Y,Expired,Website,VALID,No issues detected,Expired
S000333,C01145,North,Pro,2025-07-19,,49817.69,5.0,Y,Expired,Website,VALID,No issues detected,Expired
S000334,C00704,Central,Growth,2025-06-12,2025-08-07,15267.49,108.0,Y,Trial,,INVALID,Discount_pct outside 0-100 range,Trial
S000335,C00575,North,Growth,2024-10-20,2025-01-01,-77884.78,64.0,Y,Cancelled,Website,INVALID,Negative monthly_fee,Cancelled
S000336,C01324,Central,,2024-02-01,2024-07-13,,0.0,,Expired,Inside Sales,SUSPICIOUS,Missing monthly_fee,Expired
S000337,C00082,South,Enterprise,2025-02-01,2026-03-04,,111.0,Y,Trial,Website,INVALID,Missing monthly_fee; Discount_pct outside 0-100 range,Trial
S000338,C01453,Central,Pro,2024-05-18,2025-05-20,,0.0,N,Active,Marketplace,SUSPICIOUS,Missing monthly_fee,Active
S000339,C01498,East,Growth,2025-12-01,2026-01-06,57541.93,0.0,N,Trial,,VALID,No issues detected,Trial
S000340,C01155,North,Pro,2025-04-15,2026-02-24,74172.71,-9.0,,,Partner,INVALID,Discount_pct outside 0-100 range; Missing subscription_status,Nan
S000341,C00153,,Pro,2025-09-03,2026-10-12,42894.82,124.0,,Active,Partner,INVALID,Discount_pct outside 0-100 range,Active
S000342,C01426,West,Basic,2025-01-12,2025-07-27,,109.0,Y,Cancelled,Marketplace,INVALID,Missing monthly_fee; Discount_pct outside 0-100 range,Cancelled
S000343,C00138,,Pro,2024-05-22,2024-12-25,43746.15,0.0,,Active,Partner,VALID,No issues detected,Active
S000344,C01326,West,Basic,2024-12-24,2024-11-11,27854.3,-9.0,,Trial,Partner,INVALID,Renewal date earlier than signup date; Discount_pct outside 0-100 range,Trial
S000345,C01611,West,,2024-11-19,2025-06-04,32162.29,131.0,N,Expired,Inside Sales,INVALID,Discount_pct outside 0-100 range,Expired
S000346,C01668,West,,2025-07-09,2026-06-03,10855.2,39.0,Y,Trial,,VALID,No issues detected,Trial
S000347,C01188,East,Growth,2024-06-24,2025-05-18,-24692.54,55.0,,Cancelled,Website,INVALID,Negative monthly_fee,Cancelled
S000348,C01741,South,Pro,2025-11-09,2026-04-26,31006.44,133.0,N,Active,Marketplace,INVALID,Discount_pct outside 0-100 range,Active
S000349,C00686,,Pro,2024-03-24,2024-07-08,28853.54,-23.0,Y,,Inside Sales,INVALID,Discount_pct outside 0-100 range; Missing subscription_status,Nan
S000350,C01024,,Pro,2025-03-17,2025-12-28,29892.36,159.0,,,Marketplace,INVALID,Discount_pct outside 0-100 range; Missing subscription_status,Nan
S000351,,West,Growth,2024-11-11,2025-06-04,,-24.0,,,Marketplace,INVALID,Missing customer_id; Missing monthly_fee; Discount_pct outside 0-100 range; Missing subscription_status,Nan
S000352,C01364,South,Basic,2025-09-01,2025-09-18,69221.69,-5.0,Y,Active,Marketplace,INVALID,Discount_pct outside 0-100 range,Active
S000353,C01174,,Enterprise,2024-10-15,2024-12-16,47878.24,-6.0,,Trial,Inside Sales,INVALID,Discount_pct outside 0-100 range,Trial
S000354,,Central,Pro,2025-03-24,2026-04-24,45108.52,42.0,Y,Cancelled,,INVALID,Missing customer_id,Cancelled
,C00891,South,Enterprise,2025-07-13,2026-05-10,53561.51,0.0,Y,Cancelled,,INVALID,Missing subscription_id,Cancelled
S000356,C00650,East,Pro,2024-04-14,2025-01-13,18313.45,59.0,Y,Cancelled,Inside Sales,VALID,No issues detected,Cancelled
S000357,C00331,Central,Enterprise,2025-01-31,2025-12-09,19580.02,135.0,Y,,Inside Sales,INVALID,Discount_pct outside 0-100 range; Missing subscription_status,Nan
S000358,C01251,,Enterprise,2025-10-30,2026-03-02,10264.14,145.0,Y,,Marketplace,INVALID,Discount_pct outside 0-100 range; Missing subscription_status,Nan
S000359,C01286,Central,Growth,2024-07-08,2025-04-12,66053.85,65.0,Y,Expired,Inside Sales,VALID,No issues detected,Expired
S000360,C00205,East,Growth,2024-09-01,2025-09-29,73669.62,0.0,Y,Cancelled,,VALID,No issues detected,Cancelled
S000361,C01240,East,Pro,2024-08-19,2025-07-13,48198.61,-4.0,N,Trial,Inside Sales,INVALID,Discount_pct outside 0-100 range,Trial
S000362,C00711,Central,Enterprise,2025-03-17,2026-04-18,52663.05,-17.0,Y,Expired,,INVALID,Discount_pct outside 0-100 range,Expired
S000363,C00207,North,Pro,2024-11-21,2025-01-24,,-5.0,Y,Expired,,INVALID,Missing monthly_fee; Discount_pct outside 0-100 range,Expired
S000364,C00876,Central,,2024-02-04,2024-03-22,64712.82,-22.0,N,Cancelled,,INVALID,Discount_pct outside 0-100 range,Cancelled
S000365,C01185,Central,Growth,2025-05-23,2025-07-13,44246.02,-8.0,Y,Cancelled,Partner,INVALID,Discount_pct outside 0-100 range,Cancelled
S000366,C00884,North,Basic,2025-09-26,2026-07-23,,123.0,N,Cancelled,,INVALID,Missing monthly_fee; Discount_pct outside 0-100 range,Cancelled
S000367,C01006,Central,Pro,2025-09-14,2025-08-22,2383.42,2.0,Y,,Partner,INVALID,Renewal date earlier than signup date; Missing subscription_status,Nan
S000368,C00538,Central,Growth,2024-01-25,2024-08-24,36767.56,-14.0,N,Trial,,INVALID,Discount_pct outside 0-100 range,Trial
S000369,C00315,North,Enterprise,2025-08-05,2026-06-11,53190.07,17.0,N,Expired,Marketplace,VALID,No issues detected,Expired
S000370,C01714,Central,Growth,2025-04-20,2026-01-31,58194.59,0.0,Y,Trial,,VALID,No issues detected,Trial
S000371,C00219,East,Basic,2024-05-05,2024-05-26,21652.39,125.0,,,Inside Sales,INVALID,Discount_pct outside 0-100 range; Missing subscription_status,Nan
S000372,C00053,East,Growth,2024-08-08,2024-10-24,-55242.8,15.0,Y,Expired,Marketplace,INVALID,Negative monthly_fee,Expired
S000373,C00063,East,Pro,2024-05-05,2024-06-15,,120.0,,Expired,Marketplace,INVALID,Missing monthly_fee; Discount_pct outside 0-100 range,Expired
S000374,C00722,South,Basic,2024-10-08,2025-06-28,68799.47,114.0,,Expired,Website,INVALID,Discount_pct outside 0-100 range,Expired
S000375,C01377,North,Enterprise,2024-07-23,2024-12-18,21768.09,159.0,,Cancelled,Partner,INVALID,Discount_pct outside 0-100 range,Cancelled
,C00578,South,Enterprise,2025-03-12,2025-11-17,32563.38,54.0,,Trial,Marketplace,INVALID,Missing subscription_id,Trial
S000377,C01601,North,Pro,2024-04-04,2025-05-29,41872.27,33.0,N,,,SUSPICIOUS,Missing subscription_status,Nan
,C01342,Central,,2024-04-26,2025-03-18,7398.41,44.0,N,Expired,Inside Sales,INVALID,Missing subscription_id,Expired
S000379,C01591,West,Basic,2024-12-29,2025-03-05,54429.74,0.0,,Expired,Partner,VALID,No issues detected,Expired
S000380,C00705,,Pro,2024-09-08,2025-06-21,73256.37,-17.0,Y,Cancelled,Inside Sales,INVALID,Discount_pct outside 0-100 range,Cancelled
S000381,C01164,Central,Basic,2025-06-21,2025-09-28,56187.74,0.0,,Trial,,VALID,No issues detected,Trial
S000382,C00883,South,,2025-02-10,2025-08-11,55690.68,-2.0,Y,,Marketplace,INVALID,Discount_pct outside 0-100 range; Missing subscription_status,Nan
S000383,C01459,North,Growth,2024-01-29,2024-04-21,72906.98,53.0,N,Active,Inside Sales,VALID,No issues detected,Active
S000384,C01650,South,Pro,2024-11-24,2025-08-05,64908.68,34.0,Y,Cancelled,Partner,VALID,No issues detected,Cancelled
S000385,C00699,South,Enterprise,2025-08-24,,-41940.54,105.0,Y,Active,,INVALID,Negative monthly_fee; Discount_pct outside 0-100 range; Active subscription with missing/implausible renewal date,Active
S000386,,West,,2024-02-25,,,16.0,N,Expired,Inside Sales,INVALID,Missing customer_id; Missing monthly_fee,Expired
S000387,C00637,West,Basic,2024-11-20,2025-11-12,58978.58,105.0,N,Expired,Partner,INVALID,Discount_pct outside 0-100 range,Expired
S000388,C01237,Central,,2025-09-08,,76795.31,0.0,Y,Cancelled,,VALID,No issues detected,Cancelled
S000389,C01085,South,Basic,2025-01-07,2025-04-03,-55056.81,-23.0,Y,,Website,INVALID,Negative monthly_fee; Discount_pct outside 0-100 range; Missing subscription_status,Nan
S000390,C00882,Central,,2025-09-02,2025-12-12,8298.5,145.0,N,Trial,Marketplace,INVALID,Discount_pct outside 0-100 range,Trial
S000391,C00348,West,Enterprise,2025-01-11,,3420.2,-22.0,,Cancelled,Inside Sales,INVALID,Discount_pct outside 0-100 range,Cancelled
,,Central,,2024-03-17,2024-12-12,1868.45,36.0,,,Inside Sales,INVALID,Missing subscription_id; Missing customer_id; Missing subscription_status,Nan
S000393,C01756,South,Pro,2024-08-28,,25708.08,0.0,N,Expired,Inside Sales,VALID,No issues detected,Expired
S000394,C00904,Central,,2025-04-04,2025-06-18,12056.48,0.0,N,,Website,SUSPICIOUS,Missing subscription_status,Nan
S000395,C00585,Central,Growth,2024-08-06,2025-03-21,58062.85,-11.0,N,Trial,Website,INVALID,Discount_pct outside 0-100 range,Trial
S000396,C01362,South,,2025-09-20,2026-06-04,59235.42,4.0,,,Partner,SUSPICIOUS,Missing subscription_status,Nan
S000397,C00705,,Enterprise,2024-07-23,2025-02-15,17622.96,-22.0,N,Cancelled,Partner,INVALID,Discount_pct outside 0-100 range,Cancelled
S000398,C00367,,Basic,2025-07-07,2025-11-27,65065.25,-22.0,N,Trial,Marketplace,INVALID,Discount_pct outside 0-100 range,Trial
S000399,C01686,,,2025-02-07,2025-10-04,71936.26,0.0,,Active,Marketplace,VALID,No issues detected,Active
S000400,C01154,South,Enterprise,2025-06-27,2026-05-03,72949.73,122.0,,Cancelled,Website,INVALID,Discount_pct outside 0-100 range,Cancelled
S000401,C00478,,Enterprise,2024-03-25,2025-03-03,79376.81,19.0,Y,Cancelled,Website,VALID,No issues detected,Cancelled
S000402,C00400,North,Pro,2025-05-31,,26389.07,0.0,,Trial,Website,VALID,No issues detected,Trial
S000403,C01118,North,Growth,2025-08-29,2026-05-03,1045.08,158.0,Y,Cancelled,Marketplace,INVALID,Discount_pct outside 0-100 range,Cancelled
S000404,C00304,,Basic,2025-01-08,,59006.81,0.0,Y,Cancelled,Partner,VALID,No issues detected,Cancelled
S000405,,West,Growth,2024-04-03,,66853.43,114.0,Y,Trial,,INVALID,Missing customer_id; Discount_pct outside 0-100 range,Trial
S000406,C00796,East,Growth,2024-05-05,2025-03-23,29652.32,-28.0,Y,,Website,INVALID,Discount_pct outside 0-100 range; Missing subscription_status,Nan
,C01431,South,Pro,2025-09-13,2025-09-29,10463.12,0.0,,Active,,INVALID,Missing subscription_id,Active
S000408,C00142,South,Growth,2025-11-10,2026-09-26,45307.06,118.0,N,Active,,INVALID,Discount_pct outside 0-100 range,Active
S000409,C00259,,Pro,2024-02-26,2024-06-06,16046.75,15.0,N,Expired,Marketplace,VALID,No issues detected,Expired
S000410,C00479,South,,2024-01-18,2024-01-02,46739.46,156.0,Y,Active,Marketplace,INVALID,Renewal date earlier than signup date; Discount_pct outside 0-100 range,Active
S000411,,South,Pro,2024-12-18,2026-01-19,75054.52,0.0,N,Active,Inside Sales,INVALID,Missing customer_id,Active
S000412,C00991,South,Growth,2024-06-26,2024-12-05,44207.79,-2.0,,Cancelled,Marketplace,INVALID,Discount_pct outside 0-100 range,Cancelled
S000413,C01182,East,,2025-04-27,2026-04-25,29115.39,154.0,Y,Expired,Website,INVALID,Discount_pct outside 0-100 range,Expired
S000414,C01702,Central,Enterprise,2024-01-28,2025-02-12,,48.0,N,Cancelled,,SUSPICIOUS,Missing monthly_fee,Cancelled
S000415,C01683,,Pro,2025-02-03,2024-12-11,44139.55,123.0,,Cancelled,Marketplace,INVALID,Renewal date earlier than signup date; Discount_pct outside 0-100 range,Cancelled
S000416,C00561,,Growth,2024-04-06,2025-04-14,51881.14,-24.0,N,Active,Partner,INVALID,Discount_pct outside 0-100 range,Active
S000417,C00265,Central,Enterprise,2025-10-30,2026-01-18,40144.01,135.0,,Trial,Website,INVALID,Discount_pct outside 0-100 range,Trial
S000418,C01614,Central,,2024-05-03,2024-12-25,9727.86,0.0,Y,Trial,,VALID,No issues detected,Trial
S000419,C01591,South,Enterprise,2024-11-28,2025-10-17,19965.83,0.0,Y,Active,Partner,VALID,No issues detected,Active
S000420,C01023,Central,Basic,2024-10-28,,79991.76,49.0,,Expired,,VALID,No issues detected,Expired
S000421,C01164,East,Basic,2025-01-05,2025-11-11,35227.1,13.0,,Cancelled,Website,VALID,No issues detected,Cancelled
S000422,C00797,,Basic,2024-08-04,2025-05-27,44331.29,-9.0,Y,Cancelled,Marketplace,INVALID,Discount_pct outside 0-100 range,Cancelled
S000423,C01398,West,Enterprise,2024-07-08,2024-08-07,36854.2,43.0,Y,Cancelled,Partner,VALID,No issues detected,Cancelled
S000424,C01780,Central,Enterprise,2024-09-02,,26383.98,46.0,Y,Trial,,VALID,No issues detected,Trial
S000425,C01258,North,Enterprise,2024-03-02,2024-08-05,61180.26,0.0,Y,Expired,Inside Sales,VALID,No issues detected,Expired
S000426,C00448,,Pro,2025-03-23,2025-10-05,24951.52,62.0,,Active,Inside Sales,VALID,No issues detected,Active
S000427,C00417,North,Enterprise,2024-05-22,2024-12-04,29785.12,0.0,N,Expired,Inside Sales,VALID,No issues detected,Expired
S000428,C01216,Central,,2024-10-27,2024-12-21,40362.6,-25.0,,Active,Partner,INVALID,Discount_pct outside 0-100 range,Active
S000429,C01123,North,Basic,2025-08-13,2025-11-14,37852.74,122.0,N,Trial,Inside Sales,INVALID,Discount_pct outside 0-100 range,Trial
S000430,C01211,North,Pro,2024-12-15,2025-01-25,-53865.12,-6.0,N,Expired,,INVALID,Negative monthly_fee; Discount_pct outside 0-100 range,Expired
S000431,C00332,,Pro,2024-03-03,2025-01-12,,103.0,Y,,Website,INVALID,Missing monthly_fee; Discount_pct outside 0-100 range; Missing subscription_status,Nan
S000432,C00437,Central,,2024-10-29,,57426.02,0.0,N,Active,Marketplace,SUSPICIOUS,Active subscription with missing/implausible renewal date,Active
S000433,C00385,,Enterprise,2024-11-14,2025-04-17,67894.88,0.0,Y,Expired,Website,VALID,No issues detected,Expired
S000434,C00162,North,Growth,2025-06-17,2025-08-18,1203.46,0.0,,Active,Marketplace,VALID,No issues detected,Active
S000435,C00695,Central,Growth,2025-01-26,2025-02-24,65920.25,0.0,Y,,,SUSPICIOUS,Missing subscription_status,Nan
S000436,C00707,East,Pro,2025-09-25,2026-07-02,26856.6,0.0,Y,Trial,,VALID,No issues detected,Trial
S000437,C00251,Central,Basic,2024-03-28,2024-07-07,17153.33,0.0,,,,SUSPICIOUS,Missing subscription_status,Nan
S000438,,East,Enterprise,2024-10-01,2025-03-20,30217.0,39.0,N,Expired,Partner,INVALID,Missing customer_id,Expired
S000439,C00729,South,Basic,2025-05-14,2025-11-27,25927.46,151.0,N,,,INVALID,Discount_pct outside 0-100 range; Missing subscription_status,Nan
S000440,C01323,East,Enterprise,2024-03-26,,35239.34,-8.0,Y,Active,Inside Sales,INVALID,Discount_pct outside 0-100 range; Active subscription with missing/implausible renewal date,Active
S000441,C00937,Central,Growth,2024-10-04,2024-12-27,39150.46,0.0,Y,Expired,,VALID,No issues detected,Expired
S000442,C01242,North,Enterprise,2024-12-28,2025-04-09,69058.86,0.0,Y,Expired,,VALID,No issues detected,Expired
S000443,C00953,East,Growth,2025-06-12,2026-03-29,79841.75,130.0,N,Expired,Marketplace,INVALID,Discount_pct outside 0-100 range,Expired
S000444,C00104,,Pro,2024-01-11,2023-12-29,716.54,0.0,N,Trial,,INVALID,Renewal date earlier than signup date,Trial
S000445,C00824,Central,Growth,2024-04-20,2025-05-18,5214.62,-15.0,,,,INVALID,Discount_pct outside 0-100 range; Missing subscription_status,Nan
S000446,C00511,North,Pro,2024-02-16,2024-01-31,10616.16,13.0,,Trial,Website,INVALID,Renewal date earlier than signup date,Trial
S000447,C01792,West,Basic,2024-05-20,,11096.58,-3.0,N,Trial,Partner,INVALID,Discount_pct outside 0-100 range,Trial
S000448,C00360,Central,Enterprise,2024-12-07,2026-01-31,25121.4,120.0,N,Trial,Inside Sales,INVALID,Discount_pct outside 0-100 range,Trial
S000449,C00480,West,Enterprise,2025-01-27,2025-04-25,33077.7,-9.0,N,Active,Partner,INVALID,Discount_pct outside 0-100 range,Active
S000450,C01140,South,Growth,2025-11-18,2025-12-30,72114.71,27.0,N,,Partner,SUSPICIOUS,Missing subscription_status,Nan
S000451,,,Enterprise,2025-03-17,2026-02-01,60384.3,0.0,Y,Expired,Website,INVALID,Missing customer_id,Expired
S000452,,East,Pro,2024-07-12,2025-04-18,20051.94,-6.0,,Trial,Website,INVALID,Missing customer_id; Discount_pct outside 0-100 range,Trial
,C01290,South,Basic,2025-05-11,2025-12-31,15226.52,44.0,N,Cancelled,Website,INVALID,Missing subscription_id,Cancelled
S000454,C00614,West,Pro,2025-01-30,,32254.04,119.0,N,Active,Partner,INVALID,Discount_pct outside 0-100 range; Active subscription with missing/implausible renewal date,Active
S000455,C00080,,Pro,2024-03-15,2024-03-11,42085.81,146.0,Y,Expired,Website,INVALID,Renewal date earlier than signup date; Discount_pct outside 0-100 range,Expired
,C00506,Central,Basic,2025-05-19,2025-06-16,64052.4,0.0,N,Trial,Partner,INVALID,Missing subscription_id,Trial
S000457,C00125,East,Growth,2024-06-30,2025-05-06,12873.03,-5.0,,Cancelled,Marketplace,INVALID,Discount_pct outside 0-100 range,Cancelled
,C00164,East,Basic,2024-09-16,2025-10-06,78704.81,16.0,,Cancelled,Partner,INVALID,Missing subscription_id,Cancelled
S000459,C01513,East,Basic,2025-02-12,2025-08-06,4541.67,0.0,,Cancelled,Marketplace,VALID,No issues detected,Cancelled
S000460,C01415,North,Enterprise,2024-10-02,2025-05-23,74832.39,-18.0,N,Active,Website,INVALID,Discount_pct outside 0-100 range,Active
S000461,C01045,North,Pro,2025-07-23,,7027.3,0.0,Y,Trial,,VALID,No issues detected,Trial
S000462,C01229,South,Enterprise,2025-10-25,,,-1.0,Y,Trial,Inside Sales,INVALID,Missing monthly_fee; Discount_pct outside 0-100 range,Trial
S000463,C01048,North,,2024-05-14,2024-11-04,78309.08,113.0,Y,,Partner,INVALID,Discount_pct outside 0-100 range; Missing subscription_status,Nan
S000464,,,Pro,2024-08-10,2025-04-21,34193.95,0.0,,Trial,Inside Sales,INVALID,Missing customer_id,Trial
S000465,C00803,North,Growth,2024-11-20,,31338.16,59.0,Y,Expired,Inside Sales,VALID,No issues detected,Expired
S000466,C01238,Central,Basic,2025-05-26,2026-07-01,,117.0,N,Active,Marketplace,INVALID,Missing monthly_fee; Discount_pct outside 0-100 range,Active
S000467,C01610,South,,2025-04-26,2026-02-06,78049.34,142.0,Y,,Partner,INVALID,Discount_pct outside 0-100 range; Missing subscription_status,Nan
S000468,C00259,East,Basic,2025-03-04,2026-04-11,23137.49,-25.0,,,Partner,INVALID,Discount_pct outside 0-100 range; Missing subscription_status,Nan
S000469,C00912,East,Growth,2024-05-21,2024-12-06,,-25.0,Y,Expired,Marketplace,INVALID,Missing monthly_fee; Discount_pct outside 0-100 range,Expired
S000470,C01010,West,Basic,2025-06-18,2025-12-10,,-5.0,N,Trial,Marketplace,INVALID,Missing monthly_fee; Discount_pct outside 0-100 range,Trial
S000471,C00933,East,,2024-08-05,2024-11-18,1808.28,141.0,Y,Expired,Inside Sales,INVALID,Discount_pct outside 0-100 range,Expired
S000472,C01534,South,Basic,2024-12-14,2025-08-25,15835.8,0.0,N,Expired,Inside Sales,VALID,No issues detected,Expired
S000473,C00595,North,Basic,2025-03-23,2025-01-31,,0.0,Y,Trial,Website,INVALID,Renewal date earlier than signup date; Missing monthly_fee,Trial
S000474,C01407,South,Pro,2025-02-18,2026-01-03,7060.12,0.0,,Trial,Marketplace,VALID,No issues detected,Trial
,C00966,South,Pro,2025-03-02,2026-01-01,31753.55,-4.0,N,Expired,Marketplace,INVALID,Missing subscription_id; Discount_pct outside 0-100 range,Expired
,C01577,South,Pro,2025-04-17,2025-05-11,26374.34,43.0,N,Trial,Partner,INVALID,Missing subscription_id,Trial
S000477,C00758,East,Enterprise,2025-03-31,2026-04-01,16041.69,40.0,N,Expired,Marketplace,VALID,No issues detected,Expired
,C01641,West,Pro,2025-05-20,2025-09-14,14920.97,136.0,,,Inside Sales,INVALID,Missing subscription_id; Discount_pct outside 0-100 range; Missing subscription_status,Nan
S000479,C00079,North,Basic,2025-07-10,2026-02-28,71734.15,29.0,Y,Expired,,VALID,No issues detected,Expired
S000480,C00591,,Basic,2025-03-15,,56840.29,122.0,Y,Expired,,INVALID,Discount_pct outside 0-100 range,Expired
S000481,C01115,,,2025-10-15,2025-11-15,,-16.0,Y,Trial,,INVALID,Missing monthly_fee; Discount_pct outside 0-100 range,Trial
S000482,C01594,West,,2025-01-24,2024-12-06,78611.43,0.0,Y,Expired,Inside Sales,INVALID,Renewal date earlier than signup date,Expired
S000483,C00278,East,Pro,2024-06-16,2025-02-10,-70057.95,-16.0,N,Active,Inside Sales,INVALID,Negative monthly_fee; Discount_pct outside 0-100 range,Active
S000484,C01318,East,Enterprise,2024-05-15,2024-10-13,61100.17,-9.0,Y,Trial,Website,INVALID,Discount_pct outside 0-100 range,Trial
S000485,C01563,North,Basic,2025-06-26,2026-03-21,23055.4,144.0,,Expired,Website,INVALID,Discount_pct outside 0-100 range,Expired
S000486,C01570,North,Growth,2024-12-09,2025-12-09,,0.0,N,Expired,Inside Sales,SUSPICIOUS,Missing monthly_fee,Expired
S000487,C01313,East,Enterprise,2025-09-14,,56579.76,24.0,,Cancelled,Marketplace,VALID,No issues detected,Cancelled
S000488,C00082,North,Growth,2024-04-17,2024-05-19,3064.93,6.0,,,Marketplace,SUSPICIOUS,Missing subscription_status,Nan
S000489,C01132,Central,Basic,2024-05-25,2025-04-29,,1.0,N,Expired,,SUSPICIOUS,Missing monthly_fee,Expired
S000490,C00469,Central,Enterprise,2025-05-01,2025-04-27,61818.23,0.0,N,Active,,INVALID,Renewal date earlier than signup date,Active
S000491,C00618,,Pro,2024-03-10,,62233.2,152.0,,Expired,Marketplace,INVALID,Discount_pct outside 0-100 range,Expired
S000492,C01207,East,,2025-04-20,2026-03-23,,69.0,Y,Cancelled,Partner,SUSPICIOUS,Missing monthly_fee,Cancelled
,C00082,North,,2024-09-30,2025-06-30,9795.8,119.0,Y,Expired,Website,INVALID,Missing subscription_id; Discount_pct outside 0-100 range,Expired
S000494,C01004,Central,Growth,2025-02-28,2025-07-21,31447.97,127.0,Y,,Partner,INVALID,Discount_pct outside 0-100 range; Missing subscription_status,Nan
S000495,,North,Enterprise,2024-06-21,2025-07-29,32366.2,0.0,,Cancelled,Website,INVALID,Missing customer_id,Cancelled
S000496,C01315,East,Enterprise,2024-10-14,2024-12-02,11586.61,0.0,N,Expired,Marketplace,VALID,No issues detected,Expired
S000497,C01179,Central,Enterprise,2025-06-12,2025-12-30,,0.0,N,Active,,SUSPICIOUS,Missing monthly_fee,Active
S000498,C00264,West,Pro,2024-07-13,2025-06-29,3101.56,-9.0,Y,,Website,INVALID,Discount_pct outside 0-100 range; Missing subscription_status,Nan
S000499,C00050,Central,Pro,2024-07-04,2025-03-18,6742.99,139.0,Y,Active,Website,INVALID,Discount_pct outside 0-100 range,Active
S000500,C01787,West,Enterprise,2024-02-20,2024-04-10,41524.48,145.0,Y,,Partner,INVALID,Discount_pct outside 0-100 range; Missing subscription_status,Nan
S000501,C01468,West,Basic,2025-06-06,2026-02-18,-21848.02,0.0,,Expired,Inside Sales,INVALID,Negative monthly_fee,Expired
S000502,C00287,West,Basic,2025-09-16,2026-06-28,41709.55,0.0,Y,Expired,Inside Sales,VALID,No issues detected,Expired
S000503,C01246,East,,2025-08-19,,57467.46,-2.0,N,Expired,Website,INVALID,Discount_pct outside 0-100 range,Expired
S000504,C01374,Central,Growth,2025-09-18,2026-02-06,9687.03,32.0,,Expired,,VALID,No issues detected,Expired
S000505,C01193,West,Enterprise,2025-09-09,2026-08-06,59326.07,0.0,,,Marketplace,SUSPICIOUS,Missing subscription_status,Nan
S000506,C00507,North,Growth,2024-12-23,2025-12-26,53023.43,12.0,N,Trial,Marketplace,VALID,No issues detected,Trial
S000507,,Central,Growth,2025-10-23,2026-07-30,36444.68,0.0,N,Cancelled,Inside Sales,INVALID,Missing customer_id,Cancelled
S000508,C01345,Central,Basic,2024-11-11,2025-03-15,45223.94,135.0,,Cancelled,Inside Sales,INVALID,Discount_pct outside 0-100 range,Cancelled
S000509,C00529,Central,Enterprise,2025-02-04,2025-09-09,34162.43,-9.0,Y,,,INVALID,Discount_pct outside 0-100 range; Missing subscription_status,Nan
,C00539,South,Basic,2025-06-01,2026-05-17,,0.0,N,Expired,Marketplace,INVALID,Missing subscription_id; Missing monthly_fee,Expired
S000511,C00879,East,,2024-11-30,2024-10-07,50083.0,-24.0,N,Cancelled,Partner,INVALID,Renewal date earlier than signup date; Discount_pct outside 0-100 range,Cancelled
S000512,,West,Growth,2024-03-31,2024-11-09,50391.31,0.0,,,Marketplace,INVALID,Missing customer_id; Missing subscription_status,Nan
S000513,C01369,East,Pro,2024-03-21,2024-07-22,24093.51,134.0,,,,INVALID,Discount_pct outside 0-100 range; Missing subscription_status,Nan
S000514,C00469,North,Basic,2025-03-15,2025-04-21,19259.52,-19.0,,,Marketplace,INVALID,Discount_pct outside 0-100 range; Missing subscription_status,Nan
S000515,C00524,West,Enterprise,2024-02-11,2024-02-06,79010.76,-2.0,,Trial,,INVALID,Renewal date earlier than signup date; Discount_pct outside 0-100 range,Trial
S000516,,,Pro,2025-07-24,2025-09-21,57700.19,5.0,Y,Active,Inside Sales,INVALID,Missing customer_id,Active
S000517,C00755,,Basic,2025-03-23,2025-04-14,25197.03,-22.0,,Expired,,INVALID,Discount_pct outside 0-100 range,Expired
,C00896,North,Enterprise,2025-09-23,,63938.29,-7.0,N,Cancelled,Inside Sales,INVALID,Missing subscription_id; Discount_pct outside 0-100 range,Cancelled
S000519,C00967,East,,2024-09-02,,,0.0,Y,Trial,Partner,SUSPICIOUS,Missing monthly_fee,Trial
,C01697,South,Pro,2025-01-30,2025-05-11,,34.0,,Expired,Partner,INVALID,Missing subscription_id; Missing monthly_fee,Expired
S000521,C00697,North,Pro,2024-04-20,,39288.14,0.0,N,Cancelled,Website,VALID,No issues detected,Cancelled
S000522,C00392,North,Pro,2024-05-18,2024-08-22,32084.09,41.0,Y,Trial,Inside Sales,VALID,No issues detected,Trial
S000523,C00172,North,,2024-08-26,,71858.92,107.0,,Expired,Marketplace,INVALID,Discount_pct outside 0-100 range,Expired
S000524,C01164,West,Basic,2024-07-03,2024-06-09,24153.5,63.0,,Expired,Partner,INVALID,Renewal date earlier than signup date,Expired
S000525,C01437,West,Pro,2024-10-07,2024-11-23,55126.3,130.0,Y,Expired,Inside Sales,INVALID,Discount_pct outside 0-100 range,Expired
S000526,C00955,South,Growth,2025-03-22,2025-09-22,67683.11,0.0,Y,,Partner,SUSPICIOUS,Missing subscription_status,Nan
,C00512,North,Growth,2025-08-20,2026-01-01,37059.76,40.0,N,Active,Website,INVALID,Missing subscription_id,Active
S000528,C00171,North,Pro,2025-01-18,2025-04-14,,47.0,Y,Active,Inside Sales,SUSPICIOUS,Missing monthly_fee,Active
S000529,C01322,North,Enterprise,2024-06-06,2024-12-16,27799.57,37.0,,Cancelled,Partner,VALID,No issues detected,Cancelled
S000530,C00275,,,2024-12-24,2026-01-10,43243.49,-29.0,Y,,Inside Sales,INVALID,Discount_pct outside 0-100 range; Missing subscription_status,Nan
S000531,C01051,North,Growth,2025-11-23,,7097.34,112.0,N,Cancelled,Marketplace,INVALID,Discount_pct outside 0-100 range,Cancelled
,C01255,South,Basic,2024-08-30,2024-07-18,39523.82,-6.0,N,,Inside Sales,INVALID,Missing subscription_id; Renewal date earlier than signup date; Discount_pct outside 0-100 range; Missing subscription_status,Nan
S000533,C01022,,,2024-09-13,2024-10-24,62903.97,-15.0,N,Expired,,INVALID,Discount_pct outside 0-100 range,Expired
S000534,C00676,,Enterprise,2025-07-13,2025-10-16,12395.46,156.0,,Active,Partner,INVALID,Discount_pct outside 0-100 range,Active
S000535,C01261,Central,,2024-03-16,2025-02-14,,-17.0,,Active,Website,INVALID,Missing monthly_fee; Discount_pct outside 0-100 range,Active
S000536,C01381,South,Basic,2025-08-15,2025-09-03,9967.8,143.0,,Cancelled,,INVALID,Discount_pct outside 0-100 range,Cancelled
S000537,C01338,Central,Enterprise,2025-09-01,2025-10-04,-39431.62,0.0,N,Cancelled,Partner,INVALID,Negative monthly_fee,Cancelled
S000538,C00079,Central,Pro,2024-08-31,2025-02-21,21098.4,0.0,Y,Trial,,VALID,No issues detected,Trial
,C00674,West,Growth,2025-02-11,,10482.41,-19.0,,Trial,Inside Sales,INVALID,Missing subscription_id; Discount_pct outside 0-100 range,Trial
S000540,C00323,South,Growth,2024-11-05,,10770.12,0.0,Y,Trial,Marketplace,VALID,No issues detected,Trial
S000541,C00482,Central,,2024-12-18,2024-11-15,-43421.75,0.0,N,Cancelled,Website,INVALID,Renewal date earlier than signup date; Negative monthly_fee,Cancelled
S000542,C00217,East,Pro,2024-02-19,,36647.73,122.0,,Active,,INVALID,Discount_pct outside 0-100 range; Active subscription with missing/implausible renewal date,Active
S000543,C00812,South,Growth,2025-09-30,,67882.6,-8.0,,Cancelled,Partner,INVALID,Discount_pct outside 0-100 range,Cancelled
S000544,C01057,West,Pro,2024-07-29,2025-01-02,41715.58,0.0,N,Expired,Website,VALID,No issues detected,Expired
S000545,C01173,North,Enterprise,2024-03-25,2024-08-08,55759.06,-3.0,Y,Expired,Marketplace,INVALID,Discount_pct outside 0-100 range,Expired
,C00548,South,Growth,2024-01-14,2024-08-04,36870.44,3.0,Y,,,INVALID,Missing subscription_id; Missing subscription_status,Nan
S000547,C00265,North,,2024-06-29,2025-05-30,19334.02,124.0,N,,Marketplace,INVALID,Discount_pct outside 0-100 range; Missing subscription_status,Nan
S000548,,West,Growth,2025-03-17,2025-07-05,44417.17,158.0,Y,Active,Marketplace,INVALID,Missing customer_id; Discount_pct outside 0-100 range,Active
S000549,C01577,West,Growth,2024-09-18,2025-09-28,36693.89,158.0,,Active,,INVALID,Discount_pct outside 0-100 range,Active
S000550,C01111,West,Growth,2025-03-15,2025-11-28,29423.17,32.0,,Trial,Inside Sales,VALID,No issues detected,Trial
,C00478,Central,Pro,2024-08-27,2024-09-21,58015.9,0.0,Y,Expired,Inside Sales,INVALID,Missing subscription_id,Expired
S000552,C00176,East,Basic,2024-11-25,2025-06-17,,156.0,,Cancelled,Inside Sales,INVALID,Missing monthly_fee; Discount_pct outside 0-100 range,Cancelled
S000553,C00890,Central,Enterprise,2024-05-18,2024-05-05,38002.98,106.0,Y,Trial,Marketplace,INVALID,Renewal date earlier than signup date; Discount_pct outside 0-100 range,Trial
S000554,C01001,North,Growth,2024-08-10,2025-07-05,54492.21,102.0,Y,Active,Inside Sales,INVALID,Discount_pct outside 0-100 range,Active
S000555,,West,,2024-09-08,2025-10-14,20060.21,-10.0,,Cancelled,Inside Sales,INVALID,Missing customer_id; Discount_pct outside 0-100 range,Cancelled
S000556,C00672,East,Enterprise,2024-10-15,2025-08-01,43426.13,158.0,,Active,,INVALID,Discount_pct outside 0-100 range,Active
S000557,C01634,East,Growth,2025-09-24,2026-01-22,45323.79,0.0,,Cancelled,Inside Sales,VALID,No issues detected,Cancelled
S000558,C00705,West,Basic,2025-03-22,2025-08-30,40579.2,-10.0,Y,,Inside Sales,INVALID,Discount_pct outside 0-100 range; Missing subscription_status,Nan
S000559,C00733,East,Basic,2025-02-28,,75938.79,61.0,N,,,SUSPICIOUS,Missing subscription_status,Nan
S000560,,West,Growth,2024-12-12,2025-07-14,,0.0,N,Trial,Website,INVALID,Missing customer_id; Missing monthly_fee,Trial
S000561,C01224,North,Growth,2025-10-01,2026-06-18,45450.62,-8.0,Y,Cancelled,Partner,INVALID,Discount_pct outside 0-100 range,Cancelled
S000562,C00639,West,Pro,2024-06-23,2025-08-13,10740.28,0.0,N,Active,,VALID,No issues detected,Active
S000563,C01602,South,Pro,2024-01-17,2024-10-22,11935.26,117.0,,Trial,Inside Sales,INVALID,Discount_pct outside 0-100 range,Trial
S000564,C00794,,Growth,2024-09-30,,73757.34,36.0,N,Expired,Inside Sales,VALID,No issues detected,Expired
S000565,C01725,Central,Basic,2024-01-29,2024-05-22,-3823.07,-18.0,N,Active,Marketplace,INVALID,Negative monthly_fee; Discount_pct outside 0-100 range,Active
S000566,C01576,North,Growth,2025-03-09,2026-04-25,34323.88,49.0,,Cancelled,Marketplace,VALID,No issues detected,Cancelled
S000567,C01226,South,Basic,2024-05-13,2024-09-14,22352.99,0.0,,,Website,SUSPICIOUS,Missing subscription_status,Nan
S000568,C01541,,Basic,2024-01-01,2025-02-08,58279.54,147.0,Y,Active,Partner,INVALID,Discount_pct outside 0-100 range,Active
S000569,C00890,North,Pro,2024-10-23,,77287.3,123.0,N,,Marketplace,INVALID,Discount_pct outside 0-100 range; Missing subscription_status,Nan
S000570,C01454,,Enterprise,2025-04-03,2026-01-27,51181.18,65.0,,Expired,Marketplace,VALID,No issues detected,Expired
S000571,C00579,West,Basic,2025-08-23,,47036.63,-30.0,Y,Trial,Partner,INVALID,Discount_pct outside 0-100 range,Trial
S000572,C00118,West,Enterprise,2025-07-15,2025-12-07,72332.48,-9.0,N,Cancelled,Website,INVALID,Discount_pct outside 0-100 range,Cancelled
S000573,C00822,West,Pro,2024-02-11,2024-08-04,43968.53,0.0,Y,,,SUSPICIOUS,Missing subscription_status,Nan
S000574,C01396,Central,,2024-06-11,2024-12-17,610.56,0.0,N,Expired,Inside Sales,VALID,No issues detected,Expired
S000575,C01205,North,Enterprise,2024-11-01,2025-07-15,61409.62,160.0,N,Trial,Marketplace,INVALID,Discount_pct outside 0-100 range,Trial
S000576,C00294,East,Basic,2025-09-18,2025-10-15,,0.0,N,Trial,,SUSPICIOUS,Missing monthly_fee,Trial
S000577,,South,Growth,2024-04-02,2025-04-06,29899.45,-2.0,N,,,INVALID,Missing customer_id; Discount_pct outside 0-100 range; Missing subscription_status,Nan
S000578,C00950,South,,2025-06-30,,-60576.07,0.0,N,Cancelled,,INVALID,Negative monthly_fee,Cancelled
,C00182,North,Basic,2025-03-02,2026-02-12,59266.53,0.0,,,Marketplace,INVALID,Missing subscription_id; Missing subscription_status,Nan
S000580,C01625,West,Enterprise,2024-05-05,,31833.42,0.0,N,Trial,Website,VALID,No issues detected,Trial
S000581,C01308,Central,,2024-03-02,2024-11-08,,154.0,N,Cancelled,Website,INVALID,Missing monthly_fee; Discount_pct outside 0-100 range,Cancelled
S000582,C00225,,Pro,2024-04-27,2024-08-13,,0.0,Y,Trial,Partner,SUSPICIOUS,Missing monthly_fee,Trial
S000583,C00216,South,Enterprise,2024-10-06,,2242.85,-7.0,N,Expired,Marketplace,INVALID,Discount_pct outside 0-100 range,Expired
S000584,,East,Growth,2025-05-10,2025-06-20,39407.42,49.0,Y,Cancelled,Website,INVALID,Missing customer_id,Cancelled
S000585,C00006,North,Basic,2025-11-25,2025-10-26,51298.02,-25.0,,Active,Partner,INVALID,Renewal date earlier than signup date; Discount_pct outside 0-100 range,Active
S000586,C00431,North,Enterprise,2025-02-23,2026-01-20,70892.72,122.0,N,Cancelled,Partner,INVALID,Discount_pct outside 0-100 range,Cancelled
S000587,C00823,West,,2025-11-06,2026-05-15,4284.28,154.0,Y,Trial,,INVALID,Discount_pct outside 0-100 range,Trial
S000588,C01367,,,2024-09-27,2025-01-09,16397.28,0.0,Y,Active,,VALID,No issues detected,Active
S000589,C01442,West,Enterprise,2025-03-28,2025-09-29,60253.45,159.0,,,Inside Sales,INVALID,Discount_pct outside 0-100 range; Missing subscription_status,Nan
,,East,Basic,2025-03-29,2026-05-21,66319.39,11.0,,Expired,Marketplace,INVALID,Missing subscription_id; Missing customer_id,Expired
S000591,,North,Basic,2024-02-24,2025-03-02,74211.63,0.0,N,,Partner,INVALID,Missing customer_id; Missing subscription_status,Nan
S000592,C01140,West,Enterprise,2024-02-02,,17198.85,40.0,,,Marketplace,SUSPICIOUS,Missing subscription_status,Nan
S000593,C00894,West,Growth,2024-05-09,2024-06-17,30210.16,54.0,Y,Active,Partner,VALID,No issues detected,Active
S000594,C00533,North,Growth,2025-09-04,2026-08-16,48936.45,117.0,N,Active,Partner,INVALID,Discount_pct outside 0-100 range,Active
S000595,C01679,South,Basic,2024-01-25,2023-12-11,12513.04,41.0,,Cancelled,Marketplace,INVALID,Renewal date earlier than signup date,Cancelled
S000596,C01287,Central,Growth,2024-11-20,2025-10-01,72479.16,0.0,Y,Expired,Inside Sales,VALID,No issues detected,Expired
S000597,C01458,,Basic,2024-12-27,2025-06-05,9759.55,0.0,,Trial,Partner,VALID,No issues detected,Trial
S000598,C00497,South,Basic,2025-03-19,,-12697.14,59.0,Y,Cancelled,Website,INVALID,Negative monthly_fee,Cancelled
S000599,,North,,2024-02-08,2024-06-07,52207.58,127.0,,Active,Website,INVALID,Missing customer_id; Discount_pct outside 0-100 range,Active
S000600,C00769,South,Basic,2024-02-22,2024-02-07,78361.86,0.0,,Expired,Inside Sales,INVALID,Renewal date earlier than signup date,Expired
S000601,C00964,South,Pro,2025-09-28,2026-11-04,5093.87,114.0,,Expired,Partner,INVALID,Discount_pct outside 0-100 range,Expired
S000602,C00680,East,Enterprise,2024-08-14,2025-09-21,-15681.18,17.0,,Active,,INVALID,Negative monthly_fee,Active
,C01449,,Basic,2025-01-12,2025-04-09,35526.96,154.0,Y,Cancelled,Website,INVALID,Missing subscription_id; Discount_pct outside 0-100 range,Cancelled
S000604,C01507,West,Pro,2025-08-11,2026-05-17,4108.37,3.0,,Expired,Marketplace,VALID,No issues detected,Expired
S000605,C01127,East,Pro,2025-09-27,,48139.32,-14.0,,Trial,Marketplace,INVALID,Discount_pct outside 0-100 range,Trial
S000606,,Central,Pro,2025-08-17,2026-03-03,1152.02,0.0,N,Trial,Inside Sales,INVALID,Missing customer_id,Trial
S000607,C00105,North,,2024-04-23,2025-05-24,54341.93,0.0,Y,,,SUSPICIOUS,Missing subscription_status,Nan
S000608,C01205,South,Pro,2024-03-02,2024-10-01,71322.97,112.0,Y,Cancelled,Partner,INVALID,Discount_pct outside 0-100 range,Cancelled
S000609,C00384,West,Pro,2024-09-12,2024-12-22,-6333.56,132.0,N,,Inside Sales,INVALID,Negative monthly_fee; Discount_pct outside 0-100 range; Missing subscription_status,Nan
,C01145,West,Enterprise,2024-02-18,2025-03-21,55694.58,151.0,N,,,INVALID,Missing subscription_id; Discount_pct outside 0-100 range; Missing subscription_status,Nan
S000611,C01009,West,,2025-06-20,2026-02-14,7606.25,11.0,,Expired,Partner,VALID,No issues detected,Expired
S000612,C00121,South,Enterprise,2025-05-26,2025-05-10,46023.96,66.0,,Expired,Website,INVALID,Renewal date earlier than signup date,Expired
S000613,C00736,West,Enterprise,2025-01-22,2025-05-17,53900.46,-6.0,,Trial,,INVALID,Discount_pct outside 0-100 range,Trial
S000614,C01265,East,Enterprise,2025-04-27,2026-02-12,13941.39,55.0,N,,Partner,SUSPICIOUS,Missing subscription_status,Nan
,C01229,North,,2025-03-08,2025-04-12,,48.0,N,Trial,Website,INVALID,Missing subscription_id; Missing monthly_fee,Trial
S000616,C00859,Central,Growth,2025-04-25,2025-11-10,70190.63,0.0,Y,Expired,Marketplace,VALID,No issues detected,Expired
S000617,C00296,,Enterprise,2024-05-11,2024-11-20,16282.34,151.0,N,,,INVALID,Discount_pct outside 0-100 range; Missing subscription_status,Nan
S000618,C00147,West,Enterprise,2025-04-28,2025-12-08,44663.92,-6.0,,Expired,Marketplace,INVALID,Discount_pct outside 0-100 range,Expired
S000619,C01492,,Enterprise,2024-06-27,2024-07-20,42784.09,-13.0,,Expired,Partner,INVALID,Discount_pct outside 0-100 range,Expired
S000620,C00228,East,Enterprise,2024-12-29,2025-04-19,2152.59,105.0,Y,Expired,,INVALID,Discount_pct outside 0-100 range,Expired
S000621,,Central,Growth,2025-03-18,2026-03-06,63257.7,-8.0,N,,Website,INVALID,Missing customer_id; Discount_pct outside 0-100 range; Missing subscription_status,Nan
S000622,C00042,North,Growth,2025-05-05,2025-10-03,20823.29,51.0,N,,Partner,SUSPICIOUS,Missing subscription_status,Nan
,C00686,,Pro,2024-08-04,2025-04-24,60231.34,50.0,N,Trial,,INVALID,Missing subscription_id,Trial
S000624,C00550,Central,Enterprise,2024-10-26,2025-03-05,11845.34,127.0,Y,Expired,Marketplace,INVALID,Discount_pct outside 0-100 range,Expired
S000625,C00842,South,Pro,2025-03-06,2026-04-26,2507.62,-24.0,,Expired,Website,INVALID,Discount_pct outside 0-100 range,Expired
S000626,C01595,Central,Enterprise,2025-04-17,2025-11-03,,151.0,,Trial,Inside Sales,INVALID,Missing monthly_fee; Discount_pct outside 0-100 range,Trial
S000627,C00985,West,,2024-06-08,2024-09-01,4440.94,-1.0,Y,Active,Partner,INVALID,Discount_pct outside 0-100 range,Active
,C01184,,Basic,2024-12-20,2025-04-18,55856.78,154.0,Y,Trial,Partner,INVALID,Missing subscription_id; Discount_pct outside 0-100 range,Trial
S000629,C00610,East,,2025-01-09,2024-12-21,7269.38,-21.0,,Active,Inside Sales,INVALID,Renewal date earlier than signup date; Discount_pct outside 0-100 range,Active
S000630,C00738,East,Pro,2025-01-30,,73614.88,-9.0,,Cancelled,Marketplace,INVALID,Discount_pct outside 0-100 range,Cancelled
S000631,C00716,North,Enterprise,2024-09-22,2025-03-21,52366.19,0.0,Y,Trial,Marketplace,VALID,No issues detected,Trial
,C00888,Central,Pro,2024-07-11,2025-07-18,17717.29,136.0,N,Active,Marketplace,INVALID,Missing subscription_id; Discount_pct outside 0-100 range,Active
S000633,C00230,,Enterprise,2025-09-29,2026-08-27,17703.53,-28.0,Y,Active,Inside Sales,INVALID,Discount_pct outside 0-100 range,Active
S000634,C01461,South,Basic,2025-11-18,2026-11-05,10029.33,-29.0,Y,Cancelled,Website,INVALID,Discount_pct outside 0-100 range,Cancelled
S000635,C00439,West,Pro,2024-09-14,2024-09-07,17667.99,5.0,N,Active,Inside Sales,INVALID,Renewal date earlier than signup date,Active
S000636,C00909,South,Basic,2025-07-23,2026-05-27,73888.79,-20.0,,Cancelled,Partner,INVALID,Discount_pct outside 0-100 range,Cancelled
S000637,C00324,South,Growth,2025-08-29,2026-04-06,51128.11,133.0,N,Active,,INVALID,Discount_pct outside 0-100 range,Active
S000638,C01361,South,Pro,2024-07-07,,50631.92,-29.0,N,Cancelled,Website,INVALID,Discount_pct outside 0-100 range,Cancelled
S000639,C01381,East,,2025-09-18,2026-07-14,-42399.76,63.0,N,Trial,Partner,INVALID,Negative monthly_fee,Trial
S000640,C01708,South,Basic,2024-08-28,2024-08-19,15160.34,0.0,N,Active,Marketplace,INVALID,Renewal date earlier than signup date,Active
S000641,C00449,Central,Basic,2024-03-09,2024-12-29,61949.52,-7.0,Y,Trial,Inside Sales,INVALID,Discount_pct outside 0-100 range,Trial
S000642,C00095,,Growth,2025-07-18,2026-08-11,24996.66,44.0,Y,Cancelled,Website,VALID,No issues detected,Cancelled
S000643,C01330,South,Basic,2024-04-07,2025-01-19,12908.39,109.0,Y,Cancelled,Inside Sales,INVALID,Discount_pct outside 0-100 range,Cancelled
S000644,C00123,Central,Growth,2024-09-09,2025-07-13,14511.68,-13.0,Y,Expired,Inside Sales,INVALID,Discount_pct outside 0-100 range,Expired
S000645,C01306,,Basic,2025-04-30,2026-05-14,,147.0,,Trial,Inside Sales,INVALID,Missing monthly_fee; Discount_pct outside 0-100 range,Trial
S000646,C00699,East,Basic,2025-04-02,2026-04-07,47348.31,45.0,N,Cancelled,,VALID,No issues detected,Cancelled
S000647,,Central,,2024-04-26,2024-12-13,30579.66,109.0,Y,Trial,Website,INVALID,Missing customer_id; Discount_pct outside 0-100 range,Trial
S000648,C00019,South,,2024-08-30,2025-05-08,78597.0,0.0,,Cancelled,Partner,VALID,No issues detected,Cancelled
S000649,C01722,West,Enterprise,2024-02-23,2025-02-03,34052.24,-1.0,Y,Active,Marketplace,INVALID,Discount_pct outside 0-100 range,Active
S000650,C00887,Central,Basic,2025-07-22,2026-07-25,1993.02,0.0,Y,Expired,,VALID,No issues detected,Expired
S000651,C00921,West,Enterprise,2024-08-22,2025-07-31,36653.22,40.0,N,Active,,VALID,No issues detected,Active
S000652,C00476,West,,2025-05-16,2025-04-14,-48504.34,130.0,N,,Website,INVALID,Renewal date earlier than signup date; Negative monthly_fee; Discount_pct outside 0-100 range; Missing subscription_status,Nan
S000653,C00380,Central,Enterprise,2025-02-13,2025-06-21,31625.65,158.0,N,Trial,Partner,INVALID,Discount_pct outside 0-100 range,Trial
S000654,C00644,East,Pro,2025-08-13,2026-04-10,54636.06,34.0,Y,,Partner,SUSPICIOUS,Missing subscription_status,Nan
S000655,C00182,East,Growth,2025-11-20,2026-12-21,24852.65,-29.0,,Active,Inside Sales,INVALID,Discount_pct outside 0-100 range,Active
S000656,C00937,,Growth,2024-08-03,2024-11-23,65694.84,147.0,N,,Inside Sales,INVALID,Discount_pct outside 0-100 range; Missing subscription_status,Nan
S000657,C01241,West,Pro,2025-03-09,2025-10-31,21172.11,139.0,N,Cancelled,Partner,INVALID,Discount_pct outside 0-100 range,Cancelled
S000658,C00312,South,,2024-08-11,2025-01-11,14089.74,106.0,N,Active,Website,INVALID,Discount_pct outside 0-100 range,Active
S000659,C00525,South,Growth,2024-11-07,2025-11-11,,0.0,N,Active,,SUSPICIOUS,Missing monthly_fee,Active
,C01425,Central,,2024-07-04,2025-07-05,79217.59,-28.0,Y,Expired,Partner,INVALID,Missing subscription_id; Discount_pct outside 0-100 range,Expired
,C00676,Central,Basic,2025-06-03,,-34706.79,38.0,,Cancelled,Inside Sales,INVALID,Missing subscription_id; Negative monthly_fee,Cancelled
S000662,C01396,,Pro,2024-06-24,2024-09-09,,29.0,N,,Website,SUSPICIOUS,Missing monthly_fee; Missing subscription_status,Nan
S000663,C01474,North,Growth,2024-09-27,2025-09-03,43490.27,-5.0,N,Expired,Partner,INVALID,Discount_pct outside 0-100 range,Expired
S000664,C00625,South,Enterprise,2024-09-15,2025-05-01,54080.12,151.0,,,Partner,INVALID,Discount_pct outside 0-100 range; Missing subscription_status,Nan
S000665,C01796,Central,Pro,2024-09-29,2025-09-10,63357.78,-11.0,,Active,Marketplace,INVALID,Discount_pct outside 0-100 range,Active
S000666,C00753,South,,2024-07-25,2025-03-31,28476.84,-16.0,,,Marketplace,INVALID,Discount_pct outside 0-100 range; Missing subscription_status,Nan
S000667,C01291,North,Enterprise,2025-08-05,2026-01-17,4230.09,142.0,,Trial,,INVALID,Discount_pct outside 0-100 range,Trial
S000668,C01018,,,2025-06-25,2025-08-14,3519.26,23.0,,Cancelled,Marketplace,VALID,No issues detected,Cancelled
S000669,C01095,North,Growth,2025-11-05,2025-10-26,9181.89,122.0,N,Cancelled,Partner,INVALID,Renewal date earlier than signup date; Discount_pct outside 0-100 range,Cancelled
S000670,C00232,,Growth,2024-10-25,2025-03-29,18585.3,134.0,Y,Cancelled,Website,INVALID,Discount_pct outside 0-100 range,Cancelled
S000671,C00800,South,Pro,2024-01-06,2024-02-24,32552.43,39.0,Y,Expired,,VALID,No issues detected,Expired
S000672,C00410,East,Growth,2025-02-13,2025-01-06,-23644.44,-23.0,,Cancelled,Website,INVALID,Renewal date earlier than signup date; Negative monthly_fee; Discount_pct outside 0-100 range,Cancelled
S000673,C00743,East,,2024-08-19,2024-10-18,13110.35,30.0,Y,Active,Website,VALID,No issues detected,Active
S000674,C01116,West,Enterprise,2025-08-03,2026-04-18,20707.13,-16.0,,Active,Website,INVALID,Discount_pct outside 0-100 range,Active
S000675,C00756,,Pro,2025-10-12,2025-11-09,1301.59,5.0,Y,Trial,,VALID,No issues detected,Trial
S000676,C01474,,Growth,2024-12-01,2025-12-08,61285.18,-10.0,Y,Expired,Website,INVALID,Discount_pct outside 0-100 range,Expired
S000677,C01145,West,,2024-06-03,2025-05-18,49351.82,116.0,,Cancelled,Website,INVALID,Discount_pct outside 0-100 range,Cancelled
S000678,C01111,North,Growth,2024-04-15,2025-01-30,78240.8,-19.0,,Trial,,INVALID,Discount_pct outside 0-100 range,Trial
S000679,C00427,North,Pro,2024-12-28,2025-10-11,40655.38,-12.0,,Active,Website,INVALID,Discount_pct outside 0-100 range,Active
S000680,C01105,South,Growth,2025-03-21,2026-04-28,59323.84,69.0,Y,Active,Website,VALID,No issues detected,Active
S000681,C01056,Central,Growth,2024-01-30,,22029.2,127.0,,Expired,Partner,INVALID,Discount_pct outside 0-100 range,Expired
S000682,C00469,East,Enterprise,2024-02-04,2024-08-12,15554.3,114.0,N,,Inside Sales,INVALID,Discount_pct outside 0-100 range; Missing subscription_status,Nan
S000683,,East,Basic,2024-01-16,2024-03-11,2675.4,-15.0,,,,INVALID,Missing customer_id; Discount_pct outside 0-100 range; Missing subscription_status,Nan
,C00380,,Growth,2024-12-04,2025-08-23,49698.03,54.0,N,Expired,Inside Sales,INVALID,Missing subscription_id,Expired
,C01256,Central,Growth,2025-07-08,2026-03-29,11514.39,114.0,,,Partner,INVALID,Missing subscription_id; Discount_pct outside 0-100 range; Missing subscription_status,Nan
S000686,C01483,,Pro,2025-11-28,2026-05-15,57876.62,-12.0,Y,Trial,Partner,INVALID,Discount_pct outside 0-100 range,Trial
S000687,C01466,North,Growth,2025-05-25,,77001.69,155.0,,,Website,INVALID,Discount_pct outside 0-100 range; Missing subscription_status,Nan
,,Central,Basic,2024-01-19,2024-04-01,68630.61,35.0,Y,Expired,Marketplace,INVALID,Missing subscription_id; Missing customer_id,Expired
S000689,C01677,,Enterprise,2024-11-29,2025-08-24,-19620.92,65.0,,,Website,INVALID,Negative monthly_fee; Missing subscription_status,Nan
S000690,C01560,South,,2025-09-13,2025-07-30,10415.32,128.0,Y,,,INVALID,Renewal date earlier than signup date; Discount_pct outside 0-100 range; Missing subscription_status,Nan
S000691,C01375,East,Enterprise,2025-06-27,2025-09-24,-27394.81,-1.0,,,Partner,INVALID,Negative monthly_fee; Discount_pct outside 0-100 range; Missing subscription_status,Nan
S000692,C00129,,Pro,2025-02-18,2025-09-18,,-26.0,N,Trial,Inside Sales,INVALID,Missing monthly_fee; Discount_pct outside 0-100 range,Trial
S000693,C00103,North,Enterprise,2025-09-06,2025-12-20,76285.39,70.0,N,Cancelled,,VALID,No issues detected,Cancelled
S000694,C00795,South,Basic,2025-08-06,,1161.89,62.0,,Active,,SUSPICIOUS,Active subscription with missing/implausible renewal date,Active
S000695,C00684,West,Growth,2024-11-15,2025-01-29,,-13.0,N,Expired,Website,INVALID,Missing monthly_fee; Discount_pct outside 0-100 range,Expired
S000696,C01111,North,Enterprise,2025-01-02,2025-09-11,37393.26,0.0,,,Marketplace,SUSPICIOUS,Missing subscription_status,Nan
S000697,C01387,South,Basic,2024-10-09,2025-04-22,76071.61,-28.0,N,Cancelled,Partner,INVALID,Discount_pct outside 0-100 range,Cancelled
S000698,C01238,North,Enterprise,2024-07-05,2024-10-01,1211.36,20.0,,Expired,,VALID,No issues detected,Expired
S000699,C00733,Central,Growth,2024-10-26,2025-04-09,7668.27,133.0,Y,Cancelled,Inside Sales,INVALID,Discount_pct outside 0-100 range,Cancelled
S000700,C00225,North,,2025-02-06,2025-05-16,77337.35,0.0,N,Active,Inside Sales,VALID,No issues detected,Active
S000701,C00132,East,Growth,2025-04-29,2025-03-09,45188.7,61.0,,Active,Marketplace,INVALID,Renewal date earlier than signup date,Active
S000702,C00337,,Pro,2024-11-18,2025-04-27,,21.0,,,Partner,SUSPICIOUS,Missing monthly_fee; Missing subscription_status,Nan
S000703,C00589,East,,2025-03-09,2025-09-23,30033.88,-9.0,,,Website,INVALID,Discount_pct outside 0-100 range; Missing subscription_status,Nan
S000704,,West,,2024-04-01,2024-09-02,73557.26,9.0,,Active,Partner,INVALID,Missing customer_id,Active
,C00573,South,,2024-12-29,2025-06-18,,-9.0,,Cancelled,Inside Sales,INVALID,Missing subscription_id; Missing monthly_fee; Discount_pct outside 0-100 range,Cancelled
S000706,C00013,North,Basic,2024-03-29,2024-12-23,29044.06,0.0,Y,Cancelled,Inside Sales,VALID,No issues detected,Cancelled
S000707,C01120,East,Pro,2024-09-26,2025-05-18,5773.67,134.0,Y,Active,Marketplace,INVALID,Discount_pct outside 0-100 range,Active
S000708,C01150,West,Growth,2024-06-15,,57788.08,-13.0,N,Trial,Partner,INVALID,Discount_pct outside 0-100 range,Trial
S000709,C00327,East,Enterprise,2025-05-31,2026-01-07,41654.08,37.0,Y,Trial,Marketplace,VALID,No issues detected,Trial
S000710,C01641,North,Basic,2024-02-03,2024-05-27,,0.0,N,,Inside Sales,SUSPICIOUS,Missing monthly_fee; Missing subscription_status,Nan
S000711,C00640,,Enterprise,2024-08-17,2025-09-21,78148.13,-5.0,,,Inside Sales,INVALID,Discount_pct outside 0-100 range; Missing subscription_status,Nan
S000712,C00635,West,Growth,2025-10-19,,10029.2,0.0,N,Cancelled,Marketplace,VALID,No issues detected,Cancelled
S000713,C01336,Central,Pro,2025-03-01,2026-04-07,64824.14,-30.0,Y,Expired,Marketplace,INVALID,Discount_pct outside 0-100 range,Expired
S000714,C00435,,Enterprise,2024-03-15,2025-01-05,63082.58,0.0,N,Trial,Partner,VALID,No issues detected,Trial
S000715,C01403,South,Growth,2025-04-29,2026-05-15,7443.89,30.0,Y,Expired,Website,VALID,No issues detected,Expired
S000716,C00915,North,,2024-07-02,2025-08-18,17513.02,0.0,,Active,Marketplace,VALID,No issues detected,Active
S000717,C00899,Central,Basic,2025-03-13,2025-09-15,27791.25,0.0,Y,Active,Inside Sales,VALID,No issues detected,Active
,C00929,East,Growth,2024-07-18,2024-06-04,26682.59,140.0,Y,Cancelled,Marketplace,INVALID,Missing subscription_id; Renewal date earlier than signup date; Discount_pct outside 0-100 range,Cancelled
,C01119,South,Pro,2025-09-07,2025-11-12,12278.37,0.0,Y,Trial,Website,INVALID,Missing subscription_id,Trial
S000720,C00788,,Enterprise,2024-07-17,,43106.41,120.0,Y,,Marketplace,INVALID,Discount_pct outside 0-100 range; Missing subscription_status,Nan
S000721,C00034,North,Growth,2024-09-04,2024-08-02,,150.0,Y,,Inside Sales,INVALID,Renewal date earlier than signup date; Missing monthly_fee; Discount_pct outside 0-100 range; Missing subscription_status,Nan
S000722,C00745,North,,2024-07-07,2024-05-18,43749.93,0.0,N,Cancelled,Website,INVALID,Renewal date earlier than signup date,Cancelled
S000723,C00103,,Pro,2025-04-24,2025-11-27,40214.97,0.0,,Active,,VALID,No issues detected,Active
S000724,C01468,,Pro,2025-05-08,2026-06-22,10119.11,103.0,N,,Marketplace,INVALID,Discount_pct outside 0-100 range; Missing subscription_status,Nan
S000725,C01066,West,Basic,2024-05-14,2025-07-03,74377.96,150.0,N,Expired,Website,INVALID,Discount_pct outside 0-100 range,Expired
S000726,C01330,South,,2025-06-20,2025-05-01,36583.98,114.0,,Trial,Marketplace,INVALID,Renewal date earlier than signup date; Discount_pct outside 0-100 range,Trial
S000727,C00792,South,,2025-07-02,2026-03-04,15703.93,0.0,N,Trial,Partner,VALID,No issues detected,Trial
S000728,C01220,West,Pro,2025-05-25,2025-10-27,,109.0,N,,Website,INVALID,Missing monthly_fee; Discount_pct outside 0-100 range; Missing subscription_status,Nan
S000729,C00730,,Enterprise,2025-03-03,2025-03-18,43784.72,-19.0,,,,INVALID,Discount_pct outside 0-100 range; Missing subscription_status,Nan
S000730,,West,Pro,2025-03-11,,72103.23,156.0,,Cancelled,Inside Sales,INVALID,Missing customer_id; Discount_pct outside 0-100 range,Cancelled
S000731,C00011,East,Basic,2024-03-23,2024-11-04,23418.02,69.0,,Trial,Website,VALID,No issues detected,Trial
S000732,C01000,South,Pro,2024-11-10,2024-12-18,27206.54,-6.0,Y,Cancelled,Marketplace,INVALID,Discount_pct outside 0-100 range,Cancelled
,C01482,North,Growth,2024-12-23,2026-01-13,32385.47,106.0,,Trial,Website,INVALID,Missing subscription_id; Discount_pct outside 0-100 range,Trial
S000734,C00991,North,Growth,2024-08-13,,-31352.06,-5.0,Y,Trial,Partner,INVALID,Negative monthly_fee; Discount_pct outside 0-100 range,Trial
S000735,C00056,North,Basic,2025-09-14,2025-10-23,61413.38,134.0,Y,Expired,,INVALID,Discount_pct outside 0-100 range,Expired
S000736,C00149,,Growth,2024-01-18,2024-06-12,65457.76,67.0,Y,Expired,Website,VALID,No issues detected,Expired
S000737,C00127,North,Pro,2025-07-28,2026-01-03,16908.25,-16.0,Y,Active,Website,INVALID,Discount_pct outside 0-100 range,Active
S000738,C01643,North,Growth,2024-04-22,2024-05-29,28238.47,-25.0,Y,Active,Partner,INVALID,Discount_pct outside 0-100 range,Active
S000739,C00563,,Pro,2025-06-18,2026-02-25,30947.99,-18.0,,Expired,Inside Sales,INVALID,Discount_pct outside 0-100 range,Expired
S000740,C01183,,Enterprise,2024-03-16,2024-10-25,66445.66,15.0,N,Active,Website,VALID,No issues detected,Active
S000741,C01482,South,,2025-06-08,2026-07-12,8627.64,0.0,N,Active,Website,VALID,No issues detected,Active
S000742,C00451,East,Growth,2025-10-20,2026-03-23,,128.0,Y,Expired,,INVALID,Missing monthly_fee; Discount_pct outside 0-100 range,Expired
S000743,C01552,West,Basic,2025-06-23,2025-04-27,66571.37,-28.0,,,Website,INVALID,Renewal date earlier than signup date; Discount_pct outside 0-100 range; Missing subscription_status,Nan
S000744,C00219,,Growth,2024-10-05,2025-02-18,40323.17,12.0,N,Cancelled,Website,VALID,No issues detected,Cancelled
S000745,C00254,South,,2025-02-08,,28111.15,-6.0,N,Expired,Marketplace,INVALID,Discount_pct outside 0-100 range,Expired
S000746,C00434,,Pro,2025-09-20,2026-04-29,63853.55,-1.0,N,Expired,Partner,INVALID,Discount_pct outside 0-100 range,Expired
S000747,C00777,South,Enterprise,2025-10-24,2026-11-27,8731.01,0.0,N,Active,Inside Sales,VALID,No issues detected,Active
S000748,C01089,South,,2025-01-14,2025-02-16,-6360.59,0.0,Y,Cancelled,Marketplace,INVALID,Negative monthly_fee,Cancelled
S000749,C00261,South,Enterprise,2024-12-22,,47928.45,156.0,,Cancelled,,INVALID,Discount_pct outside 0-100 range,Cancelled
S000750,C00397,West,Pro,2025-01-02,2025-01-22,20356.02,0.0,,Expired,Marketplace,VALID,No issues detected,Expired
,C01368,West,Growth,2025-11-02,2025-11-01,32377.87,-4.0,N,Active,Marketplace,INVALID,Missing subscription_id; Renewal date earlier than signup date; Discount_pct outside 0-100 range,Active
S000752,C00369,North,Enterprise,2025-09-18,2025-11-07,20991.63,147.0,,Active,Marketplace,INVALID,Discount_pct outside 0-100 range,Active
S000753,C01310,Central,Basic,2025-02-17,2025-04-22,-75383.15,0.0,,Trial,Website,INVALID,Negative monthly_fee,Trial
S000754,C01714,,,2025-10-28,2026-11-20,78251.8,128.0,,Expired,Marketplace,INVALID,Discount_pct outside 0-100 range,Expired
S000755,C00862,West,Growth,2025-10-19,2026-07-31,59246.44,121.0,,Active,Website,INVALID,Discount_pct outside 0-100 range,Active
S000756,C01565,North,,2025-04-12,2026-03-16,54140.26,45.0,,Expired,Partner,VALID,No issues detected,Expired
S000757,C01736,South,Pro,2024-03-09,2024-08-07,3994.2,121.0,N,Trial,,INVALID,Discount_pct outside 0-100 range,Trial
S000758,C00266,South,Basic,2025-05-16,2026-01-17,22953.56,36.0,N,Trial,Marketplace,VALID,No issues detected,Trial
S000759,C00477,North,Growth,2024-01-03,2024-05-15,75545.61,144.0,Y,Trial,Marketplace,INVALID,Discount_pct outside 0-100 range,Trial
S000760,C01176,South,Basic,2024-11-08,2025-02-25,31743.69,65.0,Y,Trial,Website,VALID,No issues detected,Trial
S000761,C00487,North,Growth,2024-07-19,,68115.66,-27.0,Y,Cancelled,Website,INVALID,Discount_pct outside 0-100 range,Cancelled
S000762,C01138,,Growth,2025-04-21,2025-06-23,20456.55,131.0,N,,,INVALID,Discount_pct outside 0-100 range; Missing subscription_status,Nan
S000763,C00462,North,Pro,2025-07-16,,72943.95,1.0,,Expired,,VALID,No issues detected,Expired
S000764,C00532,East,Basic,2025-06-11,,55134.79,35.0,N,Trial,Website,VALID,No issues detected,Trial
S000765,C00466,,Growth,2025-09-29,2026-07-13,39405.69,146.0,,Cancelled,Inside Sales,INVALID,Discount_pct outside 0-100 range,Cancelled
S000766,C00401,East,Enterprise,2025-08-30,2025-08-17,76021.0,16.0,N,Cancelled,Marketplace,INVALID,Renewal date earlier than signup date,Cancelled
S000767,C00207,East,Growth,2025-03-08,2025-03-25,13606.8,0.0,N,Cancelled,,VALID,No issues detected,Cancelled
S000768,C00253,North,Basic,2024-07-11,2024-12-26,-6194.3,0.0,,Cancelled,,INVALID,Negative monthly_fee,Cancelled
S000769,C01276,North,,2025-04-01,2025-07-31,-40263.61,14.0,N,Cancelled,Partner,INVALID,Negative monthly_fee,Cancelled
S000770,C01205,North,Pro,2024-06-19,2024-05-30,69895.44,8.0,,Expired,,INVALID,Renewal date earlier than signup date,Expired
S000771,,West,Enterprise,2025-07-26,2026-07-05,79038.91,0.0,Y,Cancelled,,INVALID,Missing customer_id,Cancelled
S000772,,South,Growth,2025-10-19,2026-11-05,17494.27,11.0,N,Active,Marketplace,INVALID,Missing customer_id,Active
S000773,C01645,West,Basic,2024-06-06,2025-03-22,25344.42,0.0,Y,Expired,Partner,VALID,No issues detected,Expired
,,East,Enterprise,2024-03-11,2024-10-22,20794.25,1.0,,Active,,INVALID,Missing subscription_id; Missing customer_id,Active
S000775,C01458,,Basic,2025-06-03,2025-11-30,,26.0,Y,,Marketplace,SUSPICIOUS,Missing monthly_fee; Missing subscription_status,Nan
S000776,C00849,West,Basic,2025-08-24,2026-02-04,33009.02,33.0,,Active,Website,VALID,No issues detected,Active
S000777,C01385,West,Basic,2024-12-02,2026-01-12,45732.4,149.0,Y,Cancelled,Website,INVALID,Discount_pct outside 0-100 range,Cancelled
S000778,C00661,North,Enterprise,2024-04-22,,59639.44,-5.0,N,,Partner,INVALID,Discount_pct outside 0-100 range; Missing subscription_status,Nan
S000779,C01277,North,Growth,2024-03-22,,20755.48,60.0,N,Expired,Inside Sales,VALID,No issues detected,Expired
S000780,C01167,South,Basic,2025-10-16,2026-06-20,76864.5,0.0,,Trial,Marketplace,VALID,No issues detected,Trial
,,East,Growth,2025-03-05,2025-04-12,65527.79,130.0,,Trial,Website,INVALID,Missing subscription_id; Missing customer_id; Discount_pct outside 0-100 range,Trial
S000782,C00812,West,Enterprise,2024-10-25,2025-03-17,,0.0,Y,Expired,Partner,SUSPICIOUS,Missing monthly_fee,Expired
S000783,C00562,,Growth,2024-09-05,2024-11-17,60290.54,-12.0,N,Active,Partner,INVALID,Discount_pct outside 0-100 range,Active
S000784,C01654,West,Pro,2024-06-25,2024-09-15,67846.25,-15.0,N,Cancelled,Partner,INVALID,Discount_pct outside 0-100 range,Cancelled
S000785,C00922,Central,,2025-04-07,2025-09-18,9488.83,0.0,N,Expired,Inside Sales,VALID,No issues detected,Expired
S000786,C01418,South,Basic,2025-07-04,2025-08-31,34564.3,0.0,Y,Trial,Inside Sales,VALID,No issues detected,Trial
S000787,C00681,North,,2025-07-12,2026-07-08,,0.0,,Cancelled,Marketplace,SUSPICIOUS,Missing monthly_fee,Cancelled
S000788,C00379,East,Enterprise,2025-07-23,2025-09-21,73336.43,-10.0,Y,Expired,Partner,INVALID,Discount_pct outside 0-100 range,Expired
S000789,C01401,,Pro,2024-07-06,,50192.47,126.0,,Trial,Partner,INVALID,Discount_pct outside 0-100 range,Trial
S000790,C00333,,Basic,2025-11-08,2026-05-05,5328.75,28.0,,Active,Website,VALID,No issues detected,Active
S000791,C01186,South,Enterprise,2025-08-15,2025-08-09,68293.66,46.0,Y,Cancelled,Marketplace,INVALID,Renewal date earlier than signup date,Cancelled
S000792,C01786,West,Pro,2024-08-22,,20060.32,-13.0,N,Trial,Website,INVALID,Discount_pct outside 0-100 range,Trial
S000793,C01575,,Basic,2024-08-21,2025-08-28,20993.09,0.0,,,Website,SUSPICIOUS,Missing subscription_status,Nan
S000794,C00141,Central,Pro,2024-01-09,2024-08-31,48765.73,0.0,N,,Inside Sales,SUSPICIOUS,Missing subscription_status,Nan
S000795,C01719,North,Basic,2024-08-16,2024-09-27,21238.15,0.0,N,Expired,Website,VALID,No issues detected,Expired
S000796,C01466,West,Growth,2025-03-30,2025-02-12,25801.64,136.0,Y,Active,,INVALID,Renewal date earlier than signup date; Discount_pct outside 0-100 range,Active
S000797,C00617,South,Enterprise,2024-12-23,2025-10-21,8167.92,-4.0,,Expired,Inside Sales,INVALID,Discount_pct outside 0-100 range,Expired
S000798,C00181,West,,2024-11-23,2025-10-25,45229.74,-7.0,N,Trial,Marketplace,INVALID,Discount_pct outside 0-100 range,Trial
S000799,C00352,West,Enterprise,2024-05-26,2025-03-22,,32.0,Y,Active,Website,SUSPICIOUS,Missing monthly_fee,Active
S000800,C00694,North,,2025-02-10,2025-03-25,67063.34,-21.0,Y,Active,Marketplace,INVALID,Discount_pct outside 0-100 range,Active
S000801,,West,Pro,2024-05-08,2025-06-02,22230.64,54.0,Y,Active,,INVALID,Missing customer_id,Active
,C00930,North,Pro,2025-06-10,2026-05-23,,0.0,Y,Active,Partner,INVALID,Missing subscription_id; Missing monthly_fee,Active
,,,Pro,2024-06-07,2025-08-01,,55.0,N,Trial,,INVALID,Missing subscription_id; Missing customer_id; Missing monthly_fee,Trial
S000804,C00395,South,Basic,2025-05-01,2025-06-25,,111.0,,Active,Inside Sales,INVALID,Missing monthly_fee; Discount_pct outside 0-100 range,Active
S000805,C01127,,,2024-10-11,,69757.7,24.0,N,Trial,Marketplace,VALID,No issues detected,Trial
S000806,C01006,South,Basic,2025-02-06,2025-02-02,24189.57,-4.0,N,,Inside Sales,INVALID,Renewal date earlier than signup date; Discount_pct outside 0-100 range; Missing subscription_status,Nan
S000807,C00528,North,Basic,2024-02-29,2025-03-06,63498.06,0.0,,Active,,VALID,No issues detected,Active
S000808,C00901,South,Basic,2025-09-04,2026-08-22,30974.2,0.0,N,Expired,Marketplace,VALID,No issues detected,Expired
,C00692,South,Basic,2024-07-13,2024-06-01,59586.95,0.0,Y,,Partner,INVALID,Missing subscription_id; Renewal date earlier than signup date; Missing subscription_status,Nan
S000810,C01484,Central,Pro,2025-03-08,2026-03-04,27438.26,1.0,N,Expired,Partner,VALID,No issues detected,Expired
S000811,C01110,South,Basic,2024-06-14,2025-06-15,6317.79,-29.0,,,,INVALID,Discount_pct outside 0-100 range; Missing subscription_status,Nan
S000812,C00418,Central,Pro,2024-07-18,2025-06-01,71749.61,12.0,,Active,,VALID,No issues detected,Active
S000813,C01795,West,Basic,2025-04-19,2025-04-15,8952.97,-16.0,N,Expired,Partner,INVALID,Renewal date earlier than signup date; Discount_pct outside 0-100 range,Expired
S000814,C01467,Central,Growth,2024-05-18,2024-06-28,76961.53,-25.0,Y,Active,Website,INVALID,Discount_pct outside 0-100 range,Active
S000815,,Central,Basic,2024-02-07,,68899.51,10.0,Y,Cancelled,Partner,INVALID,Missing customer_id,Cancelled
S000816,C01077,South,Pro,2024-05-05,2025-02-27,44415.08,154.0,,Expired,Marketplace,INVALID,Discount_pct outside 0-100 range,Expired
S000817,C01205,West,Pro,2025-06-21,2026-05-17,16041.93,-29.0,N,Cancelled,Marketplace,INVALID,Discount_pct outside 0-100 range,Cancelled
S000818,C00246,South,Basic,2024-09-09,2025-05-28,62870.41,-19.0,N,,,INVALID,Discount_pct outside 0-100 range; Missing subscription_status,Nan
S000819,C00641,East,Growth,2025-04-25,2025-05-15,25486.83,-21.0,Y,Active,,INVALID,Discount_pct outside 0-100 range,Active
S000820,C00689,,Growth,2024-05-05,2024-04-21,53177.88,0.0,,Trial,Marketplace,INVALID,Renewal date earlier than signup date,Trial
S000821,C00851,Central,,2024-06-23,2024-05-13,6625.16,137.0,Y,Cancelled,Partner,INVALID,Renewal date earlier than signup date; Discount_pct outside 0-100 range,Cancelled
S000822,C01631,,Basic,2025-04-08,2025-10-07,66385.32,0.0,Y,Expired,Inside Sales,VALID,No issues detected,Expired
S000823,,Central,Enterprise,2025-09-30,2026-04-08,4891.81,70.0,Y,Active,Inside Sales,INVALID,Missing customer_id,Active
S000824,C01671,South,,2025-06-08,2025-09-29,72389.62,-28.0,,Cancelled,Marketplace,INVALID,Discount_pct outside 0-100 range,Cancelled
S000825,C01714,North,Growth,2025-10-04,2025-12-07,55289.17,127.0,,,Partner,INVALID,Discount_pct outside 0-100 range; Missing subscription_status,Nan
S000826,C00493,West,Growth,2024-08-01,2025-01-21,4206.73,110.0,,Trial,Website,INVALID,Discount_pct outside 0-100 range,Trial
S000827,C00332,East,Basic,2025-01-15,2025-03-25,,4.0,,Trial,Inside Sales,SUSPICIOUS,Missing monthly_fee,Trial
S000828,,West,Enterprise,2024-01-26,2025-01-24,13956.83,-16.0,Y,Cancelled,,INVALID,Missing customer_id; Discount_pct outside 0-100 range,Cancelled
S000829,C01599,North,Basic,2025-01-29,2025-12-30,-48745.97,-4.0,Y,Active,Marketplace,INVALID,Negative monthly_fee; Discount_pct outside 0-100 range,Active
S000830,C01545,East,,2024-02-22,2025-01-17,35765.0,149.0,Y,,,INVALID,Discount_pct outside 0-100 range; Missing subscription_status,Nan
S000831,C01441,,Enterprise,2025-06-18,2026-03-11,41819.91,0.0,N,Trial,Partner,VALID,No issues detected,Trial
S000832,C00635,East,Basic,2024-05-15,2025-05-13,1508.12,-20.0,Y,Cancelled,Website,INVALID,Discount_pct outside 0-100 range,Cancelled
S000833,C00823,,Pro,2024-09-03,2025-06-29,42779.73,-14.0,,Active,Inside Sales,INVALID,Discount_pct outside 0-100 range,Active
S000834,,,Growth,2025-11-02,2026-04-09,67480.44,110.0,,Trial,Partner,INVALID,Missing customer_id; Discount_pct outside 0-100 range,Trial
S000835,C00201,West,Pro,2025-06-16,2025-11-15,71231.23,0.0,,Trial,Partner,VALID,No issues detected,Trial
S000836,C01225,,Pro,2025-01-19,2025-08-14,1105.69,-24.0,,Expired,,INVALID,Discount_pct outside 0-100 range,Expired
S000837,C00861,North,,2024-07-27,,68960.43,-24.0,N,,,INVALID,Discount_pct outside 0-100 range; Missing subscription_status,Nan
S000838,C01144,,Enterprise,2024-07-05,2024-10-16,57595.96,112.0,Y,Active,Website,INVALID,Discount_pct outside 0-100 range,Active
S000839,C00033,West,Basic,2024-08-17,2024-09-13,55921.48,-25.0,Y,Cancelled,Website,INVALID,Discount_pct outside 0-100 range,Cancelled
S000840,C01003,West,Pro,2025-06-14,,,53.0,,,Website,SUSPICIOUS,Missing monthly_fee; Missing subscription_status,Nan
S000841,C00368,South,Pro,2024-12-05,,54765.02,110.0,N,Active,Inside Sales,INVALID,Discount_pct outside 0-100 range; Active subscription with missing/implausible renewal date,Active
S000842,C01246,East,Pro,2025-05-19,2025-08-02,9931.35,45.0,,,Marketplace,SUSPICIOUS,Missing subscription_status,Nan
S000843,C01787,,Basic,2024-03-22,2024-12-01,48437.46,27.0,N,Cancelled,Marketplace,VALID,No issues detected,Cancelled
S000844,C01632,Central,,2024-01-19,2024-06-25,57819.39,0.0,,,Website,SUSPICIOUS,Missing subscription_status,Nan
S000845,C01525,East,Pro,2025-09-20,,41105.63,52.0,,Active,Marketplace,SUSPICIOUS,Active subscription with missing/implausible renewal date,Active
S000846,C00901,West,,2025-11-15,2026-05-20,35022.0,107.0,Y,Active,Website,INVALID,Discount_pct outside 0-100 range,Active
S000847,,North,Basic,2024-03-20,2024-06-10,49945.1,-30.0,,,Marketplace,INVALID,Missing customer_id; Discount_pct outside 0-100 range; Missing subscription_status,Nan
S000848,C01056,South,Growth,2025-05-18,2026-01-19,,0.0,Y,,Partner,SUSPICIOUS,Missing monthly_fee; Missing subscription_status,Nan
S000849,C01514,Central,,2024-06-10,2025-01-01,21571.38,-2.0,Y,,Partner,INVALID,Discount_pct outside 0-100 range; Missing subscription_status,Nan
,C00693,East,Basic,2024-05-26,2024-08-08,62813.34,135.0,N,Cancelled,Marketplace,INVALID,Missing subscription_id; Discount_pct outside 0-100 range,Cancelled
S000851,C00397,West,,2025-04-09,2025-12-14,65217.2,110.0,N,Active,Website,INVALID,Discount_pct outside 0-100 range,Active
S000852,C01145,North,Pro,2025-01-13,2025-02-04,42464.49,112.0,N,,,INVALID,Discount_pct outside 0-100 range; Missing subscription_status,Nan
S000853,C00943,Central,Basic,2025-05-04,2025-10-09,11915.67,-29.0,,Expired,,INVALID,Discount_pct outside 0-100 range,Expired
S000854,C00136,West,Growth,2024-07-03,2024-07-23,3052.39,57.0,N,Trial,Inside Sales,VALID,No issues detected,Trial
S000855,C01631,West,Enterprise,2024-11-08,2025-02-25,46854.32,37.0,Y,Trial,Partner,VALID,No issues detected,Trial
S000856,C00659,,Basic,2024-02-25,2024-07-19,5730.78,37.0,Y,Cancelled,Marketplace,VALID,No issues detected,Cancelled
S000857,C00673,South,Basic,2024-01-13,2024-10-17,76492.98,134.0,N,Expired,Website,INVALID,Discount_pct outside 0-100 range,Expired
S000858,C00694,Central,Growth,2024-06-09,,,30.0,N,Cancelled,Marketplace,SUSPICIOUS,Missing monthly_fee,Cancelled
S000859,C00675,Central,,2024-06-09,2025-06-18,72261.17,0.0,,Trial,Inside Sales,VALID,No issues detected,Trial
S000860,C00163,South,Pro,2025-11-19,2026-01-22,26560.64,0.0,N,Cancelled,Website,VALID,No issues detected,Cancelled
S000861,C00431,South,Pro,2025-05-06,2025-12-16,58958.75,-28.0,N,Active,,INVALID,Discount_pct outside 0-100 range,Active
S000862,C00442,South,Enterprise,2025-07-29,2026-01-09,,126.0,N,Active,Website,INVALID,Missing monthly_fee; Discount_pct outside 0-100 range,Active
S000863,C00330,,Growth,2024-09-07,2025-02-07,59900.99,-9.0,,Expired,,INVALID,Discount_pct outside 0-100 range,Expired
S000864,C00104,,Enterprise,2025-03-16,2025-11-12,69580.87,-21.0,N,,Website,INVALID,Discount_pct outside 0-100 range; Missing subscription_status,Nan
S000865,C00200,South,Pro,2025-10-12,2025-09-18,1858.09,139.0,N,Expired,Partner,INVALID,Renewal date earlier than signup date; Discount_pct outside 0-100 range,Expired
S000866,C01522,West,Enterprise,2024-03-23,2025-02-14,74109.44,0.0,,,Partner,SUSPICIOUS,Missing subscription_status,Nan
S000867,C00614,Central,Growth,2024-09-14,2025-10-16,52991.68,-8.0,,Trial,Website,INVALID,Discount_pct outside 0-100 range,Trial
S000868,C01434,,Enterprise,2024-05-03,2024-09-05,62320.88,0.0,,Active,Marketplace,VALID,No issues detected,Active
,C01486,East,,2025-09-04,2026-07-18,57731.32,-30.0,N,Expired,Marketplace,INVALID,Missing subscription_id; Discount_pct outside 0-100 range,Expired
S000870,C00307,North,Pro,2024-11-05,2025-09-03,5945.7,0.0,N,Trial,Partner,VALID,No issues detected,Trial
,C00899,,Growth,2025-06-28,,61972.35,0.0,,Expired,Website,INVALID,Missing subscription_id,Expired
S000872,C01597,North,Enterprise,2024-03-18,2025-01-12,9943.39,-11.0,Y,Cancelled,,INVALID,Discount_pct outside 0-100 range,Cancelled
S000873,,North,,2025-11-13,2026-09-27,47711.97,0.0,,Cancelled,Website,INVALID,Missing customer_id,Cancelled
S000874,C00379,,Enterprise,2025-05-27,2025-08-01,52943.65,127.0,,Cancelled,Inside Sales,INVALID,Discount_pct outside 0-100 range,Cancelled
S000875,,West,Enterprise,2024-02-03,2024-01-01,,-6.0,N,Trial,,INVALID,Missing customer_id; Renewal date earlier than signup date; Missing monthly_fee; Discount_pct outside 0-100 range,Trial
S000876,C00577,North,Growth,2025-10-12,2026-10-27,,-11.0,Y,,Marketplace,INVALID,Missing monthly_fee; Discount_pct outside 0-100 range; Missing subscription_status,Nan
S000877,C00259,West,Growth,2024-08-11,2024-10-15,53526.27,-12.0,N,Cancelled,,INVALID,Discount_pct outside 0-100 range,Cancelled
S000878,C01730,,,2025-10-17,2026-07-09,47259.32,158.0,Y,Expired,Marketplace,INVALID,Discount_pct outside 0-100 range,Expired
S000879,C00832,South,Pro,2025-03-24,2025-04-28,-32002.1,33.0,,Cancelled,Partner,INVALID,Negative monthly_fee,Cancelled
S000880,C01792,,Basic,2024-03-19,2024-09-17,17369.3,0.0,N,Expired,,VALID,No issues detected,Expired
S000881,C01105,Central,Growth,2024-12-21,2025-08-22,9846.3,0.0,,Expired,Marketplace,VALID,No issues detected,Expired
S000882,,North,Basic,2024-02-08,,7453.98,143.0,N,Trial,,INVALID,Missing customer_id; Discount_pct outside 0-100 range,Trial
,C00925,Central,Pro,2025-01-02,2025-12-03,71773.64,39.0,Y,,Website,INVALID,Missing subscription_id; Missing subscription_status,Nan
S000884,C00147,Central,Enterprise,2024-05-22,,21559.64,144.0,N,Cancelled,,INVALID,Discount_pct outside 0-100 range,Cancelled
S000885,C00256,,Growth,2024-10-28,2025-10-06,14037.14,32.0,Y,,,SUSPICIOUS,Missing subscription_status,Nan
S000886,C00251,East,Growth,2025-08-18,2025-09-03,,150.0,N,,,INVALID,Missing monthly_fee; Discount_pct outside 0-100 range; Missing subscription_status,Nan
,C00589,Central,,2024-11-22,2025-03-08,,0.0,N,Active,Website,INVALID,Missing subscription_id; Missing monthly_fee,Active
S000888,,South,Enterprise,2025-05-16,2025-11-06,38839.71,-19.0,Y,Expired,Inside Sales,INVALID,Missing customer_id; Discount_pct outside 0-100 range,Expired
S000889,C00427,Central,Growth,2025-02-09,2025-05-31,27835.5,-25.0,Y,Active,,INVALID,Discount_pct outside 0-100 range,Active
S000890,C00565,,,2025-08-21,2026-06-10,32762.47,-19.0,N,Cancelled,Marketplace,INVALID,Discount_pct outside 0-100 range,Cancelled
S000891,C01759,West,Growth,2025-07-01,,,-16.0,,Cancelled,Partner,INVALID,Missing monthly_fee; Discount_pct outside 0-100 range,Cancelled
S000892,C00585,South,Basic,2025-08-31,2026-03-11,78387.99,23.0,,Expired,Website,VALID,No issues detected,Expired
,C00545,South,Basic,2024-12-09,2025-03-20,62962.46,118.0,N,Active,Website,INVALID,Missing subscription_id; Discount_pct outside 0-100 range,Active
S000894,C00257,South,Pro,2024-12-03,2024-10-15,14087.37,66.0,,Trial,Website,INVALID,Renewal date earlier than signup date,Trial
S000895,,Central,Basic,2024-09-30,2024-09-14,47437.6,7.0,N,Cancelled,Partner,INVALID,Missing customer_id; Renewal date earlier than signup date,Cancelled
S000896,C01656,West,Pro,2024-11-24,2026-01-12,32505.07,0.0,Y,Expired,Marketplace,VALID,No issues detected,Expired
S000897,C00115,East,,2025-07-02,2026-07-17,35761.27,-20.0,,Expired,Website,INVALID,Discount_pct outside 0-100 range,Expired
S000898,C01138,South,Pro,2024-05-23,,51777.57,-19.0,N,Expired,Partner,INVALID,Discount_pct outside 0-100 range,Expired
S000899,C00269,,Basic,2024-02-13,2024-12-29,65668.97,0.0,N,,Marketplace,SUSPICIOUS,Missing subscription_status,Nan
S000900,C00135,,Enterprise,2024-09-11,2024-07-22,-49487.58,0.0,,Trial,Inside Sales,INVALID,Renewal date earlier than signup date; Negative monthly_fee,Trial
S000901,C01349,North,,2025-07-12,2026-07-31,44454.14,145.0,Y,Active,Partner,INVALID,Discount_pct outside 0-100 range,Active
S000902,C01357,West,Growth,2025-03-31,2025-10-26,77546.22,129.0,,Cancelled,Inside Sales,INVALID,Discount_pct outside 0-100 range,Cancelled
S000903,C00369,Central,Basic,2025-09-14,2026-04-02,27763.34,137.0,,,Partner,INVALID,Discount_pct outside 0-100 range; Missing subscription_status,Nan
S000904,C00644,South,Enterprise,2024-08-07,2024-11-14,,-6.0,Y,Expired,Inside Sales,INVALID,Missing monthly_fee; Discount_pct outside 0-100 range,Expired
S000905,C00366,North,Growth,2024-06-12,2025-07-20,22625.56,4.0,N,Expired,Partner,VALID,No issues detected,Expired
S000906,C00522,East,Pro,2024-06-13,2025-06-11,67942.75,139.0,N,Trial,Marketplace,INVALID,Discount_pct outside 0-100 range,Trial
S000907,C01508,West,,2024-08-30,2025-03-21,26676.72,123.0,N,Expired,Inside Sales,INVALID,Discount_pct outside 0-100 range,Expired
S000908,C00383,West,Basic,2024-12-17,,12373.43,111.0,Y,Active,Marketplace,INVALID,Discount_pct outside 0-100 range; Active subscription with missing/implausible renewal date,Active
S000909,C01500,East,Enterprise,2024-06-30,2024-12-29,14873.88,-3.0,Y,,,INVALID,Discount_pct outside 0-100 range; Missing subscription_status,Nan
S000910,C01071,Central,Growth,2024-06-13,2024-04-28,7142.1,141.0,,Cancelled,Marketplace,INVALID,Renewal date earlier than signup date; Discount_pct outside 0-100 range,Cancelled
S000911,C01173,North,Basic,2024-03-28,2024-04-22,59623.74,-24.0,Y,Expired,Marketplace,INVALID,Discount_pct outside 0-100 range,Expired
S000912,C01170,North,,2024-09-25,,-45104.63,0.0,,Active,Inside Sales,INVALID,Negative monthly_fee; Active subscription with missing/implausible renewal date,Active
S000913,C00988,North,Growth,2025-10-23,2026-08-26,,157.0,,Active,Inside Sales,INVALID,Missing monthly_fee; Discount_pct outside 0-100 range,Active
S000914,C00840,,Basic,2025-05-15,2025-03-27,77783.83,121.0,N,Active,Website,INVALID,Renewal date earlier than signup date; Discount_pct outside 0-100 range,Active
S000915,C00319,East,Basic,2025-11-21,2026-04-28,2963.8,130.0,N,,,INVALID,Discount_pct outside 0-100 range; Missing subscription_status,Nan
S000916,C00834,East,Growth,2024-07-24,2024-05-29,23466.63,32.0,,Active,Inside Sales,INVALID,Renewal date earlier than signup date,Active
S000917,C00168,South,Enterprise,2024-06-24,2025-06-10,41165.75,-27.0,Y,Cancelled,Inside Sales,INVALID,Discount_pct outside 0-100 range,Cancelled
S000918,C00387,,Enterprise,2025-05-21,2025-07-26,18749.97,107.0,Y,Active,,INVALID,Discount_pct outside 0-100 range,Active
S000919,C00093,,Basic,2024-11-26,2025-05-07,23212.19,109.0,Y,Active,Marketplace,INVALID,Discount_pct outside 0-100 range,Active
S000920,C00778,South,Pro,2025-07-25,2026-05-02,28529.14,-28.0,,Trial,Inside Sales,INVALID,Discount_pct outside 0-100 range,Trial
S000921,C00542,South,Pro,2024-10-31,,,115.0,,Trial,,INVALID,Missing monthly_fee; Discount_pct outside 0-100 range,Trial
S000922,C00884,East,Pro,2025-01-24,2026-01-13,73206.34,0.0,,Expired,Partner,VALID,No issues detected,Expired
S000923,C00981,Central,Enterprise,2024-04-01,2025-05-11,8590.71,124.0,,,Marketplace,INVALID,Discount_pct outside 0-100 range; Missing subscription_status,Nan
S000924,C00834,Central,Growth,2024-12-23,2025-10-02,22470.24,11.0,N,Expired,Marketplace,VALID,No issues detected,Expired
,C01227,South,Growth,2025-10-10,2026-04-07,13131.5,-27.0,N,,,INVALID,Missing subscription_id; Discount_pct outside 0-100 range; Missing subscription_status,Nan
S000926,C01757,East,,2025-11-02,,62410.23,0.0,N,Expired,Inside Sales,VALID,No issues detected,Expired
S000927,C01019,Central,Enterprise,2025-06-13,2025-11-28,,0.0,,Expired,Partner,SUSPICIOUS,Missing monthly_fee,Expired
,C01234,South,Growth,2025-03-31,2025-07-04,60022.66,-25.0,N,Expired,Partner,INVALID,Missing subscription_id; Discount_pct outside 0-100 range,Expired
S000929,C01397,East,Growth,2025-04-12,2025-06-17,59994.98,-5.0,N,Active,,INVALID,Discount_pct outside 0-100 range,Active
S000930,C01272,North,Growth,2025-04-28,2025-11-12,58970.13,109.0,Y,Cancelled,,INVALID,Discount_pct outside 0-100 range,Cancelled
S000931,C01174,South,Growth,2024-03-24,2025-01-15,26052.32,-23.0,N,Expired,Inside Sales,INVALID,Discount_pct outside 0-100 range,Expired
S000932,C01260,East,Growth,2024-06-11,2024-06-29,59203.97,-20.0,Y,Active,Inside Sales,INVALID,Discount_pct outside 0-100 range,Active
S000933,C01514,,Basic,2025-09-09,2026-01-29,18842.61,66.0,Y,Active,,VALID,No issues detected,Active
S000934,C00879,East,Pro,2024-05-28,,,-27.0,,Trial,Partner,INVALID,Missing monthly_fee; Discount_pct outside 0-100 range,Trial
S000935,C01082,North,,2025-10-21,2026-11-07,-62992.68,37.0,,Cancelled,Marketplace,INVALID,Negative monthly_fee,Cancelled
S000936,C00912,West,,2024-11-30,2025-02-12,55548.27,35.0,Y,Active,Marketplace,VALID,No issues detected,Active
S000937,C00860,,Growth,2025-07-25,2026-03-15,24635.86,30.0,N,Cancelled,Website,VALID,No issues detected,Cancelled
S000938,C01547,North,Pro,2024-12-02,2024-10-12,37383.76,106.0,,Expired,Website,INVALID,Renewal date earlier than signup date; Discount_pct outside 0-100 range,Expired
S000939,C00235,,Growth,2024-12-25,2025-01-19,33198.76,59.0,,,Marketplace,SUSPICIOUS,Missing subscription_status,Nan
S000940,C00594,North,Basic,2024-11-19,,28122.57,11.0,N,Active,Website,SUSPICIOUS,Active subscription with missing/implausible renewal date,Active
S000941,C01615,Central,Pro,2024-11-12,2024-11-05,22865.27,-4.0,,,Partner,INVALID,Renewal date earlier than signup date; Discount_pct outside 0-100 range; Missing subscription_status,Nan
S000942,,North,Pro,2025-10-03,2026-06-06,45124.76,0.0,Y,Trial,,INVALID,Missing customer_id,Trial
S000943,C01573,,Enterprise,2024-07-22,2025-07-07,29292.24,144.0,Y,,Website,INVALID,Discount_pct outside 0-100 range; Missing subscription_status,Nan
S000944,C00364,East,Pro,2024-08-07,2024-11-25,49926.81,67.0,N,Trial,,VALID,No issues detected,Trial
S000945,C01715,West,Basic,2025-01-17,2025-12-31,52685.58,41.0,,,Partner,SUSPICIOUS,Missing subscription_status,Nan
S000946,C00513,West,Growth,2025-09-19,2026-01-22,35357.94,0.0,Y,Expired,Inside Sales,VALID,No issues detected,Expired
S000947,C01186,North,Enterprise,2024-09-12,,8506.87,0.0,Y,,Inside Sales,SUSPICIOUS,Missing subscription_status,Nan
S000948,C00384,West,Enterprise,2024-05-05,2025-04-19,1485.94,70.0,N,Active,Marketplace,VALID,No issues detected,Active
S000949,C00688,North,,2024-03-17,2024-06-16,37756.6,124.0,,,Inside Sales,INVALID,Discount_pct outside 0-100 range; Missing subscription_status,Nan
S000950,,West,Enterprise,2024-07-06,2025-03-14,79156.81,0.0,Y,,,INVALID,Missing customer_id; Missing subscription_status,Nan
S000951,C01041,West,Enterprise,2024-06-24,2024-11-13,,116.0,,Trial,Marketplace,INVALID,Missing monthly_fee; Discount_pct outside 0-100 range,Trial
S000952,C01196,,Growth,2025-09-30,,13754.7,47.0,,Trial,Partner,VALID,No issues detected,Trial
S000953,C01365,East,Growth,2024-12-27,2025-09-23,13082.74,49.0,,,Marketplace,SUSPICIOUS,Missing subscription_status,Nan
S000954,C01139,South,Growth,2024-02-22,2024-10-21,-32017.76,-29.0,Y,Expired,Inside Sales,INVALID,Negative monthly_fee; Discount_pct outside 0-100 range,Expired
S000955,C01013,East,,2024-11-01,2025-12-03,,38.0,Y,Trial,,SUSPICIOUS,Missing monthly_fee,Trial
S000956,C01083,South,,2025-02-12,2025-06-02,72427.77,148.0,Y,,Inside Sales,INVALID,Discount_pct outside 0-100 range; Missing subscription_status,Nan
S000957,C00304,South,,2025-06-17,,64987.01,-3.0,,Trial,Partner,INVALID,Discount_pct outside 0-100 range,Trial
S000958,C01402,Central,Pro,2025-05-28,2026-04-25,53729.3,125.0,N,Active,Partner,INVALID,Discount_pct outside 0-100 range,Active
S000959,C00176,West,Enterprise,2024-04-22,2025-02-15,47569.28,0.0,,Cancelled,,VALID,No issues detected,Cancelled
S000960,C00963,South,Pro,2025-10-28,2026-05-24,46887.69,0.0,N,Expired,Partner,VALID,No issues detected,Expired
S000961,C01182,Central,Growth,2024-07-28,2025-07-18,26293.59,-18.0,Y,,Website,INVALID,Discount_pct outside 0-100 range; Missing subscription_status,Nan
S000962,C01260,South,Pro,2024-07-15,2024-12-02,78500.64,140.0,Y,Trial,,INVALID,Discount_pct outside 0-100 range,Trial
S000963,,Central,Growth,2025-09-21,2026-05-18,19044.72,143.0,N,Trial,Partner,INVALID,Missing customer_id; Discount_pct outside 0-100 range,Trial
S000964,C00561,Central,Pro,2025-09-28,2026-03-07,11668.6,-19.0,N,Expired,Inside Sales,INVALID,Discount_pct outside 0-100 range,Expired
S000965,C01175,East,Basic,2024-07-14,2024-05-22,46608.26,0.0,N,Expired,Website,INVALID,Renewal date earlier than signup date,Expired
,C01180,North,Basic,2024-02-06,2025-03-10,17437.31,-7.0,,Active,Website,INVALID,Missing subscription_id; Discount_pct outside 0-100 range,Active
S000967,C01670,South,Basic,2024-10-24,2025-07-20,78238.51,0.0,Y,Trial,Website,VALID,No issues detected,Trial
S000968,C01739,East,Growth,2025-03-06,2026-01-10,11106.79,0.0,,,Marketplace,SUSPICIOUS,Missing subscription_status,Nan
S000969,C00639,North,Growth,2024-12-26,2025-04-23,38934.27,-13.0,Y,Active,Marketplace,INVALID,Discount_pct outside 0-100 range,Active
S000970,C00102,,Pro,2024-06-25,2024-08-05,38405.29,134.0,Y,Expired,Partner,INVALID,Discount_pct outside 0-100 range,Expired
S000971,C01447,,Enterprise,2025-05-04,2025-10-12,30947.61,-9.0,,Active,Partner,INVALID,Discount_pct outside 0-100 range,Active
S000972,C01571,South,Enterprise,2025-05-01,2025-11-13,49455.49,152.0,N,Active,,INVALID,Discount_pct outside 0-100 range,Active
S000973,C00677,Central,Enterprise,2024-10-19,2025-05-17,,-7.0,N,Trial,,INVALID,Missing monthly_fee; Discount_pct outside 0-100 range,Trial
S000974,C00456,,Basic,2024-03-01,2024-11-20,6958.62,0.0,,Cancelled,Inside Sales,VALID,No issues detected,Cancelled
S000975,C00330,East,Enterprise,2024-02-14,2025-01-22,22029.08,160.0,,,Partner,INVALID,Discount_pct outside 0-100 range; Missing subscription_status,Nan
S000976,C00740,South,Growth,2025-03-21,2025-08-04,-53646.35,53.0,N,Trial,Partner,INVALID,Negative monthly_fee,Trial
S000977,C00773,West,,2025-10-11,2026-01-23,60460.48,57.0,,Expired,Website,VALID,No issues detected,Expired
,C00122,North,Basic,2024-02-22,2024-12-08,,18.0,Y,Active,Marketplace,INVALID,Missing subscription_id; Missing monthly_fee,Active
S000979,C01540,East,Basic,2024-03-14,2024-10-26,25782.97,-6.0,N,,Website,INVALID,Discount_pct outside 0-100 range; Missing subscription_status,Nan
S000980,C00538,South,Pro,2024-02-11,2025-03-02,2731.62,25.0,N,,,SUSPICIOUS,Missing subscription_status,Nan
,C00589,West,Pro,2025-07-15,2026-09-01,52907.45,38.0,Y,Cancelled,Partner,INVALID,Missing subscription_id,Cancelled
S000982,C00754,North,Pro,2024-06-24,2025-05-13,21253.17,0.0,N,Cancelled,Marketplace,VALID,No issues detected,Cancelled
S000983,C00164,South,Basic,2025-11-16,2026-10-21,17078.92,148.0,Y,,Inside Sales,INVALID,Discount_pct outside 0-100 range; Missing subscription_status,Nan
S000984,C00392,South,Growth,2025-04-17,2026-04-21,-1128.25,45.0,N,Expired,,INVALID,Negative monthly_fee,Expired
S000985,C00838,West,Basic,2025-07-27,2026-02-25,13664.38,106.0,,Trial,,INVALID,Discount_pct outside 0-100 range,Trial
S000986,C00529,,,2025-11-29,2026-11-29,49220.79,-30.0,Y,Expired,Inside Sales,INVALID,Discount_pct outside 0-100 range,Expired
S000987,C00452,North,Pro,2025-07-24,2025-12-23,61120.81,-15.0,N,Cancelled,Inside Sales,INVALID,Discount_pct outside 0-100 range,Cancelled
S000988,C01159,,Pro,2025-03-08,2025-11-24,-11075.03,-21.0,N,Trial,Partner,INVALID,Negative monthly_fee; Discount_pct outside 0-100 range,Trial
S000989,C00916,Central,Basic,2025-07-18,2026-07-28,52896.19,0.0,,Active,Marketplace,VALID,No issues detected,Active
S000990,C01047,East,,2025-04-06,2025-03-15,7499.5,112.0,N,Cancelled,,INVALID,Renewal date earlier than signup date; Discount_pct outside 0-100 range,Cancelled
S000991,C00675,Central,Growth,2025-10-03,2025-12-12,,110.0,Y,Active,,INVALID,Missing monthly_fee; Discount_pct outside 0-100 range,Active
S000992,C00481,East,Enterprise,2024-07-11,2024-09-14,72773.0,0.0,,Expired,,VALID,No issues detected,Expired
S000993,C00893,,Pro,2025-02-27,2025-03-18,17163.24,-11.0,,Active,Inside Sales,INVALID,Discount_pct outside 0-100 range,Active
S000994,C00703,South,Basic,2024-05-14,2025-05-17,23405.18,133.0,Y,Cancelled,Partner,INVALID,Discount_pct outside 0-100 range,Cancelled
S000995,C00478,North,Basic,2025-02-03,2026-02-20,21212.97,-5.0,N,Expired,Marketplace,INVALID,Discount_pct outside 0-100 range,Expired
S000996,C00640,West,Pro,2025-09-05,2026-03-11,-31413.88,116.0,N,Trial,Marketplace,INVALID,Negative monthly_fee; Discount_pct outside 0-100 range,Trial
S000997,C01248,West,Pro,2024-06-25,2025-08-05,1888.03,-14.0,Y,Active,Marketplace,INVALID,Discount_pct outside 0-100 range,Active
S000998,C01725,West,Pro,2025-05-15,2026-01-04,6800.73,-22.0,,,Partner,INVALID,Discount_pct outside 0-100 range; Missing subscription_status,Nan
S000999,C00032,East,Enterprise,2024-12-17,,46169.56,0.0,,Trial,Website,VALID,No issues detected,Trial
S001000,C01151,West,Growth,2024-03-31,,24257.78,60.0,Y,Expired,,VALID,No issues detected,Expired
S001001,C01178,North,Basic,2024-08-10,2025-02-01,10526.08,37.0,,Active,Website,VALID,No issues detected,Active
S001002,C00871,South,,2024-04-14,2024-07-11,78394.15,-5.0,,Trial,Marketplace,INVALID,Discount_pct outside 0-100 range,Trial
S001003,C00604,Central,Growth,2024-08-22,2024-10-28,23733.67,0.0,Y,Expired,Website,VALID,No issues detected,Expired
S001004,C00422,,,2025-10-13,,-68379.26,-24.0,Y,Cancelled,Partner,INVALID,Negative monthly_fee; Discount_pct outside 0-100 range,Cancelled
S001005,,North,Pro,2025-07-26,2026-07-31,64629.75,-8.0,,Active,,INVALID,Missing customer_id; Discount_pct outside 0-100 range,Active
S001006,C00181,,,2024-01-05,2024-10-10,31434.92,0.0,N,Trial,Website,VALID,No issues detected,Trial
S001007,C01612,East,Growth,2025-09-08,2026-02-18,,0.0,N,Cancelled,Partner,SUSPICIOUS,Missing monthly_fee,Cancelled
S001008,C01093,,Growth,2025-01-18,2025-11-19,67361.93,0.0,Y,Trial,,VALID,No issues detected,Trial
S001009,C00817,East,Basic,2024-03-30,2024-11-15,34447.75,0.0,Y,Active,Inside Sales,VALID,No issues detected,Active
S001010,C00727,,Enterprise,2024-07-25,2025-09-16,3788.18,151.0,,,Partner,INVALID,Discount_pct outside 0-100 range; Missing subscription_status,Nan
S001011,C01625,West,Basic,2024-06-17,2024-11-10,23246.34,0.0,,,Partner,SUSPICIOUS,Missing subscription_status,Nan
S001012,C00181,South,,2025-06-03,2025-12-19,46816.72,52.0,Y,Cancelled,Inside Sales,VALID,No issues detected,Cancelled
S001013,C00596,East,Pro,2025-08-25,2026-09-02,58126.26,-22.0,N,Expired,Partner,INVALID,Discount_pct outside 0-100 range,Expired
S001014,C00084,North,Basic,2024-06-26,2024-11-12,35579.1,1.0,N,Trial,,VALID,No issues detected,Trial
S001015,C00580,South,Pro,2024-07-03,2025-01-21,,-5.0,N,Expired,,INVALID,Missing monthly_fee; Discount_pct outside 0-100 range,Expired
S001016,C01764,Central,,2025-03-19,2025-07-26,10022.67,-19.0,Y,Trial,Marketplace,INVALID,Discount_pct outside 0-100 range,Trial
S001017,C01126,North,,2024-03-29,2025-04-10,10811.12,65.0,N,,Marketplace,SUSPICIOUS,Missing subscription_status,Nan
S001018,C01089,,Growth,2024-02-26,2024-01-12,15251.49,48.0,,Active,,INVALID,Renewal date earlier than signup date,Active
S001019,C01446,South,Growth,2025-10-22,2026-01-21,48320.0,120.0,Y,Trial,,INVALID,Discount_pct outside 0-100 range,Trial
S001020,C00001,East,Enterprise,2024-09-25,2024-11-13,60820.59,70.0,N,Trial,,VALID,No issues detected,Trial
S001021,C01330,North,Basic,2025-08-26,2026-01-08,34840.72,-15.0,N,Cancelled,Website,INVALID,Discount_pct outside 0-100 range,Cancelled
S001022,C01596,,Enterprise,2024-06-27,2024-08-01,51699.81,-1.0,Y,Active,,INVALID,Discount_pct outside 0-100 range,Active
S001023,,Central,,2024-06-13,2024-10-06,35908.04,154.0,N,Trial,Inside Sales,INVALID,Missing customer_id; Discount_pct outside 0-100 range,Trial
S001024,C00391,,Growth,2025-01-06,2026-03-02,43124.28,14.0,,Active,,VALID,No issues detected,Active
S001025,C00586,West,Basic,2024-10-15,2025-06-17,51904.69,0.0,,Trial,Marketplace,VALID,No issues detected,Trial
,C01743,North,Basic,2024-04-24,2025-01-09,1662.73,24.0,Y,Active,,INVALID,Missing subscription_id,Active
S001027,C01026,South,Enterprise,2025-10-26,,72551.32,0.0,N,Trial,Marketplace,VALID,No issues detected,Trial
,C00423,West,Growth,2025-01-05,2024-12-09,46618.35,147.0,Y,Expired,Inside Sales,INVALID,Missing subscription_id; Renewal date earlier than signup date; Discount_pct outside 0-100 range,Expired
S001029,C01318,North,Pro,2025-07-04,2025-08-07,39813.51,0.0,N,Cancelled,Partner,VALID,No issues detected,Cancelled
S001030,C01010,Central,Basic,2025-05-30,2025-11-22,,-26.0,,Active,Inside Sales,INVALID,Missing monthly_fee; Discount_pct outside 0-100 range,Active
S001031,C00174,North,Enterprise,2024-02-13,2024-07-22,2603.96,48.0,,Active,Website,VALID,No issues detected,Active
S001032,C01065,Central,Growth,2024-06-17,2024-07-07,65839.38,-29.0,,,,INVALID,Discount_pct outside 0-100 range; Missing subscription_status,Nan
S001033,C00549,,Pro,2024-12-26,2025-12-28,19548.56,0.0,,Trial,Marketplace,VALID,No issues detected,Trial
S001034,C00516,,Basic,2024-03-06,2024-10-31,58974.58,-20.0,N,,Partner,INVALID,Discount_pct outside 0-100 range; Missing subscription_status,Nan
S001035,C00765,Central,,2024-06-12,2025-07-19,55799.79,45.0,,Cancelled,Website,VALID,No issues detected,Cancelled
S001036,C01650,South,Pro,2024-05-16,2025-02-21,18383.89,-15.0,Y,Expired,Website,INVALID,Discount_pct outside 0-100 range,Expired
S001037,C00452,,,2024-05-07,2024-10-16,,113.0,N,,,INVALID,Missing monthly_fee; Discount_pct outside 0-100 range; Missing subscription_status,Nan
S001038,C00104,,Growth,2025-07-08,2026-05-31,40083.65,104.0,Y,Expired,Marketplace,INVALID,Discount_pct outside 0-100 range,Expired
S001039,C00952,East,,2024-10-23,2025-06-28,26409.0,0.0,Y,Expired,,VALID,No issues detected,Expired
S001040,C01659,South,Basic,2024-05-31,2024-11-05,74512.63,154.0,N,Cancelled,Website,INVALID,Discount_pct outside 0-100 range,Cancelled
S001041,C01049,West,Enterprise,2025-03-18,2025-05-06,58798.31,2.0,N,Cancelled,Website,VALID,No issues detected,Cancelled
S001042,C01545,East,,2024-11-24,,,-11.0,,Cancelled,Website,INVALID,Missing monthly_fee; Discount_pct outside 0-100 range,Cancelled
S001043,C00635,South,Enterprise,2025-04-12,,-15557.97,14.0,Y,Expired,Website,INVALID,Negative monthly_fee,Expired
S001044,C00241,Central,Growth,2025-08-20,2025-07-09,9841.24,68.0,N,Trial,Inside Sales,INVALID,Renewal date earlier than signup date,Trial
S001045,C00868,South,Growth,2024-07-05,2025-01-30,29838.06,-25.0,,Active,Inside Sales,INVALID,Discount_pct outside 0-100 range,Active
S001046,C01253,East,Basic,2025-03-10,2026-03-29,13469.54,0.0,N,Active,Partner,VALID,No issues detected,Active
S001047,C01279,South,Enterprise,2025-11-10,2026-08-09,12655.07,0.0,Y,Trial,Inside Sales,VALID,No issues detected,Trial
S001048,C00175,West,Enterprise,2025-01-12,2026-01-27,26612.4,-2.0,N,Cancelled,Partner,INVALID,Discount_pct outside 0-100 range,Cancelled
S001049,C01315,North,Growth,2024-04-18,2025-05-14,,27.0,N,Expired,Marketplace,SUSPICIOUS,Missing monthly_fee,Expired
S001050,C01494,Central,Pro,2025-03-26,2025-12-29,6753.42,11.0,Y,,Partner,SUSPICIOUS,Missing subscription_status,Nan
S001051,C01541,North,,2024-08-12,2025-02-12,16340.47,-22.0,,,Marketplace,INVALID,Discount_pct outside 0-100 range; Missing subscription_status,Nan
S001052,C01193,East,Enterprise,2025-10-23,2026-07-10,,3.0,,Expired,Website,SUSPICIOUS,Missing monthly_fee,Expired
S001053,,East,Enterprise,2024-11-16,2024-12-24,27966.25,0.0,,Cancelled,Partner,INVALID,Missing customer_id,Cancelled
S001054,C00264,South,Basic,2025-01-10,2025-03-22,59751.73,0.0,,Expired,Website,VALID,No issues detected,Expired
,C01620,North,Pro,2025-08-29,,54509.57,128.0,Y,Cancelled,Website,INVALID,Missing subscription_id; Discount_pct outside 0-100 range,Cancelled
S001056,C00839,Central,Enterprise,2024-07-26,2024-10-25,25792.84,-16.0,N,Expired,Partner,INVALID,Discount_pct outside 0-100 range,Expired
S001057,C00328,West,Growth,2024-12-18,2025-03-06,42656.69,-2.0,,Trial,Marketplace,INVALID,Discount_pct outside 0-100 range,Trial
S001058,C00563,Central,,2025-07-23,2025-09-23,10164.36,-17.0,Y,Active,Partner,INVALID,Discount_pct outside 0-100 range,Active
S001059,,East,Pro,2025-08-12,2025-06-18,51642.81,31.0,Y,Cancelled,,INVALID,Missing customer_id; Renewal date earlier than signup date,Cancelled
S001060,C00678,West,Growth,2025-09-15,2025-08-24,,0.0,Y,Cancelled,Inside Sales,INVALID,Renewal date earlier than signup date; Missing monthly_fee,Cancelled
S001061,C01226,,,2024-07-28,2024-11-24,1184.54,120.0,N,Trial,Partner,INVALID,Discount_pct outside 0-100 range,Trial
S001062,C01086,South,Growth,2024-01-08,2024-02-28,68205.45,-20.0,N,Cancelled,,INVALID,Discount_pct outside 0-100 range,Cancelled
S001063,C00165,North,Pro,2024-12-21,2025-09-19,,-5.0,,Active,Partner,INVALID,Missing monthly_fee; Discount_pct outside 0-100 range,Active
S001064,C01754,,Basic,2024-09-05,2024-12-22,52502.94,-1.0,Y,Expired,Partner,INVALID,Discount_pct outside 0-100 range,Expired
S001065,C00445,South,Pro,2024-11-15,2025-07-24,,-14.0,,Cancelled,Inside Sales,INVALID,Missing monthly_fee; Discount_pct outside 0-100 range,Cancelled
S001066,C00348,East,Basic,2025-04-18,,15810.39,155.0,N,Active,Website,INVALID,Discount_pct outside 0-100 range; Active subscription with missing/implausible renewal date,Active
S001067,C01574,,,2024-06-19,,78713.63,52.0,,Expired,Inside Sales,VALID,No issues detected,Expired
S001068,C01588,East,,2025-01-27,2025-04-25,20591.1,0.0,,Expired,,VALID,No issues detected,Expired
S001069,C00883,South,Pro,2024-08-25,2024-12-31,663.29,110.0,N,Cancelled,Website,INVALID,Discount_pct outside 0-100 range,Cancelled
S001070,C01554,East,Enterprise,2024-01-25,2024-04-14,52789.86,126.0,,Trial,Website,INVALID,Discount_pct outside 0-100 range,Trial
S001071,C00379,East,Basic,2025-05-02,,52956.34,-9.0,,,Website,INVALID,Discount_pct outside 0-100 range; Missing subscription_status,Nan
S001072,C00716,,Basic,2025-09-20,2025-08-10,30148.89,-23.0,N,Expired,Marketplace,INVALID,Renewal date earlier than signup date; Discount_pct outside 0-100 range,Expired
S001073,,West,Basic,2024-10-11,2025-03-31,57580.09,14.0,N,Active,,INVALID,Missing customer_id,Active
S001074,C00046,South,Growth,2025-06-01,2025-12-18,49686.1,49.0,,Trial,Inside Sales,VALID,No issues detected,Trial
S001075,C00966,,Growth,2025-10-12,2026-01-11,46481.09,53.0,Y,Active,,VALID,No issues detected,Active
S001076,C01506,North,Basic,2025-01-09,2025-05-28,73799.16,-4.0,Y,Expired,Marketplace,INVALID,Discount_pct outside 0-100 range,Expired
S001077,C00871,Central,,2024-11-15,2024-12-03,52395.16,20.0,,,Partner,SUSPICIOUS,Missing subscription_status,Nan
S001078,C01625,North,Enterprise,2025-03-11,2026-01-09,39114.95,0.0,Y,Expired,Inside Sales,VALID,No issues detected,Expired
S001079,,North,,2025-06-28,2025-09-12,77528.83,-9.0,Y,,Partner,INVALID,Missing customer_id; Discount_pct outside 0-100 range; Missing subscription_status,Nan
S001080,C01790,West,Basic,2025-05-09,2025-07-29,8532.9,70.0,,Trial,Partner,VALID,No issues detected,Trial
S001081,C01377,West,,2025-11-01,,,8.0,,,,SUSPICIOUS,Missing monthly_fee; Missing subscription_status,Nan
S001082,C01422,South,,2025-03-25,2026-02-12,-51347.29,47.0,N,Expired,Inside Sales,INVALID,Negative monthly_fee,Expired
S001083,C00161,,Pro,2024-08-08,2024-07-25,59395.2,107.0,Y,,Inside Sales,INVALID,Renewal date earlier than signup date; Discount_pct outside 0-100 range; Missing subscription_status,Nan
S001084,C00466,South,,2025-02-13,2026-03-02,56459.63,0.0,,Cancelled,,VALID,No issues detected,Cancelled
S001085,C00468,Central,Growth,2025-01-16,2025-06-26,49783.66,0.0,,,Website,SUSPICIOUS,Missing subscription_status,Nan
S001086,C01456,East,Enterprise,2024-02-11,2025-01-25,62316.42,69.0,,,Inside Sales,SUSPICIOUS,Missing subscription_status,Nan
S001087,C00079,South,Enterprise,2025-09-05,,,0.0,,Cancelled,Website,SUSPICIOUS,Missing monthly_fee,Cancelled
S001088,C01388,Central,Basic,2024-03-23,2024-10-14,-17126.49,49.0,Y,Active,Partner,INVALID,Negative monthly_fee,Active
S001089,C01164,,Enterprise,2025-02-13,2026-02-05,-28622.53,27.0,N,Cancelled,Inside Sales,INVALID,Negative monthly_fee,Cancelled
S001090,C01635,West,Growth,2025-07-28,2026-06-04,55441.02,30.0,Y,Cancelled,Website,VALID,No issues detected,Cancelled
S001091,C00472,Central,Growth,2024-06-13,2024-08-16,1674.28,0.0,Y,Active,,VALID,No issues detected,Active
S001092,,,Pro,2025-06-04,,66845.84,116.0,,Cancelled,Website,INVALID,Missing customer_id; Discount_pct outside 0-100 range,Cancelled
S001093,C00558,East,Enterprise,2024-04-13,2025-03-06,47259.2,106.0,,Cancelled,Partner,INVALID,Discount_pct outside 0-100 range,Cancelled
S001094,C01216,South,,2025-03-20,2026-04-10,,-3.0,Y,Trial,Marketplace,INVALID,Missing monthly_fee; Discount_pct outside 0-100 range,Trial
S001095,C01795,,Growth,2024-02-08,,43119.68,0.0,Y,Cancelled,Marketplace,VALID,No issues detected,Cancelled
S001096,C00639,Central,,2025-10-14,2026-12-07,2426.22,-16.0,N,Cancelled,Partner,INVALID,Discount_pct outside 0-100 range,Cancelled
S001097,C00358,South,,2025-01-24,2025-10-13,28047.31,132.0,Y,,Partner,INVALID,Discount_pct outside 0-100 range; Missing subscription_status,Nan
S001098,C01670,,Basic,2024-12-18,2025-11-28,38375.12,-28.0,N,Active,Marketplace,INVALID,Discount_pct outside 0-100 range,Active
S001099,C01310,,,2024-11-02,2024-12-02,73011.95,-8.0,Y,Active,Inside Sales,INVALID,Discount_pct outside 0-100 range,Active
S001100,C01770,Central,Pro,2025-08-15,2025-07-03,45146.34,31.0,Y,Trial,Marketplace,INVALID,Renewal date earlier than signup date,Trial
S001101,C00824,North,Basic,2024-08-20,,77207.64,-2.0,,Trial,Marketplace,INVALID,Discount_pct outside 0-100 range,Trial
S001102,C00105,Central,Enterprise,2024-01-31,2024-05-17,,0.0,,,Marketplace,SUSPICIOUS,Missing monthly_fee; Missing subscription_status,Nan
S001103,C00972,South,Enterprise,2025-10-10,2026-05-08,6791.77,-30.0,N,Expired,Inside Sales,INVALID,Discount_pct outside 0-100 range,Expired
S001104,C00177,South,Pro,2024-03-30,2025-05-15,5016.92,-17.0,Y,Cancelled,Marketplace,INVALID,Discount_pct outside 0-100 range,Cancelled
S001105,C00621,,,2024-11-22,2025-11-07,79488.12,0.0,Y,Active,Marketplace,VALID,No issues detected,Active
S001106,C00098,South,Enterprise,2025-04-17,2026-05-29,34202.63,70.0,N,Active,,VALID,No issues detected,Active
S001107,C00117,,Enterprise,2025-09-09,2025-09-27,-26585.06,135.0,N,,Partner,INVALID,Negative monthly_fee; Discount_pct outside 0-100 range; Missing subscription_status,Nan
S001108,C01108,South,Enterprise,2024-08-20,2024-07-11,53185.81,113.0,,Active,,INVALID,Renewal date earlier than signup date; Discount_pct outside 0-100 range,Active
S001109,,,Enterprise,2024-02-10,2025-03-26,42748.04,151.0,,Expired,Website,INVALID,Missing customer_id; Discount_pct outside 0-100 range,Expired
S001110,C00767,West,Basic,2024-06-12,2025-06-02,56970.45,-11.0,,Expired,Marketplace,INVALID,Discount_pct outside 0-100 range,Expired
S001111,C00341,,Growth,2025-02-18,2025-01-31,54422.46,158.0,,,Partner,INVALID,Renewal date earlier than signup date; Discount_pct outside 0-100 range; Missing subscription_status,Nan
S001112,C00384,East,Growth,2025-09-02,2025-12-21,-56564.52,0.0,Y,,Inside Sales,INVALID,Negative monthly_fee; Missing subscription_status,Nan
S001113,C00679,East,Enterprise,2025-06-04,2025-09-21,,0.0,,Cancelled,Website,SUSPICIOUS,Missing monthly_fee,Cancelled
S001114,C00572,West,Pro,2024-07-09,2024-06-15,28839.3,19.0,N,Cancelled,Inside Sales,INVALID,Renewal date earlier than signup date,Cancelled
S001115,C00771,West,Enterprise,2025-11-05,2026-12-29,51463.65,0.0,N,,Partner,SUSPICIOUS,Missing subscription_status,Nan
S001116,C00637,Central,Basic,2024-03-12,2024-10-24,72703.95,-17.0,N,Trial,Inside Sales,INVALID,Discount_pct outside 0-100 range,Trial
S001117,,South,Growth,2025-10-24,2026-08-25,,0.0,,,Inside Sales,INVALID,Missing customer_id; Missing monthly_fee; Missing subscription_status,Nan
S001118,,,,2024-03-13,2024-11-15,54190.01,135.0,Y,Active,Inside Sales,INVALID,Missing customer_id; Discount_pct outside 0-100 range,Active
S001119,C00651,Central,Enterprise,2024-01-07,2024-09-20,-72015.82,-29.0,N,,Website,INVALID,Negative monthly_fee; Discount_pct outside 0-100 range; Missing subscription_status,Nan
S001120,C00414,West,Pro,2024-12-29,2025-11-14,47142.17,-19.0,,,Website,INVALID,Discount_pct outside 0-100 range; Missing subscription_status,Nan
S001121,C01074,West,Pro,2024-09-27,2025-04-27,26090.81,-6.0,N,Active,,INVALID,Discount_pct outside 0-100 range,Active
S001122,C00703,West,Enterprise,2024-11-12,2025-05-01,6000.08,0.0,,Cancelled,Marketplace,VALID,No issues detected,Cancelled
S001123,C00823,West,Enterprise,2025-08-05,,13548.19,0.0,Y,Trial,Website,VALID,No issues detected,Trial
S001124,C01537,West,Pro,2024-02-25,2024-04-18,4620.14,0.0,Y,Cancelled,Partner,VALID,No issues detected,Cancelled
S001125,C01505,North,Basic,2025-05-24,2025-11-05,1859.66,42.0,N,Cancelled,Inside Sales,VALID,No issues detected,Cancelled
S001126,C01149,,Pro,2024-07-21,2024-08-25,7780.22,126.0,N,Cancelled,,INVALID,Discount_pct outside 0-100 range,Cancelled
,C01455,East,Basic,2024-11-01,2025-09-21,21746.12,37.0,,Trial,Marketplace,INVALID,Missing subscription_id,Trial
S001128,C00768,South,,2024-07-25,2025-08-22,72975.64,119.0,,Expired,,INVALID,Discount_pct outside 0-100 range,Expired
S001129,C00829,East,Pro,2025-09-09,2025-09-07,75950.38,101.0,N,Trial,Marketplace,INVALID,Renewal date earlier than signup date; Discount_pct outside 0-100 range,Trial
S001130,C00677,Central,Enterprise,2024-01-14,2024-11-10,,-13.0,N,Trial,Website,INVALID,Missing monthly_fee; Discount_pct outside 0-100 range,Trial
,C00051,Central,Enterprise,2025-07-25,2025-08-18,73295.03,-11.0,N,,Partner,INVALID,Missing subscription_id; Discount_pct outside 0-100 range; Missing subscription_status,Nan
S001132,C01453,,Growth,2024-05-28,2025-02-22,15354.08,24.0,Y,,,SUSPICIOUS,Missing subscription_status,Nan
S001133,,West,Basic,2025-08-16,2025-11-29,26615.73,-11.0,Y,,Website,INVALID,Missing customer_id; Discount_pct outside 0-100 range; Missing subscription_status,Nan
S001134,C01235,East,Enterprise,2025-11-09,2026-03-20,58319.22,6.0,Y,Cancelled,Website,VALID,No issues detected,Cancelled
,C01122,,Enterprise,2024-08-08,2024-12-20,11618.96,-11.0,,Trial,Partner,INVALID,Missing subscription_id; Discount_pct outside 0-100 range,Trial
S001136,C00336,,Basic,2024-10-15,2025-08-31,14537.47,141.0,N,,Website,INVALID,Discount_pct outside 0-100 range; Missing subscription_status,Nan
S001137,C00117,South,Growth,2025-11-02,2026-04-02,51844.3,-18.0,,Cancelled,Website,INVALID,Discount_pct outside 0-100 range,Cancelled
S001138,C01231,East,Pro,2024-11-23,2025-03-30,31581.13,24.0,,Expired,Partner,VALID,No issues detected,Expired
S001139,C00238,Central,Pro,2024-12-30,2025-05-29,69563.96,0.0,,Trial,Website,VALID,No issues detected,Trial
S001140,C01308,East,Basic,2025-06-13,2025-09-09,48388.7,47.0,,Cancelled,Website,VALID,No issues detected,Cancelled
S001141,C01127,North,Enterprise,2025-07-01,2026-01-06,63537.35,150.0,N,Active,,INVALID,Discount_pct outside 0-100 range,Active
S001142,C00471,South,Enterprise,2024-05-08,2024-08-29,67106.17,0.0,,Expired,Website,VALID,No issues detected,Expired
S001143,C00766,South,Pro,2024-07-22,,54089.47,0.0,Y,Cancelled,Inside Sales,VALID,No issues detected,Cancelled
S001144,C01370,East,,2025-09-04,,70047.98,140.0,,Cancelled,Partner,INVALID,Discount_pct outside 0-100 range,Cancelled
S001145,C00997,South,Growth,2024-07-06,2025-06-05,-20903.12,120.0,N,Trial,Inside Sales,INVALID,Negative monthly_fee; Discount_pct outside 0-100 range,Trial
S001146,C01627,North,Basic,2024-05-02,2025-03-01,41046.88,0.0,,Expired,Website,VALID,No issues detected,Expired
S001147,C00040,South,Basic,2025-09-15,2026-10-13,78814.4,116.0,N,,Inside Sales,INVALID,Discount_pct outside 0-100 range; Missing subscription_status,Nan
S001148,C01432,East,Pro,2025-07-14,2025-10-29,38181.41,0.0,N,Cancelled,Website,VALID,No issues detected,Cancelled
S001149,C01387,,Pro,2025-04-03,2025-10-03,49927.04,69.0,N,Expired,Inside Sales,VALID,No issues detected,Expired
S001150,C00326,,Growth,2024-09-08,2025-02-04,24653.9,-29.0,Y,Active,Inside Sales,INVALID,Discount_pct outside 0-100 range,Active
S001151,C00436,East,Basic,2024-01-16,2024-03-16,78873.09,-21.0,,Expired,Marketplace,INVALID,Discount_pct outside 0-100 range,Expired
S001152,C00713,,,2024-06-12,2025-02-20,45325.85,-20.0,N,,Website,INVALID,Discount_pct outside 0-100 range; Missing subscription_status,Nan
S001153,C01303,South,Pro,2024-01-27,,,59.0,Y,Trial,Website,SUSPICIOUS,Missing monthly_fee,Trial
S001154,C00983,,,2024-02-13,2024-05-11,15664.58,-6.0,Y,,Partner,INVALID,Discount_pct outside 0-100 range; Missing subscription_status,Nan
S001155,C01616,,Growth,2025-02-12,2026-01-05,7759.2,102.0,,,Website,INVALID,Discount_pct outside 0-100 range; Missing subscription_status,Nan
S001156,C01409,East,Growth,2024-12-01,,57293.56,20.0,N,Cancelled,Inside Sales,VALID,No issues detected,Cancelled
S001157,C00969,South,,2024-01-22,2024-09-24,-11430.08,103.0,N,Active,Inside Sales,INVALID,Negative monthly_fee; Discount_pct outside 0-100 range,Active
S001158,C01098,East,Basic,2025-04-08,,5699.11,119.0,Y,,,INVALID,Discount_pct outside 0-100 range; Missing subscription_status,Nan
S001159,C00793,North,Enterprise,2025-04-02,,6389.75,48.0,,Active,Marketplace,SUSPICIOUS,Active subscription with missing/implausible renewal date,Active
S001160,C01580,South,Basic,2025-06-10,2026-02-25,44083.12,0.0,N,Active,,VALID,No issues detected,Active
S001161,C01747,West,Pro,2024-09-22,2025-03-12,3528.41,-6.0,Y,Trial,Marketplace,INVALID,Discount_pct outside 0-100 range,Trial
S001162,C00045,South,Growth,2025-07-14,2026-09-01,75550.06,-27.0,N,Trial,Marketplace,INVALID,Discount_pct outside 0-100 range,Trial
S001163,C01319,South,Enterprise,2025-04-03,2025-08-10,39929.99,46.0,Y,Expired,Website,VALID,No issues detected,Expired
S001164,C01729,South,Basic,2025-10-19,2026-09-24,25718.53,0.0,N,Cancelled,Marketplace,VALID,No issues detected,Cancelled
S001165,C01077,East,Enterprise,2025-06-28,2025-08-24,79636.92,26.0,N,Trial,Partner,VALID,No issues detected,Trial
,C00581,,Pro,2025-03-11,2025-10-16,39494.11,0.0,N,Cancelled,Website,INVALID,Missing subscription_id,Cancelled
S001167,C00070,North,Pro,2025-03-26,2026-05-13,-67379.63,7.0,Y,Expired,Partner,INVALID,Negative monthly_fee,Expired
S001168,C00193,West,Growth,2024-02-03,2024-03-25,61728.02,-7.0,Y,Active,,INVALID,Discount_pct outside 0-100 range,Active
S001169,C00084,South,Basic,2024-11-10,2025-05-03,60876.76,0.0,Y,Active,Marketplace,VALID,No issues detected,Active
S001170,C01277,Central,,2025-06-13,2025-10-18,56105.77,115.0,Y,Trial,Inside Sales,INVALID,Discount_pct outside 0-100 range,Trial
S001171,C01157,Central,,2024-03-02,2025-03-19,48622.02,131.0,Y,Cancelled,,INVALID,Discount_pct outside 0-100 range,Cancelled
S001172,C01425,East,Growth,2025-11-26,2026-12-15,61719.1,0.0,Y,Expired,Inside Sales,VALID,No issues detected,Expired
S001173,C00436,South,Basic,2024-04-23,2025-02-07,50729.01,-21.0,,Expired,Partner,INVALID,Discount_pct outside 0-100 range,Expired
S001174,,,Enterprise,2025-09-15,2025-07-21,22838.77,137.0,N,Trial,Partner,INVALID,Missing customer_id; Renewal date earlier than signup date; Discount_pct outside 0-100 range,Trial
S001175,C01256,South,Growth,2024-07-10,2024-12-24,79650.45,-3.0,,,Website,INVALID,Discount_pct outside 0-100 range; Missing subscription_status,Nan
S001176,C00561,North,Enterprise,2024-07-18,2025-02-01,21959.69,0.0,,Trial,Website,VALID,No issues detected,Trial
S001177,C00119,East,,2025-05-29,2025-11-30,75130.36,0.0,,Cancelled,Partner,VALID,No issues detected,Cancelled
S001178,C00695,Central,Basic,2024-10-15,2025-10-14,62519.0,-17.0,Y,,Partner,INVALID,Discount_pct outside 0-100 range; Missing subscription_status,Nan
S001179,C00635,South,Pro,2024-12-10,2025-04-28,78794.17,138.0,N,Trial,Marketplace,INVALID,Discount_pct outside 0-100 range,Trial
S001180,C00330,,,2025-04-07,2025-06-04,24112.95,18.0,N,Active,Inside Sales,VALID,No issues detected,Active
S001181,,,Enterprise,2025-11-07,2025-10-26,26106.95,54.0,N,Expired,Website,INVALID,Missing customer_id; Renewal date earlier than signup date,Expired
S001182,C00838,,,2024-10-14,2025-06-12,1732.22,-5.0,N,Active,Website,INVALID,Discount_pct outside 0-100 range,Active
S001183,C00484,Central,Basic,2025-05-23,2025-08-25,47230.55,35.0,,Expired,Partner,VALID,No issues detected,Expired
S001184,C01732,West,Growth,2024-11-23,2025-07-26,18689.92,-27.0,,Active,Marketplace,INVALID,Discount_pct outside 0-100 range,Active
S001185,C01336,Central,Basic,2025-01-13,2025-10-04,15080.84,28.0,Y,,Partner,SUSPICIOUS,Missing subscription_status,Nan
S001186,,North,Pro,2024-08-11,2025-08-10,-35952.44,33.0,N,,Marketplace,INVALID,Missing customer_id; Negative monthly_fee; Missing subscription_status,Nan
,C01314,North,Pro,2025-05-28,2025-09-22,63778.74,0.0,N,Trial,,INVALID,Missing subscription_id,Trial
S001188,C01360,Central,Enterprise,2025-05-04,,13256.98,121.0,N,Expired,Partner,INVALID,Discount_pct outside 0-100 range,Expired
S001189,C00171,South,Pro,2025-03-29,2025-06-15,49008.6,18.0,Y,Cancelled,Partner,VALID,No issues detected,Cancelled
S001190,C00295,Central,Pro,2024-10-29,2025-09-09,23756.82,115.0,Y,,Website,INVALID,Discount_pct outside 0-100 range; Missing subscription_status,Nan
S001191,C01505,South,Pro,2025-05-22,2026-03-02,27561.09,10.0,,Active,Partner,VALID,No issues detected,Active
S001192,C00971,West,Pro,2024-12-22,2025-10-20,-1510.28,0.0,Y,Active,Marketplace,INVALID,Negative monthly_fee,Active
S001193,C00553,,Enterprise,2024-05-24,2024-10-22,54914.41,32.0,N,Cancelled,Marketplace,VALID,No issues detected,Cancelled
S001194,C00309,North,Pro,2024-09-21,,,-17.0,N,Expired,Marketplace,INVALID,Missing monthly_fee; Discount_pct outside 0-100 range,Expired
S001195,C00455,,Growth,2024-11-10,2025-12-23,30388.13,122.0,,Active,Website,INVALID,Discount_pct outside 0-100 range,Active
S001196,C01029,,Pro,2025-06-27,2025-09-01,15210.37,-15.0,Y,Active,Marketplace,INVALID,Discount_pct outside 0-100 range,Active
S001197,C01504,Central,Basic,2025-01-19,2026-03-04,20417.23,-7.0,N,Trial,Inside Sales,INVALID,Discount_pct outside 0-100 range,Trial
S001198,C01477,Central,Enterprise,2024-10-06,2025-09-07,64213.01,30.0,,Expired,Partner,VALID,No issues detected,Expired
S001199,C00680,,Basic,2025-05-03,2025-07-09,17283.44,0.0,N,Trial,Inside Sales,VALID,No issues detected,Trial
S001200,C01075,West,Basic,2024-10-06,2024-11-20,,0.0,N,Expired,Marketplace,SUSPICIOUS,Missing monthly_fee,Expired
S001201,C00485,Central,Enterprise,2024-08-17,2025-02-15,8453.04,0.0,N,Cancelled,Marketplace,VALID,No issues detected,Cancelled
S001202,C01620,Central,Basic,2025-02-06,2025-01-14,-36466.39,133.0,,Trial,Website,INVALID,Renewal date earlier than signup date; Negative monthly_fee; Discount_pct outside 0-100 range,Trial
S001203,C01279,,Pro,2025-05-15,2025-09-14,9789.45,-5.0,Y,Trial,Website,INVALID,Discount_pct outside 0-100 range,Trial
S001204,C00019,West,Basic,2025-07-28,2026-08-04,73598.0,-25.0,,Active,Marketplace,INVALID,Discount_pct outside 0-100 range,Active
S001205,C00483,Central,Enterprise,2025-05-25,2025-09-05,38824.2,-30.0,N,Cancelled,Inside Sales,INVALID,Discount_pct outside 0-100 range,Cancelled
S001206,C01012,Central,Growth,2024-07-24,2025-02-10,6845.1,19.0,N,Expired,Partner,VALID,No issues detected,Expired
S001207,C01342,Central,Enterprise,2025-02-14,2025-07-09,45058.33,-2.0,Y,Trial,Inside Sales,INVALID,Discount_pct outside 0-100 range,Trial
S001208,C00253,Central,Basic,2025-09-15,2026-09-27,68037.06,0.0,Y,,Inside Sales,SUSPICIOUS,Missing subscription_status,Nan
S001209,C00505,West,Basic,2025-06-16,2025-10-21,70549.88,-15.0,,Trial,Website,INVALID,Discount_pct outside 0-100 range,Trial
S001210,C00393,West,Growth,2025-09-08,,35698.74,0.0,N,Active,Website,SUSPICIOUS,Active subscription with missing/implausible renewal date,Active
S001211,C00917,Central,Basic,2024-03-31,2024-08-12,63038.56,129.0,N,Expired,Inside Sales,INVALID,Discount_pct outside 0-100 range,Expired
S001212,C00287,West,Growth,2025-11-13,2026-12-25,-15631.76,-21.0,,Cancelled,Inside Sales,INVALID,Negative monthly_fee; Discount_pct outside 0-100 range,Cancelled
S001213,C00283,East,Pro,2025-11-06,,4069.61,0.0,,Active,,SUSPICIOUS,Active subscription with missing/implausible renewal date,Active
S001214,C00098,West,,2024-02-22,2024-11-26,75185.12,-20.0,,Active,Inside Sales,INVALID,Discount_pct outside 0-100 range,Active
S001215,C01262,Central,,2025-09-20,2026-09-21,-40923.18,0.0,,Trial,Website,INVALID,Negative monthly_fee,Trial
S001216,C00152,,Basic,2025-05-23,,24248.54,-12.0,Y,,Inside Sales,INVALID,Discount_pct outside 0-100 range; Missing subscription_status,Nan
S001217,C01158,Central,,2025-03-04,2026-04-27,62226.49,0.0,N,Active,Partner,VALID,No issues detected,Active
S001218,C00550,East,Pro,2024-12-23,2025-07-07,14693.78,0.0,,,Inside Sales,SUSPICIOUS,Missing subscription_status,Nan
S001219,C00097,East,Growth,2024-02-27,2024-09-09,78367.87,-21.0,N,,,INVALID,Discount_pct outside 0-100 range; Missing subscription_status,Nan
,C01737,North,Pro,2024-01-25,2024-09-12,21120.16,151.0,N,Trial,Website,INVALID,Missing subscription_id; Discount_pct outside 0-100 range,Trial
S001221,C01495,West,Pro,2025-10-15,2026-01-18,6168.81,34.0,N,Active,Website,VALID,No issues detected,Active
,C00461,,,2025-01-22,2025-08-24,,-13.0,Y,Expired,Inside Sales,INVALID,Missing subscription_id; Missing monthly_fee; Discount_pct outside 0-100 range,Expired
S001223,C00043,South,,2025-09-01,2025-12-09,,52.0,Y,Expired,Marketplace,SUSPICIOUS,Missing monthly_fee,Expired
S001224,C01055,Central,Enterprise,2024-04-04,2024-06-09,30984.19,0.0,,,,SUSPICIOUS,Missing subscription_status,Nan
S001225,C01147,,Enterprise,2025-05-06,,35169.95,-19.0,N,Trial,,INVALID,Discount_pct outside 0-100 range,Trial
S001226,C01564,Central,Basic,2025-03-16,2026-05-06,30191.54,147.0,N,Expired,Marketplace,INVALID,Discount_pct outside 0-100 range,Expired
S001227,C01633,West,,2024-05-16,2024-06-12,51090.58,-28.0,,Trial,Marketplace,INVALID,Discount_pct outside 0-100 range,Trial
S001228,,,Pro,2024-07-20,2024-11-03,62862.62,-6.0,,Active,,INVALID,Missing customer_id; Discount_pct outside 0-100 range,Active
S001229,C01721,East,Enterprise,2024-01-14,2024-05-25,69918.24,-27.0,Y,Cancelled,Marketplace,INVALID,Discount_pct outside 0-100 range,Cancelled
S001230,,North,Pro,2024-03-18,,2190.4,0.0,,Expired,Partner,INVALID,Missing customer_id,Expired
S001231,C01638,Central,Basic,2025-05-28,,16249.75,0.0,Y,Active,Partner,SUSPICIOUS,Active subscription with missing/implausible renewal date,Active
S001232,C00476,North,Enterprise,2025-01-25,2025-03-05,78862.16,156.0,,Expired,,INVALID,Discount_pct outside 0-100 range,Expired
S001233,C00652,South,Pro,2024-03-15,2024-05-15,18958.95,0.0,,Active,Marketplace,VALID,No issues detected,Active
S001234,C01733,,Enterprise,2025-11-04,2026-12-21,10215.28,-7.0,Y,Cancelled,,INVALID,Discount_pct outside 0-100 range,Cancelled
S001235,C00125,East,Growth,2024-04-15,2024-05-22,,66.0,Y,Trial,Marketplace,SUSPICIOUS,Missing monthly_fee,Trial
S001236,C01316,South,Pro,2024-03-18,,10897.77,119.0,Y,Expired,,INVALID,Discount_pct outside 0-100 range,Expired
,C01000,West,,2025-03-26,2025-02-02,32723.66,31.0,,Expired,Marketplace,INVALID,Missing subscription_id; Renewal date earlier than signup date,Expired
S001238,C01509,West,Pro,2025-04-11,2026-05-20,58821.62,0.0,N,Expired,Website,VALID,No issues detected,Expired
S001239,C00380,North,Enterprise,2025-11-28,2026-12-16,42074.18,126.0,Y,Trial,Website,INVALID,Discount_pct outside 0-100 range,Trial
S001240,C00421,,Enterprise,2024-11-08,2025-01-30,62314.28,0.0,,,Inside Sales,SUSPICIOUS,Missing subscription_status,Nan
S001241,C01396,South,Growth,2024-06-20,2024-06-18,24173.25,153.0,N,Trial,Website,INVALID,Renewal date earlier than signup date; Discount_pct outside 0-100 range,Trial
S001242,C01527,,Pro,2024-06-10,2024-04-17,70725.62,0.0,,Trial,Partner,INVALID,Renewal date earlier than signup date,Trial
S001243,C01734,North,Growth,2024-08-20,2025-03-23,65565.86,36.0,,,Marketplace,SUSPICIOUS,Missing subscription_status,Nan
S001244,C01770,North,Pro,2024-09-12,2025-04-19,,102.0,Y,Expired,Website,INVALID,Missing monthly_fee; Discount_pct outside 0-100 range,Expired
,C00328,West,Growth,2024-11-04,2025-12-28,21663.68,146.0,N,Active,Website,INVALID,Missing subscription_id; Discount_pct outside 0-100 range,Active
S001246,C00362,,Basic,2025-06-18,2026-02-04,26065.36,126.0,Y,Cancelled,Marketplace,INVALID,Discount_pct outside 0-100 range,Cancelled
S001247,C00442,West,Basic,2024-03-08,2024-12-18,52925.32,0.0,Y,Active,Partner,VALID,No issues detected,Active
S001248,C00331,,,2025-05-20,2026-02-19,38819.96,0.0,,Cancelled,Marketplace,VALID,No issues detected,Cancelled
S001249,C01283,Central,Basic,2024-04-01,2024-11-21,6166.39,-27.0,N,Trial,Website,INVALID,Discount_pct outside 0-100 range,Trial
,C00718,East,,2025-02-21,2025-02-12,43248.28,106.0,N,Trial,,INVALID,Missing subscription_id; Renewal date earlier than signup date; Discount_pct outside 0-100 range,Trial
S001251,C00401,East,Pro,2024-10-17,2025-08-14,35501.12,154.0,,,Marketplace,INVALID,Discount_pct outside 0-100 range; Missing subscription_status,Nan
S001252,C01742,Central,Pro,2024-09-16,2025-04-06,17054.34,128.0,,Expired,Marketplace,INVALID,Discount_pct outside 0-100 range,Expired
S001253,C01131,Central,,2025-01-16,2025-08-14,66697.94,56.0,,Cancelled,,VALID,No issues detected,Cancelled
S001254,C00947,Central,Enterprise,2025-02-05,2024-12-21,78099.76,-30.0,,,Website,INVALID,Renewal date earlier than signup date; Discount_pct outside 0-100 range; Missing subscription_status,Nan
,C00223,East,Growth,2024-01-18,2023-12-03,28119.27,136.0,,Active,Website,INVALID,Missing subscription_id; Renewal date earlier than signup date; Discount_pct outside 0-100 range,Active
S001256,C01740,West,Growth,2025-07-28,2025-06-05,4300.13,0.0,N,Expired,Inside Sales,INVALID,Renewal date earlier than signup date,Expired
S001257,C00794,,Growth,2024-01-25,,73540.6,0.0,,Cancelled,Marketplace,VALID,No issues detected,Cancelled
S001258,C01384,West,Growth,2024-04-26,2024-07-18,29455.57,102.0,N,Cancelled,Website,INVALID,Discount_pct outside 0-100 range,Cancelled
S001259,C01388,East,Enterprise,2024-10-05,2025-02-10,79747.85,42.0,Y,Trial,,VALID,No issues detected,Trial
S001260,C01493,,Basic,2025-08-13,,9331.05,0.0,N,Cancelled,,VALID,No issues detected,Cancelled
S001261,C01321,South,,2025-07-30,2026-03-03,22942.53,-20.0,N,Trial,Inside Sales,INVALID,Discount_pct outside 0-100 range,Trial
S001262,C00561,Central,Enterprise,2025-01-14,2026-02-25,,0.0,N,Trial,Website,SUSPICIOUS,Missing monthly_fee,Trial
S001263,C00911,East,Basic,2024-03-17,2024-12-29,78819.13,9.0,,Cancelled,Partner,VALID,No issues detected,Cancelled
S001264,,South,Basic,2025-06-28,2025-05-09,,-1.0,N,Active,Website,INVALID,Missing customer_id; Renewal date earlier than signup date; Missing monthly_fee; Discount_pct outside 0-100 range,Active
S001265,C00918,East,Growth,2024-07-18,2024-10-02,39229.62,133.0,N,,Partner,INVALID,Discount_pct outside 0-100 range; Missing subscription_status,Nan
S001266,C00442,North,Growth,2024-02-23,2025-01-21,,40.0,,Expired,,SUSPICIOUS,Missing monthly_fee,Expired
S001267,C00735,South,Basic,2025-04-09,2025-11-14,66874.33,110.0,Y,Cancelled,Marketplace,INVALID,Discount_pct outside 0-100 range,Cancelled
S001268,C00920,West,Enterprise,2024-05-10,2025-05-20,5772.85,-4.0,N,Cancelled,Partner,INVALID,Discount_pct outside 0-100 range,Cancelled
S001269,C00965,South,Basic,2025-05-02,2025-08-16,60542.45,52.0,Y,Trial,Website,VALID,No issues detected,Trial
S001270,C00752,South,,2025-11-24,2026-06-09,36964.22,-15.0,N,,Inside Sales,INVALID,Discount_pct outside 0-100 range; Missing subscription_status,Nan
S001271,C01731,West,,2025-07-08,2025-08-28,,-30.0,N,,,INVALID,Missing monthly_fee; Discount_pct outside 0-100 range; Missing subscription_status,Nan
S001272,C01508,West,Basic,2024-01-18,2025-01-06,10683.39,135.0,N,Expired,Inside Sales,INVALID,Discount_pct outside 0-100 range,Expired
S001273,C00943,North,Growth,2025-05-15,2026-04-27,35752.24,56.0,N,Trial,,VALID,No issues detected,Trial
S001274,C00031,West,Enterprise,2024-09-28,2025-07-24,60548.3,66.0,N,,Website,SUSPICIOUS,Missing subscription_status,Nan
S001275,C01172,South,Enterprise,2024-03-01,2024-05-19,22445.68,146.0,Y,,Inside Sales,INVALID,Discount_pct outside 0-100 range; Missing subscription_status,Nan
S001276,C01095,West,Growth,2025-02-14,2025-12-20,77101.24,-13.0,,,Partner,INVALID,Discount_pct outside 0-100 range; Missing subscription_status,Nan
S001277,C00038,East,,2024-11-18,2025-09-07,72354.73,132.0,,Expired,Website,INVALID,Discount_pct outside 0-100 range,Expired
S001278,C01472,West,Enterprise,2024-03-22,,58378.8,-15.0,Y,Cancelled,Marketplace,INVALID,Discount_pct outside 0-100 range,Cancelled
S001279,C00464,East,Basic,2025-01-02,2024-11-07,,-28.0,N,Expired,Marketplace,INVALID,Renewal date earlier than signup date; Missing monthly_fee; Discount_pct outside 0-100 range,Expired
S001280,C00879,North,Enterprise,2024-06-25,2024-07-22,42364.39,16.0,Y,Active,Website,VALID,No issues detected,Active
S001281,C01259,East,Basic,2025-05-11,2025-08-03,72232.39,122.0,,Expired,Inside Sales,INVALID,Discount_pct outside 0-100 range,Expired
S001282,C00280,,Pro,2024-05-23,2024-09-12,12307.51,25.0,,Expired,,VALID,No issues detected,Expired
S001283,C01300,North,Enterprise,2024-10-07,2025-06-20,54963.85,5.0,N,,Inside Sales,SUSPICIOUS,Missing subscription_status,Nan
S001284,C00623,North,Enterprise,2025-06-09,2025-05-02,70409.8,12.0,Y,Expired,Website,INVALID,Renewal date earlier than signup date,Expired
S001285,C01670,North,Enterprise,2025-11-29,2026-07-06,73675.21,27.0,Y,Cancelled,Inside Sales,VALID,No issues detected,Cancelled
S001286,C00179,Central,Pro,2024-04-18,2025-03-19,,14.0,N,Active,,SUSPICIOUS,Missing monthly_fee,Active
S001287,C00486,East,Basic,2025-10-29,2025-11-15,44059.53,121.0,,Active,Website,INVALID,Discount_pct outside 0-100 range,Active
,C00090,West,Enterprise,2025-01-28,,36932.26,0.0,Y,Cancelled,,INVALID,Missing subscription_id,Cancelled
S001289,C01363,North,,2025-01-13,2025-08-27,47888.52,-18.0,Y,,,INVALID,Discount_pct outside 0-100 range; Missing subscription_status,Nan
S001290,C01694,West,Growth,2024-05-01,2024-11-27,,65.0,Y,,,SUSPICIOUS,Missing monthly_fee; Missing subscription_status,Nan
S001291,C01058,South,Basic,2024-05-29,2025-01-16,,0.0,Y,,Marketplace,SUSPICIOUS,Missing monthly_fee; Missing subscription_status,Nan
,C00935,East,Basic,2024-09-10,2024-11-17,,29.0,Y,Trial,Inside Sales,INVALID,Missing subscription_id; Missing monthly_fee,Trial
S001293,C00697,North,Growth,2024-05-13,,-3371.49,123.0,N,Trial,Partner,INVALID,Negative monthly_fee; Discount_pct outside 0-100 range,Trial
S001294,C01165,South,Growth,2025-02-27,,46981.6,0.0,,Expired,Website,VALID,No issues detected,Expired
S001295,C00539,East,,2025-02-20,2026-04-03,59134.6,26.0,,Active,Inside Sales,VALID,No issues detected,Active
S001296,C01400,Central,,2024-12-29,,13521.04,6.0,,,Inside Sales,SUSPICIOUS,Missing subscription_status,Nan
S001297,C00001,South,Growth,2024-09-26,2025-02-07,75864.85,0.0,Y,Expired,Website,VALID,No issues detected,Expired
S001298,C00582,South,Pro,2024-05-10,2024-12-07,37008.44,-11.0,Y,Active,,INVALID,Discount_pct outside 0-100 range,Active
S001299,C00762,Central,Enterprise,2025-09-23,2026-08-02,20263.49,130.0,N,,Partner,INVALID,Discount_pct outside 0-100 range; Missing subscription_status,Nan
S001300,C00132,Central,Growth,2024-02-10,2024-11-12,75862.28,0.0,Y,Active,Partner,VALID,No issues detected,Active
S001301,C00123,West,Growth,2024-02-01,2025-02-12,9137.68,65.0,N,Cancelled,,VALID,No issues detected,Cancelled
S001302,C00498,South,,2025-01-27,2025-07-22,30802.79,68.0,N,Cancelled,,VALID,No issues detected,Cancelled
S001303,C01542,Central,Growth,2024-06-09,2025-07-27,25451.95,0.0,N,Trial,Inside Sales,VALID,No issues detected,Trial
S001304,C00927,West,Pro,2025-04-27,2025-10-29,65050.99,0.0,N,Active,Marketplace,VALID,No issues detected,Active
S001305,C01786,West,Pro,2024-05-22,2024-10-04,31629.01,14.0,N,Active,Marketplace,VALID,No issues detected,Active
S001306,C00323,South,Pro,2025-02-01,2026-02-25,52495.24,-20.0,N,Expired,Website,INVALID,Discount_pct outside 0-100 range,Expired
S001307,C00830,East,Basic,2025-11-17,2026-10-05,34011.75,47.0,N,,Partner,SUSPICIOUS,Missing subscription_status,Nan
S001308,C00631,North,,2025-04-10,2025-07-23,60926.91,41.0,,Cancelled,Partner,VALID,No issues detected,Cancelled
S001309,C01116,East,Basic,2025-04-11,2025-08-23,1222.0,127.0,,Cancelled,Website,INVALID,Discount_pct outside 0-100 range,Cancelled
S001310,C01302,East,Enterprise,2025-07-18,2025-08-05,28148.14,0.0,,Active,Partner,VALID,No issues detected,Active
S001311,C00600,North,Growth,2025-09-16,2026-04-04,12582.73,26.0,,Cancelled,Marketplace,VALID,No issues detected,Cancelled
S001312,C01081,Central,,2024-05-27,2025-02-05,49415.81,-30.0,Y,Cancelled,Partner,INVALID,Discount_pct outside 0-100 range,Cancelled
S001313,C00880,North,Basic,2024-06-05,,8699.24,-10.0,N,Active,Website,INVALID,Discount_pct outside 0-100 range; Active subscription with missing/implausible renewal date,Active
S001314,C01702,West,Basic,2025-04-01,2025-02-16,20657.9,0.0,Y,Active,Partner,INVALID,Renewal date earlier than signup date,Active
S001315,C00170,North,Basic,2024-04-08,2024-11-02,36748.59,-25.0,,Cancelled,,INVALID,Discount_pct outside 0-100 range,Cancelled
S001316,C01478,West,Growth,2025-10-17,,39636.29,-6.0,N,Cancelled,Partner,INVALID,Discount_pct outside 0-100 range,Cancelled
S001317,C01068,,,2024-08-12,2024-12-02,4983.53,0.0,,Trial,Website,VALID,No issues detected,Trial
S001318,C01011,East,,2024-11-28,2025-10-27,66500.99,38.0,Y,Active,Website,VALID,No issues detected,Active
S001319,C01143,East,Pro,2025-06-27,2025-12-17,15115.88,-21.0,N,,Partner,INVALID,Discount_pct outside 0-100 range; Missing subscription_status,Nan
S001320,C01679,North,Pro,2025-08-07,2025-10-26,21380.13,0.0,Y,Expired,Partner,VALID,No issues detected,Expired
S001321,C00044,North,Pro,2025-08-06,2026-07-22,-52752.77,118.0,,,Inside Sales,INVALID,Negative monthly_fee; Discount_pct outside 0-100 range; Missing subscription_status,Nan
S001322,C01046,Central,Enterprise,2025-06-08,2025-04-23,16406.63,58.0,N,Trial,Partner,INVALID,Renewal date earlier than signup date,Trial
S001323,C01642,West,Basic,2024-09-12,2025-10-31,61781.59,-1.0,N,,,INVALID,Discount_pct outside 0-100 range; Missing subscription_status,Nan
S001324,C01421,West,Basic,2025-01-05,2025-05-23,17531.63,53.0,N,Trial,,VALID,No issues detected,Trial
,C01602,East,Enterprise,2025-05-17,2025-05-01,60782.02,143.0,N,Trial,Marketplace,INVALID,Missing subscription_id; Renewal date earlier than signup date; Discount_pct outside 0-100 range,Trial
S001326,C01426,West,,2025-09-09,2026-02-18,8687.98,17.0,N,Cancelled,Partner,VALID,No issues detected,Cancelled
S001327,C00486,West,Enterprise,2024-09-02,2024-07-07,-21203.3,40.0,N,Active,Inside Sales,INVALID,Renewal date earlier than signup date; Negative monthly_fee,Active
S001328,C00497,South,Enterprise,2024-10-02,2025-07-17,-68472.7,-6.0,N,Trial,Partner,INVALID,Negative monthly_fee; Discount_pct outside 0-100 range,Trial
S001329,C01515,East,,2024-04-19,2024-12-22,52636.88,0.0,Y,Cancelled,,VALID,No issues detected,Cancelled
S001330,C00869,West,Growth,2025-08-24,2026-07-06,26274.13,0.0,N,,Partner,SUSPICIOUS,Missing subscription_status,Nan
S001331,C01013,West,Pro,2024-04-07,2024-11-22,,0.0,N,,Website,SUSPICIOUS,Missing monthly_fee; Missing subscription_status,Nan
S001332,C00914,East,Basic,2024-03-16,2024-09-04,25875.14,32.0,N,Cancelled,Inside Sales,VALID,No issues detected,Cancelled
S001333,C01099,North,Growth,2025-04-22,2025-04-17,10381.06,-17.0,,Active,Marketplace,INVALID,Renewal date earlier than signup date; Discount_pct outside 0-100 range,Active
S001334,C01396,North,Basic,2024-05-07,2025-01-07,77959.47,0.0,,Active,Inside Sales,VALID,No issues detected,Active
S001335,C00714,,Pro,2025-10-05,2025-12-27,,0.0,Y,Cancelled,Partner,SUSPICIOUS,Missing monthly_fee,Cancelled
S001336,C00321,East,Growth,2024-07-12,2025-04-22,41863.07,0.0,N,Active,Website,VALID,No issues detected,Active
,C01445,Central,Enterprise,2024-06-12,,14091.06,0.0,N,Cancelled,Website,INVALID,Missing subscription_id,Cancelled
S001338,C00952,South,Basic,2025-08-01,2026-05-13,,0.0,N,Active,Website,SUSPICIOUS,Missing monthly_fee,Active
S001339,C01502,East,Enterprise,2024-02-29,2024-07-24,989.68,-20.0,,Expired,Marketplace,INVALID,Discount_pct outside 0-100 range,Expired
S001340,C01513,North,,2024-07-29,2025-04-28,39251.38,58.0,Y,,Website,SUSPICIOUS,Missing subscription_status,Nan
S001341,C00160,West,Basic,2024-02-15,2024-02-13,17597.22,0.0,N,Expired,Marketplace,INVALID,Renewal date earlier than signup date,Expired
S001342,C00968,,Basic,2025-06-05,2026-05-11,12701.04,31.0,,Active,Inside Sales,VALID,No issues detected,Active
S001343,C01378,West,Growth,2025-06-05,2025-07-13,73194.0,17.0,,Active,Partner,VALID,No issues detected,Active
S001344,C01747,Central,Pro,2024-08-01,2025-01-18,71159.37,0.0,Y,Active,Inside Sales,VALID,No issues detected,Active
,C01564,West,Growth,2025-06-24,2025-12-20,14349.65,-15.0,,Active,Inside Sales,INVALID,Missing subscription_id; Discount_pct outside 0-100 range,Active
S001346,C00486,East,Growth,2025-08-04,2025-11-26,41434.97,108.0,N,Expired,,INVALID,Discount_pct outside 0-100 range,Expired
S001347,C00231,West,Growth,2025-10-14,2026-08-28,-28170.4,143.0,,Active,,INVALID,Negative monthly_fee; Discount_pct outside 0-100 range,Active
S001348,C00707,Central,Pro,2024-10-04,2025-07-28,47050.31,53.0,,Active,Marketplace,VALID,No issues detected,Active
S001349,C00740,South,,2024-07-16,,26793.58,-27.0,,Active,Partner,INVALID,Discount_pct outside 0-100 range; Active subscription with missing/implausible renewal date,Active
S001350,C01464,North,Basic,2025-05-09,2025-11-17,13917.57,0.0,N,Active,Website,VALID,No issues detected,Active
S001351,C01201,North,Growth,2024-01-18,,50683.48,160.0,N,Cancelled,Partner,INVALID,Discount_pct outside 0-100 range,Cancelled
S001352,C00227,West,Enterprise,2025-06-02,2025-08-03,9280.72,124.0,,Trial,Website,INVALID,Discount_pct outside 0-100 range,Trial
S001353,C00215,West,Growth,2025-11-02,,30381.4,0.0,Y,Active,Website,SUSPICIOUS,Active subscription with missing/implausible renewal date,Active
S001354,C01250,East,Pro,2025-01-16,2025-01-06,10055.34,8.0,,Expired,Partner,INVALID,Renewal date earlier than signup date,Expired
S001355,C00588,East,Basic,2024-01-20,2024-11-14,3185.98,120.0,,Cancelled,Website,INVALID,Discount_pct outside 0-100 range,Cancelled
,C00270,North,Enterprise,2024-03-24,2024-04-16,17942.03,-16.0,N,Active,Partner,INVALID,Missing subscription_id; Discount_pct outside 0-100 range,Active
S001357,C01551,North,,2024-10-02,,53504.18,0.0,N,,Website,SUSPICIOUS,Missing subscription_status,Nan
S001358,C00384,East,Enterprise,2024-08-21,2024-09-19,-79093.96,-16.0,N,Active,Marketplace,INVALID,Negative monthly_fee; Discount_pct outside 0-100 range,Active
S001359,C00271,East,,2024-08-16,2025-08-07,,17.0,,,Website,SUSPICIOUS,Missing monthly_fee; Missing subscription_status,Nan
S001360,C01131,South,,2025-07-07,2026-07-12,,-26.0,,Cancelled,Partner,INVALID,Missing monthly_fee; Discount_pct outside 0-100 range,Cancelled
S001361,C01700,,Pro,2024-12-09,2025-03-21,20308.25,119.0,N,,Marketplace,INVALID,Discount_pct outside 0-100 range; Missing subscription_status,Nan
S001362,C00470,East,Growth,2024-05-17,2024-11-27,40888.94,111.0,N,Trial,,INVALID,Discount_pct outside 0-100 range,Trial
S001363,C00579,West,Enterprise,2024-11-06,2025-12-22,2650.5,0.0,N,,,SUSPICIOUS,Missing subscription_status,Nan
S001364,C00800,Central,Growth,2024-11-26,,48698.06,-3.0,,Expired,Website,INVALID,Discount_pct outside 0-100 range,Expired
S001365,C00835,,Pro,2025-02-07,2026-04-01,45145.73,29.0,,Active,Website,VALID,No issues detected,Active
S001366,C00186,North,Growth,2025-09-25,2026-03-31,59615.46,125.0,,Active,,INVALID,Discount_pct outside 0-100 range,Active
S001367,C00598,South,,2024-05-07,2025-05-23,25608.05,-18.0,N,Expired,Inside Sales,INVALID,Discount_pct outside 0-100 range,Expired
S001368,C00917,North,Basic,2024-01-19,2025-01-21,30134.7,15.0,N,Cancelled,Marketplace,VALID,No issues detected,Cancelled
S001369,C01397,West,Pro,2025-04-12,2025-05-14,12584.45,-27.0,,,Marketplace,INVALID,Discount_pct outside 0-100 range; Missing subscription_status,Nan
S001370,C00398,South,,2024-07-29,2025-01-26,67557.19,0.0,,Cancelled,Partner,VALID,No issues detected,Cancelled
S001371,C01156,South,,2024-12-23,2026-01-13,43793.59,-22.0,N,Expired,Website,INVALID,Discount_pct outside 0-100 range,Expired
S001372,C00028,North,Pro,2025-09-17,2026-06-09,5107.77,-10.0,Y,Cancelled,Partner,INVALID,Discount_pct outside 0-100 range,Cancelled
S001373,C01675,East,,2024-03-22,,24441.82,129.0,Y,Active,Partner,INVALID,Discount_pct outside 0-100 range; Active subscription with missing/implausible renewal date,Active
S001374,,West,,2024-09-03,2024-11-08,33020.78,-5.0,,Trial,Website,INVALID,Missing customer_id; Discount_pct outside 0-100 range,Trial
S001375,,Central,Basic,2025-02-23,2025-01-29,49813.54,-22.0,Y,Active,,INVALID,Missing customer_id; Renewal date earlier than signup date; Discount_pct outside 0-100 range,Active
S001376,C01281,,Growth,2024-04-06,2024-04-03,74237.92,0.0,,Trial,Partner,INVALID,Renewal date earlier than signup date,Trial
S001377,C00365,North,Growth,2024-02-12,2025-01-07,4040.42,133.0,N,Active,Partner,INVALID,Discount_pct outside 0-100 range,Active
S001378,C00535,North,Basic,2024-01-28,,39086.26,0.0,,,Website,SUSPICIOUS,Missing subscription_status,Nan
S001379,C00050,South,Basic,2024-10-04,2024-11-27,73303.9,0.0,Y,Trial,,VALID,No issues detected,Trial
S001380,C00408,,Growth,2024-01-30,,987.94,0.0,Y,Cancelled,,VALID,No issues detected,Cancelled
S001381,C01729,East,Pro,2024-06-17,2024-08-26,12417.19,-29.0,N,Cancelled,Website,INVALID,Discount_pct outside 0-100 range,Cancelled
S001382,C00607,South,Enterprise,2025-03-14,2025-10-22,20014.55,-15.0,N,Trial,Partner,INVALID,Discount_pct outside 0-100 range,Trial
S001383,C00404,West,Pro,2025-09-16,,11605.99,-14.0,,,,INVALID,Discount_pct outside 0-100 range; Missing subscription_status,Nan
S001384,C01354,North,Enterprise,2024-01-18,2024-03-09,23957.11,-5.0,Y,,Inside Sales,INVALID,Discount_pct outside 0-100 range; Missing subscription_status,Nan
S001385,C00870,North,Basic,2025-05-15,2026-03-26,-14432.59,106.0,,Cancelled,,INVALID,Negative monthly_fee; Discount_pct outside 0-100 range,Cancelled
S001386,C01670,South,Pro,2024-08-02,2025-02-28,4405.97,114.0,Y,Trial,,INVALID,Discount_pct outside 0-100 range,Trial
S001387,,South,Enterprise,2024-08-02,2024-08-17,71596.14,21.0,N,,,INVALID,Missing customer_id; Missing subscription_status,Nan
S001388,C01148,Central,Enterprise,2024-05-03,2024-08-02,1481.29,131.0,N,Cancelled,Inside Sales,INVALID,Discount_pct outside 0-100 range,Cancelled
S001389,C00638,South,Enterprise,2025-06-05,2025-04-11,,-21.0,N,Cancelled,Marketplace,INVALID,Renewal date earlier than signup date; Missing monthly_fee; Discount_pct outside 0-100 range,Cancelled
S001390,,West,Pro,2025-02-20,2025-08-13,66220.91,150.0,Y,Trial,Inside Sales,INVALID,Missing customer_id; Discount_pct outside 0-100 range,Trial
S001391,C01170,South,Pro,2025-03-29,2025-12-24,29710.64,-3.0,Y,,,INVALID,Discount_pct outside 0-100 range; Missing subscription_status,Nan
S001392,C00161,East,Pro,2025-11-27,2026-12-30,75687.71,0.0,Y,Active,Marketplace,VALID,No issues detected,Active
S001393,C00042,,Pro,2024-08-08,2025-04-01,50531.46,69.0,Y,Expired,,VALID,No issues detected,Expired
S001394,C00446,South,Pro,2025-11-05,2026-05-02,67943.26,-17.0,N,Expired,Inside Sales,INVALID,Discount_pct outside 0-100 range,Expired
S001395,,West,Growth,2025-04-22,,35600.38,-2.0,Y,,Marketplace,INVALID,Missing customer_id; Discount_pct outside 0-100 range; Missing subscription_status,Nan
S001396,C00385,West,Pro,2024-05-22,2024-12-30,32469.35,41.0,N,Cancelled,Marketplace,VALID,No issues detected,Cancelled
,C01089,South,Growth,2024-12-19,2025-12-03,28891.71,130.0,Y,Trial,,INVALID,Missing subscription_id; Discount_pct outside 0-100 range,Trial
S001398,C01347,North,Growth,2024-05-07,2024-07-21,47753.8,0.0,N,Active,Inside Sales,VALID,No issues detected,Active
S001399,C01496,,,2025-06-21,,49136.62,-19.0,Y,Expired,Website,INVALID,Discount_pct outside 0-100 range,Expired
,C00759,South,,2025-01-07,2024-11-23,17762.55,41.0,,Trial,Marketplace,INVALID,Missing subscription_id; Renewal date earlier than signup date,Trial
S001401,C01472,Central,Basic,2024-05-23,2025-02-23,-66996.55,7.0,,,,INVALID,Negative monthly_fee; Missing subscription_status,Nan
S001402,C00486,South,Growth,2024-10-10,2024-11-04,9219.99,120.0,Y,Cancelled,Marketplace,INVALID,Discount_pct outside 0-100 range,Cancelled
S001403,,,Enterprise,2025-07-19,2026-08-15,7446.72,57.0,,Trial,Website,INVALID,Missing customer_id,Trial
S001404,C00706,North,Pro,2024-10-15,2025-09-10,,8.0,,Cancelled,Inside Sales,SUSPICIOUS,Missing monthly_fee,Cancelled
S001405,C00151,South,,2024-10-04,2025-05-01,8657.13,46.0,Y,Active,Marketplace,VALID,No issues detected,Active
S001406,C01119,West,Growth,2025-11-10,,12910.62,-3.0,Y,Active,Website,INVALID,Discount_pct outside 0-100 range; Active subscription with missing/implausible renewal date,Active
S001407,C01582,West,Enterprise,2025-03-14,2026-05-04,77662.52,139.0,Y,Trial,,INVALID,Discount_pct outside 0-100 range,Trial
S001408,C00553,West,Basic,2025-07-16,,52846.64,130.0,,,Inside Sales,INVALID,Discount_pct outside 0-100 range; Missing subscription_status,Nan
S001409,C00590,North,Growth,2025-05-21,2025-12-22,37113.89,0.0,N,Active,,VALID,No issues detected,Active
S001410,C01162,West,Basic,2024-12-14,,70616.62,38.0,,,,SUSPICIOUS,Missing subscription_status,Nan
S001411,,East,Growth,2024-01-18,2024-03-18,28849.43,0.0,Y,Active,,INVALID,Missing customer_id,Active
S001412,C01089,Central,Basic,2024-08-20,2024-10-29,65610.55,149.0,,Cancelled,Inside Sales,INVALID,Discount_pct outside 0-100 range,Cancelled
S001413,C00010,,Pro,2025-09-23,2026-09-23,31408.8,0.0,Y,Trial,Inside Sales,VALID,No issues detected,Trial
S001414,C00422,North,Pro,2024-05-03,2024-07-26,2877.95,34.0,Y,Cancelled,Inside Sales,VALID,No issues detected,Cancelled
S001415,C00757,North,Pro,2025-11-22,,76394.34,0.0,Y,Cancelled,Marketplace,VALID,No issues detected,Cancelled
S001416,C01581,South,Enterprise,2025-09-15,2026-03-17,10706.14,0.0,N,Trial,Website,VALID,No issues detected,Trial
S001417,C01323,,Enterprise,2025-09-05,2026-05-21,,108.0,N,Expired,Website,INVALID,Missing monthly_fee; Discount_pct outside 0-100 range,Expired
S001418,C00179,West,Growth,2025-08-21,2026-07-30,14551.21,-18.0,Y,Active,Website,INVALID,Discount_pct outside 0-100 range,Active
S001419,C01654,East,Growth,2025-09-03,,27356.15,-14.0,Y,Cancelled,Marketplace,INVALID,Discount_pct outside 0-100 range,Cancelled
S001420,C00494,Central,Enterprise,2024-07-04,2024-10-17,42316.82,158.0,Y,Cancelled,Inside Sales,INVALID,Discount_pct outside 0-100 range,Cancelled
S001421,C01763,Central,Growth,2025-04-07,2025-06-13,,-16.0,N,Cancelled,Website,INVALID,Missing monthly_fee; Discount_pct outside 0-100 range,Cancelled
S001422,C01334,North,Basic,2025-09-12,2026-05-19,5661.01,58.0,,Cancelled,,VALID,No issues detected,Cancelled
S001423,C00007,South,Basic,2024-02-21,2024-12-29,64604.12,-13.0,,Active,Partner,INVALID,Discount_pct outside 0-100 range,Active
S001424,C01388,,Growth,2025-11-19,2025-10-07,18633.68,-22.0,,,Partner,INVALID,Renewal date earlier than signup date; Discount_pct outside 0-100 range; Missing subscription_status,Nan
S001425,C00120,North,,2024-06-07,2024-05-17,21525.24,148.0,N,Trial,Inside Sales,INVALID,Renewal date earlier than signup date; Discount_pct outside 0-100 range,Trial
S001426,C00618,,Enterprise,2025-01-10,2025-10-01,,115.0,Y,Trial,Marketplace,INVALID,Missing monthly_fee; Discount_pct outside 0-100 range,Trial
S001427,C00329,Central,Basic,2025-08-13,2026-06-18,56088.96,0.0,Y,,Partner,SUSPICIOUS,Missing subscription_status,Nan
S001428,C00426,West,Enterprise,2025-05-16,2026-06-15,71862.16,109.0,Y,Expired,Partner,INVALID,Discount_pct outside 0-100 range,Expired
S001429,C00601,West,Growth,2025-04-22,2025-05-20,48583.28,32.0,Y,,,SUSPICIOUS,Missing subscription_status,Nan
S001430,C01402,North,Enterprise,2025-04-29,2025-11-01,48839.94,141.0,,Expired,Partner,INVALID,Discount_pct outside 0-100 range,Expired
S001431,C01763,North,Pro,2024-07-22,2024-09-18,48251.68,127.0,N,Trial,Inside Sales,INVALID,Discount_pct outside 0-100 range,Trial
S001432,C01601,,Basic,2025-06-12,2025-10-26,3972.58,42.0,N,Cancelled,,VALID,No issues detected,Cancelled
S001433,C01015,North,Pro,2025-02-09,2025-07-20,34246.51,-13.0,N,,Partner,INVALID,Discount_pct outside 0-100 range; Missing subscription_status,Nan
S001434,C01318,North,Enterprise,2025-03-29,2025-11-27,49326.03,146.0,Y,Trial,Website,INVALID,Discount_pct outside 0-100 range,Trial
S001435,C00827,West,,2024-08-28,2025-01-28,36407.52,-28.0,N,Active,,INVALID,Discount_pct outside 0-100 range,Active
S001436,C00465,North,,2025-04-29,2025-04-11,21984.72,0.0,N,Cancelled,Marketplace,INVALID,Renewal date earlier than signup date,Cancelled
,C00822,,Pro,2025-01-07,2025-06-30,79946.98,39.0,N,,Partner,INVALID,Missing subscription_id; Missing subscription_status,Nan
S001438,C01155,North,,2024-04-17,2024-08-08,,0.0,,Active,,SUSPICIOUS,Missing monthly_fee,Active
S001439,C01607,West,Growth,2024-11-24,2025-10-06,73053.06,102.0,N,,,INVALID,Discount_pct outside 0-100 range; Missing subscription_status,Nan
S001440,C00013,South,,2025-02-05,2025-08-20,37690.04,-16.0,Y,Cancelled,Inside Sales,INVALID,Discount_pct outside 0-100 range,Cancelled
S001441,C00503,North,Basic,2024-01-31,,10589.81,143.0,,Expired,Website,INVALID,Discount_pct outside 0-100 range,Expired
S001442,C00006,North,Enterprise,2025-05-15,2025-07-12,6559.72,9.0,Y,,,SUSPICIOUS,Missing subscription_status,Nan
S001443,C00514,North,Growth,2024-11-16,2025-01-23,21564.55,108.0,N,Cancelled,Inside Sales,INVALID,Discount_pct outside 0-100 range,Cancelled
S001444,C01276,South,Pro,2024-03-26,2025-04-29,,123.0,Y,Active,Marketplace,INVALID,Missing monthly_fee; Discount_pct outside 0-100 range,Active
S001445,C01115,,Enterprise,2025-09-09,2025-08-07,,11.0,Y,Trial,Partner,INVALID,Renewal date earlier than signup date; Missing monthly_fee,Trial
S001446,C01568,North,Growth,2024-08-07,2024-08-28,40850.75,12.0,,Expired,Inside Sales,VALID,No issues detected,Expired
S001447,C00204,West,Enterprise,2024-05-28,2025-03-08,79491.49,138.0,Y,Trial,Partner,INVALID,Discount_pct outside 0-100 range,Trial
S001448,C01463,North,Growth,2024-09-26,2024-12-08,,0.0,Y,,Website,SUSPICIOUS,Missing monthly_fee; Missing subscription_status,Nan
S001449,C01691,North,,2024-03-11,2024-07-14,10804.35,0.0,N,,Marketplace,SUSPICIOUS,Missing subscription_status,Nan
S001450,C00116,,Enterprise,2025-09-30,2025-08-25,66005.38,63.0,Y,Cancelled,Marketplace,INVALID,Renewal date earlier than signup date,Cancelled
S001451,C00775,North,,2024-07-17,2024-11-01,79521.71,0.0,,Trial,Inside Sales,VALID,No issues detected,Trial
S001452,C01404,South,Basic,2024-07-09,2025-02-09,54377.42,142.0,Y,Cancelled,Website,INVALID,Discount_pct outside 0-100 range,Cancelled
S001453,C00252,North,Pro,2025-04-10,2026-03-03,47302.41,116.0,N,Active,Partner,INVALID,Discount_pct outside 0-100 range,Active
S001454,C00797,South,,2024-07-16,2025-08-08,40080.01,0.0,,,Website,SUSPICIOUS,Missing subscription_status,Nan
S001455,C01699,North,,2024-08-16,2025-09-07,,34.0,Y,Trial,Marketplace,SUSPICIOUS,Missing monthly_fee,Trial
,C01264,South,Enterprise,2025-02-27,2025-08-07,22228.86,107.0,Y,Expired,,INVALID,Missing subscription_id; Discount_pct outside 0-100 range,Expired
,C00513,,Enterprise,2025-09-11,2025-12-17,57396.76,-24.0,N,Trial,Inside Sales,INVALID,Missing subscription_id; Discount_pct outside 0-100 range,Trial
S001458,C00143,East,Enterprise,2025-08-15,,41781.22,47.0,N,Active,Inside Sales,SUSPICIOUS,Active subscription with missing/implausible renewal date,Active
S001459,C01442,West,Pro,2024-08-25,2024-10-07,3490.71,0.0,,Active,Website,VALID,No issues detected,Active
S001460,,West,Pro,2024-05-03,2024-04-04,34211.87,0.0,Y,,Marketplace,INVALID,Missing customer_id; Renewal date earlier than signup date; Missing subscription_status,Nan
S001461,C00825,West,Pro,2025-06-04,2026-04-29,52284.33,40.0,Y,Active,Website,VALID,No issues detected,Active
S001462,C01477,North,Growth,2024-05-23,2024-10-14,73564.63,156.0,Y,Cancelled,Marketplace,INVALID,Discount_pct outside 0-100 range,Cancelled
S001463,C00133,East,,2024-12-02,2025-06-16,9596.24,0.0,Y,,,SUSPICIOUS,Missing subscription_status,Nan
S001464,C00477,,Enterprise,2024-12-26,2025-08-08,74568.42,34.0,Y,,Partner,SUSPICIOUS,Missing subscription_status,Nan
,,West,,2024-01-23,2025-02-17,51546.53,-10.0,N,Active,Website,INVALID,Missing subscription_id; Missing customer_id; Discount_pct outside 0-100 range,Active
S001466,C01595,Central,Enterprise,2024-11-27,2024-11-13,65209.38,0.0,N,Expired,Inside Sales,INVALID,Renewal date earlier than signup date,Expired
S001467,C00535,West,Pro,2024-11-16,2024-10-22,63538.62,0.0,,,Partner,INVALID,Renewal date earlier than signup date; Missing subscription_status,Nan
S001468,C00426,South,Pro,2025-03-26,2026-05-07,71195.66,63.0,,,,SUSPICIOUS,Missing subscription_status,Nan
S001469,C00517,North,Growth,2024-10-03,2025-07-15,-50726.68,-2.0,N,Active,,INVALID,Negative monthly_fee; Discount_pct outside 0-100 range,Active
S001470,C01489,East,Enterprise,2024-10-16,2025-05-26,30441.67,0.0,N,,Website,SUSPICIOUS,Missing subscription_status,Nan
S001471,C01162,Central,,2024-06-19,2025-02-10,33783.51,152.0,,Active,Website,INVALID,Discount_pct outside 0-100 range,Active
S001472,C00166,East,Basic,2025-07-04,2026-04-20,61953.96,110.0,N,Active,Partner,INVALID,Discount_pct outside 0-100 range,Active
S001473,C01371,South,Basic,2025-09-23,,56846.41,132.0,Y,Trial,Partner,INVALID,Discount_pct outside 0-100 range,Trial
S001474,C00706,Central,Pro,2025-10-10,2025-09-20,58578.99,47.0,,Cancelled,Inside Sales,INVALID,Renewal date earlier than signup date,Cancelled
S001475,C01545,South,Growth,2025-06-15,2025-06-08,58971.89,-28.0,,Expired,Partner,INVALID,Renewal date earlier than signup date; Discount_pct outside 0-100 range,Expired
S001476,C01763,South,Basic,2024-05-19,2024-10-03,77797.9,132.0,Y,Active,Marketplace,INVALID,Discount_pct outside 0-100 range,Active
,C00986,East,Pro,2024-01-11,2024-06-26,940.06,67.0,Y,Cancelled,,INVALID,Missing subscription_id,Cancelled
S001478,C01335,West,Growth,2025-03-10,2025-09-01,67736.4,0.0,,Cancelled,Inside Sales,VALID,No issues detected,Cancelled
S001479,C01442,North,Growth,2025-02-11,2025-07-30,-77425.46,0.0,Y,Active,Inside Sales,INVALID,Negative monthly_fee,Active
S001480,C00873,West,Basic,2024-09-30,2025-03-12,76415.07,1.0,Y,Cancelled,Inside Sales,VALID,No issues detected,Cancelled
S001481,C01447,North,Pro,2024-08-14,2025-07-27,60645.19,-24.0,N,Cancelled,Website,INVALID,Discount_pct outside 0-100 range,Cancelled
S001482,C01627,Central,Basic,2025-01-20,2025-10-25,,0.0,Y,Active,Marketplace,SUSPICIOUS,Missing monthly_fee,Active
S001483,,West,,2025-02-25,2026-02-17,58574.51,0.0,,Cancelled,,INVALID,Missing customer_id,Cancelled
S001484,C01148,,Basic,2025-07-07,2025-08-15,33168.01,149.0,,Expired,Website,INVALID,Discount_pct outside 0-100 range,Expired
S001485,C00539,South,Basic,2025-06-17,2026-07-23,45299.81,143.0,,Cancelled,Partner,INVALID,Discount_pct outside 0-100 range,Cancelled
S001486,C01665,North,Pro,2024-02-16,,76452.26,64.0,N,Active,Inside Sales,SUSPICIOUS,Active subscription with missing/implausible renewal date,Active
S001487,C00315,West,Pro,2024-12-19,2025-07-13,59979.57,146.0,N,Cancelled,Inside Sales,INVALID,Discount_pct outside 0-100 range,Cancelled
S001488,C00065,West,Pro,2025-05-30,2026-01-11,41186.55,42.0,,Trial,Inside Sales,VALID,No issues detected,Trial
S001489,C01081,West,Growth,2025-09-14,2026-08-23,76442.57,133.0,Y,Cancelled,Inside Sales,INVALID,Discount_pct outside 0-100 range,Cancelled
S001490,C01577,,Enterprise,2025-04-04,2025-02-12,37344.06,-14.0,,,Inside Sales,INVALID,Renewal date earlier than signup date; Discount_pct outside 0-100 range; Missing subscription_status,Nan
S001491,C00967,South,Enterprise,2025-06-04,2026-04-20,69630.39,-13.0,Y,Cancelled,,INVALID,Discount_pct outside 0-100 range,Cancelled
S001492,C00315,North,Basic,2025-08-29,,63006.92,-17.0,,Trial,Marketplace,INVALID,Discount_pct outside 0-100 range,Trial
S001493,C01210,South,Enterprise,2024-09-13,,79217.94,159.0,,Expired,Inside Sales,INVALID,Discount_pct outside 0-100 range,Expired
,C00092,,,2025-04-17,2025-11-25,45450.38,0.0,Y,,Inside Sales,INVALID,Missing subscription_id; Missing subscription_status,Nan
S001495,C01191,South,Pro,2024-10-14,,21640.4,110.0,N,Cancelled,Partner,INVALID,Discount_pct outside 0-100 range,Cancelled
S001496,C00874,,Basic,2024-10-05,,62407.35,-2.0,,Trial,Marketplace,INVALID,Discount_pct outside 0-100 range,Trial
S001497,C00522,North,Enterprise,2024-08-19,,58058.62,101.0,Y,Trial,Website,INVALID,Discount_pct outside 0-100 range,Trial
S001498,C01340,West,Pro,2025-09-30,2026-04-09,4926.9,0.0,Y,Active,,VALID,No issues detected,Active
S001499,C00020,,Growth,2024-05-17,2025-02-14,-78517.53,58.0,Y,Expired,,INVALID,Negative monthly_fee,Expired
S001500,C00421,West,Basic,2025-01-10,2025-11-30,28871.43,0.0,Y,Trial,Website,VALID,No issues detected,Trial
S001501,C00709,South,Basic,2025-06-12,2026-01-29,21630.17,-11.0,N,Active,Website,INVALID,Discount_pct outside 0-100 range,Active
S001502,C00140,North,Pro,2025-11-03,,31006.36,0.0,N,Cancelled,Partner,VALID,No issues detected,Cancelled
S001503,C01796,North,Basic,2024-06-26,2025-06-06,55360.27,38.0,,Trial,Inside Sales,VALID,No issues detected,Trial
S001504,C00768,,Growth,2024-11-19,2025-06-04,34726.25,0.0,N,,Website,SUSPICIOUS,Missing subscription_status,Nan
S001505,C00133,,,2024-09-14,2024-07-19,33942.69,110.0,N,Trial,Inside Sales,INVALID,Renewal date earlier than signup date; Discount_pct outside 0-100 range,Trial
S001506,C01743,,Basic,2024-04-11,2024-11-07,31921.4,27.0,N,Active,Website,VALID,No issues detected,Active
S001507,C01001,West,,2025-08-06,2026-09-25,74105.01,69.0,Y,Active,Inside Sales,VALID,No issues detected,Active
,C00027,East,Pro,2024-03-03,2024-03-20,72385.33,-17.0,N,Active,Partner,INVALID,Missing subscription_id; Discount_pct outside 0-100 range,Active
S001509,C00202,,,2025-08-03,2026-09-23,23205.97,-5.0,,,Marketplace,INVALID,Discount_pct outside 0-100 range; Missing subscription_status,Nan
S001510,C01743,,Basic,2024-05-28,2024-12-22,24433.97,-22.0,Y,Trial,Inside Sales,INVALID,Discount_pct outside 0-100 range,Trial
S001511,C00618,West,,2025-10-28,2026-12-10,,136.0,Y,Active,Partner,INVALID,Missing monthly_fee; Discount_pct outside 0-100 range,Active
S001512,C01291,North,Growth,2024-04-08,2024-08-26,51800.13,129.0,Y,Trial,Marketplace,INVALID,Discount_pct outside 0-100 range,Trial
S001513,C01459,Central,,2025-06-25,2026-08-02,56262.9,158.0,Y,,Marketplace,INVALID,Discount_pct outside 0-100 range; Missing subscription_status,Nan
S001514,C01181,West,Pro,2025-05-04,,,-5.0,,Active,Website,INVALID,Missing monthly_fee; Discount_pct outside 0-100 range; Active subscription with missing/implausible renewal date,Active
S001515,C00287,North,,2024-12-12,2025-03-31,40062.78,42.0,Y,,Website,SUSPICIOUS,Missing subscription_status,Nan
S001516,C00177,East,Growth,2025-10-08,2025-11-29,44579.76,-19.0,,Trial,,INVALID,Discount_pct outside 0-100 range,Trial
S001517,C01453,,Basic,2024-02-14,2024-01-16,18459.63,125.0,N,Trial,Inside Sales,INVALID,Renewal date earlier than signup date; Discount_pct outside 0-100 range,Trial
S001518,C00091,,Enterprise,2025-10-21,2025-11-08,28075.43,0.0,,,Partner,SUSPICIOUS,Missing subscription_status,Nan
S001519,C00934,Central,Growth,2024-03-12,2024-04-19,41608.32,-29.0,N,Cancelled,,INVALID,Discount_pct outside 0-100 range,Cancelled
S001520,C00391,West,Basic,2024-11-02,2025-08-28,70448.06,53.0,,Active,Marketplace,VALID,No issues detected,Active
S001521,C01594,Central,Enterprise,2024-08-07,2025-08-02,1146.43,58.0,N,Active,,VALID,No issues detected,Active
S001522,C01178,West,Basic,2025-04-20,2026-06-06,39537.75,50.0,N,Trial,Partner,VALID,No issues detected,Trial
S001523,C00272,South,Pro,2024-12-12,2025-01-24,38752.59,2.0,N,Expired,Inside Sales,VALID,No issues detected,Expired
S001524,C01135,South,Enterprise,2024-05-01,2024-12-03,10904.99,-3.0,N,Expired,Website,INVALID,Discount_pct outside 0-100 range,Expired
,C00025,East,Enterprise,2024-05-31,2025-03-30,42073.67,0.0,,Trial,Website,INVALID,Missing subscription_id,Trial
S001526,C00730,East,Growth,2024-11-03,2025-05-25,27543.08,-14.0,,,Partner,INVALID,Discount_pct outside 0-100 range; Missing subscription_status,Nan
S001527,C01353,North,Growth,2024-03-02,2024-09-09,71001.48,0.0,N,,Website,SUSPICIOUS,Missing subscription_status,Nan
S001528,C01227,East,Enterprise,2024-01-12,2023-11-13,-43259.58,69.0,,Cancelled,Website,INVALID,Renewal date earlier than signup date; Negative monthly_fee,Cancelled
S001529,C01626,Central,Pro,2025-03-10,2026-03-28,7801.3,147.0,,Trial,Website,INVALID,Discount_pct outside 0-100 range,Trial
S001530,C00422,South,Basic,2024-08-13,2025-08-18,23084.63,38.0,N,,Website,SUSPICIOUS,Missing subscription_status,Nan
,C01248,North,Basic,2025-06-17,2025-09-29,71771.93,-11.0,,Expired,Inside Sales,INVALID,Missing subscription_id; Discount_pct outside 0-100 range,Expired
,C01658,West,Growth,2024-05-11,2025-06-15,,6.0,N,Cancelled,Inside Sales,INVALID,Missing subscription_id; Missing monthly_fee,Cancelled
S001533,C00486,North,Enterprise,2024-02-02,2024-03-11,24309.97,0.0,,Cancelled,Website,VALID,No issues detected,Cancelled
S001534,C01100,,,2025-02-27,2025-06-14,41360.07,-10.0,,Trial,Inside Sales,INVALID,Discount_pct outside 0-100 range,Trial
S001535,C01735,Central,Growth,2025-10-04,2026-08-07,21362.13,-19.0,,Expired,Website,INVALID,Discount_pct outside 0-100 range,Expired
S001536,C01767,East,Enterprise,2025-06-05,2025-12-06,26472.0,0.0,,,Inside Sales,SUSPICIOUS,Missing subscription_status,Nan
S001537,C00579,East,Pro,2025-06-27,2026-08-18,8741.91,147.0,N,Cancelled,Inside Sales,INVALID,Discount_pct outside 0-100 range,Cancelled
S001538,C01765,,,2025-07-12,2026-02-18,50673.12,-5.0,N,Active,Website,INVALID,Discount_pct outside 0-100 range,Active
S001539,,,Basic,2024-08-11,2025-03-08,47327.29,-1.0,,,Website,INVALID,Missing customer_id; Discount_pct outside 0-100 range; Missing subscription_status,Nan
S001540,C01496,North,Enterprise,2024-08-31,,69052.63,117.0,Y,Cancelled,Marketplace,INVALID,Discount_pct outside 0-100 range,Cancelled
S001541,C01550,East,Pro,2024-07-25,2024-11-18,20051.92,143.0,,Trial,,INVALID,Discount_pct outside 0-100 range,Trial
S001542,,West,Pro,2024-04-13,2024-06-30,28322.35,-28.0,,Active,Inside Sales,INVALID,Missing customer_id; Discount_pct outside 0-100 range,Active
S001543,C00426,East,Pro,2024-03-20,2024-10-14,,143.0,Y,Expired,Inside Sales,INVALID,Missing monthly_fee; Discount_pct outside 0-100 range,Expired
S001544,,,,2024-02-09,2024-06-02,48511.33,0.0,,Expired,Inside Sales,INVALID,Missing customer_id,Expired
S001545,C00711,,Growth,2025-11-09,2026-07-28,71542.74,68.0,,,Website,SUSPICIOUS,Missing subscription_status,Nan
S001546,C01481,East,,2025-08-24,2025-10-15,40563.7,56.0,N,Cancelled,Inside Sales,VALID,No issues detected,Cancelled
S001547,C01167,,Growth,2024-06-06,2025-07-12,20474.24,20.0,Y,,Partner,SUSPICIOUS,Missing subscription_status,Nan
S001548,C00352,,,2024-06-06,2025-06-19,2534.29,160.0,N,Active,Marketplace,INVALID,Discount_pct outside 0-100 range,Active
,C00147,East,Growth,2024-12-25,2025-12-17,,133.0,N,,Marketplace,INVALID,Missing subscription_id; Missing monthly_fee; Discount_pct outside 0-100 range; Missing subscription_status,Nan
S001550,,South,Enterprise,2024-07-30,2025-06-01,,6.0,Y,Trial,Inside Sales,INVALID,Missing customer_id; Missing monthly_fee,Trial
S001551,C01337,Central,,2024-06-14,,64366.13,0.0,N,,Marketplace,SUSPICIOUS,Missing subscription_status,Nan
S001552,C01222,Central,Enterprise,2024-04-25,2025-01-03,19025.94,21.0,N,Expired,Marketplace,VALID,No issues detected,Expired
S001553,C00573,North,Basic,2024-05-05,2025-01-03,54930.91,0.0,N,Trial,Marketplace,VALID,No issues detected,Trial
S001554,C00111,North,Basic,2025-06-07,,20177.36,-28.0,,Cancelled,,INVALID,Discount_pct outside 0-100 range,Cancelled
S001555,C00672,Central,,2025-11-12,2026-10-21,-62075.29,34.0,,Trial,,INVALID,Negative monthly_fee,Trial
,C01110,Central,Enterprise,2025-03-08,2025-07-26,29656.74,51.0,N,Trial,,INVALID,Missing subscription_id,Trial
S001557,C00525,Central,Pro,2024-03-10,,25433.22,131.0,,Trial,Inside Sales,INVALID,Discount_pct outside 0-100 range,Trial
,,,,2024-12-08,2024-12-07,78140.75,5.0,N,Trial,Partner,INVALID,Missing subscription_id; Missing customer_id; Renewal date earlier than signup date,Trial
S001559,C01403,East,Pro,2025-10-27,2026-08-26,13968.97,-13.0,,Active,Partner,INVALID,Discount_pct outside 0-100 range,Active
S001560,C01176,,Basic,2024-08-03,2024-09-17,42498.88,0.0,Y,Active,Partner,VALID,No issues detected,Active
S001561,C00148,Central,Enterprise,2024-12-17,2025-10-01,,-11.0,Y,Active,Marketplace,INVALID,Missing monthly_fee; Discount_pct outside 0-100 range,Active
S001562,C00261,West,Enterprise,2025-07-05,2026-07-26,72312.16,108.0,,Trial,,INVALID,Discount_pct outside 0-100 range,Trial
S001563,C01753,South,Basic,2025-10-06,2026-11-24,35025.76,130.0,,Expired,,INVALID,Discount_pct outside 0-100 range,Expired
S001564,C01528,Central,Enterprise,2025-08-03,,66130.98,51.0,N,Trial,Partner,VALID,No issues detected,Trial
S001565,C00935,,Growth,2025-02-12,,2578.68,35.0,Y,Active,Website,SUSPICIOUS,Active subscription with missing/implausible renewal date,Active
,C00883,East,Growth,2025-11-02,2026-07-27,27698.63,24.0,Y,,Marketplace,INVALID,Missing subscription_id; Missing subscription_status,Nan
S001567,C00323,,Enterprise,2025-10-26,2026-08-31,,-24.0,Y,Active,Inside Sales,INVALID,Missing monthly_fee; Discount_pct outside 0-100 range,Active
S001568,C00224,North,Growth,2025-04-01,,48263.28,0.0,N,Trial,Inside Sales,VALID,No issues detected,Trial
S001569,C00684,,Pro,2024-11-07,,29267.05,52.0,Y,Trial,Partner,VALID,No issues detected,Trial
S001570,C00073,,,2025-07-13,2025-10-25,38145.03,106.0,N,Expired,Inside Sales,INVALID,Discount_pct outside 0-100 range,Expired
S001571,C01009,West,Pro,2025-06-21,2026-08-03,45807.11,22.0,,Active,Website,VALID,No issues detected,Active
S001572,C01123,,Enterprise,2024-04-23,2025-05-23,31869.47,154.0,,Cancelled,Partner,INVALID,Discount_pct outside 0-100 range,Cancelled
S001573,C01121,,Basic,2025-03-01,2026-02-21,50856.18,0.0,,Expired,Inside Sales,VALID,No issues detected,Expired
S001574,C01455,West,Pro,2025-05-02,,,0.0,,,Marketplace,SUSPICIOUS,Missing monthly_fee; Missing subscription_status,Nan
S001575,C00401,,Pro,2024-06-13,2024-09-20,52682.95,128.0,N,Trial,Partner,INVALID,Discount_pct outside 0-100 range,Trial
S001576,C01312,North,Pro,2024-08-08,2025-02-16,,16.0,,,Inside Sales,SUSPICIOUS,Missing monthly_fee; Missing subscription_status,Nan
S001577,C00680,West,Growth,2024-04-10,2024-07-05,76961.89,0.0,Y,Trial,Inside Sales,VALID,No issues detected,Trial
S001578,C00629,East,Pro,2024-03-07,2024-05-25,48922.41,-26.0,Y,Active,Partner,INVALID,Discount_pct outside 0-100 range,Active
S001579,C01032,Central,Basic,2024-08-07,2025-01-03,27183.28,147.0,Y,Active,,INVALID,Discount_pct outside 0-100 range,Active
S001580,C01425,,,2024-12-02,2024-12-21,31106.34,146.0,N,,Inside Sales,INVALID,Discount_pct outside 0-100 range; Missing subscription_status,Nan
S001581,C00446,Central,Pro,2025-11-13,,61888.94,154.0,Y,,Inside Sales,INVALID,Discount_pct outside 0-100 range; Missing subscription_status,Nan
S001582,C00833,South,Pro,2025-08-18,2025-12-06,66543.61,113.0,N,Cancelled,,INVALID,Discount_pct outside 0-100 range,Cancelled
S001583,C01226,North,,2024-11-08,2025-10-11,-55615.65,0.0,N,Active,,INVALID,Negative monthly_fee,Active
S001584,C01610,Central,Basic,2024-02-18,2024-04-02,,0.0,N,Expired,Marketplace,SUSPICIOUS,Missing monthly_fee,Expired
S001585,C00589,West,Basic,2024-12-01,2025-12-17,24273.92,110.0,N,Expired,,INVALID,Discount_pct outside 0-100 range,Expired
S001586,C00980,North,Enterprise,2024-04-26,2025-04-21,-73601.37,0.0,Y,Trial,,INVALID,Negative monthly_fee,Trial
S001587,C01497,Central,Basic,2025-07-23,2026-07-12,75640.45,0.0,Y,Expired,Partner,VALID,No issues detected,Expired
S001588,C01588,,,2025-07-26,2026-03-08,45133.67,122.0,N,Active,Partner,INVALID,Discount_pct outside 0-100 range,Active
S001589,C00625,,Basic,2025-08-22,2026-01-14,,55.0,N,Active,Website,SUSPICIOUS,Missing monthly_fee,Active
,C01425,South,Pro,2024-11-18,2025-09-04,18909.73,115.0,,Cancelled,Marketplace,INVALID,Missing subscription_id; Discount_pct outside 0-100 range,Cancelled
S001591,C00751,West,Pro,2025-10-08,2026-09-13,41751.18,-17.0,Y,Cancelled,Partner,INVALID,Discount_pct outside 0-100 range,Cancelled
S001592,C00844,East,,2024-08-13,2025-09-05,12177.25,0.0,N,Cancelled,Partner,VALID,No issues detected,Cancelled
S001593,C01799,East,,2025-11-22,2026-04-26,58476.37,31.0,N,Active,Website,VALID,No issues detected,Active
S001594,C01284,,,2025-07-16,2026-05-27,10183.11,0.0,N,,Marketplace,SUSPICIOUS,Missing subscription_status,Nan
S001595,,East,Enterprise,2024-02-25,2024-10-14,8987.35,-14.0,Y,Cancelled,Partner,INVALID,Missing customer_id; Discount_pct outside 0-100 range,Cancelled
S001596,C00270,East,Growth,2024-01-16,2024-11-24,14153.97,-27.0,Y,Expired,Inside Sales,INVALID,Discount_pct outside 0-100 range,Expired
S001597,C00727,West,Pro,2024-03-19,2024-07-06,73220.14,19.0,N,Expired,Partner,VALID,No issues detected,Expired
S001598,C01467,North,Enterprise,2025-07-26,2026-03-25,25466.64,117.0,Y,Expired,,INVALID,Discount_pct outside 0-100 range,Expired
S001599,C00258,South,Enterprise,2025-03-01,2026-03-08,46506.02,0.0,N,Cancelled,Website,VALID,No issues detected,Cancelled
S001600,C01483,South,Pro,2024-07-21,2025-03-28,47807.88,114.0,Y,,,INVALID,Discount_pct outside 0-100 range; Missing subscription_status,Nan
S001601,C00981,North,Enterprise,2024-04-03,2024-06-23,66069.43,31.0,Y,Expired,Partner,VALID,No issues detected,Expired
S001602,C01582,South,Growth,2024-03-04,2024-06-02,79282.68,115.0,Y,Expired,Inside Sales,INVALID,Discount_pct outside 0-100 range,Expired
S001603,C01615,North,Growth,2025-04-18,2026-06-04,,47.0,N,Active,Partner,SUSPICIOUS,Missing monthly_fee,Active
S001604,C00549,East,,2024-10-07,2025-06-12,14989.92,-17.0,N,Active,Marketplace,INVALID,Discount_pct outside 0-100 range,Active
S001605,C01635,,Basic,2024-10-12,2025-11-09,7269.59,0.0,N,Expired,Inside Sales,VALID,No issues detected,Expired
S001606,C01769,South,Growth,2024-12-12,2026-01-03,13804.91,114.0,,,Marketplace,INVALID,Discount_pct outside 0-100 range; Missing subscription_status,Nan
S001607,C01593,East,Enterprise,2025-06-04,2026-01-11,66014.22,148.0,N,,Website,INVALID,Discount_pct outside 0-100 range; Missing subscription_status,Nan
S001608,C00608,West,Basic,2025-06-13,2025-10-28,12883.22,157.0,Y,,,INVALID,Discount_pct outside 0-100 range; Missing subscription_status,Nan
S001609,C00793,,Growth,2025-05-21,2026-04-08,60020.08,113.0,N,,Inside Sales,INVALID,Discount_pct outside 0-100 range; Missing subscription_status,Nan
S001610,C00439,South,Basic,2025-08-08,2025-10-29,29846.66,148.0,Y,,Partner,INVALID,Discount_pct outside 0-100 range; Missing subscription_status,Nan
S001611,C00056,East,,2024-05-26,2025-04-02,13532.39,0.0,Y,Trial,Partner,VALID,No issues detected,Trial
S001612,C00736,,Basic,2024-02-26,,,-20.0,,Expired,Inside Sales,INVALID,Missing monthly_fee; Discount_pct outside 0-100 range,Expired
S001613,C00674,Central,Basic,2024-07-15,2025-08-03,16286.54,114.0,Y,Active,Marketplace,INVALID,Discount_pct outside 0-100 range,Active
S001614,C00526,North,Growth,2024-10-03,2025-10-13,55003.38,106.0,,Trial,,INVALID,Discount_pct outside 0-100 range,Trial
S001615,C00684,South,,2025-10-12,2026-02-16,43520.24,157.0,Y,,Website,INVALID,Discount_pct outside 0-100 range; Missing subscription_status,Nan
S001616,C00247,,Growth,2025-04-14,2025-03-29,58720.31,0.0,Y,,Inside Sales,INVALID,Renewal date earlier than signup date; Missing subscription_status,Nan
S001617,C00719,Central,Basic,2025-08-28,2026-03-02,61924.73,17.0,Y,Cancelled,,VALID,No issues detected,Cancelled
S001618,C01435,South,Pro,2024-02-06,2024-09-23,56712.7,144.0,N,Active,Partner,INVALID,Discount_pct outside 0-100 range,Active
S001619,C00613,West,Pro,2024-03-13,2025-03-26,11641.66,0.0,N,Active,Inside Sales,VALID,No issues detected,Active
S001620,C01098,,Enterprise,2025-06-08,2025-09-16,,21.0,N,,,SUSPICIOUS,Missing monthly_fee; Missing subscription_status,Nan
S001621,C00997,East,,2024-05-10,2024-04-19,,-29.0,Y,Expired,Website,INVALID,Renewal date earlier than signup date; Missing monthly_fee; Discount_pct outside 0-100 range,Expired
S001622,C01705,West,Pro,2025-05-23,2026-03-07,,0.0,,Expired,Inside Sales,SUSPICIOUS,Missing monthly_fee,Expired
S001623,C01763,North,Enterprise,2024-05-25,2024-06-19,,-19.0,,Cancelled,Inside Sales,INVALID,Missing monthly_fee; Discount_pct outside 0-100 range,Cancelled
S001624,C01699,East,Pro,2025-09-18,,70661.76,108.0,Y,Expired,,INVALID,Discount_pct outside 0-100 range,Expired
S001625,C00035,East,Pro,2024-08-12,2025-08-30,-27639.67,139.0,N,Expired,Website,INVALID,Negative monthly_fee; Discount_pct outside 0-100 range,Expired
S001626,C01012,Central,Growth,2024-01-21,2025-02-07,1172.65,50.0,,Expired,Marketplace,VALID,No issues detected,Expired
S001627,C00719,Central,,2025-01-08,2025-12-06,69423.19,-10.0,N,Cancelled,Marketplace,INVALID,Discount_pct outside 0-100 range,Cancelled
S001628,C01297,West,Growth,2024-02-07,2025-02-14,22953.64,0.0,N,Trial,Website,VALID,No issues detected,Trial
S001629,C01524,Central,Growth,2025-11-29,2027-01-10,48863.27,-3.0,Y,Expired,Website,INVALID,Discount_pct outside 0-100 range,Expired
,C00525,West,Basic,2024-03-22,2024-12-14,57270.7,109.0,Y,Trial,Website,INVALID,Missing subscription_id; Discount_pct outside 0-100 range,Trial
S001631,C00075,East,Pro,2024-10-12,,43173.43,0.0,,Active,Website,SUSPICIOUS,Active subscription with missing/implausible renewal date,Active
S001632,C01347,West,Basic,2025-05-03,2025-06-18,34077.03,-16.0,N,Active,Marketplace,INVALID,Discount_pct outside 0-100 range,Active
S001633,C01013,West,Basic,2025-11-03,2026-03-22,74530.98,0.0,N,Cancelled,Partner,VALID,No issues detected,Cancelled
S001634,C00369,West,,2024-05-17,2024-09-26,9911.42,0.0,N,,,SUSPICIOUS,Missing subscription_status,Nan
S001635,C00976,Central,,2024-12-07,,69332.55,-20.0,N,Trial,,INVALID,Discount_pct outside 0-100 range,Trial
S001636,C00305,East,Enterprise,2025-10-04,,-43251.03,-30.0,,,Partner,INVALID,Negative monthly_fee; Discount_pct outside 0-100 range; Missing subscription_status,Nan
S001637,C00641,North,Growth,2024-07-03,2025-01-12,73532.93,33.0,N,Cancelled,Partner,VALID,No issues detected,Cancelled
S001638,C01093,South,Basic,2024-01-06,2024-03-27,12130.28,0.0,N,Active,,VALID,No issues detected,Active
S001639,C01363,Central,,2025-06-03,2025-12-06,77505.11,0.0,Y,Active,,VALID,No issues detected,Active
S001640,C01512,South,Growth,2025-03-25,2025-09-19,10955.99,-26.0,,Active,,INVALID,Discount_pct outside 0-100 range,Active
S001641,C00424,South,Pro,2025-02-24,2025-07-02,62077.16,3.0,,,Inside Sales,SUSPICIOUS,Missing subscription_status,Nan
S001642,C01746,East,Pro,2025-08-09,2025-12-28,32607.26,0.0,Y,Active,,VALID,No issues detected,Active
S001643,C00172,West,,2024-10-03,2024-12-24,25515.03,48.0,,Active,Partner,VALID,No issues detected,Active
S001644,C01217,West,Pro,2025-04-27,2025-11-10,59458.78,0.0,,,Partner,SUSPICIOUS,Missing subscription_status,Nan
S001645,C01765,Central,,2025-08-27,2025-08-02,58285.91,118.0,Y,Cancelled,Inside Sales,INVALID,Renewal date earlier than signup date; Discount_pct outside 0-100 range,Cancelled
S001646,C01154,,Enterprise,2025-10-09,,51205.04,126.0,N,Cancelled,Marketplace,INVALID,Discount_pct outside 0-100 range,Cancelled
S001647,C00981,,,2025-01-10,,62286.5,148.0,,Active,Marketplace,INVALID,Discount_pct outside 0-100 range; Active subscription with missing/implausible renewal date,Active
S001648,,West,Basic,2024-11-23,,11972.04,114.0,Y,Expired,,INVALID,Missing customer_id; Discount_pct outside 0-100 range,Expired
S001649,C00001,East,Enterprise,2024-05-08,2025-01-19,29472.04,-17.0,,Trial,Marketplace,INVALID,Discount_pct outside 0-100 range,Trial
S001650,C01480,West,,2025-02-13,2025-02-04,38343.07,0.0,Y,Active,Marketplace,INVALID,Renewal date earlier than signup date,Active
S001651,C00948,Central,,2024-06-07,2025-04-25,30437.06,143.0,,Cancelled,Inside Sales,INVALID,Discount_pct outside 0-100 range,Cancelled
S001652,,,Enterprise,2025-11-27,2026-04-30,50133.87,0.0,,Expired,Inside Sales,INVALID,Missing customer_id,Expired
S001653,C00274,Central,Enterprise,2024-02-12,2024-05-11,62463.94,-4.0,Y,Cancelled,Marketplace,INVALID,Discount_pct outside 0-100 range,Cancelled
S001654,C00162,Central,Pro,2024-07-13,2024-11-06,58245.3,-1.0,,Cancelled,,INVALID,Discount_pct outside 0-100 range,Cancelled
S001655,C01777,South,Pro,2025-01-20,2024-11-30,6548.27,-27.0,Y,Active,Website,INVALID,Renewal date earlier than signup date; Discount_pct outside 0-100 range,Active
S001656,C00053,North,Enterprise,2024-10-16,2025-05-23,37211.84,29.0,N,Trial,Website,VALID,No issues detected,Trial
S001657,C01720,Central,Growth,2024-08-08,2025-06-21,75950.57,0.0,Y,Trial,Partner,VALID,No issues detected,Trial
S001658,C00005,Central,Pro,2024-03-21,2024-12-12,,101.0,,Expired,Marketplace,INVALID,Missing monthly_fee; Discount_pct outside 0-100 range,Expired
S001659,C01581,Central,,2025-07-17,2026-08-13,23542.37,119.0,Y,Active,,INVALID,Discount_pct outside 0-100 range,Active
S001660,,West,Basic,2024-10-18,2025-01-09,67939.33,55.0,,Active,Partner,INVALID,Missing customer_id,Active
S001661,C00820,South,Basic,2024-12-23,2025-08-09,77469.19,146.0,Y,,Partner,INVALID,Discount_pct outside 0-100 range; Missing subscription_status,Nan
S001662,C00321,Central,,2025-11-02,,9978.16,-5.0,Y,Trial,Inside Sales,INVALID,Discount_pct outside 0-100 range,Trial
S001663,C01647,Central,Growth,2024-05-01,,9524.98,0.0,N,Cancelled,,VALID,No issues detected,Cancelled
S001664,,East,Enterprise,2025-11-22,2026-03-01,14563.9,105.0,,Cancelled,Partner,INVALID,Missing customer_id; Discount_pct outside 0-100 range,Cancelled
S001665,C00115,Central,Enterprise,2024-12-02,2026-01-19,23738.62,-20.0,Y,Expired,Partner,INVALID,Discount_pct outside 0-100 range,Expired
S001666,,,Pro,2025-08-24,2025-09-15,37388.26,45.0,Y,Cancelled,Marketplace,INVALID,Missing customer_id,Cancelled
S001667,C01254,North,Pro,2025-01-21,2025-01-16,10301.29,34.0,,Cancelled,,INVALID,Renewal date earlier than signup date,Cancelled
S001668,C01614,East,Basic,2024-09-02,2025-02-22,11756.94,0.0,N,Cancelled,,VALID,No issues detected,Cancelled
S001669,C01504,,Growth,2025-02-02,2025-07-04,,37.0,N,Active,,SUSPICIOUS,Missing monthly_fee,Active
,C01208,,Pro,2025-10-12,2025-11-15,60652.66,0.0,Y,Active,Inside Sales,INVALID,Missing subscription_id,Active
S001671,C00413,Central,Basic,2024-02-29,2024-08-05,12222.74,43.0,N,,Website,SUSPICIOUS,Missing subscription_status,Nan
S001672,C00026,East,Enterprise,2025-05-05,2025-07-19,31643.97,53.0,N,Active,Partner,VALID,No issues detected,Active
S001673,,West,Pro,2024-07-29,2025-02-27,,0.0,,Active,Website,INVALID,Missing customer_id; Missing monthly_fee,Active
S001674,C01291,Central,,2024-09-30,2025-06-23,50284.09,117.0,Y,Active,,INVALID,Discount_pct outside 0-100 range,Active
S001675,C00427,,Growth,2024-09-11,2024-11-30,26728.99,133.0,N,Trial,Inside Sales,INVALID,Discount_pct outside 0-100 range,Trial
S001676,C00264,West,,2024-01-27,2025-03-12,67118.59,152.0,N,Trial,,INVALID,Discount_pct outside 0-100 range,Trial
S001677,C00748,,,2024-01-31,,52363.43,62.0,N,Active,Partner,SUSPICIOUS,Active subscription with missing/implausible renewal date,Active
S001678,C00273,East,Growth,2025-09-24,2026-11-11,55693.83,54.0,N,,Inside Sales,SUSPICIOUS,Missing subscription_status,Nan
S001679,C00338,North,Growth,2024-06-25,2025-02-18,,127.0,Y,,Website,INVALID,Missing monthly_fee; Discount_pct outside 0-100 range; Missing subscription_status,Nan
S001680,C00890,,,2025-11-21,2026-10-24,78107.61,0.0,N,Trial,Marketplace,VALID,No issues detected,Trial
S001681,C01100,South,Enterprise,2024-07-15,2024-08-31,29059.37,-15.0,N,Cancelled,Partner,INVALID,Discount_pct outside 0-100 range,Cancelled
S001682,C00801,Central,Growth,2024-04-21,2025-03-19,11505.45,121.0,Y,Active,,INVALID,Discount_pct outside 0-100 range,Active
S001683,C01711,South,Growth,2025-05-31,2026-06-23,34683.2,-30.0,,Cancelled,Website,INVALID,Discount_pct outside 0-100 range,Cancelled
S001684,C00581,East,Pro,2024-11-09,2025-11-14,5260.24,0.0,Y,Trial,,VALID,No issues detected,Trial
S001685,C00409,South,Basic,2025-09-27,,664.05,115.0,Y,Trial,Partner,INVALID,Discount_pct outside 0-100 range,Trial
,C01042,North,Pro,2025-02-23,2025-11-26,35186.99,132.0,Y,Expired,,INVALID,Missing subscription_id; Discount_pct outside 0-100 range,Expired
S001687,C01399,North,Basic,2025-03-03,2025-11-03,-64123.45,108.0,,Trial,Website,INVALID,Negative monthly_fee; Discount_pct outside 0-100 range,Trial
S001688,C01770,West,,2025-11-28,,31959.79,-1.0,,Trial,Inside Sales,INVALID,Discount_pct outside 0-100 range,Trial
S001689,C00027,East,Growth,2025-02-08,2026-02-15,60713.22,-27.0,,Cancelled,Partner,INVALID,Discount_pct outside 0-100 range,Cancelled
S001690,C01333,West,Basic,2024-09-20,,23956.38,0.0,Y,Trial,Marketplace,VALID,No issues detected,Trial
S001691,C00483,West,Basic,2025-02-24,2026-03-23,6683.64,40.0,Y,Active,Inside Sales,VALID,No issues detected,Active
S001692,C01169,East,Enterprise,2024-02-25,2025-04-14,-6837.3,0.0,,,,INVALID,Negative monthly_fee; Missing subscription_status,Nan
S001693,C00128,South,,2024-11-11,2025-07-27,60782.52,67.0,N,Expired,Partner,VALID,No issues detected,Expired
S001694,C00511,South,Growth,2025-03-14,2026-02-04,,-21.0,Y,,Website,INVALID,Missing monthly_fee; Discount_pct outside 0-100 range; Missing subscription_status,Nan
S001695,C01633,Central,Basic,2024-01-12,2024-08-05,30906.18,0.0,Y,Cancelled,Inside Sales,VALID,No issues detected,Cancelled
S001696,,,Pro,2025-06-20,2026-06-30,51813.82,0.0,N,Expired,Partner,INVALID,Missing customer_id,Expired
S001697,C00581,South,Enterprise,2025-03-30,2025-10-28,2401.68,60.0,N,,Marketplace,SUSPICIOUS,Missing subscription_status,Nan
S001698,C01597,North,Enterprise,2024-12-13,2025-04-29,5086.79,28.0,,,,SUSPICIOUS,Missing subscription_status,Nan
,C01553,Central,Growth,2024-12-10,2025-12-24,29483.05,-10.0,,Cancelled,Inside Sales,INVALID,Missing subscription_id; Discount_pct outside 0-100 range,Cancelled
S001700,C00456,East,,2024-08-07,2025-05-19,4630.44,111.0,,Expired,,INVALID,Discount_pct outside 0-100 range,Expired
S001701,C01476,East,Enterprise,2025-03-30,2025-09-02,4163.33,0.0,N,Trial,Website,VALID,No issues detected,Trial
S001702,C00781,North,,2024-01-11,2024-04-16,73531.43,5.0,,Trial,,VALID,No issues detected,Trial
S001703,C01190,East,Enterprise,2024-12-08,2025-10-14,27923.69,0.0,,Expired,Partner,VALID,No issues detected,Expired
S001704,,East,,2025-11-25,2026-04-03,74270.87,140.0,,Trial,Partner,INVALID,Missing customer_id; Discount_pct outside 0-100 range,Trial
S001705,C00445,North,Enterprise,2025-11-18,2026-11-13,21078.41,39.0,N,Active,Inside Sales,VALID,No issues detected,Active
S001706,C00356,Central,Basic,2024-05-01,2024-05-25,58042.65,62.0,N,Trial,,VALID,No issues detected,Trial
S001707,C00918,North,Pro,2024-09-12,2024-07-19,3522.19,102.0,Y,Trial,,INVALID,Renewal date earlier than signup date; Discount_pct outside 0-100 range,Trial
S001708,C00443,West,Pro,2024-01-13,,67363.82,0.0,N,Active,Marketplace,SUSPICIOUS,Active subscription with missing/implausible renewal date,Active
S001709,C00747,,Enterprise,2025-10-06,,78551.26,8.0,,,Marketplace,SUSPICIOUS,Missing subscription_status,Nan
S001710,C00356,North,Enterprise,2025-03-13,2026-03-05,28211.56,0.0,,Cancelled,Inside Sales,VALID,No issues detected,Cancelled
S001711,C00547,South,Basic,2024-09-10,2024-09-02,,-4.0,N,Expired,Partner,INVALID,Renewal date earlier than signup date; Missing monthly_fee; Discount_pct outside 0-100 range,Expired
S001712,C00941,South,Basic,2024-09-26,2024-10-27,,-14.0,N,Expired,Partner,INVALID,Missing monthly_fee; Discount_pct outside 0-100 range,Expired
,C00752,South,Pro,2024-12-15,2025-07-28,56373.7,0.0,,Active,Website,INVALID,Missing subscription_id,Active
S001714,C00215,,Growth,2025-08-23,2026-04-05,2351.37,0.0,,Cancelled,,VALID,No issues detected,Cancelled
S001715,C01035,South,Growth,2024-09-29,2024-12-28,5221.76,147.0,N,,Website,INVALID,Discount_pct outside 0-100 range; Missing subscription_status,Nan
S001716,C01350,Central,Growth,2024-12-30,2025-12-28,27052.94,0.0,N,Expired,Website,VALID,No issues detected,Expired
S001717,C01464,North,Growth,2025-07-04,2026-06-01,51154.32,0.0,N,Trial,Inside Sales,VALID,No issues detected,Trial
S001718,C00856,,Pro,2024-03-01,2024-07-24,,107.0,N,Trial,Marketplace,INVALID,Missing monthly_fee; Discount_pct outside 0-100 range,Trial
S001719,C00722,West,Basic,2024-04-01,,10683.2,0.0,N,Trial,Inside Sales,VALID,No issues detected,Trial
S001720,C00806,West,Growth,2025-02-25,2026-04-17,60750.82,111.0,Y,Active,,INVALID,Discount_pct outside 0-100 range,Active
S001721,C01028,East,Growth,2025-01-26,2025-07-08,75599.19,-5.0,,Active,Inside Sales,INVALID,Discount_pct outside 0-100 range,Active
S001722,C01088,,Growth,2024-08-14,2024-09-07,23056.18,0.0,N,Expired,Website,VALID,No issues detected,Expired
S001723,C01473,North,,2024-06-19,2025-05-11,76930.1,0.0,Y,Expired,Partner,VALID,No issues detected,Expired
S001724,C00230,South,,2025-11-12,2026-11-17,12357.52,0.0,Y,,Inside Sales,SUSPICIOUS,Missing subscription_status,Nan
S001725,C00969,South,Growth,2025-04-24,2025-09-12,23585.49,0.0,,Active,Website,VALID,No issues detected,Active
S001726,C00930,,Enterprise,2024-04-05,2025-02-03,68763.41,151.0,N,Trial,Inside Sales,INVALID,Discount_pct outside 0-100 range,Trial
S001727,C01784,North,Basic,2024-09-28,2025-09-21,31699.12,122.0,N,Trial,Partner,INVALID,Discount_pct outside 0-100 range,Trial
S001728,C00897,,Enterprise,2024-09-07,2024-08-08,47260.2,38.0,,Active,Partner,INVALID,Renewal date earlier than signup date,Active
S001729,C01186,Central,Basic,2024-10-26,2025-01-25,37921.55,57.0,N,Active,Inside Sales,VALID,No issues detected,Active
S001730,C00484,West,Growth,2024-04-01,2024-09-06,-37165.1,-29.0,N,Trial,,INVALID,Negative monthly_fee; Discount_pct outside 0-100 range,Trial
S001731,C01250,West,,2024-06-21,2024-09-24,30576.74,-14.0,Y,,Marketplace,INVALID,Discount_pct outside 0-100 range; Missing subscription_status,Nan
S001732,C01694,North,Basic,2024-05-22,,,0.0,,Active,Website,SUSPICIOUS,Missing monthly_fee; Active subscription with missing/implausible renewal date,Active
S001733,C00821,East,Growth,2024-10-12,2025-09-08,50094.64,-26.0,N,,Inside Sales,INVALID,Discount_pct outside 0-100 range; Missing subscription_status,Nan
S001734,,Central,Enterprise,2024-11-17,2025-12-10,15592.27,59.0,Y,,Website,INVALID,Missing customer_id; Missing subscription_status,Nan
S001735,C01237,East,Enterprise,2024-06-04,2024-11-23,,10.0,,,Website,SUSPICIOUS,Missing monthly_fee; Missing subscription_status,Nan
S001736,C01375,,Pro,2024-04-29,2024-03-13,23577.05,0.0,Y,Cancelled,Website,INVALID,Renewal date earlier than signup date,Cancelled
S001737,C01798,North,Growth,2024-10-04,2025-08-13,-53297.69,18.0,Y,Active,Website,INVALID,Negative monthly_fee,Active
S001738,C00287,North,Pro,2025-08-06,2025-06-18,56857.83,0.0,Y,Cancelled,,INVALID,Renewal date earlier than signup date,Cancelled
S001739,C00172,,Enterprise,2025-01-23,2026-03-12,6747.68,51.0,,Expired,Partner,VALID,No issues detected,Expired
S001740,C00718,South,Basic,2025-08-20,2026-06-29,71822.43,-2.0,Y,Expired,Inside Sales,INVALID,Discount_pct outside 0-100 range,Expired
S001741,C01524,Central,Enterprise,2024-12-08,2025-08-13,70588.58,30.0,Y,Expired,Inside Sales,VALID,No issues detected,Expired
S001742,C00057,East,Enterprise,2024-10-25,2025-12-10,18808.95,-28.0,,Active,Website,INVALID,Discount_pct outside 0-100 range,Active
S001743,C00571,East,Pro,2024-07-15,2024-12-13,24940.48,21.0,,Active,,VALID,No issues detected,Active
S001744,C01151,East,Pro,2024-06-18,2025-06-29,39563.83,0.0,N,Trial,Inside Sales,VALID,No issues detected,Trial
S001745,C01795,North,Growth,2025-11-24,2026-11-15,78903.6,-13.0,N,,Inside Sales,INVALID,Discount_pct outside 0-100 range; Missing subscription_status,Nan
S001746,C00332,East,Growth,2025-07-18,2026-07-19,67487.4,63.0,Y,Cancelled,Website,VALID,No issues detected,Cancelled
S001747,C00493,,,2024-01-24,2024-08-04,,123.0,Y,,Inside Sales,INVALID,Missing monthly_fee; Discount_pct outside 0-100 range; Missing subscription_status,Nan
S001748,C00465,North,Pro,2025-03-16,,49675.15,124.0,N,Active,,INVALID,Discount_pct outside 0-100 range; Active subscription with missing/implausible renewal date,Active
S001749,C01038,Central,Enterprise,2024-01-29,2024-10-20,67507.69,124.0,,Active,Marketplace,INVALID,Discount_pct outside 0-100 range,Active
S001750,C00229,East,,2025-10-19,2026-01-15,62219.02,1.0,,Trial,Partner,VALID,No issues detected,Trial
,C00073,North,Growth,2025-06-09,2025-11-15,33307.71,141.0,N,Expired,Inside Sales,INVALID,Missing subscription_id; Discount_pct outside 0-100 range,Expired
S001752,,West,Enterprise,2024-11-07,2025-11-21,72551.95,-4.0,N,Expired,Inside Sales,INVALID,Missing customer_id; Discount_pct outside 0-100 range,Expired
S001753,C00544,South,,2024-09-23,2024-10-18,49037.97,0.0,,Expired,Inside Sales,VALID,No issues detected,Expired
S001754,C01564,Central,Pro,2024-10-02,2025-07-23,47339.41,39.0,N,Expired,,VALID,No issues detected,Expired
S001755,C00534,North,Enterprise,2024-12-22,2025-06-29,48312.16,150.0,N,Trial,Website,INVALID,Discount_pct outside 0-100 range,Trial
,C01068,South,Basic,2024-02-22,,77901.3,-11.0,Y,Trial,Website,INVALID,Missing subscription_id; Discount_pct outside 0-100 range,Trial
S001757,C00695,West,,2024-09-15,2025-08-27,75520.65,119.0,,,Marketplace,INVALID,Discount_pct outside 0-100 range; Missing subscription_status,Nan
S001758,C01714,West,Basic,2025-04-19,2026-04-22,56548.47,68.0,Y,Trial,Partner,VALID,No issues detected,Trial
S001759,C00576,South,Enterprise,2025-11-18,2025-12-08,,41.0,,Expired,Marketplace,SUSPICIOUS,Missing monthly_fee,Expired
S001760,C01246,Central,Growth,2024-05-28,2025-06-24,37813.04,0.0,N,,Website,SUSPICIOUS,Missing subscription_status,Nan
S001761,C00760,West,Pro,2024-09-23,2025-04-11,54793.6,-5.0,N,,Marketplace,INVALID,Discount_pct outside 0-100 range; Missing subscription_status,Nan
S001762,C00382,,Pro,2025-04-24,2026-04-21,,29.0,,Active,,SUSPICIOUS,Missing monthly_fee,Active
S001763,,North,Basic,2025-03-23,2025-07-18,60285.87,56.0,N,Active,Website,INVALID,Missing customer_id,Active
S001764,C01043,South,Enterprise,2025-01-27,2026-02-02,42851.07,49.0,N,,Inside Sales,SUSPICIOUS,Missing subscription_status,Nan
S001765,C00492,Central,Pro,2024-09-05,2025-04-01,8054.41,0.0,Y,,Inside Sales,SUSPICIOUS,Missing subscription_status,Nan
S001766,C00461,East,Enterprise,2024-03-20,2024-12-05,69487.19,141.0,Y,,Marketplace,INVALID,Discount_pct outside 0-100 range; Missing subscription_status,Nan
,,East,Basic,2025-04-02,2025-09-12,,0.0,N,Cancelled,Partner,INVALID,Missing subscription_id; Missing customer_id; Missing monthly_fee,Cancelled
S001768,C01325,West,Growth,2025-09-26,2026-08-06,64796.91,0.0,N,,Inside Sales,SUSPICIOUS,Missing subscription_status,Nan
S001769,C00490,North,,2024-02-08,2024-06-17,32779.95,139.0,N,Expired,,INVALID,Discount_pct outside 0-100 range,Expired
S001770,C00847,West,Pro,2025-09-02,2025-12-11,-20527.01,-27.0,,Cancelled,,INVALID,Negative monthly_fee; Discount_pct outside 0-100 range,Cancelled
S001771,C01127,East,Basic,2025-02-09,2026-01-03,44445.33,19.0,Y,Active,Marketplace,VALID,No issues detected,Active
S001772,C01675,East,Growth,2024-11-01,2024-10-30,37870.78,0.0,Y,Cancelled,Inside Sales,INVALID,Renewal date earlier than signup date,Cancelled
S001773,C01039,West,Pro,2024-01-03,2024-02-26,42380.76,0.0,Y,Cancelled,Marketplace,VALID,No issues detected,Cancelled
S001774,C00185,North,Growth,2025-10-24,,44862.64,-13.0,,Expired,Partner,INVALID,Discount_pct outside 0-100 range,Expired
S001775,C00806,West,Pro,2025-10-24,,27779.31,0.0,,Expired,,VALID,No issues detected,Expired
S001776,,,Pro,2024-11-25,2024-11-01,36936.49,0.0,,Expired,Inside Sales,INVALID,Missing customer_id; Renewal date earlier than signup date,Expired
S001777,C01540,Central,Growth,2025-04-24,,45978.73,58.0,,Expired,Inside Sales,VALID,No issues detected,Expired
S001778,,,Enterprise,2024-07-29,2025-08-31,24910.35,-16.0,N,Cancelled,Marketplace,INVALID,Missing customer_id; Discount_pct outside 0-100 range,Cancelled
S001779,C00525,South,Pro,2024-01-07,2024-03-10,38814.11,29.0,Y,Cancelled,,VALID,No issues detected,Cancelled
S001780,C00467,West,Enterprise,2025-10-31,2026-03-18,45679.39,18.0,N,Active,Website,VALID,No issues detected,Active
S001781,C01599,Central,Basic,2025-06-09,2026-07-07,13090.55,157.0,,Cancelled,Partner,INVALID,Discount_pct outside 0-100 range,Cancelled
,C00850,North,Enterprise,2024-12-11,2025-03-11,72469.01,-3.0,,,Website,INVALID,Missing subscription_id; Discount_pct outside 0-100 range; Missing subscription_status,Nan
,C00109,,Enterprise,2024-10-27,2025-01-31,30959.09,0.0,Y,Expired,Partner,INVALID,Missing subscription_id,Expired
S001784,C01696,East,,2024-12-15,,37185.26,-18.0,Y,,Marketplace,INVALID,Discount_pct outside 0-100 range; Missing subscription_status,Nan
,C01658,West,Basic,2024-01-11,2024-01-05,70261.83,-8.0,,Expired,Website,INVALID,Missing subscription_id; Renewal date earlier than signup date; Discount_pct outside 0-100 range,Expired
S001786,,East,Pro,2024-08-21,2025-05-13,13462.03,22.0,N,Expired,Partner,INVALID,Missing customer_id,Expired
S001787,,Central,Enterprise,2025-03-01,2026-01-19,64280.32,127.0,N,Expired,Marketplace,INVALID,Missing customer_id; Discount_pct outside 0-100 range,Expired
S001788,C00027,West,Basic,2024-04-18,2024-05-16,,103.0,Y,,Website,INVALID,Missing monthly_fee; Discount_pct outside 0-100 range; Missing subscription_status,Nan
S001789,C01543,,Basic,2024-10-20,2025-05-23,39309.75,0.0,N,Cancelled,Partner,VALID,No issues detected,Cancelled
S001790,C00829,West,Enterprise,2024-07-05,2025-07-10,-25749.54,135.0,N,Expired,Inside Sales,INVALID,Negative monthly_fee; Discount_pct outside 0-100 range,Expired
,C00146,South,,2025-04-21,2026-03-09,54531.04,0.0,N,Trial,,INVALID,Missing subscription_id,Trial
S001792,C00747,West,Growth,2025-06-11,2026-03-11,,0.0,,Active,Website,SUSPICIOUS,Missing monthly_fee,Active
S001793,C00894,,Pro,2024-11-21,2025-07-03,45197.58,0.0,Y,Cancelled,Marketplace,VALID,No issues detected,Cancelled
S001794,C00745,West,Basic,2024-11-14,2025-03-15,54654.44,11.0,N,,Partner,SUSPICIOUS,Missing subscription_status,Nan
S001795,C00183,,Basic,2024-05-23,2025-03-08,-73894.42,134.0,,Expired,Marketplace,INVALID,Negative monthly_fee; Discount_pct outside 0-100 range,Expired
S001796,C00101,,,2025-08-04,,69388.38,64.0,Y,Active,Partner,SUSPICIOUS,Active subscription with missing/implausible renewal date,Active
S001797,C00215,West,Basic,2025-02-06,2025-12-11,74443.69,154.0,Y,Expired,Partner,INVALID,Discount_pct outside 0-100 range,Expired
S001798,C00283,West,Growth,2025-02-25,2026-03-19,28977.62,36.0,,Trial,Website,VALID,No issues detected,Trial
S001799,C00687,,Pro,2024-01-05,2024-08-27,78095.18,146.0,Y,Cancelled,Website,INVALID,Discount_pct outside 0-100 range,Cancelled
S001800,C00890,North,Enterprise,2024-12-18,2025-07-23,13980.99,106.0,,Trial,Marketplace,INVALID,Discount_pct outside 0-100 range,Trial
S001801,C00383,Central,Pro,2025-03-29,2025-09-03,49358.36,59.0,Y,,Website,SUSPICIOUS,Missing subscription_status,Nan
S001802,C00320,South,Enterprise,2024-08-09,,38292.97,44.0,N,Expired,Inside Sales,VALID,No issues detected,Expired
S001803,,South,Basic,2025-11-29,2026-02-01,31003.59,12.0,,Expired,Marketplace,INVALID,Missing customer_id,Expired
S001804,C00982,,Basic,2024-10-02,,58890.62,116.0,Y,,Marketplace,INVALID,Discount_pct outside 0-100 range; Missing subscription_status,Nan
S001805,C01566,East,Growth,2024-08-27,2024-12-31,67636.66,-6.0,N,Active,,INVALID,Discount_pct outside 0-100 range,Active
S001806,C01403,North,Basic,2024-12-07,2025-07-01,72562.42,2.0,Y,,Partner,SUSPICIOUS,Missing subscription_status,Nan
S001807,C01148,,Pro,2025-06-16,,58752.95,155.0,Y,,Inside Sales,INVALID,Discount_pct outside 0-100 range; Missing subscription_status,Nan
S001808,C00122,West,Enterprise,2025-08-24,2026-01-15,19906.49,0.0,Y,Cancelled,Marketplace,VALID,No issues detected,Cancelled
S001809,C01192,South,Enterprise,2025-02-24,2026-04-14,,0.0,N,Cancelled,,SUSPICIOUS,Missing monthly_fee,Cancelled
S001810,C01017,North,Growth,2024-03-02,2024-09-17,16248.71,37.0,N,Expired,Website,VALID,No issues detected,Expired
S001811,C00613,South,Enterprise,2024-10-01,,,-25.0,,Trial,Website,INVALID,Missing monthly_fee; Discount_pct outside 0-100 range,Trial
S001812,C00180,North,Enterprise,2025-05-23,2026-06-03,,0.0,Y,Expired,Website,SUSPICIOUS,Missing monthly_fee,Expired
S001813,C01282,,Basic,2025-03-03,2026-02-07,53415.38,141.0,N,Trial,Marketplace,INVALID,Discount_pct outside 0-100 range,Trial
S001814,C00846,,,2025-04-26,2025-06-21,34765.31,0.0,N,Expired,Inside Sales,VALID,No issues detected,Expired
,C00812,South,,2024-05-26,2024-10-20,38566.83,0.0,Y,Trial,Inside Sales,INVALID,Missing subscription_id,Trial
S001816,C01176,North,Growth,2024-07-13,2024-11-11,-917.42,15.0,Y,Trial,Partner,INVALID,Negative monthly_fee,Trial
S001817,,South,Basic,2025-11-15,2026-11-16,49154.32,62.0,Y,Cancelled,Inside Sales,INVALID,Missing customer_id,Cancelled
S001818,C00529,,,2024-06-08,,28462.18,14.0,Y,Active,,SUSPICIOUS,Active subscription with missing/implausible renewal date,Active
S001819,C01474,East,Basic,2024-06-20,2025-04-09,32778.05,-6.0,Y,Active,Website,INVALID,Discount_pct outside 0-100 range,Active
S001820,C00992,,Growth,2024-08-20,2025-09-14,79739.47,0.0,N,Trial,Website,VALID,No issues detected,Trial
S001821,C00603,West,Basic,2025-05-11,2026-02-24,46054.29,140.0,,,,INVALID,Discount_pct outside 0-100 range; Missing subscription_status,Nan
S001822,C01732,North,Basic,2024-07-11,2025-03-20,,102.0,N,Trial,,INVALID,Missing monthly_fee; Discount_pct outside 0-100 range,Trial
S001823,,Central,Pro,2024-12-29,2024-11-07,41792.15,0.0,N,Expired,Partner,INVALID,Missing customer_id; Renewal date earlier than signup date,Expired
S001824,C01418,,Pro,2024-11-20,2025-09-29,59745.77,0.0,N,Trial,,VALID,No issues detected,Trial
S001825,C00160,Central,Growth,2025-01-28,2026-03-06,25058.91,-4.0,Y,Cancelled,Marketplace,INVALID,Discount_pct outside 0-100 range,Cancelled
S001826,C01544,West,Basic,2024-07-10,2025-07-27,21556.99,116.0,,Cancelled,Inside Sales,INVALID,Discount_pct outside 0-100 range,Cancelled
S001827,C00013,Central,Enterprise,2024-03-01,2024-02-15,15028.28,-2.0,,Expired,Inside Sales,INVALID,Renewal date earlier than signup date; Discount_pct outside 0-100 range,Expired
S001828,C01774,,Enterprise,2025-08-19,2026-02-02,-75908.73,103.0,,Cancelled,Website,INVALID,Negative monthly_fee; Discount_pct outside 0-100 range,Cancelled
S001829,C00328,,Enterprise,2025-05-26,,48201.42,0.0,Y,Expired,Inside Sales,VALID,No issues detected,Expired
S001830,C00906,North,Pro,2025-09-13,2026-06-09,61963.1,132.0,Y,,Partner,INVALID,Discount_pct outside 0-100 range; Missing subscription_status,Nan
,,Central,Pro,2025-10-26,2026-09-30,7784.72,115.0,,,Marketplace,INVALID,Missing subscription_id; Missing customer_id; Discount_pct outside 0-100 range; Missing subscription_status,Nan
S001832,,West,Basic,2024-02-04,2025-03-13,65277.69,-11.0,,Cancelled,,INVALID,Missing customer_id; Discount_pct outside 0-100 range,Cancelled
S001833,C01624,South,Pro,2025-09-23,2025-12-12,60909.54,-15.0,Y,Cancelled,,INVALID,Discount_pct outside 0-100 range,Cancelled
S001834,C01135,East,,2024-12-30,2025-07-01,32269.64,0.0,,Trial,Website,VALID,No issues detected,Trial
S001835,C01428,South,Pro,2025-03-29,2026-01-13,15497.19,0.0,,Trial,,VALID,No issues detected,Trial
S001836,C00241,North,Growth,2025-11-04,2026-06-01,52356.48,0.0,N,Cancelled,Partner,VALID,No issues detected,Cancelled
S001837,C01381,West,Growth,2025-08-19,2025-06-22,52139.94,-18.0,,Active,Marketplace,INVALID,Renewal date earlier than signup date; Discount_pct outside 0-100 range,Active
,C00937,South,Enterprise,2025-01-28,2025-08-17,,-10.0,,Expired,Inside Sales,INVALID,Missing subscription_id; Missing monthly_fee; Discount_pct outside 0-100 range,Expired
S001839,C00028,North,Enterprise,2024-09-28,2025-09-06,76300.62,18.0,,Cancelled,Partner,VALID,No issues detected,Cancelled
S001840,C01197,East,Enterprise,2025-02-02,2025-02-27,16942.38,137.0,,Cancelled,Website,INVALID,Discount_pct outside 0-100 range,Cancelled
S001841,C01691,North,,2024-08-26,2025-06-02,8237.5,144.0,N,Active,Website,INVALID,Discount_pct outside 0-100 range,Active
S001842,C01080,Central,Pro,2024-07-15,2025-04-13,24374.83,0.0,N,Cancelled,Website,VALID,No issues detected,Cancelled
S001843,C00241,West,,2025-06-22,2026-04-01,30115.66,123.0,Y,Active,Marketplace,INVALID,Discount_pct outside 0-100 range,Active
S001844,C01315,Central,Pro,2025-04-15,2026-04-27,,0.0,N,Expired,Inside Sales,SUSPICIOUS,Missing monthly_fee,Expired
S001845,C01608,North,Basic,2025-10-14,2026-10-21,49015.44,0.0,N,,Inside Sales,SUSPICIOUS,Missing subscription_status,Nan
,C00399,West,Basic,2025-01-11,2025-06-21,,0.0,N,,,INVALID,Missing subscription_id; Missing monthly_fee; Missing subscription_status,Nan
S001847,C00737,North,Pro,2024-09-23,,,46.0,N,Trial,Website,SUSPICIOUS,Missing monthly_fee,Trial
S001848,,,Pro,2024-12-27,2026-01-31,3974.7,0.0,Y,Expired,,INVALID,Missing customer_id,Expired
S001849,C00748,South,Growth,2025-11-30,2025-10-14,59114.08,0.0,N,Active,,INVALID,Renewal date earlier than signup date,Active
S001850,C01263,West,Basic,2025-10-28,,25479.08,104.0,Y,Active,,INVALID,Discount_pct outside 0-100 range; Active subscription with missing/implausible renewal date,Active
S001851,C00127,West,,2024-05-09,2024-11-27,69742.81,126.0,Y,Cancelled,Marketplace,INVALID,Discount_pct outside 0-100 range,Cancelled
S001852,C01103,East,Basic,2024-12-09,2025-07-05,,-14.0,N,Cancelled,Inside Sales,INVALID,Missing monthly_fee; Discount_pct outside 0-100 range,Cancelled
S001853,C01484,,Growth,2025-08-28,2026-07-26,52799.35,57.0,,,Website,SUSPICIOUS,Missing subscription_status,Nan
S001854,C00516,South,Basic,2024-12-06,2026-01-15,7746.1,0.0,N,Cancelled,Inside Sales,VALID,No issues detected,Cancelled
S001855,C01290,,Basic,2025-06-02,2025-07-20,65214.06,148.0,Y,Cancelled,Marketplace,INVALID,Discount_pct outside 0-100 range,Cancelled
S001856,C00908,Central,Growth,2025-04-07,2025-02-09,40805.84,143.0,,Expired,Website,INVALID,Renewal date earlier than signup date; Discount_pct outside 0-100 range,Expired
S001857,C01644,,Enterprise,2024-01-12,2024-11-09,16492.08,-19.0,,,Inside Sales,INVALID,Discount_pct outside 0-100 range; Missing subscription_status,Nan
S001858,C00012,East,Growth,2024-11-30,2025-10-16,48866.1,-24.0,Y,,Website,INVALID,Discount_pct outside 0-100 range; Missing subscription_status,Nan
S001859,C01199,,Pro,2025-07-04,2025-10-30,61279.53,32.0,N,Trial,Marketplace,VALID,No issues detected,Trial
S001860,C00443,,,2025-04-21,2025-12-07,12473.55,0.0,,,Partner,SUSPICIOUS,Missing subscription_status,Nan
S001861,C00440,North,Pro,2024-03-16,2025-04-15,7623.99,46.0,Y,Trial,Inside Sales,VALID,No issues detected,Trial
S001862,C00873,South,Basic,2025-09-10,2025-11-18,37574.98,0.0,,Active,Partner,VALID,No issues detected,Active
S001863,C00470,South,Enterprise,2025-05-30,2025-09-18,,0.0,N,Expired,Website,SUSPICIOUS,Missing monthly_fee,Expired
S001864,C00427,West,Growth,2024-04-24,2024-08-20,29098.49,-13.0,,Trial,,INVALID,Discount_pct outside 0-100 range,Trial
S001865,,East,Pro,2025-04-14,,46012.83,-4.0,N,Active,Inside Sales,INVALID,Missing customer_id; Discount_pct outside 0-100 range; Active subscription with missing/implausible renewal date,Active
S001866,C01668,,Pro,2025-03-25,2025-08-29,,-20.0,,Expired,Partner,INVALID,Missing monthly_fee; Discount_pct outside 0-100 range,Expired
S001867,C00887,East,Pro,2025-04-21,2025-07-09,55746.41,0.0,,Cancelled,,VALID,No issues detected,Cancelled
S001868,C00303,West,Pro,2025-04-22,2025-04-04,39338.28,4.0,Y,Cancelled,Website,INVALID,Renewal date earlier than signup date,Cancelled
S001869,C01621,North,Basic,2025-03-16,2025-06-08,64421.11,135.0,,Cancelled,Partner,INVALID,Discount_pct outside 0-100 range,Cancelled
S001870,C00001,West,,2025-05-10,2025-05-26,62494.08,14.0,,Expired,Partner,VALID,No issues detected,Expired
S001871,C01539,West,Pro,2025-10-31,2026-05-28,18004.74,0.0,N,Expired,Partner,VALID,No issues detected,Expired
S001872,C01302,West,,2025-08-14,2026-03-28,14944.98,44.0,,Cancelled,Inside Sales,VALID,No issues detected,Cancelled
S001873,C00708,West,Growth,2025-07-06,2025-07-23,59841.62,0.0,Y,Expired,Website,VALID,No issues detected,Expired
,,East,Enterprise,2025-07-21,2026-08-07,34908.49,146.0,N,,Partner,INVALID,Missing subscription_id; Missing customer_id; Discount_pct outside 0-100 range; Missing subscription_status,Nan
S001875,C00748,East,Pro,2025-10-28,,64806.36,0.0,Y,Cancelled,Website,VALID,No issues detected,Cancelled
S001876,C01418,,Enterprise,2025-11-25,2026-08-24,73621.26,43.0,N,Cancelled,Marketplace,VALID,No issues detected,Cancelled
S001877,C00308,,Basic,2024-11-02,2024-10-12,,0.0,,Cancelled,Website,INVALID,Renewal date earlier than signup date; Missing monthly_fee,Cancelled
S001878,C01424,,Basic,2024-12-18,2025-03-21,62621.32,50.0,,,Website,SUSPICIOUS,Missing subscription_status,Nan
S001879,C00703,South,,2025-03-07,2025-12-06,42683.05,29.0,Y,Expired,,VALID,No issues detected,Expired
S001880,C01429,South,Pro,2025-07-01,2026-06-28,74633.35,-18.0,N,Trial,Inside Sales,INVALID,Discount_pct outside 0-100 range,Trial
S001881,C00786,,Pro,2024-09-18,2024-10-07,73057.69,0.0,,Expired,Website,VALID,No issues detected,Expired
S001882,C00723,,Growth,2024-01-29,2024-02-18,,-4.0,N,,,INVALID,Missing monthly_fee; Discount_pct outside 0-100 range; Missing subscription_status,Nan
S001883,C00723,South,Growth,2025-11-27,2026-07-04,48751.72,30.0,Y,,,SUSPICIOUS,Missing subscription_status,Nan
S001884,C00259,North,Basic,2025-05-27,2026-05-16,,117.0,N,Active,Partner,INVALID,Missing monthly_fee; Discount_pct outside 0-100 range,Active
S001885,C00680,Central,Pro,2025-05-22,2026-04-19,39511.66,-3.0,,Expired,Website,INVALID,Discount_pct outside 0-100 range,Expired
,C01470,South,,2025-10-08,2026-07-12,49079.09,58.0,,,Website,INVALID,Missing subscription_id; Missing subscription_status,Nan
S001887,C01337,,Growth,2025-01-02,2025-10-22,35263.69,-7.0,Y,Cancelled,Partner,INVALID,Discount_pct outside 0-100 range,Cancelled
S001888,C01240,East,,2024-06-30,2024-12-11,25894.37,105.0,Y,Cancelled,Website,INVALID,Discount_pct outside 0-100 range,Cancelled
S001889,C00418,West,Enterprise,2024-10-10,2024-10-09,64652.17,28.0,Y,Expired,,INVALID,Renewal date earlier than signup date,Expired
S001890,C01201,,Pro,2024-11-10,,55177.77,35.0,Y,Trial,Marketplace,VALID,No issues detected,Trial
S001891,C00688,Central,Basic,2025-08-02,2026-08-18,7568.01,65.0,,Expired,Marketplace,VALID,No issues detected,Expired
S001892,C00822,East,Growth,2024-07-11,2024-12-11,-47550.15,129.0,N,Cancelled,,INVALID,Negative monthly_fee; Discount_pct outside 0-100 range,Cancelled
S001893,C00547,East,Enterprise,2024-11-24,2025-11-12,8417.61,27.0,Y,Cancelled,Marketplace,VALID,No issues detected,Cancelled
S001894,,North,Basic,2024-03-18,2025-04-21,75308.84,104.0,,Expired,,INVALID,Missing customer_id; Discount_pct outside 0-100 range,Expired
S001895,C01725,,Growth,2025-11-16,2026-01-02,71904.74,50.0,N,Cancelled,Website,VALID,No issues detected,Cancelled
S001896,C01095,Central,Pro,2024-09-22,,22537.55,0.0,N,Cancelled,Inside Sales,VALID,No issues detected,Cancelled
S001897,C00841,West,Basic,2024-07-28,2025-08-26,73201.31,-11.0,Y,Trial,Partner,INVALID,Discount_pct outside 0-100 range,Trial
S001898,,Central,Pro,2024-05-30,2024-07-20,79687.96,151.0,N,Trial,,INVALID,Missing customer_id; Discount_pct outside 0-100 range,Trial
S001899,C01484,West,Enterprise,2025-11-28,2026-09-28,45904.03,158.0,,Cancelled,Inside Sales,INVALID,Discount_pct outside 0-100 range,Cancelled
,C01267,East,Pro,2024-08-30,2025-10-18,56556.97,154.0,Y,Expired,,INVALID,Missing subscription_id; Discount_pct outside 0-100 range,Expired
,C01660,Central,Pro,2024-07-17,2024-12-18,41429.71,0.0,Y,Expired,Website,INVALID,Missing subscription_id,Expired
S001902,C01658,South,Pro,2024-11-25,2025-12-25,-35892.73,47.0,,Cancelled,Marketplace,INVALID,Negative monthly_fee,Cancelled
S001903,C00260,East,,2024-11-17,2025-01-26,69556.03,43.0,,Active,Partner,VALID,No issues detected,Active
S001904,C01143,Central,Pro,2025-06-21,2025-10-26,61343.25,0.0,,Active,Website,VALID,No issues detected,Active
S001905,C00534,West,Enterprise,2025-02-24,2026-01-14,14944.79,0.0,,Trial,,VALID,No issues detected,Trial
S001906,C00967,West,Basic,2024-09-13,2025-02-24,42428.63,-26.0,N,Expired,Inside Sales,INVALID,Discount_pct outside 0-100 range,Expired
S001907,C00572,West,Basic,2024-01-19,2025-03-11,42902.65,0.0,N,,Marketplace,SUSPICIOUS,Missing subscription_status,Nan
S001908,C00443,West,Pro,2024-02-14,2025-01-18,,160.0,,Active,Partner,INVALID,Missing monthly_fee; Discount_pct outside 0-100 range,Active
,C01435,South,Growth,2025-02-21,2025-01-09,42478.03,36.0,Y,Trial,Website,INVALID,Missing subscription_id; Renewal date earlier than signup date,Trial
S001910,C00037,North,,2024-09-07,2025-05-13,,5.0,Y,Active,Website,SUSPICIOUS,Missing monthly_fee,Active
S001911,,North,Growth,2024-02-10,2024-05-03,38048.85,-9.0,Y,Cancelled,Marketplace,INVALID,Missing customer_id; Discount_pct outside 0-100 range,Cancelled
S001912,C01770,,Basic,2024-09-23,2024-11-07,,-20.0,Y,Trial,Inside Sales,INVALID,Missing monthly_fee; Discount_pct outside 0-100 range,Trial
S001913,C01444,Central,Basic,2024-05-20,,76295.07,104.0,N,Cancelled,,INVALID,Discount_pct outside 0-100 range,Cancelled
S001914,C01136,South,Basic,2025-11-26,2026-09-22,-36697.43,-23.0,,,Partner,INVALID,Negative monthly_fee; Discount_pct outside 0-100 range; Missing subscription_status,Nan
S001915,,North,Enterprise,2025-10-18,2026-02-25,46981.24,0.0,,Expired,Marketplace,INVALID,Missing customer_id,Expired
S001916,C01745,Central,Growth,2024-04-20,2024-06-14,45903.82,0.0,N,,,SUSPICIOUS,Missing subscription_status,Nan
S001917,C00992,South,,2024-08-12,,,158.0,,Cancelled,,INVALID,Missing monthly_fee; Discount_pct outside 0-100 range,Cancelled
S001918,C01083,West,Pro,2024-01-16,2025-01-02,56526.33,0.0,Y,Cancelled,Partner,VALID,No issues detected,Cancelled
S001919,C00328,Central,Pro,2025-03-04,2025-10-03,45706.3,0.0,N,Expired,Website,VALID,No issues detected,Expired
S001920,C01462,West,,2024-02-28,2025-04-15,,4.0,,Expired,,SUSPICIOUS,Missing monthly_fee,Expired
S001921,C01345,West,Enterprise,2024-10-30,2025-01-02,16854.47,150.0,Y,Cancelled,Partner,INVALID,Discount_pct outside 0-100 range,Cancelled
S001922,C00538,South,Basic,2025-06-24,2025-10-01,,-30.0,,Active,Inside Sales,INVALID,Missing monthly_fee; Discount_pct outside 0-100 range,Active
S001923,C01145,,,2025-01-23,2025-10-12,56908.14,159.0,N,Trial,,INVALID,Discount_pct outside 0-100 range,Trial
S001924,C01348,Central,Pro,2024-09-21,2025-02-09,53809.37,15.0,Y,,Inside Sales,SUSPICIOUS,Missing subscription_status,Nan
S001925,C01735,North,,2025-01-21,2025-11-30,59507.48,2.0,,Cancelled,Partner,VALID,No issues detected,Cancelled
S001926,C01319,West,,2025-04-23,,17208.43,146.0,Y,Trial,,INVALID,Discount_pct outside 0-100 range,Trial
S001927,C00207,Central,Growth,2025-11-01,2026-01-26,43690.17,126.0,N,Cancelled,Website,INVALID,Discount_pct outside 0-100 range,Cancelled
S001928,C01631,South,Pro,2025-04-06,2025-10-21,25415.8,133.0,,Active,Inside Sales,INVALID,Discount_pct outside 0-100 range,Active
S001929,,South,Pro,2025-03-03,2025-05-15,60886.33,-25.0,Y,Active,Website,INVALID,Missing customer_id; Discount_pct outside 0-100 range,Active
,,North,,2024-08-06,2024-10-22,72263.26,120.0,Y,Expired,Website,INVALID,Missing subscription_id; Missing customer_id; Discount_pct outside 0-100 range,Expired
S001931,C00706,North,Growth,2024-01-29,2024-08-30,51220.81,22.0,N,Cancelled,Partner,VALID,No issues detected,Cancelled
S001932,,South,,2025-03-20,,36325.95,123.0,Y,Active,Website,INVALID,Missing customer_id; Discount_pct outside 0-100 range; Active subscription with missing/implausible renewal date,Active
S001933,C00387,Central,Pro,2025-08-15,2025-10-26,2445.31,-3.0,Y,,,INVALID,Discount_pct outside 0-100 range; Missing subscription_status,Nan
S001934,C01299,South,Basic,2024-11-13,2025-12-25,65877.57,15.0,Y,Expired,Partner,VALID,No issues detected,Expired
S001935,C01288,North,Enterprise,2025-05-18,,32430.93,23.0,Y,Trial,,VALID,No issues detected,Trial
S001936,C00780,East,,2025-02-12,2025-08-12,68528.63,0.0,Y,Active,Marketplace,VALID,No issues detected,Active
S001937,C01499,South,Basic,2024-02-24,2025-03-10,77329.58,-13.0,,,Partner,INVALID,Discount_pct outside 0-100 range; Missing subscription_status,Nan
S001938,C01122,North,Basic,2024-02-23,,48311.28,29.0,Y,Expired,Inside Sales,VALID,No issues detected,Expired
S001939,C01522,North,,2025-03-16,2025-04-03,,105.0,,Expired,Marketplace,INVALID,Missing monthly_fee; Discount_pct outside 0-100 range,Expired
S001940,C01667,,Basic,2024-03-08,2024-06-12,6786.99,0.0,N,Trial,Website,VALID,No issues detected,Trial
S001941,C01105,South,Enterprise,2024-05-05,2024-09-23,55541.72,147.0,N,Active,Marketplace,INVALID,Discount_pct outside 0-100 range,Active
S001942,,,Enterprise,2024-05-31,2024-09-26,3935.35,-9.0,N,Trial,Website,INVALID,Missing customer_id; Discount_pct outside 0-100 range,Trial
S001943,C00282,West,Basic,2024-10-11,2025-05-28,50149.33,-18.0,Y,,Inside Sales,INVALID,Discount_pct outside 0-100 range; Missing subscription_status,Nan
S001944,C01657,Central,Growth,2025-06-17,2025-09-09,55666.07,3.0,Y,Cancelled,Partner,VALID,No issues detected,Cancelled
S001945,C00854,North,,2024-12-24,2025-01-20,69839.91,-25.0,N,Cancelled,Marketplace,INVALID,Discount_pct outside 0-100 range,Cancelled
S001946,C00555,South,Enterprise,2024-05-03,2024-08-23,63809.6,31.0,Y,Cancelled,Website,VALID,No issues detected,Cancelled
S001947,C00493,Central,Enterprise,2024-02-20,,,123.0,,Expired,Partner,INVALID,Missing monthly_fee; Discount_pct outside 0-100 range,Expired
S001948,C01778,South,,2025-02-10,2026-01-03,37422.31,126.0,Y,Trial,Marketplace,INVALID,Discount_pct outside 0-100 range,Trial
S001949,C01395,Central,Pro,2024-11-17,2025-07-03,,0.0,Y,Cancelled,Marketplace,SUSPICIOUS,Missing monthly_fee,Cancelled
S001950,C00942,West,Enterprise,2025-02-07,2026-02-17,15588.22,-8.0,N,Trial,Inside Sales,INVALID,Discount_pct outside 0-100 range,Trial
S001951,C01691,West,Enterprise,2024-04-24,2025-01-19,64689.78,70.0,,,Partner,SUSPICIOUS,Missing subscription_status,Nan
S001952,C00848,Central,,2024-01-28,2024-02-22,65222.18,-5.0,N,Expired,Inside Sales,INVALID,Discount_pct outside 0-100 range,Expired
S001953,C00501,South,Enterprise,2025-08-23,2026-07-23,621.82,-16.0,N,Active,Marketplace,INVALID,Discount_pct outside 0-100 range,Active
S001954,,North,Basic,2024-11-16,2025-10-17,24699.94,20.0,N,Expired,,INVALID,Missing customer_id,Expired
S001955,C01097,East,Enterprise,2025-07-18,2025-09-19,43279.11,-4.0,N,Cancelled,Partner,INVALID,Discount_pct outside 0-100 range,Cancelled
S001956,C00974,East,,2024-07-01,,,-12.0,,Active,,INVALID,Missing monthly_fee; Discount_pct outside 0-100 range; Active subscription with missing/implausible renewal date,Active
S001957,,East,Enterprise,2024-11-28,2025-02-08,-54168.66,0.0,,Active,Website,INVALID,Missing customer_id; Negative monthly_fee,Active
,C01191,North,Basic,2024-12-07,2025-07-09,76982.64,59.0,Y,Cancelled,Marketplace,INVALID,Missing subscription_id,Cancelled
,C00175,,Basic,2024-09-25,2025-04-16,18926.63,0.0,Y,Cancelled,Partner,INVALID,Missing subscription_id,Cancelled
S001960,C00566,,Enterprise,2024-08-10,2024-12-28,21390.97,17.0,Y,Cancelled,,VALID,No issues detected,Cancelled
S001961,C00933,South,Pro,2024-08-12,2024-10-22,58654.7,105.0,Y,Active,Marketplace,INVALID,Discount_pct outside 0-100 range,Active
S001962,C00955,West,Enterprise,2024-04-15,,62037.58,150.0,Y,,Website,INVALID,Discount_pct outside 0-100 range; Missing subscription_status,Nan
S001963,C00716,North,Enterprise,2024-06-03,2024-04-18,13800.22,-4.0,N,Expired,,INVALID,Renewal date earlier than signup date; Discount_pct outside 0-100 range,Expired
S001964,C00827,West,Enterprise,2025-06-24,2026-01-30,54540.6,126.0,,,Marketplace,INVALID,Discount_pct outside 0-100 range; Missing subscription_status,Nan
S001965,C00345,South,Pro,2025-09-18,2025-08-19,-46170.56,155.0,,Active,Partner,INVALID,Renewal date earlier than signup date; Negative monthly_fee; Discount_pct outside 0-100 range,Active
S001966,C01150,South,Basic,2024-12-05,,67143.21,11.0,,Active,Website,SUSPICIOUS,Active subscription with missing/implausible renewal date,Active
S001967,C01642,,Growth,2024-03-15,,-11621.55,-7.0,N,Expired,Marketplace,INVALID,Negative monthly_fee; Discount_pct outside 0-100 range,Expired
S001968,C00716,,Pro,2025-11-30,2026-06-28,44594.56,57.0,,Cancelled,Partner,VALID,No issues detected,Cancelled
S001969,C00485,North,Basic,2025-04-27,2025-11-20,4468.24,-7.0,,Expired,Website,INVALID,Discount_pct outside 0-100 range,Expired
S001970,C01683,East,Enterprise,2024-10-11,2025-09-14,10326.31,68.0,N,Expired,Inside Sales,VALID,No issues detected,Expired
S001971,C01002,West,,2025-10-01,2026-05-23,45792.22,141.0,N,Cancelled,Partner,INVALID,Discount_pct outside 0-100 range,Cancelled
S001972,,West,Pro,2024-12-08,,3842.7,148.0,,Trial,Marketplace,INVALID,Missing customer_id; Discount_pct outside 0-100 range,Trial
S001973,,North,Pro,2024-07-21,2024-06-18,4445.14,56.0,N,Expired,,INVALID,Missing customer_id; Renewal date earlier than signup date,Expired
S001974,C01013,West,Enterprise,2024-11-29,2025-03-12,43591.55,34.0,Y,Active,Inside Sales,VALID,No issues detected,Active
S001975,C00618,North,Pro,2025-01-30,2024-12-09,5563.81,38.0,,Cancelled,Website,INVALID,Renewal date earlier than signup date,Cancelled
S001976,C00525,North,Basic,2024-03-30,,36658.51,28.0,Y,Expired,Marketplace,VALID,No issues detected,Expired
S001977,C00166,Central,Enterprise,2025-07-12,2026-01-20,74659.58,52.0,Y,Cancelled,Website,VALID,No issues detected,Cancelled
S001978,C00690,East,Pro,2024-04-06,2025-03-02,685.4,0.0,Y,Cancelled,Partner,VALID,No issues detected,Cancelled
S001979,C01300,Central,Basic,2024-10-10,2025-01-10,15941.13,130.0,,Trial,Partner,INVALID,Discount_pct outside 0-100 range,Trial
S001980,C00735,East,Basic,2025-03-02,2025-06-11,10784.03,-15.0,N,Expired,Partner,INVALID,Discount_pct outside 0-100 range,Expired
S001981,C00535,Central,Growth,2025-04-20,,10933.77,43.0,N,Active,,SUSPICIOUS,Active subscription with missing/implausible renewal date,Active
S001982,C00146,South,Growth,2025-03-06,2025-07-15,67346.85,-12.0,,Trial,Marketplace,INVALID,Discount_pct outside 0-100 range,Trial
S001983,C00563,North,Pro,2025-01-13,2024-12-22,38719.39,111.0,,Trial,Website,INVALID,Renewal date earlier than signup date; Discount_pct outside 0-100 range,Trial
S001984,C00004,East,Growth,2025-05-26,2025-09-23,44963.55,0.0,N,,Partner,SUSPICIOUS,Missing subscription_status,Nan
S001985,C00149,North,Basic,2024-09-18,2025-10-10,57322.12,-20.0,Y,Trial,Inside Sales,INVALID,Discount_pct outside 0-100 range,Trial
S001986,C01574,North,Enterprise,2025-08-27,2026-06-16,1340.66,158.0,Y,Expired,,INVALID,Discount_pct outside 0-100 range,Expired
S001987,C01327,,Enterprise,2025-04-19,2026-05-04,70452.93,-23.0,N,Active,,INVALID,Discount_pct outside 0-100 range,Active
S001988,C00750,East,Basic,2025-02-12,2025-09-30,59164.04,0.0,Y,,Partner,SUSPICIOUS,Missing subscription_status,Nan
S001989,C01037,North,,2024-11-19,2024-11-08,21256.83,60.0,N,Trial,Partner,INVALID,Renewal date earlier than signup date,Trial
S001990,,North,Enterprise,2025-03-08,2025-05-08,69980.7,47.0,,Active,Partner,INVALID,Missing customer_id,Active
S001991,C00890,West,Growth,2024-02-24,2024-04-28,38843.26,34.0,,Cancelled,,VALID,No issues detected,Cancelled
S001992,C01371,,Pro,2025-08-28,2026-09-27,77208.95,20.0,Y,Active,Inside Sales,VALID,No issues detected,Active
S001993,C01000,,Growth,2025-11-10,,13781.06,-15.0,,Expired,Website,INVALID,Discount_pct outside 0-100 range,Expired
S001994,C01285,West,Pro,2025-06-05,2026-01-26,45888.96,-15.0,,Trial,Partner,INVALID,Discount_pct outside 0-100 range,Trial
S001995,C01224,North,,2024-06-06,2025-04-28,8299.11,117.0,Y,Trial,Inside Sales,INVALID,Discount_pct outside 0-100 range,Trial
S001996,C01675,North,Growth,2025-01-25,2025-04-12,58629.48,148.0,Y,Expired,Partner,INVALID,Discount_pct outside 0-100 range,Expired
S001997,C00581,West,Pro,2025-08-03,2026-05-14,73592.32,-20.0,Y,Expired,Inside Sales,INVALID,Discount_pct outside 0-100 range,Expired
S001998,C01696,,Enterprise,2024-02-26,2024-07-22,11059.66,0.0,N,Expired,,VALID,No issues detected,Expired
S001999,C00351,North,Growth,2024-04-18,2024-10-01,25241.09,123.0,Y,Active,Partner,INVALID,Discount_pct outside 0-100 range,Active
S002000,C00069,West,,2024-09-29,2025-10-19,43280.13,68.0,Y,Active,Inside Sales,VALID,No issues detected,Active
S002001,C01794,,,2025-08-24,,31467.05,0.0,Y,Cancelled,Website,VALID,No issues detected,Cancelled
S002002,C01334,South,Basic,2025-03-29,,22412.76,133.0,N,Trial,Marketplace,INVALID,Discount_pct outside 0-100 range,Trial
S002003,C01711,,Enterprise,2025-08-04,,29336.43,158.0,Y,Active,Partner,INVALID,Discount_pct outside 0-100 range; Active subscription with missing/implausible renewal date,Active
S002004,C01767,West,Enterprise,2025-03-11,2026-04-16,7144.52,0.0,N,Cancelled,Partner,VALID,No issues detected,Cancelled
S002005,C00580,North,,2024-12-13,,9150.97,60.0,Y,,Partner,SUSPICIOUS,Missing subscription_status,Nan
S002006,C01141,East,Pro,2024-12-13,2025-04-23,54490.06,158.0,N,,Inside Sales,INVALID,Discount_pct outside 0-100 range; Missing subscription_status,Nan
S002007,C00427,West,Growth,2024-03-06,2024-12-06,-56998.5,0.0,,,,INVALID,Negative monthly_fee; Missing subscription_status,Nan
S002008,C00789,West,,2024-10-04,2025-09-29,71753.85,-18.0,,,Partner,INVALID,Discount_pct outside 0-100 range; Missing subscription_status,Nan
S002009,C00619,West,Basic,2025-06-30,2026-07-04,,116.0,Y,,Inside Sales,INVALID,Missing monthly_fee; Discount_pct outside 0-100 range; Missing subscription_status,Nan
S002010,C00237,West,Pro,2025-10-26,2026-08-27,71486.43,-30.0,Y,,,INVALID,Discount_pct outside 0-100 range; Missing subscription_status,Nan
S002011,C00039,Central,Basic,2025-02-13,2026-01-13,40827.47,-23.0,,,Partner,INVALID,Discount_pct outside 0-100 range; Missing subscription_status,Nan
S002012,C00580,East,Pro,2024-04-14,2024-06-28,27824.02,145.0,Y,Cancelled,Partner,INVALID,Discount_pct outside 0-100 range,Cancelled
S002013,,Central,Enterprise,2024-07-26,2024-09-07,511.9,0.0,,Cancelled,Inside Sales,INVALID,Missing customer_id,Cancelled
S002014,C01289,Central,,2025-03-28,2025-09-19,,63.0,N,Cancelled,Inside Sales,SUSPICIOUS,Missing monthly_fee,Cancelled
S002015,C01755,North,,2025-11-22,2026-08-08,3263.2,-27.0,Y,Expired,,INVALID,Discount_pct outside 0-100 range,Expired
S002016,C00035,Central,Enterprise,2024-02-19,2024-08-12,18311.98,0.0,,Active,Website,VALID,No issues detected,Active
S002017,C00413,,Basic,2025-09-12,2026-05-13,600.13,0.0,Y,Cancelled,Website,VALID,No issues detected,Cancelled
S002018,C01506,East,Pro,2024-01-25,2024-01-24,36447.44,108.0,,Expired,Marketplace,INVALID,Renewal date earlier than signup date; Discount_pct outside 0-100 range,Expired
S002019,C01580,South,Growth,2024-08-01,2025-02-12,26370.96,153.0,,Expired,,INVALID,Discount_pct outside 0-100 range,Expired
S002020,C00517,,,2024-04-05,2025-02-26,-48856.79,109.0,N,Cancelled,Inside Sales,INVALID,Negative monthly_fee; Discount_pct outside 0-100 range,Cancelled
S002021,C00339,East,Enterprise,2025-06-26,2026-04-22,35177.84,152.0,,Active,Website,INVALID,Discount_pct outside 0-100 range,Active
S002022,,North,Pro,2025-11-22,2026-07-14,,128.0,N,Cancelled,,INVALID,Missing customer_id; Missing monthly_fee; Discount_pct outside 0-100 range,Cancelled
S002023,C01318,East,Pro,2024-07-20,2024-08-07,66210.01,25.0,Y,Active,Partner,VALID,No issues detected,Active
S002024,C01397,East,Enterprise,2025-06-09,2025-09-17,12574.3,104.0,N,Cancelled,Website,INVALID,Discount_pct outside 0-100 range,Cancelled
S002025,C01149,,,2024-09-26,2025-09-10,69493.97,149.0,Y,Expired,Partner,INVALID,Discount_pct outside 0-100 range,Expired
,C00428,West,Pro,2025-02-26,2025-11-08,16557.32,0.0,,Expired,Partner,INVALID,Missing subscription_id,Expired
S002027,C01565,South,Enterprise,2024-04-28,,,0.0,Y,Trial,,SUSPICIOUS,Missing monthly_fee,Trial
S002028,C00749,North,Growth,2024-06-23,2025-04-09,24198.61,107.0,N,Trial,Inside Sales,INVALID,Discount_pct outside 0-100 range,Trial
S002029,C00407,South,Basic,2025-04-13,2025-10-24,64044.81,0.0,,,Partner,SUSPICIOUS,Missing subscription_status,Nan
S002030,C01032,South,Growth,2024-11-06,2025-03-23,67254.97,134.0,Y,Active,,INVALID,Discount_pct outside 0-100 range,Active
S002031,C01306,South,Basic,2025-09-10,2026-10-21,22543.37,151.0,,Cancelled,Inside Sales,INVALID,Discount_pct outside 0-100 range,Cancelled
S002032,C00903,Central,Pro,2024-10-26,,-65668.96,29.0,N,Cancelled,Marketplace,INVALID,Negative monthly_fee,Cancelled
S002033,C00946,North,Basic,2024-05-31,2025-07-01,39274.29,0.0,N,Expired,Inside Sales,VALID,No issues detected,Expired
S002034,C00418,East,Pro,2025-07-09,2026-03-12,63030.19,66.0,N,Trial,,VALID,No issues detected,Trial
S002035,C00533,West,Growth,2024-04-30,2024-07-23,77220.71,0.0,Y,,Marketplace,SUSPICIOUS,Missing subscription_status,Nan
S002036,C00615,,Enterprise,2024-09-08,2024-07-27,-30178.43,0.0,,Trial,Inside Sales,INVALID,Renewal date earlier than signup date; Negative monthly_fee,Trial
S002037,C00270,Central,Pro,2024-10-06,2025-04-07,39016.92,0.0,,Trial,,VALID,No issues detected,Trial
S002038,C00593,,,2025-03-15,2026-05-05,62502.05,0.0,,Expired,Inside Sales,VALID,No issues detected,Expired
S002039,C01356,North,Basic,2025-04-14,2026-05-08,79752.03,7.0,Y,Trial,Inside Sales,VALID,No issues detected,Trial
S002040,C00034,Central,Pro,2024-07-25,2024-07-19,22794.16,-4.0,N,,Inside Sales,INVALID,Renewal date earlier than signup date; Discount_pct outside 0-100 range; Missing subscription_status,Nan
S002041,C00371,West,Growth,2025-07-14,2025-08-20,25856.69,-15.0,,,Partner,INVALID,Discount_pct outside 0-100 range; Missing subscription_status,Nan
S002042,C01062,Central,Pro,2025-03-11,2025-09-14,56650.85,-26.0,,,Website,INVALID,Discount_pct outside 0-100 range; Missing subscription_status,Nan
S002043,,East,,2025-05-16,2026-04-03,,0.0,N,Expired,Marketplace,INVALID,Missing customer_id; Missing monthly_fee,Expired
S002044,C01490,South,Growth,2024-07-29,2024-07-03,63291.29,0.0,,Trial,Inside Sales,INVALID,Renewal date earlier than signup date,Trial
S002045,C00705,South,,2025-08-04,2026-06-22,56859.32,147.0,,Expired,Partner,INVALID,Discount_pct outside 0-100 range,Expired
S002046,C00521,South,Basic,2025-10-03,2026-09-11,11536.04,40.0,,Cancelled,,VALID,No issues detected,Cancelled
S002047,C00271,,,2025-09-20,2026-05-26,64446.45,154.0,Y,Trial,Partner,INVALID,Discount_pct outside 0-100 range,Trial
S002048,C00418,West,Basic,2024-10-15,2025-11-07,28338.31,0.0,N,Expired,Website,VALID,No issues detected,Expired
S002049,C00465,East,Pro,2025-04-10,2026-03-21,,0.0,N,Cancelled,,SUSPICIOUS,Missing monthly_fee,Cancelled
S002050,C01754,West,Growth,2024-10-17,2025-06-14,43347.04,0.0,,,,SUSPICIOUS,Missing subscription_status,Nan
S002051,C00490,West,,2024-06-02,2025-02-27,28215.03,-29.0,Y,Active,,INVALID,Discount_pct outside 0-100 range,Active
S002052,C00361,North,Pro,2025-01-22,2024-12-11,34200.37,123.0,Y,Trial,Marketplace,INVALID,Renewal date earlier than signup date; Discount_pct outside 0-100 range,Trial
S002053,C00508,South,Pro,2025-04-15,2025-03-28,68847.13,0.0,N,Active,Website,INVALID,Renewal date earlier than signup date,Active
S002054,C01301,North,Enterprise,2025-05-05,2026-03-26,1295.58,158.0,N,Trial,Partner,INVALID,Discount_pct outside 0-100 range,Trial
S002055,C00310,West,Enterprise,2025-06-13,2025-07-23,28221.04,55.0,N,Trial,Website,VALID,No issues detected,Trial
S002056,C00338,,Basic,2025-04-02,2026-01-27,24197.21,126.0,N,Cancelled,Marketplace,INVALID,Discount_pct outside 0-100 range,Cancelled
S002057,C01701,West,Basic,2025-01-10,2026-02-12,7702.18,0.0,Y,Active,,VALID,No issues detected,Active
S002058,C01194,North,,2025-11-02,2026-05-22,,0.0,,Active,,SUSPICIOUS,Missing monthly_fee,Active
S002059,C01008,East,Basic,2025-09-17,,3380.75,0.0,Y,Expired,Partner,VALID,No issues detected,Expired
S002060,C00250,,,2025-11-20,2026-05-10,48818.62,68.0,,Cancelled,,VALID,No issues detected,Cancelled
S002061,C00456,East,Basic,2024-05-05,2024-12-20,8924.91,126.0,,,Partner,INVALID,Discount_pct outside 0-100 range; Missing subscription_status,Nan
S002062,,South,,2025-05-19,2026-04-11,11905.07,0.0,Y,Trial,,INVALID,Missing customer_id,Trial
S002063,C00814,North,Growth,2025-04-21,2025-11-29,27323.63,-30.0,N,,Inside Sales,INVALID,Discount_pct outside 0-100 range; Missing subscription_status,Nan
S002064,C00675,West,Enterprise,2024-08-23,2025-09-15,79200.95,0.0,,Expired,Inside Sales,VALID,No issues detected,Expired
S002065,C00691,East,Enterprise,2024-06-27,2024-10-10,74541.53,15.0,Y,Cancelled,,VALID,No issues detected,Cancelled
S002066,C01334,North,Basic,2025-08-18,2026-09-21,31815.63,-3.0,N,Cancelled,Marketplace,INVALID,Discount_pct outside 0-100 range,Cancelled
S002067,C00331,West,Enterprise,2024-02-01,2025-01-27,6407.17,0.0,Y,,Partner,SUSPICIOUS,Missing subscription_status,Nan
S002068,C00810,Central,Pro,2025-01-02,2025-10-19,32455.94,-15.0,,Trial,,INVALID,Discount_pct outside 0-100 range,Trial
S002069,C01455,East,Pro,2025-06-14,2025-06-04,68378.35,-17.0,Y,Expired,Partner,INVALID,Renewal date earlier than signup date; Discount_pct outside 0-100 range,Expired
,C01343,West,Pro,2025-05-10,2026-03-15,46316.17,27.0,,,,INVALID,Missing subscription_id; Missing subscription_status,Nan
S002071,C01116,,,2025-10-11,,65548.72,26.0,Y,Trial,Inside Sales,VALID,No issues detected,Trial
S002072,C01651,South,Basic,2025-05-25,2025-03-27,68038.06,62.0,Y,,Inside Sales,INVALID,Renewal date earlier than signup date; Missing subscription_status,Nan
S002073,C00956,North,Growth,2024-02-10,2024-06-30,47713.11,-2.0,N,Expired,,INVALID,Discount_pct outside 0-100 range,Expired
S002074,C00878,,Enterprise,2024-05-31,,43369.69,-1.0,N,Trial,Partner,INVALID,Discount_pct outside 0-100 range,Trial
S002075,C00826,West,Basic,2024-03-26,2024-04-20,33428.09,146.0,,Active,Website,INVALID,Discount_pct outside 0-100 range,Active
S002076,C00987,South,Growth,2025-11-25,2026-05-07,41448.41,129.0,N,Active,Inside Sales,INVALID,Discount_pct outside 0-100 range,Active
S002077,C01295,,,2024-10-11,2024-12-03,6496.56,-4.0,Y,Active,Inside Sales,INVALID,Discount_pct outside 0-100 range,Active
S002078,C01422,East,Growth,2024-11-30,,49518.75,106.0,Y,Expired,Partner,INVALID,Discount_pct outside 0-100 range,Expired
S002079,C01509,East,,2024-08-17,2025-01-02,21515.18,0.0,N,Expired,Marketplace,VALID,No issues detected,Expired
,C00403,Central,Pro,2025-03-31,2026-03-06,22979.6,124.0,Y,Expired,Marketplace,INVALID,Missing subscription_id; Discount_pct outside 0-100 range,Expired
S002081,C00334,East,Enterprise,2024-07-24,2024-10-07,63928.22,-17.0,N,Expired,Marketplace,INVALID,Discount_pct outside 0-100 range,Expired
S002082,C01501,West,Enterprise,2025-01-27,2025-01-11,52777.83,114.0,Y,Expired,Marketplace,INVALID,Renewal date earlier than signup date; Discount_pct outside 0-100 range,Expired
S002083,C01700,West,,2025-11-05,2026-12-02,,130.0,,Expired,,INVALID,Missing monthly_fee; Discount_pct outside 0-100 range,Expired
S002084,,South,Enterprise,2024-01-22,2024-08-29,3182.41,-2.0,Y,Trial,Inside Sales,INVALID,Missing customer_id; Discount_pct outside 0-100 range,Trial
,C00705,South,Basic,2025-07-04,2026-05-13,72724.03,-28.0,N,Expired,Inside Sales,INVALID,Missing subscription_id; Discount_pct outside 0-100 range,Expired
S002086,C01327,South,Pro,2024-08-28,2025-06-17,48479.95,140.0,Y,Active,Partner,INVALID,Discount_pct outside 0-100 range,Active
S002087,C01294,Central,Pro,2024-08-13,2025-08-19,51441.36,62.0,N,,,SUSPICIOUS,Missing subscription_status,Nan
,C01457,,Basic,2024-12-13,2025-06-17,,-21.0,,Trial,,INVALID,Missing subscription_id; Missing monthly_fee; Discount_pct outside 0-100 range,Trial
,C00496,,Basic,2025-08-28,,16069.42,4.0,N,Active,Website,INVALID,Missing subscription_id; Active subscription with missing/implausible renewal date,Active
S002090,C00067,,Enterprise,2024-09-03,2025-09-09,75502.68,114.0,Y,,Inside Sales,INVALID,Discount_pct outside 0-100 range; Missing subscription_status,Nan
S002091,C00923,West,Basic,2024-01-16,2024-05-16,12458.74,-7.0,,,Marketplace,INVALID,Discount_pct outside 0-100 range; Missing subscription_status,Nan
S002092,C01357,Central,Growth,2024-02-05,2024-06-04,15747.23,70.0,Y,Cancelled,Inside Sales,VALID,No issues detected,Cancelled
S002093,C01788,East,Growth,2024-07-20,2025-05-07,,24.0,,Trial,Partner,SUSPICIOUS,Missing monthly_fee,Trial
S002094,C00967,East,Enterprise,2024-03-31,,7172.01,0.0,,Trial,Partner,VALID,No issues detected,Trial
S002095,C00237,Central,Growth,2025-10-02,2026-09-09,68522.44,148.0,,Cancelled,Partner,INVALID,Discount_pct outside 0-100 range,Cancelled
S002096,,North,Enterprise,2025-10-07,,60823.25,146.0,Y,Cancelled,Inside Sales,INVALID,Missing customer_id; Discount_pct outside 0-100 range,Cancelled
S002097,C00866,East,Growth,2025-09-23,2025-10-31,11272.31,0.0,,Cancelled,Inside Sales,VALID,No issues detected,Cancelled
S002098,C01527,Central,,2025-10-27,2026-02-19,36529.24,-14.0,Y,,Partner,INVALID,Discount_pct outside 0-100 range; Missing subscription_status,Nan
S002099,C01208,West,Growth,2024-10-30,2025-10-16,26530.28,48.0,Y,Expired,Inside Sales,VALID,No issues detected,Expired
S002100,C00407,North,,2024-11-15,2025-04-15,64991.13,0.0,N,Cancelled,Inside Sales,VALID,No issues detected,Cancelled
S002101,C01636,South,Enterprise,2025-05-28,2026-05-09,45167.74,0.0,,,,SUSPICIOUS,Missing subscription_status,Nan
S002102,C01103,North,Growth,2025-01-19,2025-02-23,29995.92,68.0,Y,Trial,Website,VALID,No issues detected,Trial
S002103,C00555,West,Growth,2025-06-16,2025-07-28,67610.69,-22.0,,Trial,Marketplace,INVALID,Discount_pct outside 0-100 range,Trial
,C00910,East,Basic,2025-07-25,2025-10-29,59228.62,0.0,Y,Expired,Marketplace,INVALID,Missing subscription_id,Expired
S002105,C01593,East,Enterprise,2025-08-12,2026-01-18,24732.24,25.0,Y,Trial,,VALID,No issues detected,Trial
S002106,C01365,,Growth,2024-11-04,2025-10-03,9125.19,-21.0,N,,Marketplace,INVALID,Discount_pct outside 0-100 range; Missing subscription_status,Nan
S002107,C01701,,Pro,2024-08-19,,55379.14,0.0,Y,,,SUSPICIOUS,Missing subscription_status,Nan
S002108,C01470,East,Enterprise,2025-02-09,2025-11-27,50274.15,0.0,,,Inside Sales,SUSPICIOUS,Missing subscription_status,Nan
,,South,,2024-07-18,2025-03-25,43981.62,18.0,Y,,Marketplace,INVALID,Missing subscription_id; Missing customer_id; Missing subscription_status,Nan
S002110,C00915,West,,2024-01-02,2024-07-11,73917.81,60.0,Y,Trial,Partner,VALID,No issues detected,Trial
,C00051,North,Enterprise,2025-05-22,2026-02-26,6792.44,159.0,Y,,Partner,INVALID,Missing subscription_id; Discount_pct outside 0-100 range; Missing subscription_status,Nan
,C00326,,Growth,2025-07-09,2026-08-30,69863.83,0.0,Y,Cancelled,,INVALID,Missing subscription_id,Cancelled
S002113,C01393,North,Enterprise,2024-04-24,,63471.84,121.0,Y,Active,Partner,INVALID,Discount_pct outside 0-100 range; Active subscription with missing/implausible renewal date,Active
S002114,C00224,East,,2025-05-25,2026-04-28,,0.0,N,,Website,SUSPICIOUS,Missing monthly_fee; Missing subscription_status,Nan
S002115,C01058,Central,Pro,2024-11-22,2025-12-07,8811.48,112.0,N,Expired,Website,INVALID,Discount_pct outside 0-100 range,Expired
S002116,C00589,North,Basic,2025-05-19,2025-08-08,23427.19,0.0,N,,Partner,SUSPICIOUS,Missing subscription_status,Nan
S002117,C00756,East,,2025-11-16,,-43206.14,-16.0,,Trial,Website,INVALID,Negative monthly_fee; Discount_pct outside 0-100 range,Trial
S002118,C00955,,Enterprise,2024-12-21,,48500.96,152.0,Y,Trial,Marketplace,INVALID,Discount_pct outside 0-100 range,Trial
S002119,C00611,West,Basic,2024-10-30,2025-12-18,24482.12,129.0,N,,Marketplace,INVALID,Discount_pct outside 0-100 range; Missing subscription_status,Nan
S002120,C01633,North,Basic,2025-01-01,2025-02-13,59628.75,-7.0,,Expired,,INVALID,Discount_pct outside 0-100 range,Expired
S002121,,Central,Basic,2024-07-03,2025-01-07,50337.57,0.0,Y,,Partner,INVALID,Missing customer_id; Missing subscription_status,Nan
S002122,C01448,West,Growth,2025-04-30,2025-06-12,56448.44,48.0,Y,Active,Inside Sales,VALID,No issues detected,Active
S002123,C01122,Central,Enterprise,2025-02-06,2026-01-19,16873.58,-30.0,Y,Expired,Inside Sales,INVALID,Discount_pct outside 0-100 range,Expired
S002124,C00059,West,Enterprise,2025-06-02,2025-05-05,3658.38,-15.0,,Trial,,INVALID,Renewal date earlier than signup date; Discount_pct outside 0-100 range,Trial
,C01736,West,,2024-09-21,2024-12-02,,144.0,,Active,Marketplace,INVALID,Missing subscription_id; Missing monthly_fee; Discount_pct outside 0-100 range,Active
,C01592,Central,Enterprise,2024-01-20,2024-03-23,57377.8,0.0,Y,Trial,Marketplace,INVALID,Missing subscription_id,Trial
S002127,C00321,West,Growth,2024-10-02,2024-12-05,59220.89,65.0,,Cancelled,Website,VALID,No issues detected,Cancelled
S002128,C01720,East,Basic,2025-08-20,2025-10-13,53479.41,152.0,Y,,Inside Sales,INVALID,Discount_pct outside 0-100 range; Missing subscription_status,Nan
S002129,C01609,,Basic,2024-10-14,2024-08-18,26325.77,0.0,N,Trial,,INVALID,Renewal date earlier than signup date,Trial
S002130,C00353,East,,2025-06-13,2025-05-29,-65718.49,123.0,Y,Trial,,INVALID,Renewal date earlier than signup date; Negative monthly_fee; Discount_pct outside 0-100 range,Trial
S002131,C01057,Central,Basic,2025-08-27,2026-02-23,57004.52,9.0,N,Trial,Marketplace,VALID,No issues detected,Trial
S002132,C01713,West,Pro,2025-03-09,2025-05-14,77290.67,18.0,,Active,Marketplace,VALID,No issues detected,Active
S002133,C00289,South,Enterprise,2024-01-28,2024-05-11,79806.89,0.0,Y,Active,Marketplace,VALID,No issues detected,Active
S002134,C01189,North,Enterprise,2024-02-15,2024-04-19,,114.0,Y,Trial,Marketplace,INVALID,Missing monthly_fee; Discount_pct outside 0-100 range,Trial
S002135,,Central,Basic,2024-11-04,2025-04-25,6412.99,51.0,,Trial,Partner,INVALID,Missing customer_id,Trial
S002136,C00733,Central,Pro,2024-01-03,2024-01-26,36971.27,0.0,N,,Partner,SUSPICIOUS,Missing subscription_status,Nan
,C00010,North,Basic,2025-06-13,2025-05-18,55706.58,0.0,N,Cancelled,Website,INVALID,Missing subscription_id; Renewal date earlier than signup date,Cancelled
S002138,C01797,East,Basic,2024-04-19,2024-11-22,-25462.26,0.0,Y,Expired,Partner,INVALID,Negative monthly_fee,Expired
S002139,C01000,,Enterprise,2025-03-09,2025-03-28,68516.91,46.0,Y,Active,Website,VALID,No issues detected,Active
S002140,C01375,Central,,2024-09-02,2025-07-30,,133.0,N,,Marketplace,INVALID,Missing monthly_fee; Discount_pct outside 0-100 range; Missing subscription_status,Nan
S002141,C00062,East,,2024-09-03,2025-10-22,62292.11,0.0,,Cancelled,Marketplace,VALID,No issues detected,Cancelled
S002142,C00237,Central,Pro,2024-12-12,2025-02-01,12791.87,7.0,N,Cancelled,,VALID,No issues detected,Cancelled
S002143,C01736,North,Pro,2025-04-29,2025-03-28,1044.93,132.0,Y,Active,Marketplace,INVALID,Renewal date earlier than signup date; Discount_pct outside 0-100 range,Active
S002144,C01356,West,Growth,2025-03-31,2025-05-29,79299.05,-17.0,Y,Expired,,INVALID,Discount_pct outside 0-100 range,Expired
S002145,C01520,East,,2024-07-13,2024-06-13,78053.7,111.0,Y,Trial,,INVALID,Renewal date earlier than signup date; Discount_pct outside 0-100 range,Trial
S002146,C00603,West,Enterprise,2025-04-20,2025-08-14,38537.68,0.0,Y,Trial,Website,VALID,No issues detected,Trial
,C01034,North,Enterprise,2024-09-05,2025-05-30,26324.81,0.0,Y,Cancelled,,INVALID,Missing subscription_id,Cancelled
S002148,C00906,,Enterprise,2024-04-10,2024-06-17,35418.11,123.0,Y,Active,Website,INVALID,Discount_pct outside 0-100 range,Active
S002149,C00436,East,Basic,2024-03-28,2024-06-07,7829.19,-5.0,Y,,Website,INVALID,Discount_pct outside 0-100 range; Missing subscription_status,Nan
S002150,C00478,West,Basic,2025-06-12,,42034.78,24.0,Y,Active,,SUSPICIOUS,Active subscription with missing/implausible renewal date,Active
S002151,C00042,North,Pro,2024-02-21,2025-03-05,44728.8,0.0,N,Trial,,VALID,No issues detected,Trial
S002152,C00417,Central,Pro,2024-07-08,2025-02-06,65598.38,137.0,Y,Trial,Website,INVALID,Discount_pct outside 0-100 range,Trial
S002153,C00902,South,,2025-01-16,,70922.13,0.0,,Expired,Website,VALID,No issues detected,Expired
S002154,C01214,North,Enterprise,2024-12-17,2025-06-07,11035.64,145.0,N,,Partner,INVALID,Discount_pct outside 0-100 range; Missing subscription_status,Nan
S002155,C01023,,Growth,2024-04-16,2024-10-06,5703.34,0.0,N,Active,Partner,VALID,No issues detected,Active
S002156,C00686,,Enterprise,2025-04-08,2025-05-29,7254.08,70.0,Y,,,SUSPICIOUS,Missing subscription_status,Nan
S002157,C00161,South,,2024-05-25,2025-01-29,57220.15,0.0,N,Expired,Partner,VALID,No issues detected,Expired
S002158,C01049,South,,2025-06-16,2026-01-10,62232.66,0.0,N,Active,,VALID,No issues detected,Active
S002159,C01672,South,Basic,2025-03-02,2026-03-26,3965.25,122.0,Y,Cancelled,,INVALID,Discount_pct outside 0-100 range,Cancelled
S002160,C01763,East,Enterprise,2024-06-19,2024-09-21,72582.48,70.0,,Expired,Partner,VALID,No issues detected,Expired
S002161,C00106,North,Growth,2024-08-26,2025-07-20,24346.65,-10.0,,Cancelled,,INVALID,Discount_pct outside 0-100 range,Cancelled
S002162,C01467,South,,2025-07-10,2025-09-05,49800.62,0.0,N,Trial,Marketplace,VALID,No issues detected,Trial
S002163,C00416,,Pro,2025-10-29,2025-12-12,49218.16,-19.0,,Active,,INVALID,Discount_pct outside 0-100 range,Active
S002164,C00294,South,,2025-09-19,2025-11-24,,-10.0,Y,,Inside Sales,INVALID,Missing monthly_fee; Discount_pct outside 0-100 range; Missing subscription_status,Nan
S002165,C01574,Central,,2025-09-11,2025-09-06,39531.69,146.0,N,Cancelled,Inside Sales,INVALID,Renewal date earlier than signup date; Discount_pct outside 0-100 range,Cancelled
S002166,C00463,East,Enterprise,2025-05-22,2025-12-25,1947.82,0.0,Y,Expired,Partner,VALID,No issues detected,Expired
S002167,C01448,South,Enterprise,2025-06-11,2026-05-08,41399.75,0.0,N,Active,Marketplace,VALID,No issues detected,Active
S002168,C00262,South,,2024-08-22,2025-09-09,31516.53,-20.0,,Cancelled,Inside Sales,INVALID,Discount_pct outside 0-100 range,Cancelled
S002169,C00115,South,,2025-02-19,,30649.85,64.0,Y,,Website,SUSPICIOUS,Missing subscription_status,Nan
S002170,C00961,North,Basic,2025-11-22,2026-02-15,28156.44,0.0,Y,Expired,Website,VALID,No issues detected,Expired
S002171,C00810,West,Growth,2025-03-19,2026-02-17,28419.19,31.0,N,Active,,VALID,No issues detected,Active
S002172,C00847,West,Basic,2025-07-26,2025-06-13,,4.0,Y,Cancelled,Website,INVALID,Renewal date earlier than signup date; Missing monthly_fee,Cancelled
S002173,C01266,South,Growth,2024-04-22,2025-03-11,32303.79,116.0,N,,,INVALID,Discount_pct outside 0-100 range; Missing subscription_status,Nan
S002174,C01772,Central,,2024-01-30,2025-02-04,64594.13,-8.0,Y,Expired,Inside Sales,INVALID,Discount_pct outside 0-100 range,Expired
S002175,C00487,East,Growth,2025-04-21,2025-12-11,50300.24,-12.0,N,Cancelled,,INVALID,Discount_pct outside 0-100 range,Cancelled
S002176,C01670,South,Growth,2025-11-02,2026-03-06,23834.44,44.0,,Cancelled,Partner,VALID,No issues detected,Cancelled
S002177,C00715,North,Enterprise,2025-07-15,2025-06-13,51685.3,-15.0,Y,Expired,Website,INVALID,Renewal date earlier than signup date; Discount_pct outside 0-100 range,Expired
S002178,,East,Enterprise,2025-11-30,2026-03-31,14604.31,141.0,Y,Active,Inside Sales,INVALID,Missing customer_id; Discount_pct outside 0-100 range,Active
S002179,C00159,South,Enterprise,2025-08-14,2026-07-07,4216.58,-9.0,,Trial,Website,INVALID,Discount_pct outside 0-100 range,Trial
S002180,C00818,North,Basic,2024-11-24,,5027.98,0.0,N,Expired,,VALID,No issues detected,Expired
S002181,C00266,Central,Pro,2025-03-01,2026-04-19,21966.56,-27.0,,Trial,Partner,INVALID,Discount_pct outside 0-100 range,Trial
S002182,C00395,West,,2025-10-09,,,-22.0,,Cancelled,Marketplace,INVALID,Missing monthly_fee; Discount_pct outside 0-100 range,Cancelled
S002183,C00242,South,,2024-02-25,2024-10-17,67752.39,0.0,Y,Expired,,VALID,No issues detected,Expired
S002184,C01447,,Growth,2025-10-16,2026-06-14,45801.0,146.0,N,Cancelled,Partner,INVALID,Discount_pct outside 0-100 range,Cancelled
S002185,C01415,,,2025-02-27,2026-02-18,39798.54,0.0,N,Expired,Website,VALID,No issues detected,Expired
S002186,C00385,West,Basic,2024-06-27,2025-04-04,73665.38,110.0,Y,,Partner,INVALID,Discount_pct outside 0-100 range; Missing subscription_status,Nan
S002187,C01670,West,,2025-11-19,2026-01-26,43605.77,-27.0,,,,INVALID,Discount_pct outside 0-100 range; Missing subscription_status,Nan
S002188,C00510,North,,2024-06-27,2025-03-23,60945.53,106.0,N,Expired,Website,INVALID,Discount_pct outside 0-100 range,Expired
S002189,C01387,North,Enterprise,2024-04-02,2025-05-03,75771.7,6.0,Y,,Partner,SUSPICIOUS,Missing subscription_status,Nan
S002190,C01629,,Pro,2025-04-07,2025-02-07,18962.93,31.0,N,Expired,,INVALID,Renewal date earlier than signup date,Expired
S002191,C00615,Central,Pro,2025-09-15,2026-02-24,22811.88,-18.0,,Active,Partner,INVALID,Discount_pct outside 0-100 range,Active
S002192,C00811,South,Enterprise,2024-05-12,2024-10-20,42854.45,-19.0,,Expired,Marketplace,INVALID,Discount_pct outside 0-100 range,Expired
S002193,C00463,,Basic,2024-04-13,,42701.5,-27.0,,Cancelled,Marketplace,INVALID,Discount_pct outside 0-100 range,Cancelled
S002194,C00949,West,Growth,2025-02-03,2025-08-16,68650.84,133.0,,Cancelled,Marketplace,INVALID,Discount_pct outside 0-100 range,Cancelled
S002195,C01198,South,Basic,2025-08-16,2026-03-06,,-17.0,Y,Active,Website,INVALID,Missing monthly_fee; Discount_pct outside 0-100 range,Active
S002196,C01555,Central,Growth,2025-08-12,2026-03-29,,-13.0,Y,,,INVALID,Missing monthly_fee; Discount_pct outside 0-100 range; Missing subscription_status,Nan
S002197,C01510,Central,Basic,2024-06-11,,68934.09,11.0,,Cancelled,,VALID,No issues detected,Cancelled
S002198,C01429,Central,Basic,2025-06-20,2025-10-03,78705.92,39.0,Y,,,SUSPICIOUS,Missing subscription_status,Nan
S002199,C00803,West,Pro,2024-05-12,2024-03-29,47177.27,114.0,,Active,Marketplace,INVALID,Renewal date earlier than signup date; Discount_pct outside 0-100 range,Active
S002200,C00493,,Enterprise,2024-11-29,2025-05-26,25692.78,0.0,Y,,Marketplace,SUSPICIOUS,Missing subscription_status,Nan
S002201,C01071,,,2025-05-16,2025-10-17,41418.0,14.0,,,Marketplace,SUSPICIOUS,Missing subscription_status,Nan
S002202,C01438,,Basic,2024-05-02,2024-08-29,56478.42,128.0,,Trial,Inside Sales,INVALID,Discount_pct outside 0-100 range,Trial
S002203,,,Basic,2025-09-06,2026-02-14,25936.71,-10.0,,Expired,Partner,INVALID,Missing customer_id; Discount_pct outside 0-100 range,Expired
S002204,C01423,,Pro,2024-12-03,,36297.94,-11.0,N,Active,Partner,INVALID,Discount_pct outside 0-100 range; Active subscription with missing/implausible renewal date,Active
S002205,C01714,East,Basic,2025-01-09,2025-09-20,20112.53,154.0,Y,Cancelled,,INVALID,Discount_pct outside 0-100 range,Cancelled
S002206,C00679,,,2025-02-23,2025-01-09,37183.22,0.0,N,Active,Website,INVALID,Renewal date earlier than signup date,Active
S002207,C01347,North,Basic,2024-07-23,2024-07-01,12064.34,-2.0,,Trial,Website,INVALID,Renewal date earlier than signup date; Discount_pct outside 0-100 range,Trial
S002208,C01550,Central,Growth,2025-06-09,2025-07-14,38885.66,142.0,N,Cancelled,Marketplace,INVALID,Discount_pct outside 0-100 range,Cancelled
S002209,C00999,North,Pro,2025-08-07,,25011.17,119.0,N,Expired,Inside Sales,INVALID,Discount_pct outside 0-100 range,Expired
S002210,C00481,Central,Growth,2024-12-10,2025-06-18,861.51,0.0,,Trial,Marketplace,VALID,No issues detected,Trial
S002211,C00125,East,Growth,2025-08-20,,16443.33,0.0,N,,Website,SUSPICIOUS,Missing subscription_status,Nan
S002212,C00281,,Growth,2024-02-26,2024-07-30,75093.56,31.0,N,Trial,Marketplace,VALID,No issues detected,Trial
S002213,C01276,West,,2024-01-28,2024-02-28,26726.57,155.0,,Expired,,INVALID,Discount_pct outside 0-100 range,Expired
S002214,C00335,North,Growth,2024-04-05,2025-04-11,5617.35,151.0,,Trial,,INVALID,Discount_pct outside 0-100 range,Trial
S002215,C01774,North,,2024-09-26,2025-08-06,69505.88,-15.0,Y,Trial,Marketplace,INVALID,Discount_pct outside 0-100 range,Trial
S002216,C00463,East,Enterprise,2024-01-06,2024-03-20,6836.07,114.0,,,Partner,INVALID,Discount_pct outside 0-100 range; Missing subscription_status,Nan
S002217,C01099,Central,,2024-01-08,2024-03-18,13116.45,21.0,,Expired,Inside Sales,VALID,No issues detected,Expired
S002218,C00453,West,Pro,2024-06-04,2025-03-25,65385.7,44.0,Y,Trial,Partner,VALID,No issues detected,Trial
S002219,C00506,South,Enterprise,2024-02-22,,8331.85,0.0,N,,Inside Sales,SUSPICIOUS,Missing subscription_status,Nan
S002220,C00574,South,Pro,2025-01-15,2025-05-04,47853.85,-8.0,,Cancelled,Partner,INVALID,Discount_pct outside 0-100 range,Cancelled
S002221,C01154,South,Growth,2024-10-18,2025-05-19,55690.03,0.0,,Expired,Inside Sales,VALID,No issues detected,Expired
S002222,C00290,East,Enterprise,2025-11-03,2026-11-16,9630.44,0.0,,Trial,Website,VALID,No issues detected,Trial
S002223,C00952,North,Growth,2024-02-20,,71137.11,-12.0,Y,Trial,Website,INVALID,Discount_pct outside 0-100 range,Trial
S002224,C00708,South,Growth,2024-09-24,2024-12-04,44890.54,-27.0,N,Expired,Website,INVALID,Discount_pct outside 0-100 range,Expired
S002225,C01554,North,Enterprise,2024-11-13,2025-04-04,62984.56,-6.0,N,Active,Inside Sales,INVALID,Discount_pct outside 0-100 range,Active
S002226,C00297,North,Pro,2024-06-22,2024-07-16,63103.61,132.0,,Active,Inside Sales,INVALID,Discount_pct outside 0-100 range,Active
S002227,C00507,North,Growth,2025-08-23,2025-07-01,65087.45,0.0,,Cancelled,Partner,INVALID,Renewal date earlier than signup date,Cancelled
S002228,C00234,Central,Basic,2024-12-03,2025-03-06,18330.36,0.0,Y,,Inside Sales,SUSPICIOUS,Missing subscription_status,Nan
,C00926,West,Enterprise,2024-06-12,2025-04-10,27106.3,53.0,N,,,INVALID,Missing subscription_id; Missing subscription_status,Nan
S002230,C01793,South,,2025-10-12,2026-03-13,,0.0,,,Partner,SUSPICIOUS,Missing monthly_fee; Missing subscription_status,Nan
S002231,C00833,East,Basic,2025-11-29,2026-10-13,50626.91,2.0,Y,,Partner,SUSPICIOUS,Missing subscription_status,Nan
S002232,C01446,West,Growth,2024-05-06,2025-04-30,63050.53,0.0,Y,Active,,VALID,No issues detected,Active
S002233,C01049,Central,Enterprise,2025-03-04,2025-09-09,49744.05,154.0,,Trial,Partner,INVALID,Discount_pct outside 0-100 range,Trial
S002234,,East,,2024-03-07,2024-02-09,16261.66,102.0,,,Website,INVALID,Missing customer_id; Renewal date earlier than signup date; Discount_pct outside 0-100 range; Missing subscription_status,Nan
,C00351,South,Basic,2024-12-19,2026-01-07,,0.0,,Active,Partner,INVALID,Missing subscription_id; Missing monthly_fee,Active
S002236,C01221,,Basic,2024-01-20,2023-11-26,51199.14,111.0,N,,,INVALID,Renewal date earlier than signup date; Discount_pct outside 0-100 range; Missing subscription_status,Nan
S002237,C01491,,Enterprise,2025-03-15,,3181.73,0.0,N,Active,Partner,SUSPICIOUS,Active subscription with missing/implausible renewal date,Active
S002238,C00738,Central,Growth,2025-04-12,2025-11-16,79986.42,116.0,Y,Expired,Website,INVALID,Discount_pct outside 0-100 range,Expired
S002239,C00414,Central,Basic,2025-05-18,2025-06-09,71234.26,0.0,N,Cancelled,,VALID,No issues detected,Cancelled
S002240,,,Basic,2025-07-20,2025-12-04,56955.68,23.0,N,Active,Inside Sales,INVALID,Missing customer_id,Active
S002241,C01529,North,Growth,2025-06-02,2026-03-14,76354.16,58.0,N,Expired,Partner,VALID,No issues detected,Expired
S002242,C01231,South,Pro,2024-04-13,2024-12-21,9470.86,0.0,N,Trial,Partner,VALID,No issues detected,Trial
S002243,C00110,West,Growth,2024-02-13,2024-11-18,61317.03,17.0,Y,Cancelled,Marketplace,VALID,No issues detected,Cancelled
S002244,C01542,North,Growth,2025-05-11,2026-01-10,16516.4,-26.0,N,,Inside Sales,INVALID,Discount_pct outside 0-100 range; Missing subscription_status,Nan
S002245,C00433,East,Pro,2025-01-16,2025-07-14,2753.83,0.0,,Cancelled,,VALID,No issues detected,Cancelled
S002246,C01299,,,2025-04-14,2026-01-27,58829.85,150.0,N,Trial,Website,INVALID,Discount_pct outside 0-100 range,Trial
S002247,C00296,Central,Basic,2025-05-12,2025-08-17,,3.0,,Trial,Website,SUSPICIOUS,Missing monthly_fee,Trial
S002248,,Central,,2025-09-24,2026-06-02,,0.0,N,Cancelled,Website,INVALID,Missing customer_id; Missing monthly_fee,Cancelled
S002249,C00775,South,,2025-07-14,2026-07-04,10182.85,9.0,N,Cancelled,Partner,VALID,No issues detected,Cancelled
S002250,C01406,North,,2024-12-25,2025-12-24,-8972.74,0.0,Y,Cancelled,,INVALID,Negative monthly_fee,Cancelled
,C00060,West,Growth,2025-02-03,2025-05-12,8559.62,0.0,Y,Trial,,INVALID,Missing subscription_id,Trial
S002252,C00989,Central,,2024-03-25,2024-05-01,54789.02,151.0,N,,Marketplace,INVALID,Discount_pct outside 0-100 range; Missing subscription_status,Nan
S002253,C00413,East,Basic,2024-07-14,2025-08-25,32539.76,140.0,Y,Cancelled,Marketplace,INVALID,Discount_pct outside 0-100 range,Cancelled
S002254,C01259,North,Growth,2025-11-24,2026-08-23,11779.87,0.0,N,,Partner,SUSPICIOUS,Missing subscription_status,Nan
S002255,C00362,North,,2025-07-28,2025-08-31,,117.0,Y,Cancelled,,INVALID,Missing monthly_fee; Discount_pct outside 0-100 range,Cancelled
S002256,C00925,Central,Growth,2024-07-29,2025-08-16,23136.28,0.0,N,Expired,Inside Sales,VALID,No issues detected,Expired
S002257,C00071,East,,2024-04-11,2024-10-31,23080.45,-6.0,,Trial,Website,INVALID,Discount_pct outside 0-100 range,Trial
S002258,C00918,,,2025-02-23,2026-04-04,67614.53,0.0,Y,Cancelled,Inside Sales,VALID,No issues detected,Cancelled
S002259,C00258,Central,,2025-08-21,,19802.8,136.0,,Trial,Website,INVALID,Discount_pct outside 0-100 range,Trial
S002260,C01717,North,Growth,2025-01-29,2025-08-25,65230.14,0.0,N,Trial,Partner,VALID,No issues detected,Trial
S002261,C01173,West,Basic,2025-03-15,2025-08-22,67401.82,127.0,N,,Inside Sales,INVALID,Discount_pct outside 0-100 range; Missing subscription_status,Nan
S002262,C01333,North,Growth,2025-07-05,2026-05-05,31787.38,125.0,N,Trial,Partner,INVALID,Discount_pct outside 0-100 range,Trial
S002263,C01301,South,,2025-06-25,2025-12-21,54254.76,5.0,,,Website,SUSPICIOUS,Missing subscription_status,Nan
S002264,C01137,Central,,2024-10-04,,73850.88,0.0,,,,SUSPICIOUS,Missing subscription_status,Nan
S002265,C01504,West,Basic,2024-06-28,2024-11-01,67413.42,0.0,,Trial,Inside Sales,VALID,No issues detected,Trial
S002266,,South,Basic,2025-11-30,2026-02-20,47375.5,49.0,N,Active,Marketplace,INVALID,Missing customer_id,Active
S002267,C01680,,Enterprise,2025-07-08,2026-05-15,43502.15,-14.0,,Expired,Partner,INVALID,Discount_pct outside 0-100 range,Expired
S002268,C00388,Central,,2025-11-21,,9318.24,-25.0,N,Cancelled,Inside Sales,INVALID,Discount_pct outside 0-100 range,Cancelled
S002269,C00603,West,Growth,2024-05-04,2025-04-04,9318.59,0.0,,Cancelled,Marketplace,VALID,No issues detected,Cancelled
S002270,C01688,South,Enterprise,2024-04-05,2024-10-30,6434.31,-16.0,,Trial,Inside Sales,INVALID,Discount_pct outside 0-100 range,Trial
S002271,C00178,North,Pro,2024-02-28,2024-07-21,,59.0,N,Active,Inside Sales,SUSPICIOUS,Missing monthly_fee,Active
S002272,C00427,Central,Enterprise,2024-03-03,2025-03-29,37768.62,135.0,N,Trial,Inside Sales,INVALID,Discount_pct outside 0-100 range,Trial
S002273,C00156,North,Enterprise,2025-09-06,2026-09-30,,0.0,,Trial,,SUSPICIOUS,Missing monthly_fee,Trial
S002274,C01181,South,Pro,2025-05-24,2025-08-22,11644.17,27.0,Y,Expired,Marketplace,VALID,No issues detected,Expired
S002275,C01319,,Growth,2025-01-27,2026-03-02,59915.74,70.0,,,Inside Sales,SUSPICIOUS,Missing subscription_status,Nan
S002276,C00004,North,,2025-07-27,,23794.45,0.0,N,Active,Marketplace,SUSPICIOUS,Active subscription with missing/implausible renewal date,Active
S002277,C01638,North,Growth,2024-04-20,2024-10-05,20396.9,51.0,,Active,Website,VALID,No issues detected,Active
S002278,C01164,South,,2024-06-29,2025-07-30,,0.0,Y,Cancelled,,SUSPICIOUS,Missing monthly_fee,Cancelled
S002279,C01100,East,Pro,2024-03-28,2024-12-19,4104.12,125.0,N,Active,Inside Sales,INVALID,Discount_pct outside 0-100 range,Active
S002280,C00038,East,Basic,2025-10-22,2026-11-05,13308.47,0.0,,Expired,Inside Sales,VALID,No issues detected,Expired
S002281,C00257,South,Pro,2024-09-20,2024-11-14,,0.0,Y,,Website,SUSPICIOUS,Missing monthly_fee; Missing subscription_status,Nan
S002282,C01057,North,Pro,2025-07-21,2025-09-11,-44435.54,-1.0,,Trial,Partner,INVALID,Negative monthly_fee; Discount_pct outside 0-100 range,Trial
,C00707,East,Basic,2024-07-03,2025-05-06,36182.48,126.0,Y,Trial,Partner,INVALID,Missing subscription_id; Discount_pct outside 0-100 range,Trial
S002284,C00974,East,Growth,2025-02-12,2025-05-08,20781.17,-10.0,N,Active,Website,INVALID,Discount_pct outside 0-100 range,Active
S002285,C00914,Central,Basic,2024-05-14,,,-23.0,N,Active,Partner,INVALID,Missing monthly_fee; Discount_pct outside 0-100 range; Active subscription with missing/implausible renewal date,Active
S002286,C01473,North,Growth,2025-02-18,2025-11-28,75569.05,65.0,,Active,,VALID,No issues detected,Active
,,South,Pro,2025-06-24,2026-05-14,26849.09,-18.0,N,Trial,Partner,INVALID,Missing subscription_id; Missing customer_id; Discount_pct outside 0-100 range,Trial
S002288,C00340,South,Basic,2024-10-08,2025-09-27,24620.89,52.0,N,,Inside Sales,SUSPICIOUS,Missing subscription_status,Nan
S002289,C01308,South,,2025-04-11,2025-07-13,21507.55,-28.0,,Expired,Inside Sales,INVALID,Discount_pct outside 0-100 range,Expired
S002290,C00916,,Pro,2024-10-18,2024-09-01,57231.98,142.0,Y,Expired,Partner,INVALID,Renewal date earlier than signup date; Discount_pct outside 0-100 range,Expired
S002291,C00896,West,Pro,2025-08-18,2025-07-27,10047.19,-24.0,Y,Cancelled,Website,INVALID,Renewal date earlier than signup date; Discount_pct outside 0-100 range,Cancelled
S002292,C00067,East,Basic,2024-05-03,2025-05-07,71252.2,0.0,Y,Trial,Inside Sales,VALID,No issues detected,Trial
S002293,C00274,East,Basic,2024-01-22,2025-01-31,56746.99,123.0,Y,Active,Partner,INVALID,Discount_pct outside 0-100 range,Active
S002294,C00172,North,Enterprise,2024-03-02,2025-04-02,54294.13,20.0,N,,Marketplace,SUSPICIOUS,Missing subscription_status,Nan
S002295,C01598,East,Enterprise,2025-10-01,2025-11-28,36147.12,34.0,N,,Partner,SUSPICIOUS,Missing subscription_status,Nan
S002296,C01178,South,Enterprise,2024-02-14,2024-11-25,4536.17,7.0,N,,,SUSPICIOUS,Missing subscription_status,Nan
S002297,,,Enterprise,2025-05-11,2025-05-07,,146.0,,Active,Marketplace,INVALID,Missing customer_id; Renewal date earlier than signup date; Missing monthly_fee; Discount_pct outside 0-100 range,Active
S002298,C00532,,Basic,2025-11-19,2026-09-30,14094.2,135.0,N,Cancelled,Inside Sales,INVALID,Discount_pct outside 0-100 range,Cancelled
S002299,C01285,,Enterprise,2025-08-31,2026-02-19,10151.7,0.0,N,,Inside Sales,SUSPICIOUS,Missing subscription_status,Nan
S002300,C00318,South,Enterprise,2025-09-22,,24382.33,-18.0,,Active,Partner,INVALID,Discount_pct outside 0-100 range; Active subscription with missing/implausible renewal date,Active
S002301,C01526,South,Growth,2024-12-26,,44500.6,128.0,N,Expired,Website,INVALID,Discount_pct outside 0-100 range,Expired
,C01243,Central,Growth,2025-09-23,2026-06-10,72860.19,-26.0,,Trial,Inside Sales,INVALID,Missing subscription_id; Discount_pct outside 0-100 range,Trial
S002303,C01529,South,Enterprise,2024-10-30,2025-05-10,13968.01,0.0,,Cancelled,Marketplace,VALID,No issues detected,Cancelled
S002304,,East,Basic,2025-04-21,2025-07-02,63843.4,0.0,N,Cancelled,,INVALID,Missing customer_id,Cancelled
S002305,C01097,East,Pro,2024-11-21,2025-04-22,29659.34,-11.0,,Trial,Website,INVALID,Discount_pct outside 0-100 range,Trial
S002306,C00114,Central,,2024-01-27,2024-08-15,31893.06,48.0,,Trial,Website,VALID,No issues detected,Trial
S002307,C00736,Central,Enterprise,2025-11-22,,16435.37,0.0,N,,Website,SUSPICIOUS,Missing subscription_status,Nan
,C00927,,Pro,2024-01-06,2024-05-30,75361.14,0.0,Y,Active,,INVALID,Missing subscription_id,Active
S002309,C00017,Central,Pro,2025-03-13,2025-07-26,,35.0,,Expired,,SUSPICIOUS,Missing monthly_fee,Expired
S002310,C00078,South,Basic,2024-01-15,2024-01-10,22478.54,117.0,Y,,Website,INVALID,Renewal date earlier than signup date; Discount_pct outside 0-100 range; Missing subscription_status,Nan
S002311,C01127,West,Growth,2024-07-15,2024-12-16,30559.64,149.0,N,,Partner,INVALID,Discount_pct outside 0-100 range; Missing subscription_status,Nan
S002312,C01179,Central,Enterprise,2025-01-20,2025-08-27,36032.01,-26.0,Y,Active,,INVALID,Discount_pct outside 0-100 range,Active
S002313,C00397,Central,Pro,2025-08-01,2025-11-25,-49032.68,-13.0,Y,,Website,INVALID,Negative monthly_fee; Discount_pct outside 0-100 range; Missing subscription_status,Nan
S002314,,,Pro,2024-10-22,2024-10-08,3911.01,14.0,Y,Trial,,INVALID,Missing customer_id; Renewal date earlier than signup date,Trial
S002315,C00113,West,Enterprise,2025-01-23,2025-11-27,13515.72,130.0,Y,Active,Partner,INVALID,Discount_pct outside 0-100 range,Active
S002316,C01102,West,Enterprise,2025-01-30,2026-01-06,47213.13,26.0,Y,Expired,Website,VALID,No issues detected,Expired
S002317,C01350,East,,2025-02-03,,72265.3,0.0,N,,Partner,SUSPICIOUS,Missing subscription_status,Nan
S002318,C00651,Central,Growth,2025-02-16,2025-09-30,41120.93,151.0,N,Cancelled,,INVALID,Discount_pct outside 0-100 range,Cancelled
S002319,C01255,,Basic,2025-09-18,2026-07-09,69562.49,46.0,Y,Trial,,VALID,No issues detected,Trial
S002320,C00578,,,2025-01-29,2025-11-20,40574.88,142.0,Y,,Website,INVALID,Discount_pct outside 0-100 range; Missing subscription_status,Nan
S002321,C00435,West,Growth,2025-11-20,2026-03-21,25653.38,156.0,Y,Cancelled,Inside Sales,INVALID,Discount_pct outside 0-100 range,Cancelled
S002322,C01169,South,,2024-11-21,2025-02-21,7738.73,0.0,,Expired,Partner,VALID,No issues detected,Expired
S002323,C01602,South,Pro,2025-05-03,2026-06-17,11484.79,120.0,N,,Inside Sales,INVALID,Discount_pct outside 0-100 range; Missing subscription_status,Nan
S002324,C01242,,Enterprise,2024-01-30,2024-06-26,,-2.0,,Expired,Marketplace,INVALID,Missing monthly_fee; Discount_pct outside 0-100 range,Expired
S002325,C00633,South,Pro,2025-04-15,2025-08-28,-28364.8,121.0,N,,,INVALID,Negative monthly_fee; Discount_pct outside 0-100 range; Missing subscription_status,Nan
S002326,C01210,East,Enterprise,2024-05-31,2024-08-18,2044.77,0.0,,,Partner,SUSPICIOUS,Missing subscription_status,Nan
,C00909,West,Basic,2024-10-14,,29461.87,141.0,,Cancelled,Marketplace,INVALID,Missing subscription_id; Discount_pct outside 0-100 range,Cancelled
S002328,C00160,South,Growth,2025-01-02,2025-12-25,59696.07,119.0,Y,Active,Marketplace,INVALID,Discount_pct outside 0-100 range,Active
S002329,C01326,,Enterprise,2025-10-30,2026-01-09,,52.0,Y,,Inside Sales,SUSPICIOUS,Missing monthly_fee; Missing subscription_status,Nan
S002330,C01779,West,Enterprise,2024-11-10,,54165.02,40.0,N,Cancelled,,VALID,No issues detected,Cancelled
,C00159,West,,2025-06-28,2025-10-14,37852.51,6.0,Y,Expired,Partner,INVALID,Missing subscription_id,Expired
S002332,C00655,,,2024-05-31,2024-05-23,11188.65,0.0,N,Cancelled,Marketplace,INVALID,Renewal date earlier than signup date,Cancelled
S002333,C00834,,Pro,2025-01-12,,71267.69,102.0,Y,Active,Inside Sales,INVALID,Discount_pct outside 0-100 range; Active subscription with missing/implausible renewal date,Active
S002334,C00152,South,Pro,2024-08-09,2024-11-27,57450.04,-25.0,N,Trial,,INVALID,Discount_pct outside 0-100 range,Trial
S002335,C01547,North,Growth,2025-05-16,2025-11-16,2031.01,144.0,,,Inside Sales,INVALID,Discount_pct outside 0-100 range; Missing subscription_status,Nan
,C01150,South,Basic,2025-04-03,2025-03-01,30606.25,105.0,,,Partner,INVALID,Missing subscription_id; Renewal date earlier than signup date; Discount_pct outside 0-100 range; Missing subscription_status,Nan
S002337,C00945,North,,2025-03-23,2025-08-08,68677.79,0.0,Y,,Inside Sales,SUSPICIOUS,Missing subscription_status,Nan
S002338,C01365,,Pro,2025-02-12,2025-03-03,29409.45,0.0,Y,Active,Inside Sales,VALID,No issues detected,Active
S002339,C01276,Central,Pro,2025-08-19,2026-02-16,37627.67,-8.0,,,,INVALID,Discount_pct outside 0-100 range; Missing subscription_status,Nan
S002340,C01689,North,Enterprise,2024-09-15,2025-06-14,11829.87,0.0,,Active,Partner,VALID,No issues detected,Active
S002341,C01320,South,Basic,2024-09-02,2025-10-14,18884.83,139.0,,Expired,Partner,INVALID,Discount_pct outside 0-100 range,Expired
S002342,C00272,Central,Enterprise,2024-08-12,,24709.19,139.0,N,Cancelled,Marketplace,INVALID,Discount_pct outside 0-100 range,Cancelled
S002343,C00509,South,Enterprise,2025-05-01,2025-03-06,9789.51,20.0,N,Active,Inside Sales,INVALID,Renewal date earlier than signup date,Active
S002344,C00472,East,Basic,2024-04-12,2024-06-07,39285.65,156.0,Y,Expired,Website,INVALID,Discount_pct outside 0-100 range,Expired
S002345,C01342,,Enterprise,2025-03-09,2025-10-14,55941.66,0.0,Y,,Partner,SUSPICIOUS,Missing subscription_status,Nan
S002346,C01716,North,,2025-11-05,2026-09-10,42468.16,0.0,,Trial,Partner,VALID,No issues detected,Trial
S002347,C01796,North,Enterprise,2025-02-23,2026-01-08,-46535.1,59.0,Y,Active,Partner,INVALID,Negative monthly_fee,Active
,C00215,West,Enterprise,2025-10-25,2025-12-01,41818.5,0.0,N,Trial,Marketplace,INVALID,Missing subscription_id,Trial
S002349,C00850,Central,Growth,2024-03-21,2024-03-02,8068.83,70.0,,Expired,Marketplace,INVALID,Renewal date earlier than signup date,Expired
S002350,C01500,West,Basic,2025-11-12,2026-04-11,7269.68,18.0,,Active,Inside Sales,VALID,No issues detected,Active
S002351,C00034,East,Growth,2025-03-22,2025-02-18,65694.97,37.0,N,Cancelled,Inside Sales,INVALID,Renewal date earlier than signup date,Cancelled
S002352,C01229,West,Enterprise,2025-01-18,,26127.78,113.0,,Cancelled,Inside Sales,INVALID,Discount_pct outside 0-100 range,Cancelled
S002353,,West,Growth,2024-12-13,2024-11-07,19275.38,-2.0,,Trial,Inside Sales,INVALID,Missing customer_id; Renewal date earlier than signup date; Discount_pct outside 0-100 range,Trial
S002354,C01117,,Enterprise,2025-06-07,2025-05-06,63264.97,0.0,,,Website,INVALID,Renewal date earlier than signup date; Missing subscription_status,Nan
S002355,C01103,,Basic,2025-03-20,2025-04-17,14741.54,-16.0,,Active,Partner,INVALID,Discount_pct outside 0-100 range,Active
S002356,C00066,Central,Pro,2024-12-07,2025-12-26,24575.28,-11.0,N,Cancelled,,INVALID,Discount_pct outside 0-100 range,Cancelled
S002357,C01229,East,,2024-01-22,,10994.01,0.0,Y,Trial,Marketplace,VALID,No issues detected,Trial
S002358,C00562,North,Pro,2024-08-22,2025-10-04,1095.32,-28.0,Y,Cancelled,Inside Sales,INVALID,Discount_pct outside 0-100 range,Cancelled
S002359,C00215,East,Pro,2025-11-04,2026-04-10,18348.28,0.0,,Expired,,VALID,No issues detected,Expired
S002360,C00800,North,Enterprise,2024-06-20,2024-06-05,8732.42,-30.0,N,Trial,,INVALID,Renewal date earlier than signup date; Discount_pct outside 0-100 range,Trial
S002361,C01280,,Basic,2024-02-02,2024-10-11,69548.51,102.0,N,,Website,INVALID,Discount_pct outside 0-100 range; Missing subscription_status,Nan
S002362,C01222,South,Enterprise,2024-11-04,,2103.95,147.0,,Trial,,INVALID,Discount_pct outside 0-100 range,Trial
S002363,C00552,,,2025-09-06,2025-12-28,,107.0,,Cancelled,Partner,INVALID,Missing monthly_fee; Discount_pct outside 0-100 range,Cancelled
S002364,C00338,,Enterprise,2024-10-29,,71211.76,0.0,N,Trial,Website,VALID,No issues detected,Trial
S002365,C01569,,Growth,2024-03-22,2024-05-11,51475.29,48.0,Y,Active,Partner,VALID,No issues detected,Active
S002366,C00711,South,Enterprise,2025-07-15,2026-04-23,,0.0,,,Website,SUSPICIOUS,Missing monthly_fee; Missing subscription_status,Nan
S002367,C00780,East,Pro,2024-06-24,2024-10-28,77840.07,29.0,,Trial,,VALID,No issues detected,Trial
S002368,,,,2024-03-28,2024-01-29,7680.48,0.0,Y,Active,Partner,INVALID,Missing customer_id; Renewal date earlier than signup date,Active
S002369,C00158,West,Growth,2025-03-15,2025-11-19,55783.88,154.0,,Trial,Marketplace,INVALID,Discount_pct outside 0-100 range,Trial
S002370,C01785,East,,2025-02-08,2025-11-21,5910.07,62.0,Y,Trial,Partner,VALID,No issues detected,Trial
S002371,C00804,North,Pro,2025-01-25,2025-04-01,57566.72,0.0,Y,Active,Partner,VALID,No issues detected,Active
S002372,,East,Growth,2024-08-14,2025-03-27,72109.58,46.0,,Cancelled,Partner,INVALID,Missing customer_id,Cancelled
S002373,C00154,West,Growth,2025-01-30,2025-01-01,10409.52,0.0,Y,,,INVALID,Renewal date earlier than signup date; Missing subscription_status,Nan
S002374,C00111,South,Pro,2024-04-07,,24948.61,-19.0,Y,Trial,,INVALID,Discount_pct outside 0-100 range,Trial
,C01377,West,Basic,2025-09-08,2026-01-13,4959.11,113.0,N,Expired,,INVALID,Missing subscription_id; Discount_pct outside 0-100 range,Expired
S002376,C01013,West,Growth,2025-07-28,2025-08-15,51709.28,127.0,N,Expired,Website,INVALID,Discount_pct outside 0-100 range,Expired
S002377,C01716,Central,Enterprise,2024-10-05,2025-08-23,3842.03,115.0,,Expired,Marketplace,INVALID,Discount_pct outside 0-100 range,Expired
S002378,C01414,,Basic,2025-07-17,2026-04-20,-66477.27,64.0,N,,,INVALID,Negative monthly_fee; Missing subscription_status,Nan
S002379,C01769,Central,Basic,2024-04-09,2024-09-23,55896.2,-10.0,N,,Marketplace,INVALID,Discount_pct outside 0-100 range; Missing subscription_status,Nan
S002380,C00552,East,Pro,2025-09-24,2026-05-23,26844.24,-14.0,,Active,Marketplace,INVALID,Discount_pct outside 0-100 range,Active
S002381,C01765,Central,,2024-01-16,,34415.68,101.0,,,Marketplace,INVALID,Discount_pct outside 0-100 range; Missing subscription_status,Nan
S002382,C00202,West,Growth,2025-11-01,2026-11-07,29640.3,-8.0,,Expired,Marketplace,INVALID,Discount_pct outside 0-100 range,Expired
S002383,C01511,South,Pro,2025-11-21,2026-05-20,47895.47,68.0,N,Active,,VALID,No issues detected,Active
S002384,C01147,Central,Enterprise,2024-06-08,2025-06-09,20743.49,-12.0,N,Active,Inside Sales,INVALID,Discount_pct outside 0-100 range,Active
S002385,C01702,,Pro,2024-11-29,2025-05-04,,-26.0,,Cancelled,Website,INVALID,Missing monthly_fee; Discount_pct outside 0-100 range,Cancelled
,C01673,South,,2024-05-11,2025-06-12,51624.74,-18.0,Y,Cancelled,Inside Sales,INVALID,Missing subscription_id; Discount_pct outside 0-100 range,Cancelled
S002387,C01437,Central,Enterprise,2025-10-10,2026-01-01,4478.35,-4.0,Y,Trial,,INVALID,Discount_pct outside 0-100 range,Trial
S002388,C01588,East,Enterprise,2024-08-24,,9400.87,140.0,N,Trial,,INVALID,Discount_pct outside 0-100 range,Trial
S002389,C00958,,Growth,2024-06-10,2025-05-21,53316.81,0.0,,Cancelled,,VALID,No issues detected,Cancelled
S002390,C01314,,Basic,2024-04-18,2024-09-22,32330.4,-4.0,Y,Cancelled,Partner,INVALID,Discount_pct outside 0-100 range,Cancelled
S002391,C00247,North,Enterprise,2024-04-26,2024-11-27,3178.93,-20.0,N,Trial,,INVALID,Discount_pct outside 0-100 range,Trial
S002392,C01713,,Pro,2024-10-23,2025-05-25,10208.23,50.0,Y,Cancelled,Website,VALID,No issues detected,Cancelled
S002393,C00336,Central,Growth,2025-01-16,2026-02-28,73730.76,0.0,,Cancelled,Inside Sales,VALID,No issues detected,Cancelled
,,West,Pro,2024-04-01,2024-12-31,26100.03,0.0,,Expired,Marketplace,INVALID,Missing subscription_id; Missing customer_id,Expired
S002395,C00254,South,,2024-01-11,2024-12-12,,152.0,Y,Trial,Website,INVALID,Missing monthly_fee; Discount_pct outside 0-100 range,Trial
S002396,C01352,South,,2025-04-23,2025-04-20,52462.5,56.0,N,Cancelled,Partner,INVALID,Renewal date earlier than signup date,Cancelled
S002397,C01649,South,Basic,2025-01-09,2025-09-27,56059.11,118.0,N,Active,Marketplace,INVALID,Discount_pct outside 0-100 range,Active
S002398,,West,Pro,2024-05-26,2024-08-24,1946.31,112.0,Y,,Marketplace,INVALID,Missing customer_id; Discount_pct outside 0-100 range; Missing subscription_status,Nan
S002399,C00946,North,Pro,2024-10-20,2024-08-31,39988.81,-19.0,N,Expired,,INVALID,Renewal date earlier than signup date; Discount_pct outside 0-100 range,Expired
S002400,C00853,North,,2024-01-21,,35694.15,0.0,Y,Expired,Partner,VALID,No issues detected,Expired
,C00517,Central,Basic,2025-02-21,2025-11-21,43027.54,-13.0,Y,Active,Inside Sales,INVALID,Missing subscription_id; Discount_pct outside 0-100 range,Active
S001355,C00588,East,Basic,2024-01-20,2024-11-14,3185.98,120.0,,Cancelled,Website,INVALID,Duplicate subscription_id; Discount_pct outside 0-100 range,Cancelled
S000997,C01248,West,Pro,2024-06-25,2025-08-05,1888.03,-14.0,Y,Cancelled,Marketplace,INVALID,Duplicate subscription_id; Discount_pct outside 0-100 range,Cancelled
S001700,C00456,East,,2024-08-07,2025-05-19,4630.44,111.0,,Expired,,INVALID,Duplicate subscription_id; Discount_pct outside 0-100 range,Expired
S001857,C01644,,Enterprise,2024-01-12,2024-11-09,16492.08,-19.0,,,Inside Sales,INVALID,Duplicate subscription_id; Discount_pct outside 0-100 range; Missing subscription_status,Nan
S001870,C00001,West,,2025-05-10,2025-05-26,62494.08,14.0,,Active,Partner,INVALID,Duplicate subscription_id,Active
S001041,C01049,West,Enterprise,2025-03-18,2025-05-06,58798.31,2.0,N,Cancelled,Website,INVALID,Duplicate subscription_id,Cancelled
S001990,,North,Enterprise,2025-03-08,2025-05-08,69980.7,47.0,,Active,Partner,INVALID,Duplicate subscription_id; Missing customer_id,Active
S000486,C01570,North,Growth,2024-12-09,2025-12-09,,0.0,N,Expired,Inside Sales,INVALID,Duplicate subscription_id; Missing monthly_fee,Expired
S001138,C01231,East,Pro,2024-11-23,2025-03-30,31581.13,24.0,,Expired,Partner,INVALID,Duplicate subscription_id,Expired
S000999,C00032,East,Enterprise,2024-12-17,,46169.56,0.0,,Trial,Website,INVALID,Duplicate subscription_id,Trial
S000033,C00712,West,Enterprise,2024-04-24,2025-05-18,65415.08,158.0,Y,Trial,Partner,INVALID,Duplicate subscription_id; Discount_pct outside 0-100 range,Trial
S001984,C00004,East,Growth,2025-05-26,2025-09-23,44963.55,0.0,N,Cancelled,Partner,INVALID,Duplicate subscription_id,Cancelled
S001434,C01318,North,Enterprise,2025-03-29,2025-11-27,49326.03,146.0,Y,Expired,Website,INVALID,Duplicate subscription_id; Discount_pct outside 0-100 range,Expired
S000003,C01264,South,Growth,2025-04-22,2025-04-12,13274.49,42.0,,Cancelled,Partner,INVALID,Duplicate subscription_id; Renewal date earlier than signup date,Cancelled
S002162,C01467,South,,2025-07-10,2025-09-05,49800.62,0.0,N,Trial,Marketplace,INVALID,Duplicate subscription_id,Trial
S001383,C00404,West,Pro,2025-09-16,,11605.99,-14.0,,,,INVALID,Duplicate subscription_id; Discount_pct outside 0-100 range; Missing subscription_status,Nan
S000337,C00082,South,Enterprise,2025-02-01,2026-03-04,,111.0,Y,Active,Website,INVALID,Duplicate subscription_id; Missing monthly_fee; Discount_pct outside 0-100 range,Active
S000703,C00589,East,,2025-03-09,2025-09-23,30033.88,-9.0,,Active,Website,INVALID,Duplicate subscription_id; Discount_pct outside 0-100 range,Active
S001033,C00549,,Pro,2024-12-26,2025-12-28,19548.56,0.0,,Cancelled,Marketplace,INVALID,Duplicate subscription_id,Cancelled
,C00693,East,Basic,2024-05-26,2024-08-08,62813.34,135.0,N,Cancelled,Marketplace,INVALID,Missing subscription_id; Discount_pct outside 0-100 range,Cancelled
S002202,C01438,,Basic,2024-05-02,2024-08-29,56478.42,128.0,,Expired,Inside Sales,INVALID,Duplicate subscription_id; Discount_pct outside 0-100 range,Expired
S001794,C00745,West,Basic,2024-11-14,2025-03-15,54654.44,11.0,N,Cancelled,Partner,INVALID,Duplicate subscription_id,Cancelled
S001399,C01496,,,2025-06-21,,49136.62,-19.0,Y,Active,Website,INVALID,Duplicate subscription_id; Discount_pct outside 0-100 range; Active subscription with missing/implausible renewal date,Active
S001542,,West,Pro,2024-04-13,2024-06-30,28322.35,-28.0,,Active,Inside Sales,INVALID,Duplicate subscription_id; Missing customer_id; Discount_pct outside 0-100 range,Active
S000440,C01323,East,Enterprise,2024-03-26,,35239.34,-8.0,Y,Active,Inside Sales,INVALID,Duplicate subscription_id; Discount_pct outside 0-100 range; Active subscription with missing/implausible renewal date,Active
S001448,C01463,North,Growth,2024-09-26,2024-12-08,,0.0,Y,Cancelled,Website,INVALID,Duplicate subscription_id; Missing monthly_fee,Cancelled
S002102,C01103,North,Growth,2025-01-19,2025-02-23,29995.92,68.0,Y,Trial,Website,INVALID,Duplicate subscription_id,Trial
,C00707,East,Basic,2024-07-03,2025-05-06,36182.48,126.0,Y,Active,Partner,INVALID,Missing subscription_id; Discount_pct outside 0-100 range,Active
S001632,C01347,West,Basic,2025-05-03,2025-06-18,34077.03,-16.0,N,Expired,Marketplace,INVALID,Duplicate subscription_id; Discount_pct outside 0-100 range,Expired
,C00517,Central,Basic,2025-02-21,2025-11-21,43027.54,-13.0,Y,Trial,Inside Sales,INVALID,Missing subscription_id; Discount_pct outside 0-100 range,Trial
S000365,C01185,Central,Growth,2025-05-23,2025-07-13,44246.02,-8.0,Y,Active,Partner,INVALID,Duplicate subscription_id; Discount_pct outside 0-100 range,Active
S001080,C01790,West,Basic,2025-05-09,2025-07-29,8532.9,70.0,,Expired,Partner,INVALID,Duplicate subscription_id,Expired
S000029,,North,Enterprise,2025-05-16,2026-03-22,24414.58,0.0,,,Website,INVALID,Duplicate subscription_id; Missing customer_id; Missing subscription_status,Nan
S000737,C00127,North,Pro,2025-07-28,2026-01-03,16908.25,-16.0,Y,Active,Website,INVALID,Duplicate subscription_id; Discount_pct outside 0-100 range,Active
S000949,C00688,North,,2024-03-17,2024-06-16,37756.6,124.0,,,Inside Sales,INVALID,Duplicate subscription_id; Discount_pct outside 0-100 range; Missing subscription_status,Nan
S001002,C00871,South,,2024-04-14,2024-07-11,78394.15,-5.0,,Cancelled,Marketplace,INVALID,Duplicate subscription_id; Discount_pct outside 0-100 range,Cancelled
S002368,,,,2024-03-28,2024-01-29,7680.48,0.0,Y,Cancelled,Partner,INVALID,Duplicate subscription_id; Missing customer_id; Renewal date earlier than signup date,Cancelled
S001907,C00572,West,Basic,2024-01-19,2025-03-11,42902.65,0.0,N,Expired,Marketplace,INVALID,Duplicate subscription_id,Expired
S000452,,East,Pro,2024-07-12,2025-04-18,20051.94,-6.0,,Trial,Website,INVALID,Duplicate subscription_id; Missing customer_id; Discount_pct outside 0-100 range,Trial
S000872,C01597,North,Enterprise,2024-03-18,2025-01-12,9943.39,-11.0,Y,Cancelled,,INVALID,Duplicate subscription_id; Discount_pct outside 0-100 range,Cancelled
S000043,C00036,West,,2024-02-14,,20439.87,55.0,N,Expired,,INVALID,Duplicate subscription_id,Expired
S001534,C01100,,,2025-02-27,2025-06-14,41360.07,-10.0,,Cancelled,Inside Sales,INVALID,Duplicate subscription_id; Discount_pct outside 0-100 range,Cancelled
S000728,C01220,West,Pro,2025-05-25,2025-10-27,,109.0,N,Expired,Website,INVALID,Duplicate subscription_id; Missing monthly_fee; Discount_pct outside 0-100 range,Expired
,C00642,Central,,2024-10-06,2025-09-30,2000.02,0.0,,Expired,Inside Sales,INVALID,Missing subscription_id,Expired
S000326,,Central,Growth,2025-04-03,,79394.94,-29.0,,Cancelled,Marketplace,INVALID,Duplicate subscription_id; Missing customer_id; Discount_pct outside 0-100 range,Cancelled
S002372,,East,Growth,2024-08-14,2025-03-27,72109.58,46.0,,Cancelled,Partner,INVALID,Duplicate subscription_id; Missing customer_id,Cancelled
S000834,,,Growth,2025-11-02,2026-04-09,67480.44,110.0,,Cancelled,Partner,INVALID,Duplicate subscription_id; Missing customer_id; Discount_pct outside 0-100 range,Cancelled
S000836,C01225,,Pro,2025-01-19,2025-08-14,1105.69,-24.0,,Expired,,INVALID,Duplicate subscription_id; Discount_pct outside 0-100 range,Expired
S000857,C00673,South,Basic,2024-01-13,2024-10-17,76492.98,134.0,N,Expired,Website,INVALID,Duplicate subscription_id; Discount_pct outside 0-100 range,Expired
S000243,C00434,Central,,2025-04-22,2025-05-09,62662.51,0.0,N,Trial,Inside Sales,INVALID,Duplicate subscription_id,Trial
,C00589,Central,,2024-11-22,2025-03-08,,0.0,N,Active,Website,INVALID,Missing subscription_id; Missing monthly_fee,Active
S000770,C01205,North,Pro,2024-06-19,2024-05-30,69895.44,8.0,,Cancelled,,INVALID,Duplicate subscription_id; Renewal date earlier than signup date,Cancelled
,C01227,South,Growth,2025-10-10,2026-04-07,13131.5,-27.0,N,,,INVALID,Missing subscription_id; Discount_pct outside 0-100 range; Missing subscription_status,Nan
S001735,C01237,East,Enterprise,2024-06-04,2024-11-23,,10.0,,Cancelled,Website,INVALID,Duplicate subscription_id; Missing monthly_fee,Cancelled
S000073,C01032,South,Pro,2025-02-01,2025-07-31,3332.47,109.0,N,Active,Inside Sales,INVALID,Duplicate subscription_id; Discount_pct outside 0-100 range,Active
S000648,C00019,South,,2024-08-30,2025-05-08,78597.0,0.0,,Cancelled,Partner,INVALID,Duplicate subscription_id,Cancelled
S000381,C01164,Central,Basic,2025-06-21,2025-09-28,56187.74,0.0,,Expired,,INVALID,Duplicate subscription_id,Expired
S000800,C00694,North,,2025-02-10,2025-03-25,67063.34,-21.0,Y,Expired,Marketplace,INVALID,Duplicate subscription_id; Discount_pct outside 0-100 range,Expired
S001731,C01250,West,,2024-06-21,2024-09-24,30576.74,-14.0,Y,,Marketplace,INVALID,Duplicate subscription_id; Discount_pct outside 0-100 range; Missing subscription_status,Nan
S001985,C00149,North,Basic,2024-09-18,2025-10-10,57322.12,-20.0,Y,Trial,Inside Sales,INVALID,Duplicate subscription_id; Discount_pct outside 0-100 range,Trial
S000694,C00795,South,Basic,2025-08-06,,1161.89,62.0,,Cancelled,,INVALID,Duplicate subscription_id,Cancelled
S002061,C00456,East,Basic,2024-05-05,2024-12-20,8924.91,126.0,,Expired,Partner,INVALID,Duplicate subscription_id; Discount_pct outside 0-100 range,Expired
,C00630,East,Enterprise,2024-04-05,2024-07-05,21716.18,5.0,Y,Expired,Inside Sales,INVALID,Missing subscription_id,Expired
S000763,C00462,North,Pro,2025-07-16,,72943.95,1.0,,Expired,,INVALID,Duplicate subscription_id,Expired
S001147,C00040,South,Basic,2025-09-15,2026-10-13,78814.4,116.0,N,,Inside Sales,INVALID,Duplicate subscription_id; Discount_pct outside 0-100 range; Missing subscription_status,Nan
S001459,C01442,West,Pro,2024-08-25,2024-10-07,3490.71,0.0,,Active,Website,INVALID,Duplicate subscription_id,Active
S000431,C00332,,Pro,2024-03-03,2025-01-12,,103.0,Y,Cancelled,Website,INVALID,Duplicate subscription_id; Missing monthly_fee; Discount_pct outside 0-100 range,Cancelled
S001997,C00581,West,Pro,2025-08-03,2026-05-14,73592.32,-20.0,Y,Expired,Inside Sales,INVALID,Duplicate subscription_id; Discount_pct outside 0-100 range,Expired
S002383,C01511,South,Pro,2025-11-21,2026-05-20,47895.47,68.0,N,Active,,INVALID,Duplicate subscription_id,Active
S000967,C01670,South,Basic,2024-10-24,2025-07-20,78238.51,0.0,Y,Trial,Website,INVALID,Duplicate subscription_id,Trial
S002314,,,Pro,2024-10-22,2024-10-08,3911.01,14.0,Y,Trial,,INVALID,Duplicate subscription_id; Missing customer_id; Renewal date earlier than signup date,Trial
S000259,C00323,North,Growth,2025-04-03,2025-07-30,40201.86,150.0,N,Active,Marketplace,INVALID,Duplicate subscription_id; Discount_pct outside 0-100 range,Active
S002243,C00110,West,Growth,2024-02-13,2024-11-18,61317.03,17.0,Y,Expired,Marketplace,INVALID,Duplicate subscription_id,Expired
S001134,C01235,East,Enterprise,2025-11-09,2026-03-20,58319.22,6.0,Y,Cancelled,Website,INVALID,Duplicate subscription_id,Cancelled
S002007,C00427,West,Growth,2024-03-06,2024-12-06,-56998.5,0.0,,Cancelled,,INVALID,Duplicate subscription_id; Negative monthly_fee,Cancelled
,C00109,,Enterprise,2024-10-27,2025-01-31,30959.09,0.0,Y,Cancelled,Partner,INVALID,Missing subscription_id,Cancelled
,C00215,West,Enterprise,2025-10-25,2025-12-01,41818.5,0.0,N,Trial,Marketplace,INVALID,Missing subscription_id,Trial
S001908,C00443,West,Pro,2024-02-14,2025-01-18,,160.0,,Cancelled,Partner,INVALID,Duplicate subscription_id; Missing monthly_fee; Discount_pct outside 0-100 range,Cancelled
S001706,C00356,Central,Basic,2024-05-01,2024-05-25,58042.65,62.0,N,Active,,INVALID,Duplicate subscription_id,Active
S001604,C00549,East,,2024-10-07,2025-06-12,14989.92,-17.0,N,Active,Marketplace,INVALID,Duplicate subscription_id; Discount_pct outside 0-100 range,Active
S001600,C01483,South,Pro,2024-07-21,2025-03-28,47807.88,114.0,Y,Cancelled,,INVALID,Duplicate subscription_id; Discount_pct outside 0-100 range,Cancelled
S000428,C01216,Central,,2024-10-27,2024-12-21,40362.6,-25.0,,Active,Partner,INVALID,Duplicate subscription_id; Discount_pct outside 0-100 range,Active
S000236,C01460,North,,2024-10-02,2025-03-20,67697.45,0.0,N,,Website,INVALID,Duplicate subscription_id; Missing subscription_status,Nan
S000576,C00294,East,Basic,2025-09-18,2025-10-15,,0.0,N,Trial,,INVALID,Duplicate subscription_id; Missing monthly_fee,Trial
S001678,C00273,East,Growth,2025-09-24,2026-11-11,55693.83,54.0,N,,Inside Sales,INVALID,Duplicate subscription_id; Missing subscription_status,Nan
,C00930,North,Pro,2025-06-10,2026-05-23,,0.0,Y,Active,Partner,INVALID,Missing subscription_id; Missing monthly_fee,Active
S002009,C00619,West,Basic,2025-06-30,2026-07-04,,116.0,Y,,Inside Sales,INVALID,Duplicate subscription_id; Missing monthly_fee; Discount_pct outside 0-100 range; Missing subscription_status,Nan
S001870,C00001,West,,2025-05-10,2025-05-26,62494.08,14.0,,Expired,Partner,INVALID,Duplicate subscription_id,Expired
S001956,C00974,East,,2024-07-01,,,-12.0,,Expired,,INVALID,Duplicate subscription_id; Missing monthly_fee; Discount_pct outside 0-100 range,Expired
S001459,C01442,West,Pro,2024-08-25,2024-10-07,3490.71,0.0,,Cancelled,Website,INVALID,Duplicate subscription_id,Cancelled
,C00478,Central,Pro,2024-08-27,2024-09-21,58015.9,0.0,Y,Expired,Inside Sales,INVALID,Missing subscription_id,Expired
S000924,C00834,Central,Growth,2024-12-23,2025-10-02,22470.24,11.0,N,Cancelled,Marketplace,INVALID,Duplicate subscription_id,Cancelled
S001243,C01734,North,Growth,2024-08-20,2025-03-23,65565.86,36.0,,,Marketplace,INVALID,Duplicate subscription_id; Missing subscription_status,Nan
S002275,C01319,,Growth,2025-01-27,2026-03-02,59915.74,70.0,,,Inside Sales,INVALID,Duplicate subscription_id; Missing subscription_status,Nan
S000649,C01722,West,Enterprise,2024-02-23,2025-02-03,34052.24,-1.0,Y,Cancelled,Marketplace,INVALID,Duplicate subscription_id; Discount_pct outside 0-100 range,Cancelled
S001585,C00589,West,Basic,2024-12-01,2025-12-17,24273.92,110.0,N,Expired,,INVALID,Duplicate subscription_id; Discount_pct outside 0-100 range,Expired
S000162,C00633,West,Basic,2024-09-06,2025-02-23,54490.24,38.0,,Expired,Website,INVALID,Duplicate subscription_id,Expired
S000109,,Central,Enterprise,2024-05-09,,57111.26,-4.0,,,Partner,INVALID,Duplicate subscription_id; Missing customer_id; Discount_pct outside 0-100 range; Missing subscription_status,Nan
S000597,C01458,,Basic,2024-12-27,2025-06-05,9759.55,0.0,,Expired,Partner,INVALID,Duplicate subscription_id,Expired
S001155,C01616,,Growth,2025-02-12,2026-01-05,7759.2,102.0,,Cancelled,Website,INVALID,Duplicate subscription_id; Discount_pct outside 0-100 range,Cancelled
S000341,C00153,,Pro,2025-09-03,2026-10-12,42894.82,124.0,,Active,Partner,INVALID,Duplicate subscription_id; Discount_pct outside 0-100 range,Active
S001517,C01453,,Basic,2024-02-14,2024-01-16,18459.63,125.0,N,Trial,Inside Sales,INVALID,Duplicate subscription_id; Renewal date earlier than signup date; Discount_pct outside 0-100 range,Trial
S000528,C00171,North,Pro,2025-01-18,2025-04-14,,47.0,Y,Active,Inside Sales,INVALID,Duplicate subscription_id; Missing monthly_fee,Active
S001225,C01147,,Enterprise,2025-05-06,,35169.95,-19.0,N,Trial,,INVALID,Duplicate subscription_id; Discount_pct outside 0-100 range,Trial
S000127,C01490,,Growth,2025-06-24,2025-10-05,28265.41,151.0,N,Active,Website,INVALID,Duplicate subscription_id; Discount_pct outside 0-100 range,Active
S001646,C01154,,Enterprise,2025-10-09,,51205.04,126.0,N,Cancelled,Marketplace,INVALID,Duplicate subscription_id; Discount_pct outside 0-100 range,Cancelled
,C01122,,Enterprise,2024-08-08,2024-12-20,11618.96,-11.0,,Trial,Partner,INVALID,Missing subscription_id; Discount_pct outside 0-100 range,Trial
S001233,C00652,South,Pro,2024-03-15,2024-05-15,18958.95,0.0,,Expired,Marketplace,INVALID,Duplicate subscription_id,Expired
S000777,C01385,West,Basic,2024-12-02,2026-01-12,45732.4,149.0,Y,Cancelled,Website,INVALID,Duplicate subscription_id; Discount_pct outside 0-100 range,Cancelled
S001730,C00484,West,Growth,2024-04-01,2024-09-06,-37165.1,-29.0,N,Active,,INVALID,Duplicate subscription_id; Negative monthly_fee; Discount_pct outside 0-100 range,Active
,C00935,East,Basic,2024-09-10,2024-11-17,,29.0,Y,Trial,Inside Sales,INVALID,Missing subscription_id; Missing monthly_fee,Trial
S002073,C00956,North,Growth,2024-02-10,2024-06-30,47713.11,-2.0,N,Expired,,INVALID,Duplicate subscription_id; Discount_pct outside 0-100 range,Expired
S002313,C00397,Central,Pro,2025-08-01,2025-11-25,-49032.68,-13.0,Y,,Website,INVALID,Duplicate subscription_id; Negative monthly_fee; Discount_pct outside 0-100 range; Missing subscription_status,Nan
S000692,C00129,,Pro,2025-02-18,2025-09-18,,-26.0,N,Trial,Inside Sales,INVALID,Duplicate subscription_id; Missing monthly_fee; Discount_pct outside 0-100 range,Trial
,C00090,West,Enterprise,2025-01-28,,36932.26,0.0,Y,Cancelled,,INVALID,Missing subscription_id,Cancelled
S001984,C00004,East,Growth,2025-05-26,2025-09-23,44963.55,0.0,N,Expired,Partner,INVALID,Duplicate subscription_id,Expired
S001498,C01340,West,Pro,2025-09-30,2026-04-09,4926.9,0.0,Y,Active,,INVALID,Duplicate subscription_id,Active
S001562,C00261,West,Enterprise,2025-07-05,2026-07-26,72312.16,108.0,,Trial,,INVALID,Duplicate subscription_id; Discount_pct outside 0-100 range,Trial
S000601,C00964,South,Pro,2025-09-28,2026-11-04,5093.87,114.0,,Cancelled,Partner,INVALID,Duplicate subscription_id; Discount_pct outside 0-100 range,Cancelled
S001067,C01574,,,2024-06-19,,78713.63,52.0,,Active,Inside Sales,INVALID,Duplicate subscription_id; Active subscription with missing/implausible renewal date,Active
S001240,C00421,,Enterprise,2024-11-08,2025-01-30,62314.28,0.0,,,Inside Sales,INVALID,Duplicate subscription_id; Missing subscription_status,Nan
S000995,C00478,North,Basic,2025-02-03,2026-02-20,21212.97,-5.0,N,Expired,Marketplace,INVALID,Duplicate subscription_id; Discount_pct outside 0-100 range,Expired
S000597,C01458,,Basic,2024-12-27,2025-06-05,9759.55,0.0,,Cancelled,Partner,INVALID,Duplicate subscription_id,Cancelled
S000970,C00102,,Pro,2024-06-25,2024-08-05,38405.29,134.0,Y,Expired,Partner,INVALID,Duplicate subscription_id; Discount_pct outside 0-100 range,Expired
S000425,C01258,North,Enterprise,2024-03-02,2024-08-05,61180.26,0.0,Y,Active,Inside Sales,INVALID,Duplicate subscription_id,Active
S002056,C00338,,Basic,2025-04-02,2026-01-27,24197.21,126.0,N,Active,Marketplace,INVALID,Duplicate subscription_id; Discount_pct outside 0-100 range,Active
S001010,C00727,,Enterprise,2024-07-25,2025-09-16,3788.18,151.0,,Cancelled,Partner,INVALID,Duplicate subscription_id; Discount_pct outside 0-100 range,Cancelled
,C00707,East,Basic,2024-07-03,2025-05-06,36182.48,126.0,Y,Cancelled,Partner,INVALID,Missing subscription_id; Discount_pct outside 0-100 range,Cancelled
S002069,C01455,East,Pro,2025-06-14,2025-06-04,68378.35,-17.0,Y,Cancelled,Partner,INVALID,Duplicate subscription_id; Renewal date earlier than signup date; Discount_pct outside 0-100 range,Cancelled
S002156,C00686,,Enterprise,2025-04-08,2025-05-29,7254.08,70.0,Y,Expired,,INVALID,Duplicate subscription_id,Expired
S001956,C00974,East,,2024-07-01,,,-12.0,,Active,,INVALID,Duplicate subscription_id; Missing monthly_fee; Discount_pct outside 0-100 range; Active subscription with missing/implausible renewal date,Active
S000605,C01127,East,Pro,2025-09-27,,48139.32,-14.0,,Trial,Marketplace,INVALID,Duplicate subscription_id; Discount_pct outside 0-100 range,Trial
S000677,C01145,West,,2024-06-03,2025-05-18,49351.82,116.0,,Active,Website,INVALID,Duplicate subscription_id; Discount_pct outside 0-100 range,Active
S002134,C01189,North,Enterprise,2024-02-15,2024-04-19,,114.0,Y,Cancelled,Marketplace,INVALID,Duplicate subscription_id; Missing monthly_fee; Discount_pct outside 0-100 range,Cancelled
S002032,C00903,Central,Pro,2024-10-26,,-65668.96,29.0,N,Cancelled,Marketplace,INVALID,Duplicate subscription_id; Negative monthly_fee,Cancelled
S000530,C00275,,,2024-12-24,2026-01-10,43243.49,-29.0,Y,,Inside Sales,INVALID,Duplicate subscription_id; Discount_pct outside 0-100 range; Missing subscription_status,Nan
S000410,C00479,South,,2024-01-18,2024-01-02,46739.46,156.0,Y,Active,Marketplace,INVALID,Duplicate subscription_id; Renewal date earlier than signup date; Discount_pct outside 0-100 range,Active
,C00109,,Enterprise,2024-10-27,2025-01-31,30959.09,0.0,Y,Expired,Partner,INVALID,Missing subscription_id,Expired
S000361,C01240,East,Pro,2024-08-19,2025-07-13,48198.61,-4.0,N,Cancelled,Inside Sales,INVALID,Duplicate subscription_id; Discount_pct outside 0-100 range,Cancelled
S000139,C00758,North,Enterprise,2025-06-19,2026-04-14,55856.77,-10.0,,Expired,Website,INVALID,Duplicate subscription_id; Discount_pct outside 0-100 range,Expired
S001781,C01599,Central,Basic,2025-06-09,2026-07-07,13090.55,157.0,,Cancelled,Partner,INVALID,Duplicate subscription_id; Discount_pct outside 0-100 range,Cancelled
S001039,C00952,East,,2024-10-23,2025-06-28,26409.0,0.0,Y,Active,,INVALID,Duplicate subscription_id,Active
S001312,C01081,Central,,2024-05-27,2025-02-05,49415.81,-30.0,Y,Active,Partner,INVALID,Duplicate subscription_id; Discount_pct outside 0-100 range,Active
S000824,C01671,South,,2025-06-08,2025-09-29,72389.62,-28.0,,Cancelled,Marketplace,INVALID,Duplicate subscription_id; Discount_pct outside 0-100 range,Cancelled
S001706,C00356,Central,Basic,2024-05-01,2024-05-25,58042.65,62.0,N,Expired,,INVALID,Duplicate subscription_id,Expired
S001611,C00056,East,,2024-05-26,2025-04-02,13532.39,0.0,Y,Trial,Partner,INVALID,Duplicate subscription_id,Trial
S001954,,North,Basic,2024-11-16,2025-10-17,24699.94,20.0,N,Cancelled,,INVALID,Duplicate subscription_id; Missing customer_id,Cancelled
S001661,C00820,South,Basic,2024-12-23,2025-08-09,77469.19,146.0,Y,,Partner,INVALID,Duplicate subscription_id; Discount_pct outside 0-100 range; Missing subscription_status,Nan
S001687,C01399,North,Basic,2025-03-03,2025-11-03,-64123.45,108.0,,Active,Website,INVALID,Duplicate subscription_id; Negative monthly_fee; Discount_pct outside 0-100 range,Active
,C00545,South,Basic,2024-12-09,2025-03-20,62962.46,118.0,N,Active,Website,INVALID,Missing subscription_id; Discount_pct outside 0-100 range,Active
S001248,C00331,,,2025-05-20,2026-02-19,38819.96,0.0,,Cancelled,Marketplace,INVALID,Duplicate subscription_id,Cancelled
S001265,C00918,East,Growth,2024-07-18,2024-10-02,39229.62,133.0,N,,Partner,INVALID,Duplicate subscription_id; Discount_pct outside 0-100 range; Missing subscription_status,Nan
S002056,C00338,,Basic,2025-04-02,2026-01-27,24197.21,126.0,N,Active,Marketplace,INVALID,Duplicate subscription_id; Discount_pct outside 0-100 range,Active
S000552,C00176,East,Basic,2024-11-25,2025-06-17,,156.0,,Cancelled,Inside Sales,INVALID,Duplicate subscription_id; Missing monthly_fee; Discount_pct outside 0-100 range,Cancelled
S002239,C00414,Central,Basic,2025-05-18,2025-06-09,71234.26,0.0,N,Cancelled,,INVALID,Duplicate subscription_id,Cancelled
S001467,C00535,West,Pro,2024-11-16,2024-10-22,63538.62,0.0,,,Partner,INVALID,Duplicate subscription_id; Renewal date earlier than signup date; Missing subscription_status,Nan
S002181,C00266,Central,Pro,2025-03-01,2026-04-19,21966.56,-27.0,,Trial,Partner,INVALID,Duplicate subscription_id; Discount_pct outside 0-100 range,Trial
S001789,C01543,,Basic,2024-10-20,2025-05-23,39309.75,0.0,N,Cancelled,Partner,INVALID,Duplicate subscription_id,Cancelled
S001419,C01654,East,Growth,2025-09-03,,27356.15,-14.0,Y,Expired,Marketplace,INVALID,Duplicate subscription_id; Discount_pct outside 0-100 range,Expired
S000098,C00566,North,Pro,2025-07-21,2025-05-30,62214.2,62.0,N,Active,Inside Sales,INVALID,Duplicate subscription_id; Renewal date earlier than signup date,Active
S001792,C00747,West,Growth,2025-06-11,2026-03-11,,0.0,,Active,Website,INVALID,Duplicate subscription_id; Missing monthly_fee,Active
S001678,C00273,East,Growth,2025-09-24,2026-11-11,55693.83,54.0,N,Cancelled,Inside Sales,INVALID,Duplicate subscription_id,Cancelled
S001587,C01497,Central,Basic,2025-07-23,2026-07-12,75640.45,0.0,Y,Expired,Partner,INVALID,Duplicate subscription_id,Expired
S002187,C01670,West,,2025-11-19,2026-01-26,43605.77,-27.0,,Cancelled,,INVALID,Duplicate subscription_id; Discount_pct outside 0-100 range,Cancelled
S001548,C00352,,,2024-06-06,2025-06-19,2534.29,160.0,N,Cancelled,Marketplace,INVALID,Duplicate subscription_id; Discount_pct outside 0-100 range,Cancelled
S000778,C00661,North,Enterprise,2024-04-22,,59639.44,-5.0,N,Expired,Partner,INVALID,Duplicate subscription_id; Discount_pct outside 0-100 range,Expired
S001444,C01276,South,Pro,2024-03-26,2025-04-29,,123.0,Y,Active,Marketplace,INVALID,Duplicate subscription_id; Missing monthly_fee; Discount_pct outside 0-100 range,Active
S001076,C01506,North,Basic,2025-01-09,2025-05-28,73799.16,-4.0,Y,Expired,Marketplace,INVALID,Duplicate subscription_id; Discount_pct outside 0-100 range,Expired
S002021,C00339,East,Enterprise,2025-06-26,2026-04-22,35177.84,152.0,,Active,Website,INVALID,Duplicate subscription_id; Discount_pct outside 0-100 range,Active
S001496,C00874,,Basic,2024-10-05,,62407.35,-2.0,,Cancelled,Marketplace,INVALID,Duplicate subscription_id; Discount_pct outside 0-100 range,Cancelled
S001626,C01012,Central,Growth,2024-01-21,2025-02-07,1172.65,50.0,,Expired,Marketplace,INVALID,Duplicate subscription_id,Expired
S001151,C00436,East,Basic,2024-01-16,2024-03-16,78873.09,-21.0,,Expired,Marketplace,INVALID,Duplicate subscription_id; Discount_pct outside 0-100 range,Expired
S001374,,West,,2024-09-03,2024-11-08,33020.78,-5.0,,Cancelled,Website,INVALID,Duplicate subscription_id; Missing customer_id; Discount_pct outside 0-100 range,Cancelled
S000095,C01564,,Enterprise,2025-04-09,2025-09-04,78959.0,4.0,,Expired,Marketplace,INVALID,Duplicate subscription_id,Expired
S002049,C00465,East,Pro,2025-04-10,2026-03-21,,0.0,N,Cancelled,,INVALID,Duplicate subscription_id; Missing monthly_fee,Cancelled
S002180,C00818,North,Basic,2024-11-24,,5027.98,0.0,N,Expired,,INVALID,Duplicate subscription_id,Expired
S001834,C01135,East,,2024-12-30,2025-07-01,32269.64,0.0,,Trial,Website,INVALID,Duplicate subscription_id,Trial
S001897,C00841,West,Basic,2024-07-28,2025-08-26,73201.31,-11.0,Y,Trial,Partner,INVALID,Duplicate subscription_id; Discount_pct outside 0-100 range,Trial
S000574,C01396,Central,,2024-06-11,2024-12-17,610.56,0.0,N,Expired,Inside Sales,INVALID,Duplicate subscription_id,Expired
