usage_id,customer_id,usage_date,login_count,active_minutes,feature_clicks,reports_created,data_exports,seat_count,record_status,status_reason
U0000001,C01342,2024-03-28,27.0,330.0,390,18,78,20.0,VALID,No issues detected
U0000002,C00763,2024-02-03,1.0,788.0,269,19,59,5.0,VALID,No issues detected
U0000003,C00584,2025-06-03,14.0,1941.0,994,71,77,,INVALID,Usage record references customer not in subscriptions
U0000004,C01024,2025-01-04,49.0,233.0,642,12,71,50.0,INVALID,Usage record references customer not in subscriptions
U0000005,C00673,2024-01-19,44.0,1728.0,80,67,40,500.0,INVALID,Usage record references customer not in subscriptions
U0000006,C00472,2025-03-19,44.0,203.0,877,78,36,100.0,VALID,No issues detected
U0000007,C00139,2024-01-09,57.0,1264.0,444,34,55,5.0,INVALID,Usage record references customer not in subscriptions
U0000008,C01553,2025-07-02,57.0,415.0,112,54,31,500.0,INVALID,Usage record references customer not in subscriptions
U0000009,C01422,2025-12-22,-29.0,-220.0,96,77,8,5.0,INVALID,Usage record references customer not in subscriptions; Negative login_count; Negative active_minutes
U0000010,C01786,2025-02-17,15.0,537.0,615,44,32,-5.0,VALID,No issues detected
U0000011,C00230,2025-01-31,51.0,-175.0,653,61,73,,INVALID,Negative active_minutes
U0000012,C00495,2025-11-20,25.0,,193,73,50,,INVALID,Usage record references customer not in subscriptions
U0000013,C01710,2025-05-26,58.0,1523.0,752,14,57,20.0,INVALID,Usage record references customer not in subscriptions
U0000014,C01139,2024-01-14,44.0,853.0,598,54,95,50.0,INVALID,Usage record references customer not in subscriptions
U0000015,C00113,2025-07-11,12.0,910.0,63,43,74,2.0,INVALID,Usage record references customer not in subscriptions
U0000016,C00735,2025-04-28,10.0,404.0,742,15,92,5.0,INVALID,Usage record references customer not in subscriptions
U0000017,C00905,2025-04-15,23.0,540.0,905,65,21,10.0,INVALID,Usage record references customer not in subscriptions
U0000018,C00825,2024-10-28,,,50,76,28,10.0,VALID,No issues detected
U0000019,C01344,2024-03-01,-38.0,-205.0,492,2,55,500.0,INVALID,Usage record references customer not in subscriptions; Negative login_count; Negative active_minutes
U0000020,C01573,2024-05-18,17.0,879.0,713,35,19,50.0,INVALID,Usage record references customer not in subscriptions
U0000021,C00908,2024-10-25,38.0,816.0,500,52,65,500.0,INVALID,Usage record references customer not in subscriptions
U0000022,C00413,2025-08-01,6.0,601.0,994,49,47,1.0,VALID,No issues detected
U0000023,C01688,2024-11-12,38.0,-189.0,319,46,19,2.0,INVALID,Usage record references customer not in subscriptions; Negative active_minutes
U0000024,C00980,2025-11-14,53.0,1210.0,766,51,59,10.0,VALID,No issues detected
U0000025,C01046,2025-01-24,17.0,1471.0,184,34,52,,INVALID,Usage record references customer not in subscriptions
U0000026,C00833,2024-02-27,6.0,790.0,647,31,16,20.0,VALID,No issues detected
U0000027,C00300,2024-06-28,38.0,513.0,363,78,29,50.0,INVALID,Usage record references customer not in subscriptions
U0000028,C01428,2025-01-31,18.0,1647.0,741,37,98,1.0,VALID,No issues detected
U0000029,C01381,2024-03-05,21.0,245.0,806,8,100,2.0,INVALID,Usage record references customer not in subscriptions
U0000030,C00661,2024-05-01,9.0,1216.0,222,46,94,20.0,INVALID,Usage record references customer not in subscriptions
U0000031,C00966,2025-06-14,2.0,1727.0,594,51,36,10.0,VALID,No issues detected
U0000032,C00876,2025-02-28,12.0,481.0,880,60,30,5.0,INVALID,Usage record references customer not in subscriptions
U0000033,C00855,2024-03-13,-35.0,,378,32,77,10.0,INVALID,Usage record references customer not in subscriptions; Negative login_count
U0000034,C00972,2026-01-20,0.0,1222.0,685,22,2,1.0,INVALID,Usage record references customer not in subscriptions
U0000035,C01725,2024-01-04,,1185.0,294,40,29,20.0,VALID,No issues detected
U0000036,C01424,2025-07-05,41.0,1507.0,904,1,62,1.0,VALID,No issues detected
U0000037,C00655,2025-07-19,1.0,1003.0,841,67,3,1.0,INVALID,Usage record references customer not in subscriptions
U0000038,C01629,2024-06-19,41.0,1261.0,699,15,0,1.0,INVALID,Usage record references customer not in subscriptions
U0000039,C01612,2024-03-23,24.0,,660,51,36,-5.0,VALID,No issues detected
U0000040,C00751,2024-08-07,49.0,717.0,888,56,32,20.0,INVALID,Usage record references customer not in subscriptions
U0000041,C00617,2025-11-24,39.0,932.0,715,0,61,20.0,INVALID,Usage record references customer not in subscriptions
U0000042,C00976,2024-08-03,53.0,,1000,6,75,2.0,INVALID,Usage record references customer not in subscriptions
U0000043,C01113,2024-04-10,30.0,696.0,41,65,53,20.0,INVALID,Usage record references customer not in subscriptions
U0000044,C00478,2025-05-09,4.0,1781.0,319,70,21,5.0,VALID,No issues detected
U0000045,C00102,2024-03-01,43.0,1509.0,286,13,11,,INVALID,Usage record references customer not in subscriptions
U0000046,C01065,2025-12-10,6.0,1943.0,494,30,91,50.0,INVALID,Usage record references customer not in subscriptions
U0000047,C01744,2024-04-28,43.0,739.0,140,27,15,20.0,INVALID,Usage record references customer not in subscriptions
U0000048,C01745,2024-08-29,10.0,-163.0,310,5,89,20.0,INVALID,Negative active_minutes
U0000049,C00909,2025-10-07,-17.0,1502.0,267,38,20,20.0,INVALID,Usage record references customer not in subscriptions; Negative login_count
U0000050,C00642,2025-09-13,42.0,159.0,299,60,99,50.0,VALID,No issues detected
U0000051,C00053,2025-05-08,57.0,501.0,340,63,14,1.0,VALID,No issues detected
U0000052,C01523,2025-12-14,14.0,350.0,72,80,86,100.0,INVALID,Usage record references customer not in subscriptions
U0000053,C00670,2024-11-09,,1174.0,563,40,36,,INVALID,Usage record references customer not in subscriptions
U0000054,C01459,2025-04-05,54.0,1248.0,966,1,75,10.0,VALID,No issues detected
U0000055,C00963,2025-11-20,5.0,1924.0,904,57,79,20.0,VALID,No issues detected
U0000056,C00556,2025-04-27,53.0,736.0,245,75,8,10.0,INVALID,Usage record references customer not in subscriptions
U0000057,C00615,2025-08-31,3.0,1658.0,21,29,19,1.0,INVALID,Usage record references customer not in subscriptions
U0000058,C00431,2025-12-12,39.0,,887,40,97,1.0,VALID,No issues detected
U0000059,C01318,2026-01-25,55.0,782.0,737,65,35,100.0,VALID,No issues detected
U0000060,C01441,2025-09-29,36.0,165.0,614,43,23,5.0,VALID,No issues detected
U0000061,C00143,2024-01-05,-51.0,1738.0,730,43,45,50.0,INVALID,Negative login_count
U0000062,C00436,2025-12-16,22.0,169.0,182,66,15,10.0,INVALID,Usage record references customer not in subscriptions
U0000063,C01406,2024-06-29,,1761.0,778,17,83,2.0,INVALID,Usage record references customer not in subscriptions
U0000064,C00157,2024-04-21,42.0,1296.0,989,68,40,50.0,INVALID,Usage record references customer not in subscriptions
U0000065,C00789,2024-02-22,26.0,-87.0,536,14,95,20.0,INVALID,Usage record references customer not in subscriptions; Negative active_minutes
U0000066,C00258,2025-08-30,8.0,171.0,367,80,28,10.0,VALID,No issues detected
U0000067,C01536,2025-08-23,40.0,114.0,311,13,22,,INVALID,Usage record references customer not in subscriptions
U0000068,C01497,2025-09-19,8.0,199.0,986,13,49,5.0,VALID,No issues detected
U0000069,C00527,2024-05-07,13.0,1519.0,280,71,19,500.0,INVALID,Usage record references customer not in subscriptions
U0000070,C00390,2024-05-29,28.0,,333,13,86,5.0,INVALID,Usage record references customer not in subscriptions
U0000071,C01017,2025-07-03,-56.0,1482.0,257,61,91,-5.0,INVALID,Negative login_count
U0000072,C00818,2025-08-17,37.0,726.0,43,49,15,500.0,VALID,No issues detected
U0000073,C01425,2024-09-07,24.0,511.0,486,58,32,1.0,VALID,No issues detected
U0000074,C01313,2025-07-15,37.0,678.0,209,40,33,,VALID,No issues detected
U0000075,C01373,2024-11-19,55.0,1721.0,638,80,45,5.0,INVALID,Usage record references customer not in subscriptions
U0000076,C00049,2024-03-15,44.0,1990.0,920,33,18,2.0,INVALID,Usage record references customer not in subscriptions
U0000077,C01057,2025-04-02,34.0,1266.0,45,59,89,10.0,VALID,No issues detected
U0000078,C01206,2024-12-13,18.0,882.0,779,61,60,2.0,INVALID,Usage record references customer not in subscriptions
U0000079,C00269,2024-04-08,11.0,1450.0,959,29,98,50.0,VALID,No issues detected
U0000080,C01400,2024-05-13,5.0,,909,10,34,2.0,VALID,No issues detected
U0000081,C00999,2025-12-24,19.0,1816.0,459,55,23,2.0,INVALID,Usage record references customer not in subscriptions
U0000082,C01070,2024-09-14,18.0,766.0,50,57,24,500.0,INVALID,Usage record references customer not in subscriptions
U0000083,C01477,2025-06-09,60.0,1299.0,659,26,38,,VALID,No issues detected
U0000084,C01089,2025-12-22,24.0,885.0,895,80,97,,INVALID,Usage record references customer not in subscriptions
U0000085,C00630,2025-01-31,23.0,691.0,644,39,56,-5.0,INVALID,Usage record references customer not in subscriptions
U0000086,C00948,2025-09-30,36.0,-80.0,839,21,35,-5.0,INVALID,Usage record references customer not in subscriptions; Negative active_minutes
U0000087,C01749,2024-06-01,-9.0,501.0,693,59,50,1.0,INVALID,Usage record references customer not in subscriptions; Negative login_count
U0000088,C01730,2025-12-08,35.0,1599.0,578,72,36,-5.0,INVALID,Usage record references customer not in subscriptions
U0000089,C00555,2025-06-27,10.0,1186.0,373,42,9,500.0,VALID,No issues detected
U0000090,C01111,2025-08-18,41.0,,173,67,36,500.0,VALID,No issues detected
U0000091,C00670,2025-04-22,45.0,1941.0,479,49,71,,INVALID,Usage record references customer not in subscriptions
,C00779,2025-01-12,47.0,1772.0,315,58,56,-5.0,INVALID,Missing usage_id; Usage record references customer not in subscriptions
U0000093,C01130,2024-02-07,49.0,1490.0,734,15,7,50.0,INVALID,Usage record references customer not in subscriptions
U0000094,C00871,2024-12-16,0.0,1405.0,367,54,40,20.0,VALID,No issues detected
U0000095,C01132,2026-01-22,2.0,245.0,624,52,1,50.0,VALID,No issues detected
U0000096,C01276,2025-01-07,26.0,1893.0,928,50,35,,INVALID,Usage record references customer not in subscriptions
U0000097,C00762,2024-03-13,22.0,163.0,262,62,5,-5.0,INVALID,Usage record references customer not in subscriptions
U0000098,C01087,2024-01-29,,1044.0,654,12,91,5.0,INVALID,Usage record references customer not in subscriptions
U0000099,C00040,2024-04-25,33.0,822.0,673,34,67,2.0,INVALID,Usage record references customer not in subscriptions
U0000100,C00502,2024-10-05,50.0,503.0,597,29,27,5.0,INVALID,Usage record references customer not in subscriptions
U0000101,C01236,2025-12-29,23.0,1973.0,143,32,27,,INVALID,Usage record references customer not in subscriptions
U0000102,C00875,2024-08-09,13.0,1643.0,701,0,0,20.0,INVALID,Usage record references customer not in subscriptions
U0000103,C00028,2025-07-04,,1068.0,24,76,41,50.0,VALID,No issues detected
,C00772,2025-02-17,30.0,1611.0,891,10,34,2.0,INVALID,Missing usage_id; Usage record references customer not in subscriptions
U0000105,C01739,2024-06-20,29.0,481.0,844,19,71,10.0,VALID,No issues detected
U0000106,C01240,2024-11-24,7.0,1056.0,624,60,55,20.0,VALID,No issues detected
U0000107,C01074,2024-09-14,11.0,637.0,480,57,37,-5.0,INVALID,Usage record references customer not in subscriptions
U0000108,C00457,2025-12-29,,269.0,353,52,71,20.0,VALID,No issues detected
U0000109,C01309,2025-05-09,7.0,1939.0,621,57,64,50.0,INVALID,Usage record references customer not in subscriptions
U0000110,C01459,2025-08-27,46.0,215.0,860,39,54,20.0,VALID,No issues detected
U0000111,C00180,2025-07-27,40.0,1075.0,361,70,45,50.0,VALID,No issues detected
U0000112,C00754,2025-09-09,21.0,1461.0,975,41,64,10.0,VALID,No issues detected
,C00505,2025-02-23,50.0,1491.0,653,14,68,-5.0,INVALID,Missing usage_id; Usage record references customer not in subscriptions
U0000114,C00560,2024-01-22,31.0,832.0,698,32,46,1.0,VALID,No issues detected
U0000115,C01395,2025-02-25,37.0,1255.0,295,47,34,20.0,VALID,No issues detected
U0000116,C01106,2024-09-25,58.0,1810.0,26,43,37,,VALID,No issues detected
U0000117,C01424,2025-03-09,27.0,630.0,911,64,34,2.0,VALID,No issues detected
U0000118,C00948,2024-06-01,43.0,1129.0,243,34,13,1.0,INVALID,Usage record references customer not in subscriptions
U0000119,C01413,2024-06-29,15.0,173.0,115,5,92,2.0,INVALID,Usage record references customer not in subscriptions
U0000120,C01719,2025-09-07,22.0,,10,11,61,1.0,VALID,No issues detected
,C01744,2025-03-15,54.0,1906.0,660,69,36,10.0,INVALID,Missing usage_id; Usage record references customer not in subscriptions
U0000122,C00314,2025-08-25,56.0,,277,2,35,20.0,VALID,No issues detected
U0000123,C00750,2025-01-12,44.0,558.0,345,7,46,-5.0,VALID,No issues detected
U0000124,C01496,2024-10-04,14.0,1670.0,983,11,71,5.0,INVALID,Usage record references customer not in subscriptions
U0000125,C00889,2024-03-16,18.0,1670.0,548,34,83,100.0,INVALID,Usage record references customer not in subscriptions
U0000126,C01626,2024-09-24,26.0,175.0,746,43,35,500.0,INVALID,Usage record references customer not in subscriptions
U0000127,C01289,2025-04-06,33.0,1577.0,125,53,34,10.0,VALID,No issues detected
U0000128,C00127,2024-05-25,30.0,853.0,940,72,81,-5.0,INVALID,Usage record references customer not in subscriptions
U0000129,C00047,2024-07-02,0.0,1222.0,926,79,38,20.0,VALID,No issues detected
U0000130,C01383,2024-05-23,29.0,1381.0,156,47,56,2.0,INVALID,Usage record references customer not in subscriptions
U0000131,C00114,2024-08-08,4.0,951.0,745,27,39,500.0,VALID,No issues detected
U0000132,C01138,2025-05-02,40.0,161.0,713,44,46,1.0,INVALID,Usage record references customer not in subscriptions
U0000133,C00646,2025-08-27,14.0,1198.0,239,24,39,20.0,INVALID,Usage record references customer not in subscriptions
U0000134,C01060,2025-11-19,19.0,649.0,689,41,6,100.0,INVALID,Usage record references customer not in subscriptions
U0000135,C00414,2024-04-04,31.0,795.0,681,26,34,2.0,VALID,No issues detected
U0000136,C00617,2024-04-18,43.0,467.0,41,29,14,50.0,INVALID,Usage record references customer not in subscriptions
U0000137,C01035,2025-10-11,20.0,1352.0,380,2,37,20.0,INVALID,Usage record references customer not in subscriptions
U0000138,C00164,2025-10-24,20.0,-332.0,963,43,8,-5.0,INVALID,Usage record references customer not in subscriptions; Negative active_minutes
U0000139,C01109,2024-04-25,12.0,643.0,299,79,17,-5.0,INVALID,Usage record references customer not in subscriptions
U0000140,C01545,2024-04-22,7.0,1915.0,288,71,30,-5.0,INVALID,Usage record references customer not in subscriptions
U0000141,C00191,2024-01-14,20.0,-32.0,132,68,42,100.0,INVALID,Usage record references customer not in subscriptions; Negative active_minutes
U0000142,C00708,2024-08-21,20.0,1640.0,110,71,77,-5.0,VALID,No issues detected
U0000143,C00834,2025-12-16,21.0,1850.0,504,62,99,20.0,VALID,No issues detected
U0000144,C01340,2024-08-04,15.0,,149,63,58,500.0,VALID,No issues detected
U0000145,C01711,2025-09-12,54.0,430.0,337,34,43,500.0,INVALID,Usage record references customer not in subscriptions
U0000146,C00630,2024-11-24,3.0,1002.0,402,68,37,50.0,INVALID,Usage record references customer not in subscriptions
U0000147,C00377,2025-12-16,55.0,1294.0,262,5,57,20.0,INVALID,Usage record references customer not in subscriptions
U0000148,C01441,2025-05-13,5.0,1938.0,936,60,14,50.0,VALID,No issues detected
U0000149,C01618,2024-04-10,37.0,322.0,403,11,82,500.0,INVALID,Usage record references customer not in subscriptions
U0000150,C00486,2024-12-30,25.0,236.0,737,47,31,1.0,VALID,No issues detected
U0000151,C00416,2024-03-31,36.0,565.0,17,10,93,5.0,INVALID,Usage record references customer not in subscriptions
U0000152,C01782,2024-02-04,36.0,884.0,320,3,46,,INVALID,Usage record references customer not in subscriptions
U0000153,C00242,2026-01-04,-49.0,139.0,443,6,58,-5.0,INVALID,Negative login_count
U0000154,C01556,2025-11-11,54.0,242.0,156,51,62,1.0,INVALID,Usage record references customer not in subscriptions
U0000155,C00226,2025-06-27,6.0,1164.0,917,12,76,-5.0,INVALID,Usage record references customer not in subscriptions
U0000156,C00231,2025-11-04,6.0,1449.0,872,18,41,2.0,INVALID,Usage record references customer not in subscriptions
U0000157,C01466,2025-07-17,38.0,913.0,643,21,69,-5.0,INVALID,Usage record references customer not in subscriptions
U0000158,C01159,2024-10-02,28.0,,361,40,13,5.0,INVALID,Usage record references customer not in subscriptions
U0000159,C01408,2025-02-08,24.0,1286.0,647,77,41,2.0,INVALID,Usage record references customer not in subscriptions
,C00759,2024-01-17,59.0,167.0,214,33,88,10.0,INVALID,Missing usage_id; Usage record references customer not in subscriptions
U0000161,C00297,2025-10-16,0.0,782.0,598,56,10,5.0,INVALID,Usage record references customer not in subscriptions
U0000162,C01503,2025-11-11,4.0,299.0,927,72,96,,INVALID,Usage record references customer not in subscriptions
U0000163,C00654,2025-11-27,,-37.0,746,62,66,50.0,INVALID,Usage record references customer not in subscriptions; Negative active_minutes
U0000164,C00744,2024-02-14,23.0,1744.0,329,79,47,1.0,INVALID,Usage record references customer not in subscriptions
U0000165,C01448,2025-10-21,50.0,1675.0,605,71,80,50.0,VALID,No issues detected
U0000166,C00904,2024-06-12,51.0,1806.0,768,65,57,20.0,VALID,No issues detected
U0000167,C00151,2025-04-10,35.0,1320.0,705,34,79,2.0,VALID,No issues detected
U0000168,C01644,2024-05-06,36.0,345.0,315,67,79,1.0,INVALID,Usage record references customer not in subscriptions
U0000169,C00976,2024-09-15,55.0,653.0,134,39,52,500.0,INVALID,Usage record references customer not in subscriptions
U0000170,C00182,2024-07-12,60.0,407.0,602,70,37,50.0,INVALID,Usage record references customer not in subscriptions
U0000171,C00478,2024-07-13,54.0,897.0,22,77,29,50.0,VALID,No issues detected
U0000172,C00296,2024-11-05,19.0,1073.0,628,38,89,2.0,VALID,No issues detected
U0000173,C01071,2025-12-24,19.0,528.0,922,68,58,,VALID,No issues detected
U0000174,C01053,2025-05-28,46.0,1654.0,902,49,69,50.0,INVALID,Usage record references customer not in subscriptions
U0000175,C00619,2024-06-06,24.0,1743.0,819,69,78,20.0,INVALID,Usage record references customer not in subscriptions
U0000176,C00363,2025-05-06,38.0,,705,61,40,2.0,INVALID,Usage record references customer not in subscriptions
U0000177,C01337,2025-04-12,5.0,1784.0,677,56,37,5.0,VALID,No issues detected
U0000178,C01559,2024-06-24,55.0,504.0,848,23,74,1.0,INVALID,Usage record references customer not in subscriptions
U0000179,C00537,2024-10-28,48.0,,429,52,54,100.0,INVALID,Usage record references customer not in subscriptions
U0000180,C01619,2026-01-26,60.0,406.0,117,14,5,500.0,INVALID,Usage record references customer not in subscriptions
U0000181,C00105,2025-10-30,,873.0,353,47,82,20.0,VALID,No issues detected
U0000182,C01485,2024-05-18,45.0,1814.0,94,73,59,100.0,INVALID,Usage record references customer not in subscriptions
U0000183,C00492,2025-02-22,,119.0,463,44,92,10.0,VALID,No issues detected
U0000184,C00927,2025-01-14,5.0,1887.0,980,78,6,20.0,VALID,No issues detected
U0000185,C00182,2025-12-19,59.0,1565.0,98,50,98,20.0,INVALID,Usage record references customer not in subscriptions
U0000186,C01160,2025-11-05,60.0,512.0,784,46,96,5.0,INVALID,Usage record references customer not in subscriptions
U0000187,C00280,2024-05-30,7.0,1340.0,598,60,64,500.0,VALID,No issues detected
U0000188,C00182,2024-01-23,16.0,606.0,982,24,48,100.0,INVALID,Usage record references customer not in subscriptions
U0000189,C01209,2025-07-07,6.0,,209,47,33,,INVALID,Usage record references customer not in subscriptions
U0000190,C00117,2025-05-16,30.0,167.0,316,20,57,2.0,INVALID,Usage record references customer not in subscriptions
U0000191,C00481,2024-04-05,12.0,908.0,275,65,32,-5.0,VALID,No issues detected
U0000192,C00936,2024-02-25,5.0,1058.0,596,4,50,,INVALID,Usage record references customer not in subscriptions
U0000193,C00395,2024-03-28,41.0,1548.0,367,72,12,500.0,INVALID,Usage record references customer not in subscriptions
U0000194,C01015,2025-06-10,,241.0,273,70,41,20.0,INVALID,Usage record references customer not in subscriptions
U0000195,C01004,2024-04-24,1.0,1978.0,658,21,74,,INVALID,Usage record references customer not in subscriptions
U0000196,C01528,2024-12-24,0.0,348.0,69,6,42,100.0,VALID,No issues detected
U0000197,C01506,2025-01-04,23.0,1862.0,659,78,2,5.0,INVALID,Usage record references customer not in subscriptions
U0000198,C00898,2024-09-29,38.0,386.0,941,25,67,500.0,INVALID,Usage record references customer not in subscriptions
U0000199,C01030,2024-01-15,56.0,-173.0,714,55,89,20.0,INVALID,Usage record references customer not in subscriptions; Negative active_minutes
U0000200,C00516,2024-04-03,38.0,1857.0,53,50,21,1.0,VALID,No issues detected
U0000201,C01038,2024-01-08,9.0,92.0,56,16,30,500.0,INVALID,Usage record references customer not in subscriptions
U0000202,C01751,2024-12-08,36.0,1653.0,433,47,20,,INVALID,Usage record references customer not in subscriptions
U0000203,C01217,2025-01-26,23.0,545.0,862,50,89,,VALID,No issues detected
,C01144,2025-05-24,-49.0,1729.0,846,38,28,5.0,INVALID,Missing usage_id; Usage record references customer not in subscriptions; Negative login_count
U0000205,C01787,2024-01-21,12.0,1781.0,93,51,13,10.0,VALID,No issues detected
U0000206,C01492,2024-07-27,33.0,697.0,32,28,64,500.0,INVALID,Usage record references customer not in subscriptions
,C00103,2024-06-21,,1670.0,696,31,8,10.0,INVALID,Missing usage_id
U0000208,C00135,2026-01-21,-55.0,513.0,931,48,1,50.0,INVALID,Usage record references customer not in subscriptions; Negative login_count
U0000209,C00757,2025-10-11,35.0,124.0,735,12,64,500.0,VALID,No issues detected
U0000210,C00051,2025-08-24,49.0,806.0,514,66,37,5.0,INVALID,Usage record references customer not in subscriptions
U0000211,C01485,2024-02-08,-30.0,1540.0,298,2,16,500.0,INVALID,Usage record references customer not in subscriptions; Negative login_count
U0000212,C00618,2025-07-23,49.0,23.0,188,77,0,1.0,INVALID,Usage record references customer not in subscriptions
U0000213,C01771,2025-02-28,25.0,1254.0,390,78,15,100.0,INVALID,Usage record references customer not in subscriptions
,C00249,2025-12-26,46.0,1240.0,656,70,11,-5.0,INVALID,Missing usage_id; Usage record references customer not in subscriptions
U0000215,C01430,2024-10-11,6.0,1377.0,874,65,32,,INVALID,Usage record references customer not in subscriptions
U0000216,C01635,2024-06-27,2.0,-428.0,950,56,87,2.0,INVALID,Negative active_minutes
U0000217,C01723,2024-10-11,13.0,1480.0,774,11,59,-5.0,INVALID,Usage record references customer not in subscriptions
U0000218,C00458,2024-04-03,8.0,1710.0,765,50,97,10.0,INVALID,Usage record references customer not in subscriptions
U0000219,C01235,2025-10-24,42.0,1163.0,661,17,98,5.0,VALID,No issues detected
U0000220,C01737,2025-07-26,41.0,1838.0,38,80,45,5.0,INVALID,Usage record references customer not in subscriptions
U0000221,C00176,2024-06-19,33.0,1153.0,162,55,71,500.0,VALID,No issues detected
U0000222,C01013,2025-08-19,17.0,16.0,739,74,43,1.0,VALID,No issues detected
U0000223,C00824,2025-08-24,7.0,1380.0,29,51,19,1.0,INVALID,Usage record references customer not in subscriptions
U0000224,C00775,2025-04-16,27.0,151.0,176,5,9,20.0,VALID,No issues detected
U0000225,C01214,2026-01-27,31.0,1679.0,557,45,32,,INVALID,Usage record references customer not in subscriptions
U0000226,C00269,2025-12-17,25.0,208.0,860,78,96,1.0,VALID,No issues detected
U0000227,C00152,2025-11-18,2.0,1199.0,31,70,22,,INVALID,Usage record references customer not in subscriptions
U0000228,C01190,2024-09-29,33.0,343.0,617,30,60,10.0,VALID,No issues detected
U0000229,C01747,2024-05-06,0.0,821.0,734,22,91,,VALID,No issues detected
U0000230,C00462,2026-01-22,12.0,1278.0,390,66,33,2.0,VALID,No issues detected
U0000231,C00832,2025-07-06,-32.0,1638.0,252,19,71,5.0,INVALID,Usage record references customer not in subscriptions; Negative login_count
U0000232,C00726,2024-03-10,11.0,65.0,452,40,46,1.0,INVALID,Usage record references customer not in subscriptions
U0000233,C00503,2025-02-07,44.0,1356.0,176,18,69,10.0,INVALID,Usage record references customer not in subscriptions
U0000234,C01067,2024-10-20,2.0,1318.0,897,23,36,1.0,INVALID,Usage record references customer not in subscriptions
U0000235,C01441,2025-03-10,5.0,1370.0,259,70,55,50.0,VALID,No issues detected
U0000236,C01652,2026-01-28,23.0,1101.0,913,9,9,10.0,INVALID,Usage record references customer not in subscriptions
U0000237,C00128,2024-07-14,28.0,209.0,148,22,54,2.0,VALID,No issues detected
U0000238,C00777,2025-05-01,30.0,1832.0,982,54,18,50.0,VALID,No issues detected
U0000239,C00937,2024-06-28,22.0,1060.0,811,56,86,20.0,VALID,No issues detected
U0000240,C01542,2024-02-06,8.0,,352,78,94,-5.0,VALID,No issues detected
U0000241,C01171,2024-11-05,15.0,,900,41,14,500.0,INVALID,Usage record references customer not in subscriptions
,C00732,2025-12-10,59.0,1518.0,254,41,90,-5.0,INVALID,Missing usage_id; Usage record references customer not in subscriptions
U0000243,C00049,2024-10-07,25.0,409.0,822,33,36,50.0,INVALID,Usage record references customer not in subscriptions
U0000244,C01410,2024-09-21,48.0,573.0,883,44,0,100.0,INVALID,Usage record references customer not in subscriptions
U0000245,C00959,2024-05-14,8.0,1404.0,28,51,63,2.0,INVALID,Usage record references customer not in subscriptions
U0000246,C01478,2024-02-09,41.0,-41.0,875,35,73,5.0,INVALID,Usage record references customer not in subscriptions; Negative active_minutes
U0000247,C00710,2024-06-29,9.0,1037.0,769,78,76,-5.0,INVALID,Usage record references customer not in subscriptions
U0000248,C01419,2025-05-29,48.0,1655.0,640,12,9,50.0,INVALID,Usage record references customer not in subscriptions
U0000249,C00872,2024-11-09,42.0,267.0,476,26,51,1.0,INVALID,Usage record references customer not in subscriptions
U0000250,C01208,2024-05-04,56.0,1198.0,975,4,75,2.0,VALID,No issues detected
U0000251,C00934,2024-10-06,21.0,363.0,994,45,32,2.0,INVALID,Usage record references customer not in subscriptions
U0000252,C01331,2025-11-24,24.0,1321.0,203,25,9,500.0,INVALID,Usage record references customer not in subscriptions
U0000253,C01502,2024-07-18,11.0,1196.0,418,53,49,2.0,INVALID,Usage record references customer not in subscriptions
U0000254,C00278,2024-07-13,49.0,1813.0,757,44,14,10.0,INVALID,Usage record references customer not in subscriptions
U0000255,C00773,2024-10-22,,1501.0,935,63,33,50.0,VALID,No issues detected
U0000256,C01696,2025-02-04,24.0,1445.0,192,25,1,,VALID,No issues detected
U0000257,C01302,2025-03-04,,137.0,789,25,16,,VALID,No issues detected
U0000258,C00388,2025-01-21,42.0,1145.0,282,67,12,500.0,INVALID,Usage record references customer not in subscriptions
U0000259,C00875,2024-09-17,11.0,,248,50,39,,INVALID,Usage record references customer not in subscriptions
U0000260,C00315,2025-06-24,39.0,1515.0,791,72,25,10.0,VALID,No issues detected
U0000261,C01206,2024-12-10,4.0,1272.0,391,9,70,20.0,INVALID,Usage record references customer not in subscriptions
U0000262,C00565,2025-10-13,0.0,1323.0,903,39,31,2.0,INVALID,Usage record references customer not in subscriptions
U0000263,C01469,2024-01-31,41.0,947.0,901,42,83,-5.0,INVALID,Usage record references customer not in subscriptions
U0000264,C00494,2025-10-15,37.0,864.0,263,57,51,2.0,INVALID,Usage record references customer not in subscriptions
U0000265,C00689,2026-01-09,32.0,333.0,134,15,21,500.0,INVALID,Usage record references customer not in subscriptions
U0000266,C00859,2024-10-08,40.0,,478,13,76,500.0,VALID,No issues detected
U0000267,C01559,2025-10-09,,370.0,574,68,44,5.0,INVALID,Usage record references customer not in subscriptions
U0000268,C01601,2025-11-13,18.0,,675,30,83,10.0,VALID,No issues detected
U0000269,C01761,2025-06-26,57.0,1992.0,263,72,84,1.0,INVALID,Usage record references customer not in subscriptions
U0000270,C01252,2024-05-27,31.0,963.0,459,58,42,50.0,INVALID,Usage record references customer not in subscriptions
U0000271,C01691,2024-03-28,45.0,1463.0,323,51,42,10.0,VALID,No issues detected
U0000272,C00744,2025-03-13,,-337.0,780,51,97,-5.0,INVALID,Usage record references customer not in subscriptions; Negative active_minutes
U0000273,C00098,2025-07-16,46.0,1122.0,396,45,69,2.0,VALID,No issues detected
U0000274,C00287,2025-10-11,12.0,1967.0,326,7,87,10.0,VALID,No issues detected
U0000275,C01508,2025-12-25,3.0,859.0,462,72,36,-5.0,INVALID,Usage record references customer not in subscriptions
U0000276,C01049,2024-07-29,2.0,,846,13,12,-5.0,VALID,No issues detected
U0000277,C01404,2026-01-01,34.0,1486.0,855,70,11,500.0,INVALID,Usage record references customer not in subscriptions
U0000278,C01360,2024-12-23,54.0,118.0,551,24,96,,INVALID,Usage record references customer not in subscriptions
U0000279,C01062,2025-05-23,41.0,1541.0,333,15,63,,INVALID,Usage record references customer not in subscriptions
U0000280,C01299,2025-10-03,,924.0,304,0,16,100.0,VALID,No issues detected
U0000281,C00786,2025-09-02,,354.0,52,21,61,1.0,VALID,No issues detected
U0000282,C00561,2024-06-03,52.0,257.0,349,7,95,50.0,VALID,No issues detected
U0000283,C01477,2024-12-08,40.0,101.0,370,62,4,100.0,VALID,No issues detected
U0000284,C01371,2024-11-29,16.0,800.0,252,27,30,,VALID,No issues detected
U0000285,C00992,2024-03-23,25.0,1908.0,196,74,42,-5.0,VALID,No issues detected
U0000286,C00649,2025-10-13,12.0,14.0,495,57,43,500.0,VALID,No issues detected
U0000287,C00715,2024-06-08,35.0,1636.0,243,75,61,1.0,INVALID,Usage record references customer not in subscriptions
U0000288,C00271,2024-05-01,5.0,1345.0,115,78,74,500.0,VALID,No issues detected
U0000289,C01215,2025-09-16,57.0,1687.0,562,74,67,50.0,VALID,No issues detected
U0000290,C00055,2025-11-14,1.0,1822.0,525,0,70,50.0,INVALID,Usage record references customer not in subscriptions
U0000291,C01623,2025-09-21,5.0,1089.0,530,72,66,5.0,INVALID,Usage record references customer not in subscriptions
U0000292,C01499,2025-08-10,34.0,1676.0,490,73,40,20.0,INVALID,Usage record references customer not in subscriptions
U0000293,C01183,2024-06-29,30.0,843.0,488,4,64,50.0,VALID,No issues detected
U0000294,C01651,2025-11-20,-24.0,489.0,272,58,48,10.0,INVALID,Negative login_count
U0000295,C01784,2025-02-20,11.0,889.0,190,74,49,20.0,INVALID,Usage record references customer not in subscriptions
U0000296,C01255,2025-05-29,4.0,759.0,396,52,30,50.0,VALID,No issues detected
,C00649,2026-01-09,0.0,653.0,335,41,43,,INVALID,Missing usage_id
U0000298,C00809,2025-01-02,39.0,1754.0,487,40,2,5.0,VALID,No issues detected
U0000299,C00821,2024-12-03,36.0,453.0,999,52,2,10.0,INVALID,Usage record references customer not in subscriptions
U0000300,C00512,2025-08-27,8.0,284.0,992,63,3,1.0,INVALID,Usage record references customer not in subscriptions
U0000301,C00006,2025-12-05,33.0,1100.0,564,8,17,100.0,VALID,No issues detected
U0000302,C00749,2024-03-12,,1542.0,925,6,87,10.0,INVALID,Usage record references customer not in subscriptions
U0000303,C01651,2024-12-04,31.0,554.0,662,66,77,5.0,VALID,No issues detected
U0000304,C01223,2025-04-28,8.0,1525.0,967,0,33,1.0,INVALID,Usage record references customer not in subscriptions
U0000305,C01422,2025-03-27,29.0,730.0,486,26,4,50.0,INVALID,Usage record references customer not in subscriptions
U0000306,C00141,2025-01-22,40.0,183.0,530,32,20,20.0,VALID,No issues detected
U0000307,C00900,2025-04-25,5.0,,411,43,55,50.0,INVALID,Usage record references customer not in subscriptions
U0000308,C01252,2025-05-23,31.0,1570.0,359,1,58,50.0,INVALID,Usage record references customer not in subscriptions
U0000309,C01419,2025-04-03,8.0,,408,17,37,5.0,INVALID,Usage record references customer not in subscriptions
U0000310,C01461,2024-01-14,42.0,279.0,900,38,50,2.0,INVALID,Usage record references customer not in subscriptions
U0000311,C00960,2025-06-26,8.0,124.0,841,51,64,5.0,INVALID,Usage record references customer not in subscriptions
U0000312,C00568,2025-12-28,33.0,515.0,103,37,85,100.0,VALID,No issues detected
U0000313,C00225,2025-06-30,-25.0,1417.0,948,28,39,20.0,INVALID,Negative login_count
U0000314,C00303,2025-11-19,52.0,1041.0,195,12,55,,INVALID,Usage record references customer not in subscriptions
U0000315,C00329,2024-01-30,13.0,429.0,512,20,8,100.0,VALID,No issues detected
U0000316,C01140,2025-04-25,42.0,-366.0,474,40,40,-5.0,INVALID,Negative active_minutes
U0000317,C99999,2025-04-13,9.0,768.0,277,78,42,100.0,INVALID,Usage record references customer not in subscriptions
U0000318,C01691,2024-02-28,43.0,585.0,338,39,53,,VALID,No issues detected
U0000319,C00759,2024-12-14,27.0,-195.0,530,39,56,50.0,INVALID,Usage record references customer not in subscriptions; Negative active_minutes
U0000320,C01119,2025-08-07,7.0,660.0,262,9,64,2.0,INVALID,Usage record references customer not in subscriptions
U0000321,C00534,2024-04-09,12.0,1938.0,582,67,0,5.0,VALID,No issues detected
U0000322,C01039,2024-08-18,29.0,768.0,337,60,84,,VALID,No issues detected
U0000323,C00417,2025-02-18,,389.0,450,6,61,100.0,VALID,No issues detected
U0000324,C01753,2024-01-06,31.0,,727,46,88,-5.0,INVALID,Usage record references customer not in subscriptions
U0000325,C00456,2025-05-07,33.0,330.0,962,77,39,100.0,VALID,No issues detected
U0000326,C00150,2025-03-12,26.0,1556.0,719,46,12,50.0,INVALID,Usage record references customer not in subscriptions
U0000327,C01160,2025-01-27,46.0,1547.0,439,73,55,1.0,INVALID,Usage record references customer not in subscriptions
U0000328,C01369,2025-07-09,22.0,821.0,524,1,57,,INVALID,Usage record references customer not in subscriptions
U0000329,C00826,2024-05-05,,1505.0,901,47,23,1.0,INVALID,Usage record references customer not in subscriptions
U0000330,C00092,2025-04-08,11.0,1720.0,975,10,72,100.0,INVALID,Usage record references customer not in subscriptions
U0000331,C00198,2025-09-24,50.0,,601,12,47,2.0,INVALID,Usage record references customer not in subscriptions
U0000332,C00013,2025-06-12,,635.0,893,39,26,2.0,VALID,No issues detected
U0000333,C00864,2025-09-07,8.0,361.0,441,41,10,50.0,VALID,No issues detected
U0000334,C00803,2025-03-26,46.0,,970,2,55,100.0,VALID,No issues detected
U0000335,C00041,2025-08-13,43.0,507.0,190,0,38,10.0,INVALID,Usage record references customer not in subscriptions
,C00716,2025-05-24,15.0,1027.0,681,8,90,5.0,INVALID,Missing usage_id
U0000337,C00441,2025-04-13,54.0,582.0,800,62,63,100.0,INVALID,Usage record references customer not in subscriptions
U0000338,C00708,2024-09-28,3.0,1231.0,586,46,81,-5.0,VALID,No issues detected
U0000339,C00715,2024-03-13,19.0,531.0,676,36,85,50.0,INVALID,Usage record references customer not in subscriptions
U0000340,C01589,2024-05-30,43.0,485.0,200,53,79,10.0,VALID,No issues detected
U0000341,C00705,2024-01-10,,-242.0,216,16,25,-5.0,INVALID,Usage record references customer not in subscriptions; Negative active_minutes
U0000342,C01441,2025-12-25,43.0,1760.0,721,1,33,50.0,VALID,No issues detected
U0000343,C00070,2025-07-19,11.0,1003.0,3,30,34,5.0,INVALID,Usage record references customer not in subscriptions
U0000344,C00722,2025-08-28,47.0,1744.0,133,61,43,1.0,VALID,No issues detected
U0000345,C00123,2025-09-18,37.0,1932.0,763,65,31,2.0,VALID,No issues detected
U0000346,C01580,2025-02-21,40.0,780.0,894,5,26,1.0,VALID,No issues detected
U0000347,C00327,2024-06-11,42.0,1950.0,544,67,24,2.0,VALID,No issues detected
U0000348,C00875,2024-07-25,23.0,1496.0,929,62,86,,INVALID,Usage record references customer not in subscriptions
U0000349,C00836,2024-09-03,49.0,1558.0,558,54,60,20.0,INVALID,Usage record references customer not in subscriptions
U0000350,C00224,2025-03-21,46.0,775.0,724,12,40,1.0,VALID,No issues detected
U0000351,C00774,2024-07-27,16.0,406.0,259,75,96,5.0,INVALID,Usage record references customer not in subscriptions
U0000352,C01562,2025-02-21,44.0,327.0,864,63,15,-5.0,INVALID,Usage record references customer not in subscriptions
U0000353,C01474,2025-11-16,,1341.0,418,22,7,1.0,INVALID,Usage record references customer not in subscriptions
U0000354,C00632,2025-06-20,8.0,678.0,950,65,3,,INVALID,Usage record references customer not in subscriptions
U0000355,C00235,2024-01-27,44.0,67.0,372,64,72,20.0,VALID,No issues detected
U0000356,C00884,2024-02-12,57.0,,96,32,86,50.0,VALID,No issues detected
U0000357,C00303,2025-04-10,27.0,701.0,18,39,88,1.0,INVALID,Usage record references customer not in subscriptions
U0000358,C00540,2025-09-08,4.0,1147.0,814,7,97,20.0,INVALID,Usage record references customer not in subscriptions
U0000359,C00756,2024-12-29,6.0,72.0,344,72,27,-5.0,VALID,No issues detected
U0000360,C00639,2024-04-18,,1620.0,575,24,90,2.0,VALID,No issues detected
U0000361,C01064,2024-07-27,34.0,1554.0,378,72,13,100.0,INVALID,Usage record references customer not in subscriptions
U0000362,C00895,2025-05-21,26.0,1320.0,305,65,45,-5.0,INVALID,Usage record references customer not in subscriptions
U0000363,C01472,2024-09-25,48.0,,291,56,75,100.0,INVALID,Usage record references customer not in subscriptions
U0000364,C00819,2025-08-06,28.0,282.0,222,24,84,2.0,INVALID,Usage record references customer not in subscriptions
U0000365,C00058,2026-01-20,,1699.0,315,55,23,20.0,INVALID,Usage record references customer not in subscriptions
U0000366,C00650,2025-08-02,3.0,710.0,859,27,1,1.0,VALID,No issues detected
U0000367,C01242,2025-04-08,29.0,1569.0,333,19,18,5.0,VALID,No issues detected
U0000368,C00301,2024-03-15,9.0,59.0,147,46,78,500.0,INVALID,Usage record references customer not in subscriptions
U0000369,C00913,2024-10-18,23.0,234.0,333,72,61,500.0,INVALID,Usage record references customer not in subscriptions
U0000370,C00598,2024-03-07,33.0,278.0,90,17,74,1.0,INVALID,Usage record references customer not in subscriptions
U0000371,C01085,2025-02-19,-2.0,213.0,264,66,70,-5.0,INVALID,Usage record references customer not in subscriptions; Negative login_count
U0000372,C01051,2025-12-15,36.0,1350.0,740,72,94,,INVALID,Usage record references customer not in subscriptions
U0000373,C00953,2025-04-11,-6.0,1366.0,792,52,48,500.0,INVALID,Usage record references customer not in subscriptions; Negative login_count
U0000374,C01142,2024-04-16,58.0,519.0,41,38,61,500.0,INVALID,Usage record references customer not in subscriptions
U0000375,C01654,2024-02-02,16.0,1699.0,909,27,81,-5.0,INVALID,Usage record references customer not in subscriptions
U0000376,C00721,2025-01-20,37.0,1072.0,281,52,8,-5.0,INVALID,Usage record references customer not in subscriptions
U0000377,C01736,2025-06-27,36.0,1266.0,620,5,48,1.0,INVALID,Usage record references customer not in subscriptions
U0000378,C00376,2024-04-09,51.0,1960.0,457,77,38,100.0,INVALID,Usage record references customer not in subscriptions
U0000379,C01517,2025-05-17,22.0,1545.0,241,4,17,10.0,INVALID,Usage record references customer not in subscriptions
U0000380,C00656,2024-09-09,48.0,1077.0,73,36,99,1.0,INVALID,Usage record references customer not in subscriptions
U0000381,C00731,2024-10-05,7.0,-23.0,960,47,42,1.0,INVALID,Usage record references customer not in subscriptions; Negative active_minutes
,C01405,2025-09-24,29.0,1170.0,857,15,1,1.0,INVALID,Missing usage_id; Usage record references customer not in subscriptions
U0000383,C00324,2025-01-12,43.0,1885.0,863,62,68,100.0,INVALID,Usage record references customer not in subscriptions
U0000384,C01725,2024-12-26,-28.0,776.0,293,67,77,10.0,INVALID,Negative login_count
U0000385,C00893,2024-03-16,48.0,771.0,277,54,82,50.0,VALID,No issues detected
U0000386,C01475,2024-01-16,38.0,1247.0,534,50,61,10.0,VALID,No issues detected
,C00462,2025-04-11,4.0,551.0,138,25,69,,INVALID,Missing usage_id
,C00557,2025-09-11,51.0,534.0,225,6,30,-5.0,INVALID,Missing usage_id; Usage record references customer not in subscriptions
U0000389,C00060,2024-11-08,19.0,1832.0,603,18,83,5.0,INVALID,Usage record references customer not in subscriptions
U0000390,C00161,2024-04-23,53.0,1257.0,926,3,47,10.0,VALID,No issues detected
U0000391,C00670,2025-12-02,12.0,1767.0,292,21,32,50.0,INVALID,Usage record references customer not in subscriptions
U0000392,C00813,2024-11-05,8.0,1517.0,959,58,38,5.0,INVALID,Usage record references customer not in subscriptions
U0000393,C01728,2024-07-01,53.0,419.0,542,27,39,2.0,INVALID,Usage record references customer not in subscriptions
U0000394,C00211,2025-07-22,22.0,1752.0,750,57,22,10.0,INVALID,Usage record references customer not in subscriptions
U0000395,C00976,2024-11-10,60.0,992.0,657,16,90,-5.0,INVALID,Usage record references customer not in subscriptions
U0000396,C00847,2025-07-24,1.0,483.0,642,78,67,,INVALID,Usage record references customer not in subscriptions
U0000397,C01199,2024-01-17,3.0,1986.0,817,16,18,5.0,VALID,No issues detected
U0000398,C01618,2024-12-23,20.0,,181,55,28,5.0,INVALID,Usage record references customer not in subscriptions
U0000399,C01108,2024-03-02,59.0,,6,2,91,500.0,VALID,No issues detected
U0000400,C01685,2025-11-06,19.0,1244.0,420,36,16,50.0,INVALID,Usage record references customer not in subscriptions
U0000401,C00830,2025-10-18,57.0,,144,15,36,100.0,VALID,No issues detected
,C01569,2025-12-02,12.0,582.0,426,29,6,100.0,INVALID,Missing usage_id
U0000403,C00513,2025-05-11,8.0,1096.0,740,8,82,1.0,VALID,No issues detected
U0000404,C01449,2025-02-26,,987.0,328,29,56,2.0,VALID,No issues detected
U0000405,C00596,2025-10-06,35.0,122.0,675,41,24,50.0,INVALID,Usage record references customer not in subscriptions
U0000406,C00726,2024-08-25,56.0,1163.0,925,9,87,2.0,INVALID,Usage record references customer not in subscriptions
U0000407,C01566,2024-08-29,46.0,184.0,918,79,68,,INVALID,Usage record references customer not in subscriptions
U0000408,C01572,2025-06-05,11.0,1633.0,701,54,35,1.0,INVALID,Usage record references customer not in subscriptions
U0000409,C01787,2025-02-20,-11.0,1386.0,12,1,55,5.0,INVALID,Negative login_count
U0000410,C01241,2024-10-01,33.0,898.0,359,30,79,-5.0,INVALID,Usage record references customer not in subscriptions
U0000411,C01195,2024-08-08,22.0,456.0,368,24,29,100.0,VALID,No issues detected
U0000412,C01143,2025-12-08,,508.0,724,72,17,100.0,VALID,No issues detected
U0000413,C01097,2025-02-22,39.0,77.0,761,43,64,100.0,INVALID,Usage record references customer not in subscriptions
U0000414,C00957,2025-10-28,,1909.0,347,37,62,2.0,VALID,No issues detected
U0000415,C01051,2025-01-29,-23.0,458.0,133,34,47,10.0,INVALID,Usage record references customer not in subscriptions; Negative login_count
U0000416,C00573,2024-09-09,55.0,1321.0,256,77,69,10.0,VALID,No issues detected
U0000417,C00573,2024-08-11,44.0,457.0,319,61,65,50.0,VALID,No issues detected
U0000418,C01513,2024-12-08,,512.0,835,30,83,1.0,VALID,No issues detected
U0000419,C01690,2024-01-05,22.0,57.0,532,54,94,2.0,INVALID,Usage record references customer not in subscriptions
U0000420,C01074,2025-02-22,52.0,1547.0,971,37,16,2.0,INVALID,Usage record references customer not in subscriptions
U0000421,C00115,2024-02-18,48.0,737.0,143,61,51,500.0,VALID,No issues detected
U0000422,C00183,2025-11-05,24.0,1371.0,458,53,84,10.0,INVALID,Usage record references customer not in subscriptions
U0000423,C01708,2024-08-25,56.0,1399.0,99,21,80,-5.0,INVALID,Usage record references customer not in subscriptions
U0000424,C00601,2025-01-05,0.0,739.0,119,61,2,5.0,VALID,No issues detected
U0000425,C00276,2025-01-11,33.0,1760.0,61,48,91,-5.0,INVALID,Usage record references customer not in subscriptions
U0000426,C00382,2025-08-14,4.0,904.0,843,58,5,5.0,VALID,No issues detected
U0000427,C00519,2024-02-14,0.0,222.0,755,77,87,5.0,INVALID,Usage record references customer not in subscriptions
U0000428,C00448,2024-10-12,58.0,1076.0,242,16,92,500.0,VALID,No issues detected
,C01623,2025-01-20,11.0,585.0,117,66,77,,INVALID,Missing usage_id; Usage record references customer not in subscriptions
U0000430,C00508,2025-07-03,,1128.0,438,57,63,,INVALID,Usage record references customer not in subscriptions
U0000431,C00648,2025-12-26,56.0,22.0,458,55,13,100.0,INVALID,Usage record references customer not in subscriptions
U0000432,C01125,2025-03-08,1.0,1762.0,902,48,94,,INVALID,Usage record references customer not in subscriptions
U0000433,C01648,2024-06-01,50.0,1475.0,768,55,75,5.0,INVALID,Usage record references customer not in subscriptions
U0000434,C01531,2025-09-27,9.0,107.0,412,12,22,-5.0,INVALID,Usage record references customer not in subscriptions
U0000435,C01098,2024-12-20,37.0,476.0,596,15,40,50.0,VALID,No issues detected
U0000436,C00103,2024-07-11,24.0,1316.0,335,54,81,2.0,VALID,No issues detected
U0000437,C00881,2025-08-04,13.0,317.0,71,59,56,-5.0,INVALID,Usage record references customer not in subscriptions
U0000438,C00167,2024-06-02,58.0,1472.0,604,1,54,,INVALID,Usage record references customer not in subscriptions
U0000439,C01674,2025-06-08,36.0,1938.0,110,10,9,50.0,INVALID,Usage record references customer not in subscriptions
,C00117,2024-04-16,37.0,-364.0,40,19,45,500.0,INVALID,Missing usage_id; Usage record references customer not in subscriptions; Negative active_minutes
U0000441,C00356,2024-07-31,17.0,48.0,101,61,58,10.0,VALID,No issues detected
U0000442,C01535,2025-06-20,27.0,1982.0,888,67,64,10.0,INVALID,Usage record references customer not in subscriptions
U0000443,C01768,2024-01-25,11.0,788.0,892,28,59,,INVALID,Usage record references customer not in subscriptions
U0000444,C00879,2025-01-12,,-399.0,120,12,14,20.0,INVALID,Negative active_minutes
U0000445,C00871,2024-08-15,,1022.0,258,23,47,100.0,VALID,No issues detected
U0000446,C01261,2024-07-02,9.0,773.0,176,59,10,-5.0,INVALID,Usage record references customer not in subscriptions
U0000447,C01544,2025-08-21,-23.0,1607.0,23,43,93,,INVALID,Negative login_count
U0000448,C01087,2024-04-15,55.0,,146,21,86,1.0,INVALID,Usage record references customer not in subscriptions
U0000449,C00568,2025-02-06,34.0,939.0,129,13,17,100.0,VALID,No issues detected
U0000450,C01332,2025-12-04,14.0,1364.0,562,37,15,10.0,INVALID,Usage record references customer not in subscriptions
U0000451,C00877,2025-10-05,,1685.0,854,21,22,100.0,INVALID,Usage record references customer not in subscriptions
U0000452,C01335,2024-08-10,5.0,215.0,518,48,92,5.0,VALID,No issues detected
U0000453,C00022,2024-03-23,51.0,1414.0,446,43,99,-5.0,INVALID,Usage record references customer not in subscriptions
U0000454,C01211,2024-06-10,16.0,1639.0,71,32,7,1.0,VALID,No issues detected
U0000455,C01463,2024-03-20,,1169.0,994,79,90,20.0,VALID,No issues detected
U0000456,C00099,2025-03-28,,852.0,539,26,5,,INVALID,Usage record references customer not in subscriptions
U0000457,C00758,2025-04-23,30.0,1061.0,886,4,23,20.0,VALID,No issues detected
U0000458,C00228,2025-07-17,13.0,439.0,944,37,4,20.0,VALID,No issues detected
U0000459,C01749,2025-07-29,44.0,456.0,979,52,7,5.0,INVALID,Usage record references customer not in subscriptions
U0000460,C00767,2024-05-29,44.0,1637.0,440,37,90,1.0,INVALID,Usage record references customer not in subscriptions
U0000461,C00513,2025-12-30,22.0,675.0,87,68,91,50.0,VALID,No issues detected
U0000462,C00967,2024-01-06,46.0,1377.0,270,20,98,,VALID,No issues detected
U0000463,C01529,2024-02-28,14.0,638.0,242,39,68,20.0,VALID,No issues detected
U0000464,C00412,2024-12-16,22.0,1940.0,649,61,5,100.0,INVALID,Usage record references customer not in subscriptions
U0000465,C01065,2025-09-21,20.0,1869.0,718,2,37,10.0,INVALID,Usage record references customer not in subscriptions
U0000466,C00925,2024-02-19,57.0,508.0,947,24,42,500.0,VALID,No issues detected
U0000467,C00068,2025-04-17,-13.0,1223.0,602,38,71,5.0,INVALID,Usage record references customer not in subscriptions; Negative login_count
,C01411,2025-06-08,29.0,361.0,324,62,3,10.0,INVALID,Missing usage_id; Usage record references customer not in subscriptions
U0000469,C00472,2024-02-06,29.0,549.0,292,40,83,100.0,VALID,No issues detected
U0000470,C00454,2025-07-05,46.0,300.0,277,0,62,5.0,INVALID,Usage record references customer not in subscriptions
U0000471,C01293,2025-03-23,40.0,1115.0,421,14,51,20.0,VALID,No issues detected
U0000472,C00728,2025-10-29,7.0,696.0,824,33,78,-5.0,INVALID,Usage record references customer not in subscriptions
,C00176,2025-06-07,14.0,,136,62,38,,INVALID,Missing usage_id
U0000474,C00984,2025-09-23,45.0,1260.0,297,5,51,20.0,INVALID,Usage record references customer not in subscriptions
U0000475,C01690,2024-03-18,54.0,1828.0,804,32,16,10.0,INVALID,Usage record references customer not in subscriptions
U0000476,C00967,2025-06-11,35.0,1427.0,683,32,78,500.0,VALID,No issues detected
U0000477,C00768,2024-02-15,43.0,1448.0,734,2,87,5.0,VALID,No issues detected
U0000478,C00538,2025-03-21,-31.0,1548.0,575,28,24,1.0,INVALID,Negative login_count
U0000479,C01093,2025-07-28,52.0,1741.0,880,44,58,500.0,VALID,No issues detected
U0000480,C00782,2024-02-09,-34.0,31.0,852,72,82,50.0,INVALID,Usage record references customer not in subscriptions; Negative login_count
U0000481,C01645,2025-05-01,52.0,1171.0,778,46,47,1.0,VALID,No issues detected
U0000482,C01739,2025-10-03,,978.0,3,64,56,2.0,VALID,No issues detected
U0000483,C01442,2024-01-09,2.0,884.0,350,25,53,100.0,VALID,No issues detected
U0000484,C01325,2025-02-28,45.0,,386,66,48,1.0,VALID,No issues detected
U0000485,C01372,2024-11-05,48.0,8.0,663,15,46,,INVALID,Usage record references customer not in subscriptions
,C00960,2025-12-06,17.0,-338.0,133,77,14,10.0,INVALID,Missing usage_id; Usage record references customer not in subscriptions; Negative active_minutes
U0000487,C00160,2025-03-21,13.0,143.0,697,8,14,,INVALID,Usage record references customer not in subscriptions
U0000488,C00116,2024-06-17,58.0,1706.0,902,6,61,20.0,INVALID,Usage record references customer not in subscriptions
U0000489,C00744,2025-08-12,35.0,1587.0,509,19,23,100.0,INVALID,Usage record references customer not in subscriptions
U0000490,C00900,2024-06-26,31.0,231.0,484,46,89,50.0,INVALID,Usage record references customer not in subscriptions
U0000491,C01765,2025-02-19,46.0,1670.0,193,21,10,10.0,VALID,No issues detected
U0000492,C00798,2024-07-07,24.0,1212.0,789,50,95,2.0,INVALID,Usage record references customer not in subscriptions
U0000493,C00685,2024-11-16,56.0,1092.0,816,16,89,-5.0,INVALID,Usage record references customer not in subscriptions
U0000494,C01612,2025-06-20,37.0,124.0,276,42,25,2.0,VALID,No issues detected
U0000495,C01656,2025-12-15,40.0,,216,68,37,100.0,VALID,No issues detected
U0000496,C00119,2024-07-23,4.0,891.0,610,48,5,50.0,VALID,No issues detected
,C01430,2024-08-05,32.0,500.0,278,18,52,10.0,INVALID,Missing usage_id; Usage record references customer not in subscriptions
U0000498,C00652,2025-11-15,35.0,619.0,914,52,30,10.0,VALID,No issues detected
U0000499,C01467,2025-11-25,32.0,690.0,341,29,91,1.0,VALID,No issues detected
U0000500,C00303,2025-02-09,0.0,104.0,51,46,34,-5.0,INVALID,Usage record references customer not in subscriptions
U0000501,C00920,2024-09-22,37.0,160.0,723,54,55,,INVALID,Usage record references customer not in subscriptions
U0000502,C00135,2025-08-27,40.0,584.0,63,31,95,100.0,INVALID,Usage record references customer not in subscriptions
U0000503,C01006,2024-03-03,,823.0,271,70,20,-5.0,INVALID,Usage record references customer not in subscriptions
U0000504,C00679,2025-04-13,58.0,1941.0,59,55,73,500.0,VALID,No issues detected
U0000505,C01136,2024-07-06,49.0,,110,13,53,,INVALID,Usage record references customer not in subscriptions
U0000506,C00284,2024-08-31,20.0,1161.0,693,17,41,10.0,INVALID,Usage record references customer not in subscriptions
U0000507,C00587,2024-11-30,45.0,1898.0,574,33,31,-5.0,INVALID,Usage record references customer not in subscriptions
U0000508,C00198,2025-02-20,59.0,359.0,421,16,55,10.0,INVALID,Usage record references customer not in subscriptions
U0000509,C01573,2026-01-22,-50.0,927.0,457,44,19,5.0,INVALID,Usage record references customer not in subscriptions; Negative login_count
U0000510,C01469,2024-06-22,28.0,754.0,425,55,84,1.0,INVALID,Usage record references customer not in subscriptions
U0000511,C00033,2025-01-27,33.0,711.0,345,32,95,2.0,INVALID,Usage record references customer not in subscriptions
U0000512,C00786,2025-06-15,32.0,356.0,933,32,59,50.0,VALID,No issues detected
U0000513,C01456,2026-01-27,20.0,942.0,380,22,87,-5.0,VALID,No issues detected
U0000514,C01271,2025-11-21,35.0,1497.0,636,77,85,,INVALID,Usage record references customer not in subscriptions
U0000515,C01115,2025-05-18,10.0,1653.0,797,50,19,50.0,INVALID,Usage record references customer not in subscriptions
U0000516,C00814,2025-08-09,52.0,27.0,531,72,77,10.0,INVALID,Usage record references customer not in subscriptions
U0000517,C01469,2025-12-06,18.0,1303.0,735,65,21,1.0,INVALID,Usage record references customer not in subscriptions
U0000518,C01046,2024-10-12,15.0,246.0,810,43,2,50.0,INVALID,Usage record references customer not in subscriptions
U0000519,C01678,2024-05-22,54.0,107.0,440,73,56,10.0,INVALID,Usage record references customer not in subscriptions
U0000520,C00523,2025-01-29,3.0,570.0,143,2,1,-5.0,INVALID,Usage record references customer not in subscriptions
U0000521,C01218,2025-04-16,,258.0,462,63,23,1.0,INVALID,Usage record references customer not in subscriptions
U0000522,C00594,2025-10-18,49.0,1206.0,697,56,31,20.0,VALID,No issues detected
,C01268,2025-12-10,7.0,1201.0,953,36,4,500.0,INVALID,Missing usage_id
U0000524,C01047,2025-04-21,54.0,1530.0,300,31,20,50.0,INVALID,Usage record references customer not in subscriptions
U0000525,C01393,2024-11-20,27.0,676.0,671,44,72,500.0,INVALID,Usage record references customer not in subscriptions
U0000526,C00490,2024-02-01,4.0,976.0,448,24,26,-5.0,INVALID,Usage record references customer not in subscriptions
U0000527,C00201,2025-03-27,6.0,45.0,872,59,42,500.0,VALID,No issues detected
U0000528,C01273,2025-08-08,55.0,-104.0,529,31,89,1.0,INVALID,Usage record references customer not in subscriptions; Negative active_minutes
U0000529,C00172,2025-12-03,42.0,1919.0,767,43,37,2.0,VALID,No issues detected
U0000530,C00184,2025-10-28,,666.0,523,46,63,1.0,INVALID,Usage record references customer not in subscriptions
U0000531,C01423,2025-08-25,47.0,315.0,93,75,63,5.0,INVALID,Usage record references customer not in subscriptions
U0000532,C00286,2024-02-11,1.0,935.0,135,41,7,100.0,INVALID,Usage record references customer not in subscriptions
U0000533,C01292,2024-07-05,42.0,1119.0,77,63,35,10.0,INVALID,Usage record references customer not in subscriptions
U0000534,C00018,2024-07-23,32.0,,76,32,12,,INVALID,Usage record references customer not in subscriptions
U0000535,C01766,2025-09-30,24.0,75.0,445,23,54,2.0,INVALID,Usage record references customer not in subscriptions
U0000536,C01689,2025-08-25,56.0,199.0,576,8,51,1.0,VALID,No issues detected
U0000537,C01286,2024-11-24,59.0,,178,61,44,,VALID,No issues detected
U0000538,C01077,2024-08-11,31.0,168.0,806,15,73,1.0,VALID,No issues detected
U0000539,C01718,2025-09-28,29.0,1880.0,894,25,87,5.0,INVALID,Usage record references customer not in subscriptions
U0000540,C01787,2025-09-10,11.0,1144.0,865,49,44,100.0,VALID,No issues detected
U0000541,C01788,2025-06-04,24.0,1220.0,85,51,41,10.0,VALID,No issues detected
U0000542,C00243,2024-04-25,14.0,779.0,170,6,66,1.0,INVALID,Usage record references customer not in subscriptions
U0000543,C00438,2025-06-18,55.0,1463.0,46,80,95,10.0,INVALID,Usage record references customer not in subscriptions
U0000544,C01169,2025-05-15,20.0,583.0,508,10,52,500.0,VALID,No issues detected
U0000545,C00090,2024-05-18,-18.0,171.0,631,25,51,50.0,INVALID,Usage record references customer not in subscriptions; Negative login_count
U0000546,C00238,2025-08-22,56.0,906.0,867,34,6,100.0,VALID,No issues detected
U0000547,C00225,2025-06-08,24.0,1528.0,982,31,95,50.0,VALID,No issues detected
U0000548,C01550,2024-01-05,11.0,1090.0,634,60,85,100.0,INVALID,Usage record references customer not in subscriptions
U0000549,C01408,2025-02-14,30.0,487.0,737,0,7,20.0,INVALID,Usage record references customer not in subscriptions
U0000550,C00720,2024-10-12,13.0,889.0,360,39,51,50.0,INVALID,Usage record references customer not in subscriptions
U0000551,C01783,2025-01-12,,1508.0,981,13,85,1.0,INVALID,Usage record references customer not in subscriptions
U0000552,C01418,2024-09-28,53.0,9.0,285,6,11,50.0,VALID,No issues detected
U0000553,C01236,2024-03-06,-21.0,1035.0,413,68,16,100.0,INVALID,Usage record references customer not in subscriptions; Negative login_count
U0000554,C00317,2024-12-22,22.0,501.0,893,61,53,500.0,INVALID,Usage record references customer not in subscriptions
U0000555,C01752,2024-04-08,4.0,350.0,823,73,93,500.0,VALID,No issues detected
U0000556,C00010,2025-01-08,37.0,1404.0,944,5,59,2.0,VALID,No issues detected
U0000557,C00746,2024-01-24,49.0,80.0,809,72,15,1.0,INVALID,Usage record references customer not in subscriptions
U0000558,C00707,2025-09-10,44.0,1231.0,246,40,21,2.0,VALID,No issues detected
U0000559,C00530,2026-01-17,46.0,1723.0,743,57,75,20.0,VALID,No issues detected
U0000560,C01232,2025-02-19,11.0,506.0,661,68,40,5.0,INVALID,Usage record references customer not in subscriptions
U0000561,C00943,2025-04-29,26.0,158.0,55,48,54,-5.0,VALID,No issues detected
,C01440,2025-05-04,16.0,574.0,311,61,45,50.0,INVALID,Missing usage_id; Usage record references customer not in subscriptions
U0000563,C01567,2024-12-03,0.0,,544,56,13,50.0,INVALID,Usage record references customer not in subscriptions
U0000564,C00043,2024-01-14,20.0,1956.0,598,63,17,1.0,VALID,No issues detected
U0000565,C00828,2024-07-04,53.0,,190,75,53,20.0,INVALID,Usage record references customer not in subscriptions
U0000566,C01576,2024-09-16,47.0,68.0,413,27,53,20.0,VALID,No issues detected
U0000567,C01409,2025-09-22,19.0,1516.0,839,45,46,20.0,VALID,No issues detected
U0000568,C00418,2024-12-31,-45.0,1093.0,802,22,64,1.0,INVALID,Negative login_count
U0000569,C00277,2024-06-10,49.0,,887,35,94,-5.0,VALID,No issues detected
U0000570,C00119,2024-09-19,54.0,,990,18,56,500.0,VALID,No issues detected
U0000571,C01646,2025-01-04,57.0,557.0,707,26,84,2.0,VALID,No issues detected
U0000572,C00579,2025-06-25,51.0,1981.0,55,11,99,1.0,VALID,No issues detected
U0000573,C00124,2025-03-03,59.0,126.0,22,32,68,1.0,INVALID,Usage record references customer not in subscriptions
U0000574,C00045,2024-06-07,14.0,738.0,889,73,80,50.0,INVALID,Usage record references customer not in subscriptions
U0000575,C00218,2024-08-14,45.0,1820.0,899,62,8,100.0,INVALID,Usage record references customer not in subscriptions
U0000576,C00383,2025-02-16,54.0,1324.0,393,49,78,20.0,VALID,No issues detected
U0000577,C01252,2024-02-14,27.0,,791,65,81,5.0,INVALID,Usage record references customer not in subscriptions
U0000578,C01229,2024-03-19,50.0,-178.0,516,19,20,50.0,INVALID,Negative active_minutes
U0000579,C00947,2024-08-11,57.0,1672.0,827,70,7,2.0,INVALID,Usage record references customer not in subscriptions
U0000580,C01325,2024-11-06,31.0,598.0,444,36,61,100.0,VALID,No issues detected
U0000581,C00336,2025-09-12,30.0,462.0,832,10,65,,VALID,No issues detected
U0000582,C00278,2026-01-18,22.0,1682.0,224,29,74,20.0,INVALID,Usage record references customer not in subscriptions
U0000583,C00570,2024-04-13,49.0,,631,35,55,1.0,INVALID,Usage record references customer not in subscriptions
U0000584,C01202,2025-07-11,36.0,1786.0,803,36,26,5.0,INVALID,Usage record references customer not in subscriptions
U0000585,C00283,2024-02-18,43.0,-173.0,315,26,83,-5.0,INVALID,Negative active_minutes
U0000586,C00283,2024-05-03,33.0,-391.0,784,23,59,1.0,INVALID,Negative active_minutes
U0000587,C00623,2025-10-21,17.0,178.0,312,75,68,20.0,INVALID,Usage record references customer not in subscriptions
U0000588,C00247,2025-03-27,4.0,1276.0,111,29,30,50.0,INVALID,Usage record references customer not in subscriptions
U0000589,C00138,2024-11-30,60.0,,238,41,46,10.0,VALID,No issues detected
U0000590,C01220,2025-12-22,0.0,-481.0,214,65,43,10.0,INVALID,Usage record references customer not in subscriptions; Negative active_minutes
U0000591,C01070,2025-10-26,16.0,767.0,786,66,48,,INVALID,Usage record references customer not in subscriptions
U0000592,C00534,2025-08-10,,11.0,827,15,77,10.0,VALID,No issues detected
U0000593,C01084,2024-11-29,18.0,1517.0,310,22,11,,INVALID,Usage record references customer not in subscriptions
U0000594,C00607,2024-03-12,,1536.0,474,65,23,,INVALID,Usage record references customer not in subscriptions
U0000595,C00383,2024-07-09,5.0,489.0,95,1,79,-5.0,VALID,No issues detected
U0000596,C01528,2025-11-05,59.0,1253.0,40,69,86,-5.0,VALID,No issues detected
U0000597,C00303,2024-09-01,27.0,274.0,767,60,77,50.0,INVALID,Usage record references customer not in subscriptions
U0000598,C01339,2024-08-09,,786.0,835,14,33,500.0,INVALID,Usage record references customer not in subscriptions
U0000599,C01114,2024-12-03,36.0,425.0,741,72,31,500.0,INVALID,Usage record references customer not in subscriptions
U0000600,C01776,2024-08-30,9.0,797.0,967,6,11,,INVALID,Usage record references customer not in subscriptions
U0000601,C01049,2025-06-13,24.0,600.0,684,30,77,100.0,VALID,No issues detected
U0000602,C00660,2025-12-01,0.0,449.0,606,69,96,100.0,VALID,No issues detected
U0000603,C00791,2024-12-17,8.0,1679.0,26,16,27,500.0,INVALID,Usage record references customer not in subscriptions
U0000604,C01463,2024-11-05,41.0,787.0,987,14,56,1.0,VALID,No issues detected
U0000605,C01310,2024-10-23,48.0,733.0,142,24,32,,INVALID,Usage record references customer not in subscriptions
U0000606,C00473,2025-08-06,36.0,776.0,538,49,46,2.0,INVALID,Usage record references customer not in subscriptions
U0000607,C00470,2024-07-24,,1066.0,311,35,94,20.0,VALID,No issues detected
U0000608,C00463,2025-02-23,5.0,1681.0,600,13,97,5.0,VALID,No issues detected
U0000609,C00174,2025-10-07,53.0,1702.0,356,50,45,5.0,VALID,No issues detected
U0000610,C01181,2025-07-05,,517.0,726,0,35,1.0,VALID,No issues detected
U0000611,C00246,2024-05-15,58.0,1623.0,493,21,21,-5.0,INVALID,Usage record references customer not in subscriptions
,C01025,2024-10-11,16.0,844.0,762,6,73,100.0,INVALID,Missing usage_id; Usage record references customer not in subscriptions
U0000613,C00576,2024-02-21,25.0,629.0,377,16,99,5.0,VALID,No issues detected
U0000614,C01733,2024-03-15,11.0,1866.0,53,25,86,10.0,INVALID,Usage record references customer not in subscriptions
U0000615,C01792,2024-05-27,6.0,1984.0,134,45,80,2.0,VALID,No issues detected
U0000616,C01492,2025-01-11,41.0,,854,10,38,2.0,INVALID,Usage record references customer not in subscriptions
U0000617,C01339,2025-02-15,34.0,883.0,690,59,10,100.0,INVALID,Usage record references customer not in subscriptions
U0000618,C00859,2024-04-24,33.0,1734.0,1000,37,76,,VALID,No issues detected
U0000619,C01139,2024-02-16,26.0,,849,23,82,1.0,INVALID,Usage record references customer not in subscriptions
U0000620,C00568,2025-12-22,,1358.0,607,55,22,100.0,VALID,No issues detected
U0000621,C00767,2024-04-12,34.0,477.0,811,29,100,,INVALID,Usage record references customer not in subscriptions
U0000622,C00967,2025-03-14,55.0,1664.0,890,58,70,100.0,VALID,No issues detected
U0000623,C00098,2024-09-12,59.0,1090.0,531,23,43,-5.0,VALID,No issues detected
U0000624,C00593,2024-03-19,27.0,439.0,703,51,62,,VALID,No issues detected
U0000625,C00121,2024-07-04,41.0,1078.0,367,26,95,100.0,INVALID,Usage record references customer not in subscriptions
U0000626,C01279,2024-06-02,39.0,,991,2,18,500.0,VALID,No issues detected
,C01606,2025-07-04,60.0,1768.0,598,76,49,2.0,INVALID,Missing usage_id; Usage record references customer not in subscriptions
U0000628,C00018,2025-07-11,37.0,1974.0,80,70,48,2.0,INVALID,Usage record references customer not in subscriptions
U0000629,C00368,2024-09-20,0.0,923.0,593,52,58,10.0,INVALID,Usage record references customer not in subscriptions
U0000630,C00215,2024-02-10,42.0,1911.0,45,64,3,100.0,VALID,No issues detected
U0000631,C00961,2025-11-26,55.0,1646.0,464,74,90,50.0,VALID,No issues detected
U0000632,C00352,2024-09-11,49.0,,180,77,87,,VALID,No issues detected
U0000633,C00487,2025-03-22,43.0,1358.0,658,75,5,,INVALID,Usage record references customer not in subscriptions
U0000634,C00715,2025-05-08,10.0,249.0,258,34,5,2.0,INVALID,Usage record references customer not in subscriptions
U0000635,C01382,2024-06-09,49.0,1052.0,884,80,20,-5.0,INVALID,Usage record references customer not in subscriptions
U0000636,C00871,2025-01-19,0.0,1652.0,738,41,66,20.0,VALID,No issues detected
U0000637,C00107,2025-11-25,5.0,1465.0,892,15,6,10.0,INVALID,Usage record references customer not in subscriptions
U0000638,C00910,2024-10-07,9.0,1528.0,461,60,9,,VALID,No issues detected
U0000639,C00668,2025-05-12,-53.0,930.0,379,52,20,100.0,INVALID,Usage record references customer not in subscriptions; Negative login_count
U0000640,C01626,2024-10-11,13.0,1406.0,353,60,6,10.0,INVALID,Usage record references customer not in subscriptions
,C00140,2024-01-03,2.0,1639.0,605,74,90,,INVALID,Missing usage_id
U0000642,C01313,2025-01-29,-34.0,209.0,689,70,16,50.0,INVALID,Negative login_count
U0000643,C01345,2024-11-06,30.0,951.0,892,9,77,100.0,INVALID,Usage record references customer not in subscriptions
U0000644,C00581,2024-03-26,57.0,105.0,53,61,26,20.0,VALID,No issues detected
U0000645,C01546,2024-06-22,4.0,1973.0,511,34,9,,INVALID,Usage record references customer not in subscriptions
,C00536,2025-06-14,34.0,1021.0,938,42,40,100.0,INVALID,Missing usage_id; Usage record references customer not in subscriptions
U0000647,C00614,2025-05-14,42.0,140.0,86,58,66,5.0,INVALID,Usage record references customer not in subscriptions
U0000648,C00580,2025-06-12,10.0,765.0,679,52,20,50.0,VALID,No issues detected
U0000649,C01339,2025-06-08,7.0,1290.0,363,62,70,1.0,INVALID,Usage record references customer not in subscriptions
U0000650,C01042,2024-05-17,40.0,769.0,555,28,63,50.0,INVALID,Usage record references customer not in subscriptions
U0000651,C00555,2025-03-21,32.0,499.0,130,37,81,-5.0,VALID,No issues detected
U0000652,C01037,2025-09-24,26.0,1327.0,39,50,48,5.0,INVALID,Usage record references customer not in subscriptions
U0000653,C00365,2024-09-18,41.0,1253.0,865,80,4,,INVALID,Usage record references customer not in subscriptions
,C00583,2025-01-17,17.0,192.0,495,9,73,1.0,INVALID,Missing usage_id; Usage record references customer not in subscriptions
U0000655,,2025-03-21,3.0,1827.0,844,4,30,10.0,INVALID,Missing customer_id on usage record
U0000656,C00315,2026-01-13,42.0,1980.0,439,53,13,50.0,VALID,No issues detected
U0000657,C00719,2025-09-05,14.0,383.0,811,39,43,10.0,VALID,No issues detected
U0000658,C00005,2024-10-01,42.0,852.0,466,61,14,2.0,INVALID,Usage record references customer not in subscriptions
U0000659,C01761,2024-10-21,13.0,523.0,646,39,51,100.0,INVALID,Usage record references customer not in subscriptions
U0000660,C01028,2025-06-21,6.0,,496,10,63,1.0,INVALID,Usage record references customer not in subscriptions
U0000661,C01790,2024-07-26,38.0,678.0,785,71,26,2.0,VALID,No issues detected
U0000662,C01070,2024-03-23,27.0,1984.0,540,51,95,50.0,INVALID,Usage record references customer not in subscriptions
U0000663,C01186,2024-11-30,23.0,1164.0,527,17,12,,VALID,No issues detected
U0000664,C01095,2025-05-31,,1019.0,676,11,45,1.0,VALID,No issues detected
U0000665,C00192,2024-01-18,57.0,1343.0,255,25,59,2.0,INVALID,Usage record references customer not in subscriptions
U0000666,C00496,2025-06-23,22.0,1885.0,834,69,60,2.0,INVALID,Usage record references customer not in subscriptions
U0000667,C00477,2025-10-18,50.0,1016.0,3,46,75,50.0,VALID,No issues detected
U0000668,C00986,2025-06-08,31.0,185.0,620,46,77,20.0,INVALID,Usage record references customer not in subscriptions
U0000669,C01000,2024-06-01,50.0,1271.0,478,22,97,5.0,VALID,No issues detected
U0000670,C01717,2024-07-29,47.0,106.0,347,69,68,5.0,VALID,No issues detected
U0000671,C00073,2024-12-02,44.0,1019.0,779,21,99,100.0,INVALID,Usage record references customer not in subscriptions
U0000672,C00157,2024-12-06,58.0,469.0,268,10,57,20.0,INVALID,Usage record references customer not in subscriptions
U0000673,C00081,2025-09-02,,214.0,450,71,81,,INVALID,Usage record references customer not in subscriptions
U0000674,C00025,2025-09-18,10.0,1225.0,550,59,96,-5.0,INVALID,Usage record references customer not in subscriptions
U0000675,C00064,2024-05-21,9.0,-458.0,884,20,10,500.0,INVALID,Usage record references customer not in subscriptions; Negative active_minutes
,C01316,2024-08-07,,448.0,452,16,39,1.0,INVALID,Missing usage_id; Usage record references customer not in subscriptions
U0000677,C00468,2025-05-31,21.0,409.0,587,61,79,5.0,VALID,No issues detected
U0000678,C01160,2025-07-24,17.0,1529.0,333,76,68,5.0,INVALID,Usage record references customer not in subscriptions
U0000679,C01655,2025-06-10,43.0,1440.0,801,60,35,2.0,INVALID,Usage record references customer not in subscriptions
U0000680,C01265,2025-06-09,2.0,1687.0,867,4,47,50.0,VALID,No issues detected
U0000681,C01415,2024-09-28,,1131.0,690,38,45,10.0,VALID,No issues detected
U0000682,C00424,2024-05-08,21.0,57.0,337,49,7,1.0,VALID,No issues detected
U0000683,C00217,2025-09-10,25.0,197.0,454,0,60,-5.0,INVALID,Usage record references customer not in subscriptions
U0000684,C01771,2024-08-16,21.0,620.0,990,71,73,50.0,INVALID,Usage record references customer not in subscriptions
U0000685,C01100,2025-11-19,23.0,1288.0,584,41,54,100.0,INVALID,Usage record references customer not in subscriptions
U0000686,C00076,2025-06-30,14.0,587.0,642,28,100,-5.0,INVALID,Usage record references customer not in subscriptions
U0000687,C01057,2024-06-08,53.0,44.0,463,62,11,50.0,VALID,No issues detected
U0000688,C00825,2024-11-22,24.0,-25.0,434,30,80,5.0,INVALID,Negative active_minutes
U0000689,C01134,2024-01-05,46.0,587.0,847,30,91,1.0,INVALID,Usage record references customer not in subscriptions
U0000690,C00358,2024-08-13,28.0,851.0,695,6,34,20.0,INVALID,Usage record references customer not in subscriptions
U0000691,C01092,2026-01-24,23.0,1220.0,56,34,89,-5.0,INVALID,Usage record references customer not in subscriptions
U0000692,C01488,2024-04-13,33.0,1479.0,144,42,45,-5.0,INVALID,Usage record references customer not in subscriptions
,C01630,2024-06-21,35.0,1913.0,280,31,93,500.0,INVALID,Missing usage_id; Usage record references customer not in subscriptions
U0000694,C00554,2025-12-15,43.0,854.0,597,16,2,10.0,INVALID,Usage record references customer not in subscriptions
U0000695,C00058,2025-05-10,,1002.0,458,16,68,20.0,INVALID,Usage record references customer not in subscriptions
U0000696,C00755,2025-04-27,26.0,1145.0,511,63,22,100.0,INVALID,Usage record references customer not in subscriptions
U0000697,C01281,2025-01-11,37.0,1025.0,890,64,17,50.0,INVALID,Usage record references customer not in subscriptions
U0000698,C01505,2025-01-10,51.0,1441.0,993,19,60,5.0,VALID,No issues detected
U0000699,C00143,2024-05-01,38.0,1006.0,892,0,95,5.0,VALID,No issues detected
U0000700,C01416,2024-03-25,15.0,1149.0,926,66,98,50.0,INVALID,Usage record references customer not in subscriptions
U0000701,C00692,2025-03-13,55.0,519.0,724,41,4,1.0,INVALID,Usage record references customer not in subscriptions
U0000702,C00934,2024-12-04,57.0,,720,38,57,5.0,INVALID,Usage record references customer not in subscriptions
U0000703,C00272,2025-08-02,18.0,1629.0,428,2,62,-5.0,VALID,No issues detected
U0000704,C01360,2025-09-13,26.0,1519.0,331,33,43,100.0,INVALID,Usage record references customer not in subscriptions
U0000705,C00968,2024-08-03,44.0,1516.0,515,16,90,-5.0,VALID,No issues detected
U0000706,C01387,2024-09-25,29.0,1857.0,909,19,4,20.0,VALID,No issues detected
U0000707,C00424,2024-02-07,45.0,1198.0,670,13,94,1.0,VALID,No issues detected
U0000708,C01288,2024-02-15,50.0,1698.0,644,35,100,,VALID,No issues detected
U0000709,C01461,2025-10-02,24.0,947.0,558,66,100,2.0,INVALID,Usage record references customer not in subscriptions
U0000710,C00257,2024-05-03,8.0,1942.0,222,10,58,-5.0,VALID,No issues detected
U0000711,C01181,2025-12-03,41.0,930.0,923,51,62,5.0,VALID,No issues detected
U0000712,C00329,2025-07-07,40.0,1160.0,430,42,83,100.0,VALID,No issues detected
U0000713,C00666,2026-01-10,43.0,1642.0,604,79,47,100.0,INVALID,Usage record references customer not in subscriptions
U0000714,C00625,2024-09-22,19.0,1003.0,808,69,61,1.0,VALID,No issues detected
U0000715,C01229,2024-01-20,56.0,25.0,796,20,88,,VALID,No issues detected
U0000716,C00796,2026-01-15,14.0,1196.0,990,71,82,5.0,INVALID,Usage record references customer not in subscriptions
U0000717,C01023,2024-08-22,39.0,,325,77,9,1.0,VALID,No issues detected
U0000718,C00366,2025-05-13,,,5,8,75,-5.0,VALID,No issues detected
U0000719,C01568,2024-09-01,60.0,1804.0,598,77,31,20.0,VALID,No issues detected
U0000720,C00113,2024-05-24,21.0,1140.0,860,26,31,10.0,INVALID,Usage record references customer not in subscriptions
U0000721,C01352,2025-09-04,39.0,1037.0,892,12,3,20.0,INVALID,Usage record references customer not in subscriptions
U0000722,C01224,2024-08-25,30.0,,10,53,42,50.0,INVALID,Usage record references customer not in subscriptions
U0000723,C01286,2025-04-25,56.0,556.0,351,10,58,1.0,VALID,No issues detected
U0000724,C01250,2025-08-09,,1211.0,56,13,2,50.0,INVALID,Usage record references customer not in subscriptions
U0000725,C00607,2026-01-02,54.0,111.0,643,18,52,50.0,INVALID,Usage record references customer not in subscriptions
U0000726,C00590,2025-11-20,2.0,1303.0,873,17,29,1.0,VALID,No issues detected
U0000727,C00419,2024-06-02,56.0,1241.0,773,64,18,5.0,INVALID,Usage record references customer not in subscriptions
U0000728,C01619,2025-05-20,55.0,287.0,52,77,26,100.0,INVALID,Usage record references customer not in subscriptions
,C99999,2024-10-31,8.0,459.0,298,74,40,-5.0,INVALID,Missing usage_id; Usage record references customer not in subscriptions
U0000730,C01240,2024-06-11,42.0,1992.0,45,41,50,,VALID,No issues detected
U0000731,C00351,2024-11-27,25.0,355.0,389,24,36,1.0,INVALID,Usage record references customer not in subscriptions
U0000732,C00278,2024-11-20,,-186.0,637,7,50,2.0,INVALID,Usage record references customer not in subscriptions; Negative active_minutes
U0000733,C01073,2025-03-27,5.0,73.0,996,47,23,50.0,INVALID,Usage record references customer not in subscriptions
U0000734,C01455,2025-07-17,33.0,926.0,787,38,11,-5.0,VALID,No issues detected
U0000735,C01699,2024-06-15,22.0,1637.0,447,30,25,50.0,VALID,No issues detected
U0000736,C00280,2024-04-30,,,225,43,34,20.0,VALID,No issues detected
U0000737,C00645,2024-02-14,45.0,255.0,130,76,11,2.0,INVALID,Usage record references customer not in subscriptions
U0000738,C00182,2024-01-21,1.0,1466.0,95,19,68,10.0,INVALID,Usage record references customer not in subscriptions
U0000739,C00146,2025-11-14,47.0,,69,63,83,20.0,INVALID,Usage record references customer not in subscriptions
U0000740,C01332,2024-09-11,48.0,1245.0,409,63,71,20.0,INVALID,Usage record references customer not in subscriptions
,C01472,2025-07-07,,783.0,441,24,60,2.0,INVALID,Missing usage_id; Usage record references customer not in subscriptions
U0000742,C00397,2024-03-16,19.0,925.0,99,44,3,-5.0,VALID,No issues detected
U0000743,C00559,2025-02-03,42.0,527.0,662,44,67,500.0,INVALID,Usage record references customer not in subscriptions
U0000744,C01273,2025-07-06,44.0,668.0,135,71,54,100.0,INVALID,Usage record references customer not in subscriptions
U0000745,C00150,2024-10-09,16.0,1975.0,453,62,88,2.0,INVALID,Usage record references customer not in subscriptions
U0000746,C00630,2025-12-12,45.0,723.0,835,72,91,500.0,INVALID,Usage record references customer not in subscriptions
U0000747,C00207,2024-03-30,41.0,422.0,966,78,63,20.0,VALID,No issues detected
U0000748,C00787,2025-02-01,37.0,801.0,977,0,18,500.0,INVALID,Usage record references customer not in subscriptions
U0000749,C00743,2024-05-07,38.0,1711.0,877,36,30,100.0,VALID,No issues detected
U0000750,C01099,2025-10-12,13.0,139.0,279,14,43,2.0,VALID,No issues detected
U0000751,C01057,2025-04-07,,1535.0,285,10,100,20.0,VALID,No issues detected
U0000752,C01463,2026-01-09,58.0,209.0,519,50,22,5.0,VALID,No issues detected
U0000753,C01526,2024-07-24,31.0,1151.0,449,28,34,100.0,INVALID,Usage record references customer not in subscriptions
U0000754,C00253,2025-08-30,16.0,1638.0,23,2,5,1.0,VALID,No issues detected
U0000755,C00469,2024-04-29,31.0,,18,16,30,1.0,INVALID,Usage record references customer not in subscriptions
U0000756,C00780,2025-03-26,8.0,1665.0,823,3,75,5.0,VALID,No issues detected
U0000757,C01394,2024-09-24,18.0,1548.0,815,48,39,20.0,INVALID,Usage record references customer not in subscriptions
U0000758,C00523,2024-01-11,30.0,1013.0,512,34,12,500.0,INVALID,Usage record references customer not in subscriptions
U0000759,C01593,2025-03-05,56.0,1779.0,889,21,40,500.0,VALID,No issues detected
U0000760,C00310,2025-05-15,52.0,437.0,883,69,90,100.0,VALID,No issues detected
U0000761,C00448,2025-06-13,14.0,,194,39,65,100.0,VALID,No issues detected
U0000762,C00586,2024-04-07,36.0,690.0,739,55,84,1.0,VALID,No issues detected
U0000763,C00624,2024-09-01,51.0,388.0,158,27,86,-5.0,INVALID,Usage record references customer not in subscriptions
U0000764,C00645,2026-01-29,56.0,,495,10,87,,INVALID,Usage record references customer not in subscriptions
U0000765,C01239,2025-03-17,58.0,,894,32,79,10.0,VALID,No issues detected
U0000766,C01761,2025-08-29,30.0,1026.0,96,44,40,5.0,INVALID,Usage record references customer not in subscriptions
U0000767,C01000,2024-08-25,59.0,1930.0,510,62,52,10.0,VALID,No issues detected
U0000768,C01712,2024-10-27,29.0,285.0,269,37,96,5.0,INVALID,Usage record references customer not in subscriptions
U0000769,C00956,2025-05-07,36.0,42.0,230,48,11,5.0,INVALID,Usage record references customer not in subscriptions
U0000770,C00002,2025-02-08,40.0,619.0,160,1,71,2.0,INVALID,Usage record references customer not in subscriptions
U0000771,C00644,2025-11-27,19.0,1526.0,495,43,7,10.0,VALID,No issues detected
U0000772,C00199,2024-06-29,6.0,259.0,504,49,95,5.0,INVALID,Usage record references customer not in subscriptions
U0000773,C00699,2024-09-06,46.0,810.0,107,1,3,500.0,VALID,No issues detected
U0000774,C00780,2025-12-19,45.0,524.0,631,10,98,10.0,VALID,No issues detected
U0000775,C01211,2025-06-26,29.0,1777.0,625,77,29,500.0,VALID,No issues detected
U0000776,C01246,2024-02-20,57.0,1520.0,665,73,97,,VALID,No issues detected
U0000777,C00565,2024-02-04,51.0,745.0,13,36,85,,INVALID,Usage record references customer not in subscriptions
U0000778,C00654,2025-09-19,54.0,,856,53,34,50.0,INVALID,Usage record references customer not in subscriptions
U0000779,C00068,2024-05-18,27.0,1940.0,379,12,19,50.0,INVALID,Usage record references customer not in subscriptions
U0000780,C01742,2024-03-09,15.0,764.0,187,45,36,-5.0,INVALID,Usage record references customer not in subscriptions
U0000781,C01611,2025-04-23,35.0,1307.0,396,25,60,50.0,INVALID,Usage record references customer not in subscriptions
U0000782,C00672,2026-01-08,24.0,1698.0,477,48,66,500.0,INVALID,Usage record references customer not in subscriptions
U0000783,C01401,2025-09-13,50.0,1934.0,283,62,18,50.0,INVALID,Usage record references customer not in subscriptions
U0000784,C00435,2024-01-02,42.0,1782.0,752,54,92,5.0,VALID,No issues detected
U0000785,C00433,2025-02-27,15.0,1391.0,791,25,11,50.0,VALID,No issues detected
U0000786,C00043,2024-04-21,52.0,434.0,685,29,45,,VALID,No issues detected
,C00248,2025-01-11,57.0,1009.0,869,71,8,10.0,INVALID,Missing usage_id; Usage record references customer not in subscriptions
U0000788,C01797,2025-01-28,-32.0,1310.0,783,7,9,100.0,INVALID,Usage record references customer not in subscriptions; Negative login_count
U0000789,C01711,2024-07-18,,1446.0,995,13,31,1.0,INVALID,Usage record references customer not in subscriptions
U0000790,C00283,2025-02-12,15.0,-458.0,488,4,86,-5.0,INVALID,Negative active_minutes
U0000791,C00726,2024-04-17,47.0,1589.0,772,52,87,,INVALID,Usage record references customer not in subscriptions
U0000792,C01008,2025-01-14,23.0,,690,64,19,500.0,VALID,No issues detected
U0000793,C01006,2024-03-09,1.0,1193.0,926,28,43,2.0,INVALID,Usage record references customer not in subscriptions
U0000794,C00550,2024-09-09,36.0,1830.0,255,36,84,1.0,VALID,No issues detected
U0000795,C00713,2024-04-03,15.0,1699.0,942,60,43,5.0,INVALID,Usage record references customer not in subscriptions
U0000796,C00224,2024-06-09,19.0,1176.0,833,48,98,1.0,VALID,No issues detected
U0000797,C00448,2024-07-31,,304.0,301,49,10,-5.0,VALID,No issues detected
U0000798,C00962,2025-09-23,34.0,1915.0,624,75,25,50.0,VALID,No issues detected
U0000799,C01330,2025-06-07,59.0,,494,39,53,5.0,INVALID,Usage record references customer not in subscriptions
U0000800,C01280,2024-08-23,4.0,1000.0,450,50,79,10.0,INVALID,Usage record references customer not in subscriptions
U0000801,C00086,2024-11-12,-27.0,1049.0,403,78,10,50.0,INVALID,Usage record references customer not in subscriptions; Negative login_count
U0000802,C01583,2024-10-17,21.0,385.0,679,28,77,20.0,INVALID,Usage record references customer not in subscriptions
U0000803,C01312,2025-08-04,55.0,-66.0,845,1,31,500.0,INVALID,Negative active_minutes
U0000804,C00700,2024-09-04,45.0,1655.0,815,62,37,5.0,INVALID,Usage record references customer not in subscriptions
U0000805,C01291,2024-05-30,47.0,277.0,910,14,90,-5.0,INVALID,Usage record references customer not in subscriptions
U0000806,C00094,2024-03-28,54.0,520.0,72,61,98,100.0,INVALID,Usage record references customer not in subscriptions
U0000807,C01240,2024-08-17,60.0,272.0,657,22,88,100.0,VALID,No issues detected
U0000808,C01056,2025-03-17,22.0,917.0,587,59,52,50.0,VALID,No issues detected
U0000809,C01353,2024-01-23,34.0,495.0,998,77,16,50.0,VALID,No issues detected
U0000810,C00016,2025-06-12,33.0,1655.0,946,18,86,1.0,INVALID,Usage record references customer not in subscriptions
U0000811,C00141,2025-06-14,,685.0,695,8,66,20.0,VALID,No issues detected
U0000812,C00446,2024-08-07,19.0,172.0,747,64,83,10.0,INVALID,Usage record references customer not in subscriptions
U0000813,C00790,2025-01-28,19.0,156.0,694,75,80,100.0,INVALID,Usage record references customer not in subscriptions
U0000814,C01592,2025-01-05,55.0,1030.0,727,49,37,2.0,INVALID,Usage record references customer not in subscriptions
U0000815,C01077,2024-08-28,2.0,995.0,360,6,19,1.0,VALID,No issues detected
U0000816,C00479,2025-09-19,-16.0,-43.0,81,30,57,20.0,INVALID,Usage record references customer not in subscriptions; Negative login_count; Negative active_minutes
U0000817,C00403,2025-10-13,18.0,,808,16,81,50.0,INVALID,Usage record references customer not in subscriptions
U0000818,C01076,2024-08-01,19.0,426.0,959,18,89,50.0,INVALID,Usage record references customer not in subscriptions
U0000819,C00061,2025-09-21,32.0,286.0,290,31,22,,INVALID,Usage record references customer not in subscriptions
U0000820,C00558,2024-04-05,,1132.0,287,30,16,50.0,INVALID,Usage record references customer not in subscriptions
U0000821,C01111,2025-01-01,32.0,56.0,852,77,26,50.0,VALID,No issues detected
U0000822,C01066,2025-08-28,27.0,1065.0,817,32,42,5.0,INVALID,Usage record references customer not in subscriptions
U0000823,C01790,2024-07-07,30.0,1690.0,754,8,45,5.0,VALID,No issues detected
U0000824,C01509,2025-05-14,45.0,1384.0,93,16,71,20.0,VALID,No issues detected
U0000825,C00237,2024-07-03,24.0,-31.0,873,5,48,2.0,INVALID,Negative active_minutes
U0000826,C01672,2025-06-29,7.0,1428.0,14,59,31,50.0,INVALID,Usage record references customer not in subscriptions
U0000827,C01461,2025-02-18,,325.0,610,4,11,,INVALID,Usage record references customer not in subscriptions
U0000828,C01604,2024-09-12,-45.0,1901.0,429,61,32,20.0,INVALID,Negative login_count
,C01412,2024-10-28,3.0,183.0,203,23,22,10.0,INVALID,Missing usage_id; Usage record references customer not in subscriptions
U0000830,C01753,2024-08-24,58.0,1341.0,166,62,45,10.0,INVALID,Usage record references customer not in subscriptions
U0000831,C01564,2024-09-15,4.0,,828,14,47,-5.0,VALID,No issues detected
U0000832,C01230,2025-03-12,23.0,,97,4,87,2.0,INVALID,Usage record references customer not in subscriptions
U0000833,C00944,2025-05-20,42.0,476.0,475,72,23,100.0,INVALID,Usage record references customer not in subscriptions
U0000834,C00565,2025-11-27,18.0,17.0,871,80,44,,INVALID,Usage record references customer not in subscriptions
U0000835,C01253,2024-03-10,44.0,,121,9,56,1.0,VALID,No issues detected
U0000836,C01009,2024-12-03,12.0,1524.0,829,58,32,2.0,VALID,No issues detected
U0000837,C01651,2024-08-02,22.0,1381.0,534,24,95,5.0,VALID,No issues detected
U0000838,C00227,2025-10-26,6.0,1755.0,840,48,71,2.0,INVALID,Usage record references customer not in subscriptions
,C01737,2024-11-05,33.0,470.0,605,77,88,5.0,INVALID,Missing usage_id; Usage record references customer not in subscriptions
U0000840,C01318,2025-02-25,52.0,1437.0,592,59,23,10.0,VALID,No issues detected
U0000841,C01357,2024-05-09,50.0,296.0,545,12,14,100.0,VALID,No issues detected
U0000842,C01576,2024-06-11,20.0,-20.0,7,52,73,,INVALID,Negative active_minutes
U0000843,C00617,2025-02-04,42.0,710.0,442,44,96,500.0,INVALID,Usage record references customer not in subscriptions
U0000844,C00155,2025-12-14,32.0,448.0,180,18,96,-5.0,INVALID,Usage record references customer not in subscriptions
U0000845,C00980,2025-05-22,56.0,607.0,483,62,78,20.0,VALID,No issues detected
U0000846,C00119,2024-03-31,24.0,1530.0,684,29,68,50.0,VALID,No issues detected
U0000847,C00576,2025-04-25,32.0,-217.0,630,20,39,,INVALID,Negative active_minutes
U0000848,C01152,2025-04-26,15.0,-203.0,560,2,79,100.0,INVALID,Usage record references customer not in subscriptions; Negative active_minutes
U0000849,C01039,2024-05-12,11.0,1944.0,153,17,84,,VALID,No issues detected
U0000850,C00162,2024-04-01,21.0,1258.0,432,63,42,500.0,VALID,No issues detected
U0000851,C00156,2025-12-06,8.0,455.0,108,47,61,-5.0,VALID,No issues detected
U0000852,C01235,2025-12-21,7.0,1212.0,20,64,81,5.0,VALID,No issues detected
U0000853,C01737,2024-07-13,16.0,604.0,732,5,63,2.0,INVALID,Usage record references customer not in subscriptions
U0000854,C01404,2024-11-15,30.0,1125.0,847,11,76,20.0,INVALID,Usage record references customer not in subscriptions
U0000855,C00119,2024-01-21,17.0,690.0,972,61,35,10.0,VALID,No issues detected
U0000856,C00406,2024-01-29,42.0,448.0,326,6,95,,INVALID,Usage record references customer not in subscriptions
U0000857,C01391,2025-05-04,8.0,1650.0,270,60,2,1.0,INVALID,Usage record references customer not in subscriptions
U0000858,C00628,2025-08-31,15.0,520.0,324,48,34,2.0,INVALID,Usage record references customer not in subscriptions
U0000859,C01389,2025-12-07,43.0,,847,41,8,1.0,VALID,No issues detected
U0000860,C01695,2024-11-28,44.0,1206.0,134,30,42,-5.0,INVALID,Usage record references customer not in subscriptions
U0000861,C01463,2024-02-26,,485.0,624,35,53,,VALID,No issues detected
U0000862,C01591,2024-02-20,59.0,1824.0,508,48,84,2.0,VALID,No issues detected
U0000863,C00311,2024-01-19,-51.0,1665.0,440,14,99,,INVALID,Usage record references customer not in subscriptions; Negative login_count
U0000864,C00860,2024-07-14,45.0,1648.0,730,69,84,50.0,VALID,No issues detected
U0000865,C01154,2025-09-12,12.0,1121.0,537,63,98,,VALID,No issues detected
U0000866,C00180,2026-01-29,14.0,1541.0,455,38,59,20.0,VALID,No issues detected
U0000867,C00602,2024-08-10,34.0,1420.0,285,78,79,10.0,INVALID,Usage record references customer not in subscriptions
U0000868,C01664,2025-07-23,6.0,1614.0,926,7,25,20.0,INVALID,Usage record references customer not in subscriptions
U0000869,C01128,2026-01-14,0.0,277.0,36,30,70,100.0,INVALID,Usage record references customer not in subscriptions
U0000870,C01300,2024-03-20,57.0,1338.0,52,33,82,100.0,VALID,No issues detected
U0000871,C01711,2024-07-05,26.0,,487,2,67,20.0,INVALID,Usage record references customer not in subscriptions
U0000872,C00389,2024-11-12,6.0,1456.0,291,8,87,10.0,INVALID,Usage record references customer not in subscriptions
U0000873,C00450,2024-10-07,57.0,514.0,388,16,42,5.0,INVALID,Usage record references customer not in subscriptions
U0000874,C00089,2025-03-15,12.0,1717.0,169,17,6,20.0,INVALID,Usage record references customer not in subscriptions
U0000875,C01361,2024-04-17,37.0,1538.0,877,19,61,1.0,INVALID,Usage record references customer not in subscriptions
U0000876,C01139,2025-05-21,20.0,1835.0,308,33,12,2.0,INVALID,Usage record references customer not in subscriptions
U0000877,C00962,2025-02-05,26.0,889.0,531,77,23,1.0,VALID,No issues detected
U0000878,C00844,2024-03-02,53.0,1476.0,281,12,38,100.0,VALID,No issues detected
U0000879,C01570,2024-07-12,6.0,67.0,758,25,34,2.0,VALID,No issues detected
U0000880,C01244,2025-01-02,42.0,287.0,323,42,73,5.0,INVALID,Usage record references customer not in subscriptions
U0000881,C00137,2025-07-04,34.0,57.0,222,78,99,1.0,INVALID,Usage record references customer not in subscriptions
U0000882,C01146,2025-10-01,52.0,906.0,62,31,34,5.0,INVALID,Usage record references customer not in subscriptions
U0000883,C00346,2024-05-24,,1793.0,184,33,29,50.0,VALID,No issues detected
U0000884,C00679,2024-12-18,48.0,1000.0,610,24,61,500.0,VALID,No issues detected
U0000885,C00751,2024-06-16,12.0,937.0,343,23,77,500.0,INVALID,Usage record references customer not in subscriptions
U0000886,C00847,2024-02-06,60.0,316.0,796,19,1,500.0,INVALID,Usage record references customer not in subscriptions
U0000887,C01798,2025-07-18,54.0,684.0,954,10,78,2.0,INVALID,Usage record references customer not in subscriptions
U0000888,C01102,2025-01-09,0.0,1355.0,307,17,52,500.0,VALID,No issues detected
U0000889,C01138,2025-01-24,40.0,1669.0,34,46,44,20.0,INVALID,Usage record references customer not in subscriptions
U0000890,C01618,2024-06-12,29.0,1885.0,877,11,21,5.0,INVALID,Usage record references customer not in subscriptions
U0000891,C01010,2025-03-25,7.0,-247.0,967,71,56,50.0,INVALID,Usage record references customer not in subscriptions; Negative active_minutes
U0000892,C00349,2025-01-12,21.0,1217.0,608,27,63,,INVALID,Usage record references customer not in subscriptions
U0000893,C01667,2024-06-16,10.0,294.0,645,11,43,-5.0,VALID,No issues detected
U0000894,C01393,2025-11-22,53.0,429.0,775,77,10,100.0,INVALID,Usage record references customer not in subscriptions
U0000895,C01038,2024-07-19,29.0,939.0,661,63,35,1.0,INVALID,Usage record references customer not in subscriptions
U0000896,C00422,2024-06-28,25.0,349.0,873,77,8,500.0,VALID,No issues detected
U0000897,C01428,2024-11-07,,251.0,969,46,80,-5.0,VALID,No issues detected
U0000898,C01635,2024-12-07,-20.0,,393,15,36,100.0,INVALID,Negative login_count
U0000899,C00477,2025-07-23,7.0,1933.0,301,27,51,20.0,VALID,No issues detected
U0000900,C01134,2025-12-20,23.0,506.0,178,4,52,2.0,INVALID,Usage record references customer not in subscriptions
,C01285,2025-09-08,0.0,1016.0,980,12,81,500.0,INVALID,Missing usage_id
U0000902,C00675,2025-04-22,27.0,1410.0,660,15,84,500.0,VALID,No issues detected
U0000903,C01596,2024-12-04,36.0,1603.0,588,46,7,20.0,INVALID,Usage record references customer not in subscriptions
U0000904,C00272,2025-07-04,9.0,677.0,216,47,68,20.0,VALID,No issues detected
U0000905,C01419,2024-12-15,,1488.0,857,16,31,10.0,INVALID,Usage record references customer not in subscriptions
U0000906,C01537,2024-02-20,48.0,609.0,400,41,78,1.0,VALID,No issues detected
U0000907,C01046,2025-09-01,46.0,1262.0,319,16,73,-5.0,INVALID,Usage record references customer not in subscriptions
U0000908,C00269,2025-08-25,-60.0,717.0,204,42,70,1.0,INVALID,Negative login_count
U0000909,C00100,2025-12-09,45.0,,273,54,65,5.0,INVALID,Usage record references customer not in subscriptions
U0000910,C01492,2025-05-14,7.0,1160.0,735,79,37,1.0,INVALID,Usage record references customer not in subscriptions
U0000911,C00189,2025-03-13,57.0,,397,59,7,10.0,INVALID,Usage record references customer not in subscriptions
U0000912,C01646,2024-08-08,15.0,1128.0,601,25,34,1.0,VALID,No issues detected
U0000913,C01276,2024-03-06,52.0,1646.0,868,73,81,5.0,INVALID,Usage record references customer not in subscriptions
,C01375,2024-09-08,19.0,686.0,350,9,47,10.0,INVALID,Missing usage_id; Usage record references customer not in subscriptions
U0000915,C00863,2025-08-24,53.0,146.0,121,5,42,-5.0,INVALID,Usage record references customer not in subscriptions
U0000916,C01270,2024-12-25,37.0,,996,29,70,10.0,INVALID,Usage record references customer not in subscriptions
U0000917,C01152,2025-07-13,8.0,556.0,635,38,62,20.0,INVALID,Usage record references customer not in subscriptions
U0000918,C00302,2024-04-05,,970.0,771,80,98,500.0,INVALID,Usage record references customer not in subscriptions
U0000919,C00406,2026-01-28,37.0,783.0,382,18,41,5.0,INVALID,Usage record references customer not in subscriptions
U0000920,C00291,2025-03-23,23.0,753.0,223,49,100,,VALID,No issues detected
U0000921,C00141,2025-12-24,31.0,1586.0,546,39,76,1.0,VALID,No issues detected
U0000922,C01193,2024-12-12,40.0,953.0,42,48,91,,VALID,No issues detected
U0000923,C00918,2025-10-21,54.0,1443.0,915,47,49,100.0,VALID,No issues detected
U0000924,C01737,2025-08-21,34.0,893.0,368,54,76,2.0,INVALID,Usage record references customer not in subscriptions
U0000925,C00011,2024-12-10,21.0,628.0,977,6,19,20.0,VALID,No issues detected
U0000926,C01263,2026-01-02,49.0,298.0,529,47,23,-5.0,INVALID,Usage record references customer not in subscriptions
U0000927,C00809,2025-03-07,-4.0,,344,38,20,5.0,INVALID,Negative login_count
U0000928,C01611,2024-10-19,8.0,1333.0,741,49,89,10.0,INVALID,Usage record references customer not in subscriptions
U0000929,C00431,2024-02-22,17.0,1464.0,919,67,14,,VALID,No issues detected
U0000930,C00270,2024-08-25,16.0,,933,49,48,,VALID,No issues detected
,C01504,2025-10-10,35.0,,210,53,99,2.0,INVALID,Missing usage_id
U0000932,C01522,2025-05-03,,,395,48,49,-5.0,VALID,No issues detected
U0000933,C00830,2024-05-21,41.0,1227.0,172,50,100,5.0,VALID,No issues detected
U0000934,C00457,2024-02-13,,32.0,421,60,8,100.0,VALID,No issues detected
U0000935,C00147,2024-06-29,6.0,360.0,449,48,24,,INVALID,Usage record references customer not in subscriptions
U0000936,C01374,2024-05-10,3.0,121.0,424,75,99,20.0,VALID,No issues detected
U0000937,C00021,2025-03-19,15.0,766.0,570,32,53,100.0,INVALID,Usage record references customer not in subscriptions
U0000938,C00599,2025-09-02,23.0,1532.0,330,64,54,100.0,INVALID,Usage record references customer not in subscriptions
U0000939,C01010,2025-08-19,,1905.0,197,58,41,500.0,INVALID,Usage record references customer not in subscriptions
U0000940,C01488,2024-09-21,,789.0,312,76,10,50.0,INVALID,Usage record references customer not in subscriptions
U0000941,C01248,2024-10-31,11.0,1709.0,881,55,98,,INVALID,Usage record references customer not in subscriptions
U0000942,C01388,2025-06-20,16.0,1850.0,667,80,68,500.0,VALID,No issues detected
U0000943,C00097,2025-06-29,45.0,1251.0,668,45,100,1.0,INVALID,Usage record references customer not in subscriptions
U0000944,C00340,2025-11-28,24.0,881.0,340,34,88,500.0,VALID,No issues detected
U0000945,C00692,2024-04-22,44.0,1554.0,472,77,90,,INVALID,Usage record references customer not in subscriptions
U0000946,C00307,2025-11-12,29.0,550.0,996,80,13,,VALID,No issues detected
U0000947,C01670,2025-07-31,47.0,1068.0,677,20,48,1.0,VALID,No issues detected
U0000948,C01517,2024-12-13,38.0,1547.0,795,2,1,20.0,INVALID,Usage record references customer not in subscriptions
,C01641,2025-11-01,58.0,1170.0,90,32,16,-5.0,INVALID,Missing usage_id
U0000950,C01533,2025-06-02,31.0,81.0,860,41,49,50.0,INVALID,Usage record references customer not in subscriptions
U0000951,C01130,2024-03-27,33.0,150.0,724,59,10,-5.0,INVALID,Usage record references customer not in subscriptions
U0000952,C00521,2024-07-13,46.0,1739.0,349,24,9,-5.0,VALID,No issues detected
U0000953,C01317,2025-04-10,28.0,770.0,579,69,15,100.0,INVALID,Usage record references customer not in subscriptions
U0000954,C00356,2025-07-10,54.0,1153.0,710,79,88,20.0,VALID,No issues detected
U0000955,C01334,2024-05-01,8.0,233.0,579,53,73,5.0,VALID,No issues detected
U0000956,C01166,2024-09-14,8.0,443.0,80,32,9,500.0,INVALID,Usage record references customer not in subscriptions
U0000957,C00758,2024-05-05,29.0,444.0,464,39,81,10.0,VALID,No issues detected
U0000958,C00400,2025-03-22,48.0,1876.0,612,40,96,1.0,VALID,No issues detected
U0000959,C01680,2024-10-22,60.0,1457.0,866,17,62,-5.0,INVALID,Usage record references customer not in subscriptions
U0000960,C00158,2025-11-24,4.0,1949.0,774,20,42,50.0,INVALID,Usage record references customer not in subscriptions
U0000961,C01307,2024-05-16,47.0,1006.0,319,37,68,,INVALID,Usage record references customer not in subscriptions
,C00175,2024-01-02,58.0,1503.0,731,49,62,10.0,INVALID,Missing usage_id; Usage record references customer not in subscriptions
U0000963,C00499,2025-04-02,52.0,1356.0,929,44,68,100.0,INVALID,Usage record references customer not in subscriptions
U0000964,C00290,2025-10-03,23.0,1343.0,268,71,4,50.0,VALID,No issues detected
U0000965,C01263,2025-04-21,36.0,1192.0,291,40,66,20.0,INVALID,Usage record references customer not in subscriptions
U0000966,C00308,2025-06-14,35.0,-332.0,941,58,68,-5.0,INVALID,Usage record references customer not in subscriptions; Negative active_minutes
U0000967,C00414,2024-08-16,52.0,978.0,452,76,3,-5.0,VALID,No issues detected
U0000968,C00861,2025-05-19,-55.0,1980.0,62,0,27,-5.0,INVALID,Usage record references customer not in subscriptions; Negative login_count
U0000969,C00263,2026-01-07,0.0,,805,49,86,,INVALID,Usage record references customer not in subscriptions
U0000970,C00495,2024-04-06,46.0,1367.0,748,17,17,,INVALID,Usage record references customer not in subscriptions
U0000971,C00798,2024-02-09,16.0,879.0,891,68,19,100.0,INVALID,Usage record references customer not in subscriptions
,C00751,2024-08-16,0.0,735.0,753,77,54,50.0,INVALID,Missing usage_id; Usage record references customer not in subscriptions
U0000973,C01730,2025-12-05,28.0,,494,6,6,50.0,INVALID,Usage record references customer not in subscriptions
U0000974,C01358,2024-05-15,25.0,1447.0,927,9,53,,INVALID,Usage record references customer not in subscriptions
U0000975,C01586,2025-01-07,37.0,622.0,298,12,64,20.0,INVALID,Usage record references customer not in subscriptions
U0000976,C00433,2025-05-15,0.0,,126,43,14,2.0,VALID,No issues detected
U0000977,C00488,2024-06-12,33.0,474.0,787,9,73,-5.0,INVALID,Usage record references customer not in subscriptions
U0000978,C01626,2024-10-12,24.0,1550.0,247,52,9,500.0,INVALID,Usage record references customer not in subscriptions
,C00689,2024-11-09,5.0,20.0,927,42,91,5.0,INVALID,Missing usage_id; Usage record references customer not in subscriptions
U0000980,C01079,2024-08-24,51.0,-474.0,249,9,33,1.0,INVALID,Usage record references customer not in subscriptions; Negative active_minutes
U0000981,C00941,2025-02-25,28.0,463.0,698,69,65,10.0,INVALID,Usage record references customer not in subscriptions
U0000982,C01072,2025-05-12,37.0,1725.0,41,56,1,100.0,INVALID,Usage record references customer not in subscriptions
U0000983,C01422,2024-06-27,27.0,1521.0,476,27,60,500.0,INVALID,Usage record references customer not in subscriptions
U0000984,C01515,2024-01-04,25.0,955.0,520,60,78,10.0,VALID,No issues detected
U0000985,C01082,2025-08-22,60.0,559.0,924,68,33,2.0,INVALID,Usage record references customer not in subscriptions
U0000986,C00666,2024-12-25,14.0,373.0,292,28,16,-5.0,INVALID,Usage record references customer not in subscriptions
U0000987,C01224,2024-06-12,56.0,1732.0,185,46,30,50.0,INVALID,Usage record references customer not in subscriptions
U0000988,C01327,2025-11-28,49.0,1077.0,317,62,35,1.0,INVALID,Usage record references customer not in subscriptions
U0000989,C01179,2024-09-06,8.0,1915.0,661,76,55,1.0,VALID,No issues detected
U0000990,C01335,2025-05-24,9.0,1020.0,218,73,73,,VALID,No issues detected
U0000991,C00579,2025-10-04,55.0,1346.0,110,23,52,,VALID,No issues detected
U0000992,C01042,2025-06-16,51.0,1404.0,423,42,24,5.0,INVALID,Usage record references customer not in subscriptions
U0000993,C00657,2024-12-09,24.0,1739.0,543,45,71,500.0,INVALID,Usage record references customer not in subscriptions
U0000994,C00579,2025-06-21,34.0,,570,36,38,10.0,VALID,No issues detected
U0000995,C00179,2024-05-05,28.0,85.0,789,19,86,5.0,VALID,No issues detected
U0000996,C01134,2025-05-16,,550.0,762,19,79,2.0,INVALID,Usage record references customer not in subscriptions
U0000997,C01051,2024-08-19,37.0,258.0,905,27,68,50.0,INVALID,Usage record references customer not in subscriptions
U0000998,C01707,2025-01-13,13.0,1739.0,897,57,0,-5.0,INVALID,Usage record references customer not in subscriptions
U0000999,C01312,2024-09-24,35.0,1435.0,31,2,24,,VALID,No issues detected
U0001000,C01064,2025-03-15,-32.0,1666.0,107,39,66,5.0,INVALID,Usage record references customer not in subscriptions; Negative login_count
U0001001,C01019,2024-04-24,43.0,1675.0,158,20,32,1.0,VALID,No issues detected
U0001002,C01782,2024-01-21,45.0,1665.0,504,15,71,10.0,INVALID,Usage record references customer not in subscriptions
U0001003,C01511,2025-05-18,43.0,652.0,776,47,28,20.0,VALID,No issues detected
U0001004,C00812,2026-01-06,57.0,1597.0,20,74,62,2.0,VALID,No issues detected
U0001005,C00908,2025-12-05,,1820.0,978,75,79,1.0,INVALID,Usage record references customer not in subscriptions
U0001006,C00726,2024-10-26,5.0,1379.0,261,14,4,50.0,INVALID,Usage record references customer not in subscriptions
U0001007,C00956,2024-08-23,,578.0,547,9,7,-5.0,INVALID,Usage record references customer not in subscriptions
U0001008,C00123,2024-06-09,22.0,1552.0,412,52,34,-5.0,VALID,No issues detected
U0001009,C00649,2024-03-10,29.0,1137.0,39,76,49,20.0,VALID,No issues detected
U0001010,C01722,2024-02-26,,66.0,721,68,49,-5.0,INVALID,Usage record references customer not in subscriptions
U0001011,C00880,2024-03-24,58.0,1459.0,567,30,22,,INVALID,Usage record references customer not in subscriptions
U0001012,C01588,2024-11-17,32.0,1434.0,310,5,75,100.0,VALID,No issues detected
U0001013,C00180,2024-06-04,,223.0,438,31,78,,VALID,No issues detected
U0001014,C01502,2025-01-04,1.0,1865.0,993,25,38,1.0,INVALID,Usage record references customer not in subscriptions
U0001015,C00107,2025-06-25,33.0,987.0,789,68,5,5.0,INVALID,Usage record references customer not in subscriptions
U0001016,C00601,2025-04-15,39.0,751.0,154,69,30,2.0,VALID,No issues detected
U0001017,C01231,2025-12-13,28.0,92.0,250,26,45,5.0,VALID,No issues detected
U0001018,C00622,2024-08-12,,1112.0,882,40,51,500.0,INVALID,Usage record references customer not in subscriptions
,C00615,2025-06-29,39.0,105.0,538,33,59,-5.0,INVALID,Missing usage_id; Usage record references customer not in subscriptions
U0001020,C01352,2024-08-24,-52.0,1851.0,907,11,87,500.0,INVALID,Usage record references customer not in subscriptions; Negative login_count
U0001021,C01248,2024-10-17,13.0,1305.0,156,42,75,50.0,INVALID,Usage record references customer not in subscriptions
U0001022,C00335,2024-01-12,58.0,1945.0,659,80,20,50.0,INVALID,Usage record references customer not in subscriptions
U0001023,C01749,2024-07-01,19.0,1113.0,777,43,65,20.0,INVALID,Usage record references customer not in subscriptions
U0001024,C01220,2025-02-12,57.0,1299.0,107,36,52,5.0,INVALID,Usage record references customer not in subscriptions
U0001025,C01493,2024-01-27,35.0,1418.0,87,76,8,500.0,VALID,No issues detected
U0001026,C01638,2024-07-14,8.0,574.0,412,0,0,20.0,VALID,No issues detected
U0001027,C01741,2026-01-08,60.0,1378.0,956,36,73,1.0,INVALID,Usage record references customer not in subscriptions
U0001028,C01709,2025-11-08,53.0,1229.0,70,35,21,-5.0,INVALID,Usage record references customer not in subscriptions
,C00869,2025-04-08,-7.0,1373.0,298,68,86,-5.0,INVALID,Missing usage_id; Negative login_count
U0001030,C00839,2024-12-26,,1130.0,20,58,46,-5.0,INVALID,Usage record references customer not in subscriptions
U0001031,C01658,2025-06-18,31.0,3.0,834,47,22,5.0,INVALID,Usage record references customer not in subscriptions
U0001032,C00356,2025-08-01,47.0,-70.0,477,34,18,100.0,INVALID,Negative active_minutes
U0001033,C01068,2024-12-06,29.0,-44.0,564,13,57,20.0,INVALID,Negative active_minutes
U0001034,C00712,2025-10-27,58.0,1907.0,553,35,31,50.0,INVALID,Usage record references customer not in subscriptions
U0001035,C00532,2024-10-21,56.0,135.0,636,58,11,10.0,VALID,No issues detected
U0001036,C01411,2024-01-20,35.0,835.0,538,33,41,,INVALID,Usage record references customer not in subscriptions
U0001037,C01292,2025-08-04,7.0,1131.0,553,55,75,1.0,INVALID,Usage record references customer not in subscriptions
U0001038,C00940,2024-03-20,20.0,696.0,394,33,5,20.0,INVALID,Usage record references customer not in subscriptions
U0001039,C01183,2024-06-07,5.0,632.0,216,41,64,-5.0,VALID,No issues detected
U0001040,C00111,2025-09-04,14.0,18.0,336,17,88,10.0,INVALID,Usage record references customer not in subscriptions
U0001041,C00873,2024-01-08,,65.0,378,15,74,1.0,VALID,No issues detected
U0001042,C00267,2025-11-21,38.0,-325.0,128,56,94,-5.0,INVALID,Usage record references customer not in subscriptions; Negative active_minutes
U0001043,C00336,2025-10-29,18.0,1420.0,412,36,66,1.0,VALID,No issues detected
U0001044,C00445,2024-05-02,34.0,1414.0,42,25,18,500.0,VALID,No issues detected
U0001045,C01179,2025-01-18,-10.0,1890.0,541,79,16,,INVALID,Negative login_count
U0001046,C00706,2025-07-29,16.0,562.0,55,48,77,100.0,VALID,No issues detected
U0001047,C00616,2025-03-25,29.0,1253.0,305,14,80,1.0,INVALID,Usage record references customer not in subscriptions
U0001048,C01260,2024-04-11,25.0,,273,39,97,,INVALID,Usage record references customer not in subscriptions
U0001049,C00263,2025-09-27,58.0,853.0,637,52,71,10.0,INVALID,Usage record references customer not in subscriptions
U0001050,C00189,2024-12-23,30.0,,670,61,58,20.0,INVALID,Usage record references customer not in subscriptions
U0001051,C00866,2025-12-25,11.0,1357.0,374,30,93,-5.0,VALID,No issues detected
U0001052,C01348,2024-01-25,,1789.0,27,64,53,2.0,VALID,No issues detected
U0001053,C01792,2024-06-06,24.0,1832.0,840,50,38,-5.0,VALID,No issues detected
U0001054,C01525,2025-12-27,23.0,1433.0,183,71,47,50.0,VALID,No issues detected
U0001055,C00426,2024-06-17,52.0,-150.0,609,37,16,10.0,INVALID,Negative active_minutes
U0001056,C01314,2024-03-10,36.0,1515.0,550,15,74,20.0,INVALID,Usage record references customer not in subscriptions
U0001057,C00439,2024-03-29,16.0,694.0,439,37,58,50.0,VALID,No issues detected
U0001058,C01076,2024-05-28,57.0,,367,69,84,10.0,INVALID,Usage record references customer not in subscriptions
U0001059,C01767,2024-07-23,52.0,15.0,944,73,80,10.0,VALID,No issues detected
U0001060,C01691,2024-12-23,30.0,1737.0,24,28,95,20.0,VALID,No issues detected
U0001061,C01557,2024-04-14,16.0,837.0,249,60,91,1.0,INVALID,Usage record references customer not in subscriptions
U0001062,C00272,2024-09-16,38.0,295.0,536,15,6,,VALID,No issues detected
U0001063,C01744,2024-10-30,34.0,,397,30,50,5.0,INVALID,Usage record references customer not in subscriptions
U0001064,C01495,2025-04-22,,672.0,82,42,75,100.0,VALID,No issues detected
U0001065,C00294,2025-06-10,19.0,963.0,524,8,44,20.0,VALID,No issues detected
U0001066,C00012,2024-09-01,25.0,-388.0,161,78,26,50.0,INVALID,Usage record references customer not in subscriptions; Negative active_minutes
U0001067,C00390,2025-12-27,,,622,28,36,50.0,INVALID,Usage record references customer not in subscriptions
U0001068,C00321,2025-01-31,53.0,41.0,85,42,4,100.0,VALID,No issues detected
U0001069,C00783,2025-09-07,41.0,842.0,976,9,64,10.0,INVALID,Usage record references customer not in subscriptions
U0001070,C00007,2025-07-10,60.0,808.0,491,60,35,50.0,INVALID,Usage record references customer not in subscriptions
U0001071,C00183,2024-12-01,4.0,616.0,674,56,86,,INVALID,Usage record references customer not in subscriptions
U0001072,C00950,2024-07-11,7.0,,915,49,64,100.0,INVALID,Usage record references customer not in subscriptions
U0001073,C01063,2024-05-04,,1300.0,844,30,64,-5.0,INVALID,Usage record references customer not in subscriptions
U0001074,C01417,2025-12-13,43.0,750.0,471,14,5,500.0,INVALID,Usage record references customer not in subscriptions
U0001075,C00368,2024-05-24,38.0,257.0,939,44,37,2.0,INVALID,Usage record references customer not in subscriptions
U0001076,C00869,2024-05-04,38.0,908.0,753,32,62,,VALID,No issues detected
U0001077,C01669,2026-01-23,,1140.0,309,11,25,20.0,INVALID,Usage record references customer not in subscriptions
U0001078,C00277,2025-11-05,-7.0,184.0,859,71,81,50.0,INVALID,Negative login_count
U0001079,C00265,2024-02-09,8.0,898.0,75,74,58,20.0,INVALID,Usage record references customer not in subscriptions
,C00219,2024-10-29,2.0,1307.0,163,39,27,1.0,INVALID,Missing usage_id
U0001081,C00970,2024-04-26,0.0,68.0,416,16,39,-5.0,INVALID,Usage record references customer not in subscriptions
U0001082,C00278,2025-09-28,31.0,1865.0,613,25,61,5.0,INVALID,Usage record references customer not in subscriptions
U0001083,C00468,2025-05-09,50.0,1020.0,616,69,56,50.0,VALID,No issues detected
U0001084,C01308,2026-01-21,12.0,1567.0,383,36,33,10.0,VALID,No issues detected
U0001085,C00998,2024-02-13,56.0,555.0,526,4,98,100.0,INVALID,Usage record references customer not in subscriptions
U0001086,C01547,2025-04-05,26.0,387.0,491,73,98,2.0,INVALID,Usage record references customer not in subscriptions
U0001087,C01348,2025-10-23,24.0,879.0,128,38,37,20.0,VALID,No issues detected
,C01209,2025-11-16,31.0,1734.0,198,71,61,,INVALID,Missing usage_id; Usage record references customer not in subscriptions
U0001089,C00701,2024-04-26,33.0,1376.0,701,2,68,-5.0,INVALID,Usage record references customer not in subscriptions
U0001090,C00186,2024-01-25,,1592.0,586,76,7,10.0,INVALID,Usage record references customer not in subscriptions
U0001091,C00234,2024-02-11,52.0,370.0,138,76,78,2.0,VALID,No issues detected
U0001092,C01254,2024-06-01,50.0,1495.0,304,11,15,100.0,INVALID,Usage record references customer not in subscriptions
U0001093,C01386,2024-09-22,19.0,1972.0,225,47,57,,INVALID,Usage record references customer not in subscriptions
U0001094,C00992,2025-06-19,50.0,93.0,955,76,37,10.0,VALID,No issues detected
U0001095,C00257,2025-06-01,-7.0,1932.0,291,28,69,-5.0,INVALID,Negative login_count
U0001096,C01129,2024-09-12,48.0,114.0,268,29,9,2.0,INVALID,Usage record references customer not in subscriptions
U0001097,C00201,2025-09-02,14.0,,143,7,58,500.0,VALID,No issues detected
U0001098,C00112,2024-04-04,20.0,-433.0,550,49,5,10.0,INVALID,Usage record references customer not in subscriptions; Negative active_minutes
U0001099,C00912,2024-08-02,26.0,1574.0,459,18,72,2.0,VALID,No issues detected
U0001100,C00404,2024-04-16,33.0,1099.0,667,70,21,100.0,INVALID,Usage record references customer not in subscriptions
U0001101,C00371,2025-09-15,51.0,1584.0,805,3,33,-5.0,INVALID,Usage record references customer not in subscriptions
U0001102,C00574,2024-11-02,49.0,903.0,252,32,16,50.0,INVALID,Usage record references customer not in subscriptions
U0001103,C01305,2024-07-03,26.0,517.0,188,54,73,-5.0,INVALID,Usage record references customer not in subscriptions
U0001104,C00407,2024-12-04,20.0,941.0,6,26,37,1.0,VALID,No issues detected
U0001105,C00609,2025-11-14,17.0,1506.0,218,29,24,20.0,INVALID,Usage record references customer not in subscriptions
U0001106,C01692,2025-10-27,32.0,809.0,737,2,44,10.0,INVALID,Usage record references customer not in subscriptions
U0001107,C01626,2025-01-31,14.0,1270.0,83,30,72,2.0,INVALID,Usage record references customer not in subscriptions
U0001108,C00185,2024-04-02,34.0,925.0,298,63,100,-5.0,INVALID,Usage record references customer not in subscriptions
U0001109,C00019,2025-01-22,37.0,985.0,302,15,84,-5.0,VALID,No issues detected
U0001110,C00563,2025-11-13,57.0,805.0,332,27,16,20.0,INVALID,Usage record references customer not in subscriptions
U0001111,C00321,2025-11-19,34.0,1252.0,374,71,62,-5.0,VALID,No issues detected
U0001112,C01500,2026-01-12,,,910,35,55,2.0,VALID,No issues detected
U0001113,C01100,2025-03-25,,485.0,971,52,13,10.0,INVALID,Usage record references customer not in subscriptions
U0001114,C00495,2024-06-28,53.0,101.0,565,0,8,5.0,INVALID,Usage record references customer not in subscriptions
U0001115,C00606,2024-10-28,18.0,,828,15,43,20.0,INVALID,Usage record references customer not in subscriptions
U0001116,C00916,2025-05-21,49.0,1661.0,495,64,20,2.0,VALID,No issues detected
U0001117,C01003,2024-12-16,48.0,846.0,531,28,32,50.0,VALID,No issues detected
U0001118,C01296,2025-03-19,59.0,1445.0,250,19,79,,INVALID,Usage record references customer not in subscriptions
U0001119,C01735,2024-05-16,,1430.0,761,26,53,5.0,VALID,No issues detected
U0001120,C01061,2025-06-22,37.0,15.0,918,76,81,,INVALID,Usage record references customer not in subscriptions
U0001121,C00870,2025-01-09,30.0,1316.0,131,61,81,,INVALID,Usage record references customer not in subscriptions
U0001122,C00966,2025-01-10,43.0,1197.0,176,68,31,10.0,VALID,No issues detected
U0001123,C00062,2024-10-16,42.0,640.0,650,28,20,2.0,VALID,No issues detected
U0001124,C01026,2024-06-04,42.0,1902.0,314,32,58,20.0,VALID,No issues detected
U0001125,C01339,2024-01-16,20.0,908.0,262,9,15,,INVALID,Usage record references customer not in subscriptions
U0001126,C01134,2024-04-19,58.0,958.0,313,14,68,20.0,INVALID,Usage record references customer not in subscriptions
U0001127,C00213,2025-12-26,60.0,1390.0,899,52,58,500.0,INVALID,Usage record references customer not in subscriptions
U0001128,C00865,2025-01-02,51.0,1074.0,746,2,45,10.0,INVALID,Usage record references customer not in subscriptions
,C01726,2024-08-23,4.0,489.0,112,75,75,-5.0,INVALID,Missing usage_id; Usage record references customer not in subscriptions
U0001130,C00809,2024-08-12,53.0,1414.0,600,60,93,100.0,VALID,No issues detected
U0001131,C00408,2024-06-14,23.0,1207.0,841,69,36,2.0,VALID,No issues detected
U0001132,C00274,2024-04-04,14.0,926.0,202,72,22,100.0,INVALID,Usage record references customer not in subscriptions
U0001133,C00609,2024-04-06,,222.0,88,29,96,500.0,INVALID,Usage record references customer not in subscriptions
U0001134,C01752,2025-04-13,33.0,,298,13,75,50.0,VALID,No issues detected
U0001135,C01686,2025-07-31,23.0,1036.0,825,6,92,100.0,VALID,No issues detected
U0001136,C00995,2024-08-24,10.0,427.0,230,33,7,20.0,INVALID,Usage record references customer not in subscriptions
U0001137,C01612,2024-09-18,49.0,363.0,11,24,97,100.0,VALID,No issues detected
U0001138,C00576,2025-08-12,10.0,64.0,771,38,6,10.0,VALID,No issues detected
U0001139,C00626,2024-09-24,25.0,409.0,319,48,42,100.0,INVALID,Usage record references customer not in subscriptions
U0001140,C00478,2024-10-27,20.0,1482.0,278,79,25,100.0,VALID,No issues detected
U0001141,C01778,2025-07-30,42.0,415.0,737,21,95,20.0,INVALID,Usage record references customer not in subscriptions
U0001142,C00511,2024-06-21,29.0,,34,47,2,10.0,INVALID,Usage record references customer not in subscriptions
U0001143,C00338,2025-10-07,43.0,1091.0,688,73,28,-5.0,VALID,No issues detected
U0001144,C01067,2025-10-11,43.0,442.0,251,76,9,20.0,INVALID,Usage record references customer not in subscriptions
U0001145,C00202,2026-01-03,42.0,1967.0,140,62,38,100.0,INVALID,Usage record references customer not in subscriptions
U0001146,C00426,2025-11-22,38.0,1040.0,980,35,25,,VALID,No issues detected
U0001147,C00220,2025-08-20,7.0,1046.0,667,80,20,-5.0,INVALID,Usage record references customer not in subscriptions
U0001148,C01169,2025-10-16,14.0,1362.0,685,12,6,100.0,VALID,No issues detected
U0001149,C00828,2024-05-15,48.0,240.0,341,38,80,50.0,INVALID,Usage record references customer not in subscriptions
U0001150,C01225,2024-12-27,45.0,1036.0,420,51,94,-5.0,INVALID,Usage record references customer not in subscriptions
U0001151,C00002,2024-01-26,43.0,6.0,49,9,9,1.0,INVALID,Usage record references customer not in subscriptions
U0001152,C00314,2024-02-19,43.0,,43,58,25,100.0,VALID,No issues detected
U0001153,C01241,2026-01-01,,1664.0,461,6,12,,INVALID,Usage record references customer not in subscriptions
U0001154,C00512,2025-03-04,32.0,1004.0,852,20,40,,INVALID,Usage record references customer not in subscriptions
U0001155,C00815,2024-11-01,11.0,1434.0,282,13,36,20.0,INVALID,Usage record references customer not in subscriptions
U0001156,C00994,2025-01-20,40.0,1540.0,833,51,88,10.0,INVALID,Usage record references customer not in subscriptions
U0001157,C01561,2024-10-15,26.0,184.0,723,17,97,500.0,INVALID,Usage record references customer not in subscriptions
U0001158,C00166,2025-12-11,,163.0,991,71,47,500.0,VALID,No issues detected
U0001159,C00355,2025-09-15,22.0,618.0,510,43,32,500.0,INVALID,Usage record references customer not in subscriptions
U0001160,C01285,2025-06-01,25.0,1990.0,393,24,2,10.0,VALID,No issues detected
U0001161,C00089,2024-08-08,,847.0,298,48,73,2.0,INVALID,Usage record references customer not in subscriptions
U0001162,C00710,2024-05-15,2.0,316.0,226,77,31,,INVALID,Usage record references customer not in subscriptions
U0001163,C00924,2025-11-15,5.0,347.0,805,73,90,50.0,INVALID,Usage record references customer not in subscriptions
U0001164,C00900,2025-03-04,32.0,809.0,163,0,95,100.0,INVALID,Usage record references customer not in subscriptions
U0001165,C00389,2024-07-28,9.0,253.0,323,72,38,1.0,INVALID,Usage record references customer not in subscriptions
U0001166,C01097,2025-10-31,31.0,-70.0,635,74,39,50.0,INVALID,Usage record references customer not in subscriptions; Negative active_minutes
U0001167,C00837,2025-02-12,40.0,1331.0,90,12,24,2.0,VALID,No issues detected
U0001168,C01359,2025-11-29,34.0,,267,62,42,,INVALID,Usage record references customer not in subscriptions
U0001169,C01419,2025-09-06,23.0,549.0,436,23,19,,INVALID,Usage record references customer not in subscriptions
U0001170,C00756,2025-11-12,40.0,1136.0,353,51,85,5.0,VALID,No issues detected
U0001171,C01674,2024-11-03,8.0,,575,71,91,-5.0,INVALID,Usage record references customer not in subscriptions
U0001172,C01409,2024-03-07,-39.0,-351.0,325,7,58,20.0,INVALID,Negative login_count; Negative active_minutes
U0001173,C01211,2024-05-26,38.0,1250.0,861,20,40,50.0,VALID,No issues detected
U0001174,C00942,2026-01-19,43.0,713.0,566,77,53,,INVALID,Usage record references customer not in subscriptions
U0001175,C01519,2025-03-30,39.0,340.0,966,7,24,500.0,INVALID,Usage record references customer not in subscriptions
U0001176,C01597,2024-09-11,45.0,229.0,809,66,30,5.0,VALID,No issues detected
U0001177,C01087,2024-12-27,18.0,1130.0,545,28,94,100.0,INVALID,Usage record references customer not in subscriptions
U0001178,C00836,2025-05-27,43.0,1226.0,747,40,55,2.0,INVALID,Usage record references customer not in subscriptions
U0001179,C01140,2025-09-15,13.0,427.0,494,70,46,500.0,VALID,No issues detected
U0001180,C99999,2024-04-17,,16.0,83,58,27,500.0,INVALID,Usage record references customer not in subscriptions
U0001181,C00920,2024-04-04,13.0,1445.0,208,66,96,2.0,INVALID,Usage record references customer not in subscriptions
U0001182,C01523,2024-08-24,,90.0,457,69,61,500.0,INVALID,Usage record references customer not in subscriptions
U0001183,C01314,2024-12-07,,1279.0,963,40,88,2.0,INVALID,Usage record references customer not in subscriptions
U0001184,C01783,2025-01-08,30.0,455.0,608,23,2,1.0,INVALID,Usage record references customer not in subscriptions
U0001185,C00888,2025-10-10,0.0,1242.0,845,24,88,1.0,INVALID,Usage record references customer not in subscriptions
U0001186,C00299,2024-09-02,19.0,116.0,402,64,60,2.0,INVALID,Usage record references customer not in subscriptions
U0001187,C01260,2025-04-20,7.0,1423.0,212,29,49,20.0,INVALID,Usage record references customer not in subscriptions
,C00916,2025-05-24,15.0,340.0,268,11,34,-5.0,INVALID,Missing usage_id
U0001189,C00021,2025-01-09,11.0,1782.0,360,0,94,20.0,INVALID,Usage record references customer not in subscriptions
U0001190,C00531,2025-07-02,17.0,1432.0,164,78,64,20.0,INVALID,Usage record references customer not in subscriptions
U0001191,C00502,2025-08-02,8.0,461.0,972,32,57,1.0,INVALID,Usage record references customer not in subscriptions
U0001192,C01218,2024-01-05,31.0,1572.0,948,40,3,500.0,INVALID,Usage record references customer not in subscriptions
U0001193,C00469,2025-06-18,26.0,709.0,234,47,40,5.0,INVALID,Usage record references customer not in subscriptions
U0001194,C00066,2024-11-15,-41.0,622.0,781,10,30,50.0,INVALID,Negative login_count
U0001195,C00653,2025-04-06,9.0,1305.0,781,14,19,-5.0,INVALID,Usage record references customer not in subscriptions
U0001196,C00387,2025-05-18,6.0,1615.0,739,68,5,,INVALID,Usage record references customer not in subscriptions
U0001197,C00219,2025-07-12,27.0,1898.0,828,71,43,1.0,VALID,No issues detected
U0001198,C01539,2025-12-09,58.0,1773.0,851,65,34,,VALID,No issues detected
U0001199,C00042,2025-06-08,24.0,1096.0,73,16,67,10.0,VALID,No issues detected
U0001200,C00509,2024-11-12,51.0,1042.0,85,53,33,,VALID,No issues detected
U0001201,C01798,2024-10-31,7.0,1722.0,729,57,13,1.0,INVALID,Usage record references customer not in subscriptions
U0001202,C01253,2024-02-01,12.0,893.0,544,28,26,500.0,VALID,No issues detected
U0001203,C01032,2025-06-01,16.0,-93.0,250,19,26,2.0,INVALID,Negative active_minutes
U0001204,C00857,2025-10-24,-1.0,307.0,797,78,12,10.0,INVALID,Usage record references customer not in subscriptions; Negative login_count
U0001205,C00746,2024-01-09,22.0,1461.0,977,65,89,2.0,INVALID,Usage record references customer not in subscriptions
U0001206,C01060,2024-04-26,,102.0,619,4,52,50.0,INVALID,Usage record references customer not in subscriptions
U0001207,C00798,2025-03-08,52.0,1082.0,179,4,28,5.0,INVALID,Usage record references customer not in subscriptions
U0001208,C00888,2024-09-02,43.0,348.0,277,9,97,50.0,INVALID,Usage record references customer not in subscriptions
U0001209,C00230,2025-09-07,,1911.0,490,12,24,500.0,VALID,No issues detected
U0001210,C00091,2025-04-30,52.0,1518.0,10,7,80,-5.0,VALID,No issues detected
U0001211,C01395,2024-05-19,25.0,-471.0,23,62,94,,INVALID,Negative active_minutes
U0001212,C01108,2024-07-10,,143.0,173,43,67,1.0,VALID,No issues detected
U0001213,C00513,2026-01-02,14.0,817.0,563,16,57,,VALID,No issues detected
U0001214,C00719,2025-02-08,59.0,1456.0,945,52,70,-5.0,VALID,No issues detected
U0001215,C01610,2025-02-12,48.0,1749.0,418,55,92,1.0,VALID,No issues detected
U0001216,C01616,2024-12-03,52.0,750.0,214,8,81,5.0,INVALID,Usage record references customer not in subscriptions
U0001217,C00188,2024-03-20,13.0,56.0,740,9,20,2.0,VALID,No issues detected
U0001218,C00009,2024-07-30,53.0,969.0,468,74,97,5.0,INVALID,Usage record references customer not in subscriptions
U0001219,C01658,2024-05-29,18.0,404.0,813,63,18,500.0,INVALID,Usage record references customer not in subscriptions
U0001220,C01618,2025-10-07,-10.0,1962.0,677,32,34,10.0,INVALID,Usage record references customer not in subscriptions; Negative login_count
U0001221,C01422,2024-09-02,38.0,1524.0,554,31,76,,INVALID,Usage record references customer not in subscriptions
U0001222,C01196,2025-09-22,0.0,692.0,381,69,70,1.0,VALID,No issues detected
U0001223,C00033,2024-02-17,28.0,,103,0,68,100.0,INVALID,Usage record references customer not in subscriptions
U0001224,C01733,2024-09-27,60.0,1240.0,636,72,30,1.0,INVALID,Usage record references customer not in subscriptions
U0001225,C01176,2024-12-13,,571.0,874,30,18,10.0,VALID,No issues detected
U0001226,C01761,2025-08-06,39.0,1939.0,562,29,93,-5.0,INVALID,Usage record references customer not in subscriptions
U0001227,C00009,2025-03-20,17.0,1518.0,424,27,37,20.0,INVALID,Usage record references customer not in subscriptions
U0001228,C00874,2024-08-08,45.0,565.0,506,55,38,50.0,INVALID,Usage record references customer not in subscriptions
U0001229,C00317,2025-07-09,5.0,,998,72,11,1.0,INVALID,Usage record references customer not in subscriptions
U0001230,C00587,2024-09-20,,1420.0,583,35,43,2.0,INVALID,Usage record references customer not in subscriptions
U0001231,C01302,2025-07-07,47.0,620.0,813,67,17,5.0,VALID,No issues detected
U0001232,C01542,2024-09-15,21.0,881.0,73,56,27,,VALID,No issues detected
U0001233,C01429,2024-07-20,,1095.0,851,74,50,50.0,VALID,No issues detected
U0001234,C01139,2025-09-05,39.0,600.0,420,51,1,2.0,INVALID,Usage record references customer not in subscriptions
U0001235,C00098,2025-10-18,56.0,105.0,387,32,88,5.0,VALID,No issues detected
U0001236,C00089,2025-08-21,29.0,,967,40,4,100.0,INVALID,Usage record references customer not in subscriptions
,C00722,2025-11-07,33.0,-438.0,637,32,38,100.0,INVALID,Missing usage_id; Negative active_minutes
U0001238,C00607,2024-08-23,16.0,486.0,233,18,18,20.0,INVALID,Usage record references customer not in subscriptions
U0001239,C00099,2024-10-30,25.0,1478.0,681,75,0,,INVALID,Usage record references customer not in subscriptions
U0001240,C01050,2025-02-17,42.0,115.0,607,30,25,-5.0,INVALID,Usage record references customer not in subscriptions
U0001241,C00348,2025-11-06,48.0,-342.0,275,3,74,50.0,INVALID,Usage record references customer not in subscriptions; Negative active_minutes
U0001242,C00476,2024-11-04,1.0,1456.0,197,65,23,500.0,INVALID,Usage record references customer not in subscriptions
U0001243,C00041,2025-03-19,39.0,1268.0,706,43,31,10.0,INVALID,Usage record references customer not in subscriptions
U0001244,C00270,2025-02-20,14.0,340.0,567,71,76,-5.0,VALID,No issues detected
U0001245,C00532,2024-11-25,13.0,32.0,106,0,37,10.0,VALID,No issues detected
U0001246,C00003,2025-09-18,15.0,-211.0,539,26,51,50.0,INVALID,Usage record references customer not in subscriptions; Negative active_minutes
U0001247,C00581,2025-07-24,,1257.0,349,58,1,5.0,VALID,No issues detected
U0001248,C00393,2025-05-03,46.0,-385.0,172,22,83,10.0,INVALID,Negative active_minutes
U0001249,C01244,2025-04-11,29.0,142.0,985,31,40,-5.0,INVALID,Usage record references customer not in subscriptions
U0001250,C00363,2025-11-16,9.0,3.0,763,36,26,2.0,INVALID,Usage record references customer not in subscriptions
U0001251,C01186,2025-12-15,17.0,1381.0,76,14,74,500.0,VALID,No issues detected
U0001252,C01069,2026-01-24,52.0,346.0,811,32,73,1.0,VALID,No issues detected
U0001253,C00544,2025-09-03,11.0,592.0,127,11,39,500.0,VALID,No issues detected
U0001254,C00111,2025-10-08,38.0,1630.0,411,62,67,5.0,INVALID,Usage record references customer not in subscriptions
U0001255,C00501,2025-07-07,45.0,1356.0,234,68,95,-5.0,INVALID,Usage record references customer not in subscriptions
U0001256,C01558,2024-02-02,37.0,338.0,406,40,58,10.0,INVALID,Usage record references customer not in subscriptions
U0001257,C01200,2024-05-16,12.0,1444.0,695,63,77,20.0,INVALID,Usage record references customer not in subscriptions
U0001258,C00153,2025-07-30,36.0,-227.0,346,19,74,,INVALID,Usage record references customer not in subscriptions; Negative active_minutes
U0001259,C00413,2024-12-06,57.0,1477.0,272,71,38,,VALID,No issues detected
U0001260,C00299,2024-06-30,27.0,,564,29,24,20.0,INVALID,Usage record references customer not in subscriptions
U0001261,C00137,2024-11-09,33.0,1643.0,414,46,80,500.0,INVALID,Usage record references customer not in subscriptions
U0001262,C00613,2024-07-07,46.0,859.0,724,75,53,-5.0,VALID,No issues detected
,C01246,2024-04-08,2.0,426.0,650,44,94,10.0,INVALID,Missing usage_id
U0001264,C00385,2025-10-31,12.0,-191.0,83,43,48,1.0,INVALID,Negative active_minutes
U0001265,C00017,2025-05-18,8.0,128.0,218,49,58,50.0,VALID,No issues detected
U0001266,C00203,2024-12-15,5.0,396.0,37,9,68,1.0,INVALID,Usage record references customer not in subscriptions
U0001267,C01167,2025-06-29,,1524.0,16,40,81,5.0,VALID,No issues detected
U0001268,C01287,2024-10-26,,1999.0,629,32,2,10.0,VALID,No issues detected
U0001269,C01373,2025-12-24,4.0,773.0,114,36,68,,INVALID,Usage record references customer not in subscriptions
U0001270,C01281,2024-04-28,42.0,866.0,94,28,21,1.0,INVALID,Usage record references customer not in subscriptions
U0001271,C00071,2024-08-02,49.0,1190.0,838,75,46,20.0,INVALID,Usage record references customer not in subscriptions
U0001272,C00011,2025-02-26,39.0,1424.0,370,53,97,5.0,VALID,No issues detected
U0001273,C00664,2024-07-14,27.0,1470.0,160,13,96,50.0,INVALID,Usage record references customer not in subscriptions
U0001274,C00825,2025-12-16,43.0,,494,27,17,5.0,VALID,No issues detected
U0001275,C01263,2024-07-02,,78.0,529,78,39,20.0,INVALID,Usage record references customer not in subscriptions
U0001276,C00758,2024-04-15,49.0,-123.0,404,3,81,500.0,INVALID,Negative active_minutes
U0001277,C00391,2024-10-27,28.0,352.0,842,17,67,,VALID,No issues detected
U0001278,C01609,2025-10-16,0.0,1940.0,735,74,82,,INVALID,Usage record references customer not in subscriptions
U0001279,C01789,2026-01-05,35.0,-172.0,519,75,81,2.0,INVALID,Usage record references customer not in subscriptions; Negative active_minutes
U0001280,C00960,2025-11-03,38.0,1951.0,402,63,71,1.0,INVALID,Usage record references customer not in subscriptions
U0001281,C01306,2025-12-15,55.0,692.0,126,75,77,,INVALID,Usage record references customer not in subscriptions
U0001282,C00523,2026-01-20,26.0,568.0,981,39,86,100.0,INVALID,Usage record references customer not in subscriptions
U0001283,C01296,2025-10-27,46.0,,179,67,17,,INVALID,Usage record references customer not in subscriptions
U0001284,C01392,2025-10-03,40.0,1634.0,280,21,28,5.0,VALID,No issues detected
U0001285,C01426,2025-07-19,1.0,,726,29,40,500.0,VALID,No issues detected
U0001286,C01551,2025-06-05,22.0,173.0,570,29,91,20.0,VALID,No issues detected
U0001287,C01118,2024-09-02,20.0,,65,56,58,2.0,INVALID,Usage record references customer not in subscriptions
U0001288,C01615,2024-06-20,57.0,934.0,496,11,42,1.0,VALID,No issues detected
U0001289,C01536,2025-10-03,1.0,1853.0,348,4,76,2.0,INVALID,Usage record references customer not in subscriptions
U0001290,C00150,2024-01-15,55.0,1515.0,297,32,74,-5.0,INVALID,Usage record references customer not in subscriptions
U0001291,C01291,2024-12-08,42.0,668.0,45,78,34,10.0,INVALID,Usage record references customer not in subscriptions
U0001292,C00483,2025-02-18,38.0,756.0,318,43,92,10.0,VALID,No issues detected
U0001293,C00444,2025-08-03,7.0,976.0,601,60,26,1.0,INVALID,Usage record references customer not in subscriptions
U0001294,C00050,2025-07-05,24.0,1364.0,327,69,41,10.0,VALID,No issues detected
U0001295,C00422,2025-03-24,10.0,-128.0,524,11,93,500.0,INVALID,Negative active_minutes
U0001296,C00853,2024-07-05,50.0,1491.0,508,59,85,10.0,VALID,No issues detected
U0001297,C00096,2025-06-15,17.0,1626.0,955,76,88,50.0,INVALID,Usage record references customer not in subscriptions
U0001298,C01797,2024-03-19,,996.0,769,23,21,500.0,INVALID,Usage record references customer not in subscriptions
U0001299,C00139,2024-04-09,2.0,1293.0,81,42,35,10.0,INVALID,Usage record references customer not in subscriptions
U0001300,C00351,2025-07-27,16.0,905.0,652,55,8,-5.0,INVALID,Usage record references customer not in subscriptions
U0001301,C01756,2025-06-08,8.0,443.0,890,67,38,-5.0,VALID,No issues detected
U0001302,C00449,2024-02-23,54.0,954.0,551,76,36,5.0,INVALID,Usage record references customer not in subscriptions
U0001303,C01033,2025-10-07,48.0,1066.0,501,77,46,10.0,INVALID,Usage record references customer not in subscriptions
U0001304,C00564,2024-10-05,31.0,,998,0,51,100.0,INVALID,Usage record references customer not in subscriptions
U0001305,C00956,2025-03-11,48.0,802.0,32,64,16,-5.0,INVALID,Usage record references customer not in subscriptions
U0001306,C00844,2024-07-05,13.0,-136.0,426,54,42,,INVALID,Negative active_minutes
U0001307,C00162,2024-11-29,55.0,44.0,175,54,3,5.0,VALID,No issues detected
U0001308,C00831,2025-06-21,31.0,752.0,32,33,48,-5.0,INVALID,Usage record references customer not in subscriptions
U0001309,C01752,2024-09-05,18.0,936.0,619,41,22,-5.0,VALID,No issues detected
U0001310,C01528,2024-05-05,27.0,10.0,509,20,60,20.0,VALID,No issues detected
U0001311,C01753,2025-05-07,43.0,1303.0,568,70,89,10.0,INVALID,Usage record references customer not in subscriptions
U0001312,C01602,2025-10-08,10.0,,720,9,79,50.0,INVALID,Usage record references customer not in subscriptions
U0001313,C01608,2025-01-31,10.0,198.0,444,69,52,,VALID,No issues detected
U0001314,C01166,2024-06-10,30.0,1710.0,815,48,68,2.0,INVALID,Usage record references customer not in subscriptions
U0001315,C00371,2025-09-25,24.0,244.0,338,48,32,2.0,INVALID,Usage record references customer not in subscriptions
U0001316,C01673,2025-03-07,38.0,885.0,664,30,28,50.0,VALID,No issues detected
U0001317,C00094,2024-07-13,36.0,1094.0,620,21,67,1.0,INVALID,Usage record references customer not in subscriptions
U0001318,C00522,2024-06-24,13.0,767.0,552,20,9,1.0,INVALID,Usage record references customer not in subscriptions
,C00251,2024-09-16,31.0,1825.0,77,30,69,-5.0,INVALID,Missing usage_id
U0001320,C00477,2024-04-11,55.0,1546.0,111,12,48,100.0,VALID,No issues detected
U0001321,C00533,2024-11-04,15.0,1333.0,78,62,62,20.0,VALID,No issues detected
U0001322,C01040,2024-11-18,35.0,365.0,5,5,40,50.0,INVALID,Usage record references customer not in subscriptions
U0001323,C00397,2024-05-26,60.0,1794.0,760,9,50,500.0,VALID,No issues detected
U0001324,C01213,2025-09-26,32.0,,783,33,14,-5.0,INVALID,Usage record references customer not in subscriptions
U0001325,C00109,2024-01-14,46.0,479.0,204,52,78,100.0,INVALID,Usage record references customer not in subscriptions
U0001326,C00131,2025-04-16,51.0,747.0,757,52,29,5.0,INVALID,Usage record references customer not in subscriptions
U0001327,C01728,2025-05-27,55.0,,878,41,32,1.0,INVALID,Usage record references customer not in subscriptions
U0001328,C00381,2024-02-13,,138.0,151,42,25,100.0,INVALID,Usage record references customer not in subscriptions
U0001329,C01093,2025-02-09,20.0,924.0,431,7,5,50.0,VALID,No issues detected
U0001330,C00376,2024-09-11,21.0,-51.0,359,57,16,1.0,INVALID,Usage record references customer not in subscriptions; Negative active_minutes
U0001331,C01200,2024-03-28,31.0,1659.0,565,53,79,10.0,INVALID,Usage record references customer not in subscriptions
U0001332,C01435,2025-06-11,18.0,1912.0,48,44,26,50.0,INVALID,Usage record references customer not in subscriptions
U0001333,C00884,2025-07-07,60.0,404.0,510,19,5,10.0,VALID,No issues detected
U0001334,C01615,2025-07-16,11.0,,601,59,63,10.0,VALID,No issues detected
U0001335,C01074,2025-09-08,50.0,29.0,411,10,97,100.0,INVALID,Usage record references customer not in subscriptions
U0001336,C00208,2024-09-11,1.0,323.0,647,69,72,5.0,INVALID,Usage record references customer not in subscriptions
U0001337,C00678,2025-08-05,37.0,1394.0,541,53,69,-5.0,INVALID,Usage record references customer not in subscriptions
U0001338,C00126,2025-04-11,30.0,951.0,642,3,24,5.0,INVALID,Usage record references customer not in subscriptions
U0001339,C00556,2025-06-09,30.0,1383.0,156,74,99,500.0,INVALID,Usage record references customer not in subscriptions
U0001340,C00704,2024-07-28,34.0,368.0,432,65,73,20.0,VALID,No issues detected
U0001341,C00208,2025-03-26,25.0,830.0,214,18,26,2.0,INVALID,Usage record references customer not in subscriptions
U0001342,C00491,2024-03-03,,1716.0,845,65,8,5.0,INVALID,Usage record references customer not in subscriptions
U0001343,C01241,2025-04-14,35.0,1329.0,411,79,40,10.0,INVALID,Usage record references customer not in subscriptions
U0001344,C00083,2024-02-03,-31.0,628.0,477,45,100,500.0,INVALID,Usage record references customer not in subscriptions; Negative login_count
U0001345,C00138,2025-03-04,0.0,217.0,169,77,20,,VALID,No issues detected
U0001346,C01221,2025-08-16,21.0,695.0,726,21,74,,INVALID,Usage record references customer not in subscriptions
U0001347,C00054,2025-05-20,29.0,1463.0,714,29,69,5.0,INVALID,Usage record references customer not in subscriptions
U0001348,C01559,2025-07-27,7.0,244.0,663,68,24,2.0,INVALID,Usage record references customer not in subscriptions
U0001349,C01683,2025-10-01,49.0,984.0,695,51,16,1.0,VALID,No issues detected
U0001350,C00285,2025-03-01,39.0,234.0,55,61,36,-5.0,INVALID,Usage record references customer not in subscriptions
U0001351,C00925,2025-08-07,29.0,1755.0,41,78,81,20.0,VALID,No issues detected
U0001352,C00342,2024-07-04,44.0,1549.0,808,43,26,100.0,INVALID,Usage record references customer not in subscriptions
U0001353,C01180,2026-01-11,18.0,825.0,47,68,93,,INVALID,Usage record references customer not in subscriptions
U0001354,C01563,2025-07-13,56.0,1918.0,66,63,61,10.0,VALID,No issues detected
U0001355,C00223,2024-01-15,35.0,1621.0,197,59,89,20.0,INVALID,Usage record references customer not in subscriptions
U0001356,C01273,2025-03-28,3.0,1431.0,627,10,52,1.0,INVALID,Usage record references customer not in subscriptions
U0001357,C01627,2024-09-10,17.0,364.0,59,51,77,500.0,VALID,No issues detected
U0001358,C00814,2025-06-17,,1585.0,234,11,40,-5.0,INVALID,Usage record references customer not in subscriptions
U0001359,C01353,2024-01-16,28.0,1601.0,215,0,77,5.0,VALID,No issues detected
U0001360,C01799,2025-01-28,25.0,448.0,623,79,93,1.0,VALID,No issues detected
U0001361,C00855,2025-03-15,26.0,,290,34,88,-5.0,INVALID,Usage record references customer not in subscriptions
U0001362,C01610,2026-01-03,29.0,-425.0,657,13,48,,INVALID,Negative active_minutes
U0001363,C01328,2025-12-23,47.0,954.0,127,47,69,100.0,INVALID,Usage record references customer not in subscriptions
U0001364,C00444,2025-11-05,-50.0,199.0,753,10,37,,INVALID,Usage record references customer not in subscriptions; Negative login_count
,C01250,2024-06-12,45.0,1559.0,521,15,34,2.0,INVALID,Missing usage_id; Usage record references customer not in subscriptions
U0001366,C00855,2024-09-17,,,258,5,90,2.0,INVALID,Usage record references customer not in subscriptions
,C00419,2024-06-07,7.0,1328.0,442,30,67,-5.0,INVALID,Missing usage_id; Usage record references customer not in subscriptions
U0001368,C00633,2025-09-15,1.0,195.0,696,13,3,2.0,VALID,No issues detected
U0001369,C00156,2026-01-30,49.0,860.0,632,17,67,500.0,VALID,No issues detected
U0001370,C01687,2024-10-16,51.0,556.0,877,53,25,-5.0,INVALID,Usage record references customer not in subscriptions
U0001371,C00616,2025-06-07,,1673.0,786,60,75,20.0,INVALID,Usage record references customer not in subscriptions
,C01698,2024-04-25,14.0,640.0,292,12,13,20.0,INVALID,Missing usage_id; Usage record references customer not in subscriptions
U0001373,C00302,2024-04-18,31.0,1989.0,349,57,36,20.0,INVALID,Usage record references customer not in subscriptions
U0001374,C01357,2024-08-07,53.0,1669.0,651,79,70,100.0,VALID,No issues detected
,C00872,2025-02-15,39.0,600.0,909,62,1,50.0,INVALID,Missing usage_id; Usage record references customer not in subscriptions
U0001376,C00368,2025-05-04,40.0,,808,26,6,50.0,INVALID,Usage record references customer not in subscriptions
U0001377,C00025,2025-11-27,19.0,1158.0,459,7,13,10.0,INVALID,Usage record references customer not in subscriptions
U0001378,C00527,2025-02-22,,1528.0,98,9,77,1.0,INVALID,Usage record references customer not in subscriptions
U0001379,C00665,2024-10-26,14.0,174.0,152,55,67,100.0,INVALID,Usage record references customer not in subscriptions
U0001380,C01451,2025-11-14,28.0,452.0,487,63,13,50.0,INVALID,Usage record references customer not in subscriptions
U0001381,C00712,2024-09-16,14.0,664.0,85,58,84,5.0,INVALID,Usage record references customer not in subscriptions
U0001382,C01781,2024-08-12,55.0,505.0,147,49,0,100.0,VALID,No issues detected
U0001383,C00715,2024-02-05,25.0,250.0,86,2,18,50.0,INVALID,Usage record references customer not in subscriptions
U0001384,C00685,2024-06-27,45.0,514.0,809,35,52,100.0,INVALID,Usage record references customer not in subscriptions
U0001385,C00923,2024-04-18,49.0,1514.0,929,65,60,20.0,INVALID,Usage record references customer not in subscriptions
U0001386,C00209,2024-01-19,42.0,70.0,789,28,61,20.0,INVALID,Usage record references customer not in subscriptions
U0001387,C01670,2025-01-05,42.0,314.0,672,14,4,100.0,VALID,No issues detected
U0001388,C01461,2025-05-07,28.0,653.0,751,9,27,20.0,INVALID,Usage record references customer not in subscriptions
,C01706,2024-01-06,50.0,1312.0,263,22,44,5.0,INVALID,Missing usage_id; Usage record references customer not in subscriptions
U0001390,C00244,2024-12-11,12.0,222.0,537,12,28,20.0,INVALID,Usage record references customer not in subscriptions
U0001391,C00315,2024-09-13,22.0,877.0,777,56,53,20.0,VALID,No issues detected
U0001392,C01025,2024-12-18,0.0,-194.0,956,23,10,-5.0,INVALID,Usage record references customer not in subscriptions; Negative active_minutes
U0001393,C01529,2025-06-20,47.0,,335,46,45,2.0,VALID,No issues detected
U0001394,C01286,2025-11-12,,353.0,223,65,73,20.0,VALID,No issues detected
U0001395,C00533,2024-06-29,39.0,1753.0,597,11,21,,VALID,No issues detected
U0001396,C00608,2025-08-16,25.0,1393.0,564,31,9,1.0,INVALID,Usage record references customer not in subscriptions
U0001397,C00597,2024-08-15,43.0,393.0,302,60,12,10.0,VALID,No issues detected
U0001398,C00409,2024-08-06,48.0,1479.0,383,21,57,5.0,INVALID,Usage record references customer not in subscriptions
U0001399,C01593,2024-08-16,51.0,,455,49,77,2.0,VALID,No issues detected
U0001400,C00318,2025-03-13,8.0,89.0,220,39,45,500.0,INVALID,Usage record references customer not in subscriptions
U0001401,C00151,2025-08-23,45.0,1118.0,567,1,65,1.0,VALID,No issues detected
U0001402,C01015,2024-05-30,59.0,1326.0,517,10,63,500.0,INVALID,Usage record references customer not in subscriptions
U0001403,C01738,2025-04-05,14.0,1489.0,212,35,26,50.0,INVALID,Usage record references customer not in subscriptions
U0001404,C01436,2024-09-19,16.0,62.0,250,42,53,,INVALID,Usage record references customer not in subscriptions
U0001405,C01292,2025-04-08,11.0,1554.0,438,73,64,,INVALID,Usage record references customer not in subscriptions
,C00210,2025-05-31,24.0,1913.0,867,18,32,5.0,INVALID,Missing usage_id
U0001407,C01588,2025-03-25,23.0,-242.0,662,4,49,50.0,INVALID,Negative active_minutes
U0001408,C00507,2024-09-02,,1307.0,21,23,99,,VALID,No issues detected
,C01628,2025-11-08,43.0,191.0,767,18,3,20.0,INVALID,Missing usage_id; Usage record references customer not in subscriptions
U0001410,C00064,2024-05-16,18.0,1489.0,546,77,70,50.0,INVALID,Usage record references customer not in subscriptions
U0001411,C00105,2025-08-17,8.0,1150.0,917,37,20,500.0,VALID,No issues detected
U0001412,C01215,2025-08-04,20.0,704.0,234,50,29,10.0,VALID,No issues detected
U0001413,C01070,2025-12-17,43.0,1548.0,122,8,38,2.0,INVALID,Usage record references customer not in subscriptions
U0001414,C00360,2024-05-13,44.0,1514.0,770,12,97,1.0,INVALID,Usage record references customer not in subscriptions
U0001415,C00312,2025-04-02,,1267.0,986,71,74,-5.0,INVALID,Usage record references customer not in subscriptions
U0001416,C01467,2024-07-03,14.0,187.0,577,49,66,1.0,VALID,No issues detected
U0001417,C01515,2025-10-03,51.0,1146.0,527,19,83,50.0,VALID,No issues detected
U0001418,C00110,2024-06-13,24.0,1122.0,172,65,53,50.0,VALID,No issues detected
U0001419,C01297,2024-10-12,34.0,935.0,958,66,5,-5.0,VALID,No issues detected
U0001420,C00597,2025-12-24,31.0,479.0,556,61,26,20.0,VALID,No issues detected
U0001421,C00815,2025-01-13,,1327.0,209,31,96,50.0,INVALID,Usage record references customer not in subscriptions
U0001422,C01396,2024-04-30,26.0,459.0,26,67,83,50.0,VALID,No issues detected
U0001423,C00843,2024-10-26,52.0,1845.0,215,1,44,2.0,INVALID,Usage record references customer not in subscriptions
U0001424,C00660,2024-06-22,60.0,551.0,184,8,42,1.0,VALID,No issues detected
U0001425,C00390,2024-12-09,19.0,586.0,474,11,100,5.0,INVALID,Usage record references customer not in subscriptions
U0001426,C01365,2025-06-21,58.0,599.0,148,3,20,1.0,VALID,No issues detected
U0001427,C01029,2024-08-12,1.0,828.0,611,36,40,,INVALID,Usage record references customer not in subscriptions
,C00284,2025-09-09,8.0,1173.0,514,61,44,,INVALID,Missing usage_id; Usage record references customer not in subscriptions
U0001429,C00846,2024-01-30,,1590.0,697,68,99,1.0,VALID,No issues detected
U0001430,C00777,2025-11-15,44.0,819.0,763,76,9,100.0,VALID,No issues detected
U0001431,C00376,2025-01-27,58.0,1728.0,330,47,88,500.0,INVALID,Usage record references customer not in subscriptions
U0001432,C01213,2024-04-22,38.0,514.0,244,73,76,10.0,INVALID,Usage record references customer not in subscriptions
U0001433,C00313,2024-01-14,34.0,647.0,584,32,57,,INVALID,Usage record references customer not in subscriptions
U0001434,C00079,2024-06-14,,117.0,650,70,92,,VALID,No issues detected
U0001435,C01016,2025-03-14,1.0,1104.0,926,64,85,-5.0,INVALID,Usage record references customer not in subscriptions
U0001436,C01037,2024-08-19,2.0,-389.0,281,41,26,500.0,INVALID,Usage record references customer not in subscriptions; Negative active_minutes
U0001437,C01355,2024-02-28,,1407.0,206,2,36,500.0,VALID,No issues detected
U0001438,C01350,2025-01-12,26.0,1615.0,287,20,99,-5.0,VALID,No issues detected
U0001439,C00225,2024-04-30,57.0,,580,15,8,1.0,VALID,No issues detected
U0001440,C01126,2026-01-05,31.0,517.0,253,47,49,500.0,VALID,No issues detected
U0001441,C01703,2024-01-17,28.0,1224.0,590,0,38,-5.0,INVALID,Usage record references customer not in subscriptions
U0001442,C00010,2025-10-26,48.0,643.0,873,27,2,5.0,VALID,No issues detected
U0001443,C01192,2025-01-11,53.0,1289.0,370,35,30,100.0,VALID,No issues detected
U0001444,C00204,2024-11-13,45.0,84.0,911,7,65,100.0,INVALID,Usage record references customer not in subscriptions
U0001445,C01444,2024-12-22,22.0,1359.0,160,40,88,1.0,VALID,No issues detected
U0001446,C00540,2025-10-02,3.0,,80,23,24,100.0,INVALID,Usage record references customer not in subscriptions
U0001447,C00784,2025-06-23,9.0,686.0,138,71,5,5.0,INVALID,Usage record references customer not in subscriptions
U0001448,C00647,2024-05-14,4.0,-142.0,276,25,31,5.0,INVALID,Usage record references customer not in subscriptions; Negative active_minutes
U0001449,C01167,2026-01-01,19.0,241.0,928,7,39,,VALID,No issues detected
U0001450,C00737,2025-05-12,58.0,1096.0,316,6,32,100.0,VALID,No issues detected
U0001451,C00638,2024-10-28,31.0,1676.0,50,25,63,,INVALID,Usage record references customer not in subscriptions
U0001452,C00700,2025-11-26,,-444.0,492,72,4,20.0,INVALID,Usage record references customer not in subscriptions; Negative active_minutes
U0001453,C01092,2025-02-13,22.0,773.0,64,1,34,2.0,INVALID,Usage record references customer not in subscriptions
U0001454,C00879,2025-12-29,48.0,,496,80,36,500.0,VALID,No issues detected
U0001455,C00162,2025-03-16,-22.0,805.0,774,40,7,5.0,INVALID,Negative login_count
U0001456,C01739,2024-07-23,19.0,1520.0,121,13,64,-5.0,VALID,No issues detected
U0001457,C00418,2025-06-30,15.0,243.0,310,58,58,,VALID,No issues detected
U0001458,C00902,2025-10-06,-5.0,1192.0,114,46,25,1.0,INVALID,Negative login_count
U0001459,C01225,2024-02-27,29.0,,174,2,50,50.0,INVALID,Usage record references customer not in subscriptions
U0001460,C01431,2025-05-14,28.0,,189,69,17,5.0,INVALID,Usage record references customer not in subscriptions
U0001461,C00799,2025-12-16,51.0,1372.0,594,58,35,5.0,INVALID,Usage record references customer not in subscriptions
U0001462,,2025-11-12,44.0,962.0,376,15,75,500.0,INVALID,Missing customer_id on usage record
U0001463,C01416,2025-03-18,1.0,119.0,678,20,35,2.0,INVALID,Usage record references customer not in subscriptions
U0001464,C00640,2024-01-15,2.0,1301.0,41,45,48,5.0,INVALID,Usage record references customer not in subscriptions
U0001465,C01178,2025-12-05,56.0,208.0,268,16,20,50.0,VALID,No issues detected
U0001466,C01712,2024-02-10,40.0,1468.0,354,58,24,10.0,INVALID,Usage record references customer not in subscriptions
U0001467,C01266,2026-01-01,28.0,-430.0,593,73,74,20.0,INVALID,Usage record references customer not in subscriptions; Negative active_minutes
U0001468,C00702,2024-04-24,29.0,1926.0,895,77,49,5.0,INVALID,Usage record references customer not in subscriptions
U0001469,C01146,2025-03-29,24.0,-86.0,674,29,61,20.0,INVALID,Usage record references customer not in subscriptions; Negative active_minutes
U0001470,C00734,2025-04-05,10.0,1885.0,919,24,51,-5.0,INVALID,Usage record references customer not in subscriptions
U0001471,C00913,2025-11-03,33.0,1913.0,931,47,16,10.0,INVALID,Usage record references customer not in subscriptions
U0001472,C01682,2024-12-16,52.0,693.0,862,63,30,-5.0,INVALID,Usage record references customer not in subscriptions
U0001473,C01488,2025-06-21,3.0,1157.0,680,56,50,1.0,INVALID,Usage record references customer not in subscriptions
U0001474,C00225,2025-09-24,,606.0,996,78,50,50.0,VALID,No issues detected
U0001475,C01571,2024-03-08,9.0,627.0,102,80,99,100.0,INVALID,Usage record references customer not in subscriptions
U0001476,C01283,2025-08-14,4.0,149.0,559,21,96,2.0,INVALID,Usage record references customer not in subscriptions
U0001477,C00210,2025-01-29,22.0,1652.0,663,18,42,5.0,VALID,No issues detected
U0001478,C00301,2025-12-11,42.0,1846.0,556,20,63,500.0,INVALID,Usage record references customer not in subscriptions
U0001479,C00749,2024-09-27,,83.0,175,75,22,5.0,INVALID,Usage record references customer not in subscriptions
U0001480,C01208,2025-08-30,18.0,575.0,605,63,57,10.0,VALID,No issues detected
U0001481,C00339,2024-08-25,37.0,1837.0,975,73,56,20.0,VALID,No issues detected
U0001482,C00110,2025-06-28,-40.0,1278.0,576,9,56,50.0,INVALID,Negative login_count
U0001483,C00542,2024-08-06,25.0,308.0,258,49,82,50.0,INVALID,Usage record references customer not in subscriptions
U0001484,C01542,2024-04-17,47.0,264.0,641,5,16,50.0,VALID,No issues detected
U0001485,C00843,2024-10-26,29.0,,727,2,71,2.0,INVALID,Usage record references customer not in subscriptions
U0001486,C00557,2025-07-26,,312.0,223,48,34,100.0,INVALID,Usage record references customer not in subscriptions
U0001487,C01196,2026-01-11,6.0,1931.0,721,64,22,2.0,VALID,No issues detected
U0001488,C00562,2026-01-25,12.0,1963.0,611,55,17,50.0,INVALID,Usage record references customer not in subscriptions
,C00278,2025-09-20,21.0,982.0,281,5,53,50.0,INVALID,Missing usage_id; Usage record references customer not in subscriptions
U0001490,C01360,2024-09-21,34.0,1149.0,755,78,58,5.0,INVALID,Usage record references customer not in subscriptions
,C01026,2025-08-02,5.0,1971.0,839,63,92,50.0,INVALID,Missing usage_id
U0001492,C00895,2025-09-16,13.0,218.0,854,68,0,5.0,INVALID,Usage record references customer not in subscriptions
U0001493,C00751,2024-01-04,51.0,1115.0,821,68,48,10.0,INVALID,Usage record references customer not in subscriptions
U0001494,C00773,2025-11-12,8.0,1015.0,113,8,93,1.0,VALID,No issues detected
U0001495,C00494,2024-04-23,45.0,1314.0,697,29,92,10.0,INVALID,Usage record references customer not in subscriptions
U0001496,C01497,2024-04-29,51.0,1914.0,149,61,48,1.0,VALID,No issues detected
U0001497,C01609,2025-07-10,47.0,433.0,601,36,30,50.0,INVALID,Usage record references customer not in subscriptions
U0001498,C01611,2025-06-16,58.0,,600,0,20,10.0,INVALID,Usage record references customer not in subscriptions
U0001499,C00440,2025-10-24,29.0,1069.0,63,16,61,100.0,VALID,No issues detected
U0001500,C00241,2025-04-19,10.0,214.0,847,26,14,500.0,VALID,No issues detected
U0001501,C00959,2025-07-29,47.0,,510,76,92,500.0,INVALID,Usage record references customer not in subscriptions
U0001502,C00560,2024-01-11,0.0,1974.0,805,61,3,2.0,VALID,No issues detected
U0001503,C00739,2024-02-12,38.0,649.0,699,32,75,50.0,INVALID,Usage record references customer not in subscriptions
U0001504,C00421,2025-04-23,3.0,336.0,845,73,52,10.0,VALID,No issues detected
U0001505,C01509,2024-10-04,49.0,1298.0,891,34,56,5.0,VALID,No issues detected
U0001506,C01043,2024-08-24,28.0,1855.0,572,7,0,,VALID,No issues detected
U0001507,C01242,2024-11-30,10.0,1354.0,702,66,95,50.0,VALID,No issues detected
U0001508,C01016,2025-01-05,47.0,1340.0,315,78,77,10.0,INVALID,Usage record references customer not in subscriptions
U0001509,C01610,2025-12-17,0.0,-151.0,667,52,85,500.0,INVALID,Negative active_minutes
U0001510,C01229,2025-07-29,,1894.0,194,44,54,20.0,VALID,No issues detected
,C00585,2024-11-09,48.0,62.0,780,66,2,50.0,INVALID,Missing usage_id
U0001512,C01400,2024-06-26,,,943,59,27,1.0,VALID,No issues detected
U0001513,C01414,2024-11-05,44.0,1337.0,34,60,39,500.0,INVALID,Usage record references customer not in subscriptions
U0001514,C00904,2025-09-23,-53.0,,616,74,36,5.0,INVALID,Negative login_count
U0001515,C01744,2024-12-24,4.0,684.0,264,58,66,50.0,INVALID,Usage record references customer not in subscriptions
U0001516,C00800,2024-06-14,29.0,949.0,547,62,46,100.0,VALID,No issues detected
U0001517,C01133,2024-04-03,,1385.0,856,59,57,10.0,INVALID,Usage record references customer not in subscriptions
U0001518,C01345,2025-02-23,23.0,1735.0,51,46,21,50.0,INVALID,Usage record references customer not in subscriptions
U0001519,C01554,2024-07-07,56.0,-305.0,26,72,63,,INVALID,Usage record references customer not in subscriptions; Negative active_minutes
U0001520,C00725,2024-10-29,-38.0,-6.0,968,22,48,500.0,INVALID,Usage record references customer not in subscriptions; Negative login_count; Negative active_minutes
U0001521,C01481,2024-11-21,50.0,-164.0,581,35,90,-5.0,INVALID,Negative active_minutes
U0001522,C01183,2024-10-18,21.0,1420.0,787,60,82,2.0,VALID,No issues detected
U0001523,C01645,2025-03-02,25.0,1194.0,352,77,61,2.0,VALID,No issues detected
U0001524,C00614,2024-03-05,5.0,727.0,384,6,90,,INVALID,Usage record references customer not in subscriptions
U0001525,C01008,2024-05-02,-53.0,377.0,901,21,60,50.0,INVALID,Negative login_count
U0001526,C01097,2024-12-03,-57.0,1647.0,146,37,83,-5.0,INVALID,Usage record references customer not in subscriptions; Negative login_count
U0001527,C00234,2025-11-04,2.0,1751.0,698,34,59,500.0,VALID,No issues detected
U0001528,C01641,2025-01-18,41.0,1672.0,568,49,42,,VALID,No issues detected
U0001529,C00635,2025-08-17,23.0,516.0,160,33,62,10.0,VALID,No issues detected
U0001530,C01087,2025-07-01,8.0,1454.0,872,54,67,20.0,INVALID,Usage record references customer not in subscriptions
U0001531,C01093,2024-06-01,47.0,1110.0,577,39,80,1.0,VALID,No issues detected
U0001532,C00811,2024-01-05,59.0,397.0,266,38,14,-5.0,INVALID,Usage record references customer not in subscriptions
U0001533,C00780,2024-02-01,46.0,1635.0,201,1,31,1.0,VALID,No issues detected
U0001534,C00467,2024-11-20,33.0,,23,45,90,10.0,VALID,No issues detected
U0001535,C00459,2024-02-18,-54.0,1252.0,898,24,49,,INVALID,Usage record references customer not in subscriptions; Negative login_count
U0001536,C00179,2025-12-12,9.0,157.0,844,78,22,5.0,VALID,No issues detected
U0001537,C01755,2025-11-27,24.0,904.0,586,13,32,20.0,INVALID,Usage record references customer not in subscriptions
U0001538,C00340,2025-01-03,15.0,,812,74,87,10.0,VALID,No issues detected
U0001539,C01171,2024-01-18,42.0,1130.0,22,9,14,,INVALID,Usage record references customer not in subscriptions
U0001540,C00020,2025-07-24,57.0,1012.0,27,67,87,100.0,INVALID,Usage record references customer not in subscriptions
U0001541,C00642,2025-07-11,29.0,364.0,780,12,12,,VALID,No issues detected
U0001542,C00476,2025-08-08,24.0,1117.0,136,80,85,5.0,INVALID,Usage record references customer not in subscriptions
U0001543,C01513,2025-05-11,5.0,-136.0,951,29,62,50.0,INVALID,Negative active_minutes
U0001544,C01158,2024-11-17,26.0,681.0,511,53,90,100.0,VALID,No issues detected
U0001545,C00589,2026-01-03,11.0,990.0,702,76,65,2.0,VALID,No issues detected
U0001546,C00225,2024-04-26,-3.0,1989.0,799,69,81,1.0,INVALID,Negative login_count
U0001547,C01731,2024-03-20,45.0,,576,52,70,-5.0,INVALID,Usage record references customer not in subscriptions
U0001548,C01648,2025-02-21,41.0,,453,54,18,20.0,INVALID,Usage record references customer not in subscriptions
U0001549,C01302,2025-12-15,22.0,284.0,592,5,43,1.0,VALID,No issues detected
U0001550,C01520,2025-03-13,33.0,1931.0,629,45,9,,INVALID,Usage record references customer not in subscriptions
U0001551,C00322,2025-09-14,6.0,1058.0,22,36,55,100.0,INVALID,Usage record references customer not in subscriptions
U0001552,C00224,2026-01-12,57.0,300.0,914,44,28,2.0,VALID,No issues detected
U0001553,C00156,2024-09-04,51.0,1395.0,497,22,15,10.0,VALID,No issues detected
U0001554,C00345,2024-08-14,30.0,1641.0,573,8,74,-5.0,INVALID,Usage record references customer not in subscriptions
U0001555,C00183,2024-11-17,44.0,1698.0,854,32,56,2.0,INVALID,Usage record references customer not in subscriptions
U0001556,C01089,2025-05-03,50.0,495.0,426,48,7,50.0,INVALID,Usage record references customer not in subscriptions
U0001557,C01043,2024-04-08,33.0,1164.0,383,63,14,100.0,VALID,No issues detected
U0001558,C01266,2025-12-08,55.0,-131.0,62,47,79,5.0,INVALID,Usage record references customer not in subscriptions; Negative active_minutes
U0001559,C00927,2024-10-30,44.0,,27,26,43,20.0,VALID,No issues detected
U0001560,C00014,2025-07-10,15.0,102.0,400,43,54,5.0,INVALID,Usage record references customer not in subscriptions
U0001561,C01769,2024-11-27,16.0,1207.0,330,5,90,100.0,INVALID,Usage record references customer not in subscriptions
U0001562,C01704,2024-06-09,8.0,1878.0,115,62,82,,INVALID,Usage record references customer not in subscriptions
U0001563,C00375,2024-07-16,36.0,,461,32,13,100.0,INVALID,Usage record references customer not in subscriptions
U0001564,C01115,2025-11-22,34.0,305.0,620,28,72,1.0,INVALID,Usage record references customer not in subscriptions
,C00530,2024-07-15,47.0,1023.0,112,12,40,1.0,INVALID,Missing usage_id
U0001566,C00113,2024-07-29,32.0,,112,72,99,20.0,INVALID,Usage record references customer not in subscriptions
U0001567,C01794,2025-02-06,6.0,212.0,910,38,63,100.0,VALID,No issues detected
U0001568,C00133,2024-05-03,42.0,322.0,113,71,84,5.0,VALID,No issues detected
U0001569,C00310,2024-04-12,11.0,1698.0,422,76,86,20.0,VALID,No issues detected
U0001570,C00059,2024-06-21,23.0,1147.0,317,24,69,20.0,VALID,No issues detected
U0001571,C00771,2024-10-26,40.0,1089.0,834,52,19,500.0,VALID,No issues detected
,C01786,2024-04-01,,1178.0,29,14,54,5.0,INVALID,Missing usage_id
U0001573,C00653,2024-01-31,43.0,1722.0,303,40,71,,INVALID,Usage record references customer not in subscriptions
U0001574,C00967,2024-12-18,44.0,1858.0,661,29,61,,VALID,No issues detected
U0001575,C01594,2024-04-15,10.0,786.0,183,49,47,20.0,VALID,No issues detected
U0001576,C00483,2024-09-08,48.0,473.0,634,39,7,5.0,VALID,No issues detected
U0001577,C00557,2025-10-10,58.0,1422.0,654,69,10,1.0,INVALID,Usage record references customer not in subscriptions
U0001578,C00193,2025-01-15,24.0,1336.0,489,3,97,2.0,INVALID,Usage record references customer not in subscriptions
U0001579,C01316,2024-11-01,33.0,496.0,340,39,44,500.0,INVALID,Usage record references customer not in subscriptions
U0001580,C01643,2025-03-02,37.0,692.0,368,6,52,1.0,INVALID,Usage record references customer not in subscriptions
U0001581,C01362,2024-07-09,36.0,1059.0,344,29,33,2.0,VALID,No issues detected
U0001582,C00741,2025-02-22,13.0,732.0,902,15,86,10.0,INVALID,Usage record references customer not in subscriptions
,C00662,2024-07-01,,1514.0,980,56,97,2.0,INVALID,Missing usage_id; Usage record references customer not in subscriptions
U0001584,C00068,2025-07-14,22.0,1023.0,20,52,21,,INVALID,Usage record references customer not in subscriptions
U0001585,C00508,2025-08-21,,423.0,343,19,77,50.0,INVALID,Usage record references customer not in subscriptions
U0001586,C00021,2025-01-07,34.0,,351,21,19,5.0,INVALID,Usage record references customer not in subscriptions
U0001587,C00137,2024-04-12,11.0,1165.0,717,76,61,20.0,INVALID,Usage record references customer not in subscriptions
U0001588,C00239,2024-10-29,49.0,850.0,824,64,6,500.0,INVALID,Usage record references customer not in subscriptions
U0001589,C00617,2025-05-04,0.0,1491.0,601,54,52,100.0,INVALID,Usage record references customer not in subscriptions
U0001590,C00887,2024-03-08,-15.0,1921.0,65,68,92,50.0,INVALID,Negative login_count
U0001591,C01495,2024-10-18,25.0,994.0,641,36,48,-5.0,VALID,No issues detected
U0001592,C00587,2025-11-12,36.0,601.0,702,59,5,,INVALID,Usage record references customer not in subscriptions
U0001593,C00023,2025-07-25,27.0,776.0,180,28,76,100.0,INVALID,Usage record references customer not in subscriptions
U0001594,C01265,2025-08-13,52.0,8.0,705,63,21,5.0,VALID,No issues detected
U0001595,C00914,2025-07-17,12.0,778.0,812,70,29,5.0,VALID,No issues detected
U0001596,C01181,2024-04-24,-38.0,1430.0,782,67,34,,INVALID,Negative login_count
U0001597,C00137,2024-10-10,6.0,948.0,299,80,74,5.0,INVALID,Usage record references customer not in subscriptions
U0001598,C01522,2024-05-24,17.0,1580.0,3,24,82,50.0,VALID,No issues detected
U0001599,C01392,2025-08-16,,-340.0,366,4,55,100.0,INVALID,Negative active_minutes
U0001600,C00914,2025-09-12,19.0,1664.0,351,68,2,5.0,VALID,No issues detected
U0001601,C00899,2024-07-21,23.0,95.0,928,0,56,2.0,VALID,No issues detected
U0001602,C01036,2025-09-26,16.0,1078.0,297,19,60,10.0,INVALID,Usage record references customer not in subscriptions
U0001603,C00273,2025-10-11,11.0,311.0,124,76,86,-5.0,VALID,No issues detected
U0001604,C00613,2024-04-12,,888.0,669,53,7,2.0,VALID,No issues detected
U0001605,C00281,2024-08-30,,616.0,736,32,80,10.0,VALID,No issues detected
U0001606,C01374,2024-12-02,24.0,,566,58,71,10.0,VALID,No issues detected
U0001607,C00518,2025-07-06,43.0,1987.0,770,49,19,2.0,INVALID,Usage record references customer not in subscriptions
U0001608,C00017,2024-10-27,20.0,1668.0,219,1,100,50.0,VALID,No issues detected
U0001609,C01244,2024-03-30,55.0,1566.0,172,4,28,-5.0,INVALID,Usage record references customer not in subscriptions
U0001610,C01048,2025-09-03,13.0,216.0,551,61,15,10.0,INVALID,Usage record references customer not in subscriptions
U0001611,C00803,2024-05-07,-21.0,269.0,214,5,26,20.0,INVALID,Negative login_count
U0001612,C00877,2025-06-13,30.0,234.0,732,8,44,-5.0,INVALID,Usage record references customer not in subscriptions
U0001613,C00504,2025-08-19,39.0,735.0,552,10,74,20.0,INVALID,Usage record references customer not in subscriptions
U0001614,C00455,2024-12-15,8.0,672.0,167,1,90,500.0,INVALID,Usage record references customer not in subscriptions
U0001615,C01621,2024-11-12,57.0,580.0,944,39,58,2.0,INVALID,Usage record references customer not in subscriptions
U0001616,C01455,2025-07-14,6.0,1612.0,996,31,1,,VALID,No issues detected
U0001617,C00849,2024-08-02,33.0,1923.0,835,66,2,100.0,VALID,No issues detected
U0001618,C00970,2024-11-06,3.0,637.0,401,35,60,2.0,INVALID,Usage record references customer not in subscriptions
U0001619,C00984,2025-02-18,59.0,861.0,754,12,81,-5.0,INVALID,Usage record references customer not in subscriptions
U0001620,C00613,2024-01-24,,1097.0,84,16,82,,VALID,No issues detected
,C00810,2025-08-05,39.0,-358.0,567,48,59,,INVALID,Missing usage_id; Negative active_minutes
U0001622,C00588,2024-12-17,1.0,516.0,218,19,94,2.0,INVALID,Usage record references customer not in subscriptions
U0001623,C00533,2024-05-21,22.0,1178.0,586,18,48,50.0,VALID,No issues detected
U0001624,C00444,2025-11-24,6.0,1044.0,157,48,46,-5.0,INVALID,Usage record references customer not in subscriptions
U0001625,C00401,2025-06-16,17.0,1482.0,403,79,42,500.0,INVALID,Usage record references customer not in subscriptions
U0001626,C00764,2024-11-07,38.0,1130.0,174,2,70,1.0,VALID,No issues detected
U0001627,C00600,2024-05-04,24.0,682.0,270,25,16,1.0,VALID,No issues detected
U0001628,C00998,2025-10-24,29.0,183.0,626,72,86,2.0,INVALID,Usage record references customer not in subscriptions
U0001629,C01622,2025-11-14,0.0,-12.0,352,1,62,,INVALID,Usage record references customer not in subscriptions; Negative active_minutes
U0001630,C00555,2024-05-21,55.0,1774.0,364,15,88,500.0,VALID,No issues detected
U0001631,C01672,2024-03-10,16.0,1083.0,468,43,4,,INVALID,Usage record references customer not in subscriptions
U0001632,C01683,2024-05-27,52.0,758.0,382,52,17,,VALID,No issues detected
U0001633,C00570,2024-09-09,29.0,1576.0,711,25,66,,INVALID,Usage record references customer not in subscriptions
U0001634,C00918,2024-05-19,1.0,1274.0,574,35,94,500.0,VALID,No issues detected
U0001635,C00950,2024-02-05,11.0,524.0,723,13,96,500.0,INVALID,Usage record references customer not in subscriptions
,C01764,2024-06-28,9.0,1122.0,85,21,9,100.0,INVALID,Missing usage_id; Usage record references customer not in subscriptions
U0001637,C00479,2024-11-06,16.0,1280.0,285,17,29,500.0,INVALID,Usage record references customer not in subscriptions
U0001638,C00809,2024-03-27,46.0,1019.0,271,4,20,20.0,VALID,No issues detected
U0001639,C00353,2024-04-12,6.0,673.0,310,9,95,500.0,INVALID,Usage record references customer not in subscriptions
U0001640,C00398,2025-12-17,21.0,402.0,294,57,74,500.0,VALID,No issues detected
U0001641,C00503,2024-05-27,58.0,1792.0,321,22,81,5.0,INVALID,Usage record references customer not in subscriptions
U0001642,C00520,2025-09-06,50.0,-198.0,18,55,54,,INVALID,Usage record references customer not in subscriptions; Negative active_minutes
U0001643,C00416,2024-09-05,13.0,259.0,979,39,34,500.0,INVALID,Usage record references customer not in subscriptions
U0001644,C01316,2024-08-14,2.0,1835.0,119,17,46,1.0,INVALID,Usage record references customer not in subscriptions
U0001645,C00520,2025-10-12,28.0,1766.0,89,41,72,20.0,INVALID,Usage record references customer not in subscriptions
U0001646,C00877,2024-07-26,45.0,405.0,872,26,11,20.0,INVALID,Usage record references customer not in subscriptions
U0001647,C01550,2025-03-22,51.0,325.0,222,22,35,500.0,INVALID,Usage record references customer not in subscriptions
U0001648,C00168,2026-01-23,15.0,720.0,919,35,97,20.0,INVALID,Usage record references customer not in subscriptions
U0001649,C00922,2024-01-06,5.0,154.0,190,38,30,1.0,VALID,No issues detected
U0001650,C01323,2024-07-29,27.0,1268.0,320,71,74,500.0,INVALID,Usage record references customer not in subscriptions
U0001651,C01628,2024-03-12,52.0,1738.0,434,77,75,,INVALID,Usage record references customer not in subscriptions
U0001652,C01434,2025-05-08,17.0,820.0,498,2,83,,VALID,No issues detected
U0001653,C00948,2024-03-22,49.0,1379.0,142,76,94,500.0,INVALID,Usage record references customer not in subscriptions
U0001654,C01757,2025-01-26,52.0,1214.0,543,53,6,500.0,VALID,No issues detected
U0001655,C00978,2025-03-01,2.0,1391.0,585,13,42,-5.0,INVALID,Usage record references customer not in subscriptions
U0001656,C01283,2024-09-04,52.0,1566.0,483,51,8,5.0,INVALID,Usage record references customer not in subscriptions
U0001657,C01267,2024-01-02,21.0,1498.0,185,42,18,50.0,INVALID,Usage record references customer not in subscriptions
,C01610,2024-09-01,15.0,-39.0,816,61,24,50.0,INVALID,Missing usage_id; Negative active_minutes
U0001659,C00847,2025-09-27,58.0,1741.0,313,31,79,5.0,INVALID,Usage record references customer not in subscriptions
U0001660,C00681,2025-09-20,52.0,1419.0,560,43,74,20.0,VALID,No issues detected
U0001661,C01460,2024-09-19,60.0,-322.0,458,2,3,2.0,INVALID,Negative active_minutes
U0001662,C00434,2025-09-09,33.0,-228.0,154,47,63,500.0,INVALID,Negative active_minutes
U0001663,C00577,2024-09-14,5.0,1464.0,49,28,22,2.0,INVALID,Usage record references customer not in subscriptions
U0001664,C00539,2024-09-01,,1942.0,855,23,29,-5.0,VALID,No issues detected
U0001665,C01095,2025-11-12,52.0,726.0,864,40,40,10.0,VALID,No issues detected
U0001666,C01717,2025-08-17,8.0,1399.0,150,61,8,10.0,VALID,No issues detected
U0001667,C00966,2024-10-02,40.0,1788.0,883,4,20,-5.0,VALID,No issues detected
U0001668,C00693,2025-10-07,13.0,624.0,131,0,34,-5.0,INVALID,Usage record references customer not in subscriptions
U0001669,C00735,2024-12-26,13.0,1137.0,398,73,42,,INVALID,Usage record references customer not in subscriptions
U0001670,C00358,2025-09-28,32.0,1579.0,860,12,71,-5.0,INVALID,Usage record references customer not in subscriptions
U0001671,C01136,2024-10-18,34.0,1136.0,175,61,97,1.0,INVALID,Usage record references customer not in subscriptions
U0001672,C01147,2024-06-04,33.0,1161.0,59,66,67,500.0,INVALID,Usage record references customer not in subscriptions
U0001673,C00485,2024-11-18,36.0,83.0,639,57,7,10.0,VALID,No issues detected
U0001674,C00247,2024-11-04,4.0,1282.0,307,57,48,20.0,INVALID,Usage record references customer not in subscriptions
U0001675,C00659,2024-01-12,40.0,,447,18,25,,VALID,No issues detected
U0001676,C01078,2025-06-19,35.0,1785.0,427,46,14,50.0,INVALID,Usage record references customer not in subscriptions
U0001677,C01268,2024-01-20,44.0,736.0,513,27,25,-5.0,VALID,No issues detected
U0001678,C00256,2024-04-07,35.0,1092.0,397,16,22,-5.0,VALID,No issues detected
U0001679,C01515,2025-09-03,11.0,1722.0,871,68,6,50.0,VALID,No issues detected
U0001680,C00349,2024-09-04,29.0,752.0,221,62,92,-5.0,INVALID,Usage record references customer not in subscriptions
U0001681,C01712,2025-12-01,8.0,1875.0,358,51,85,10.0,INVALID,Usage record references customer not in subscriptions
U0001682,C01385,2025-10-13,,1719.0,548,23,39,20.0,INVALID,Usage record references customer not in subscriptions
U0001683,C00428,2025-11-21,37.0,45.0,886,57,9,50.0,INVALID,Usage record references customer not in subscriptions
U0001684,C01446,2025-11-18,54.0,239.0,253,69,94,,VALID,No issues detected
U0001685,C00272,2025-11-24,28.0,,162,56,43,100.0,VALID,No issues detected
U0001686,C01558,2024-05-17,19.0,1360.0,617,62,16,50.0,INVALID,Usage record references customer not in subscriptions
U0001687,C01780,2025-02-16,28.0,616.0,138,64,100,1.0,VALID,No issues detected
U0001688,C00796,2024-06-25,53.0,1448.0,62,44,9,-5.0,INVALID,Usage record references customer not in subscriptions
U0001689,C00320,2025-12-17,,131.0,299,55,93,50.0,VALID,No issues detected
U0001690,C00001,2026-01-08,,467.0,143,41,43,2.0,VALID,No issues detected
U0001691,C00507,2024-02-22,8.0,1852.0,683,59,76,5.0,VALID,No issues detected
U0001692,C00437,2025-07-23,23.0,461.0,310,66,35,1.0,VALID,No issues detected
U0001693,C00963,2025-04-11,15.0,425.0,246,28,29,100.0,VALID,No issues detected
U0001694,C00623,2026-01-21,58.0,376.0,399,24,70,2.0,INVALID,Usage record references customer not in subscriptions
U0001695,C00665,2026-01-10,42.0,1519.0,660,3,83,5.0,INVALID,Usage record references customer not in subscriptions
U0001696,C00789,2025-11-06,40.0,,326,15,39,5.0,INVALID,Usage record references customer not in subscriptions
U0001697,C01722,2025-01-05,,1443.0,599,25,23,-5.0,INVALID,Usage record references customer not in subscriptions
U0001698,C00846,2025-03-01,36.0,664.0,538,26,17,100.0,VALID,No issues detected
U0001699,C00998,2024-12-07,,781.0,434,6,2,20.0,INVALID,Usage record references customer not in subscriptions
U0001700,C01397,2024-10-12,4.0,1541.0,374,64,46,5.0,INVALID,Usage record references customer not in subscriptions
U0001701,C00453,2025-07-18,60.0,952.0,477,5,95,,VALID,No issues detected
U0001702,C00253,2025-01-28,34.0,516.0,874,61,79,50.0,VALID,No issues detected
U0001703,C01189,2024-11-06,8.0,1437.0,257,78,53,10.0,INVALID,Usage record references customer not in subscriptions
U0001704,C01240,2025-12-14,-41.0,1317.0,956,41,44,500.0,INVALID,Negative login_count
U0001705,C01416,2024-12-12,36.0,1307.0,455,80,21,100.0,INVALID,Usage record references customer not in subscriptions
U0001706,C01061,2024-03-10,5.0,-164.0,292,73,23,1.0,INVALID,Usage record references customer not in subscriptions; Negative active_minutes
U0001707,C00927,2024-05-11,14.0,1637.0,531,49,27,10.0,VALID,No issues detected
U0001708,C00431,2026-01-23,17.0,-310.0,150,61,34,500.0,INVALID,Negative active_minutes
U0001709,C00171,2024-06-29,54.0,825.0,867,74,87,2.0,VALID,No issues detected
U0001710,C00044,2025-01-09,25.0,1831.0,995,14,25,500.0,INVALID,Usage record references customer not in subscriptions
U0001711,C00277,2024-07-13,57.0,1251.0,943,2,58,2.0,VALID,No issues detected
U0001712,C00591,2025-12-18,37.0,1613.0,357,16,4,,INVALID,Usage record references customer not in subscriptions
U0001713,C00965,2025-02-01,12.0,163.0,833,40,88,5.0,VALID,No issues detected
U0001714,C01181,2025-06-03,,-73.0,883,25,87,50.0,INVALID,Negative active_minutes
U0001715,C00806,2024-09-07,44.0,22.0,314,5,61,10.0,VALID,No issues detected
U0001716,C01152,2024-10-22,25.0,998.0,484,28,34,20.0,INVALID,Usage record references customer not in subscriptions
U0001717,C00051,2024-06-09,58.0,1887.0,278,76,78,,INVALID,Usage record references customer not in subscriptions
U0001718,C00458,2025-11-30,35.0,1351.0,393,36,68,20.0,INVALID,Usage record references customer not in subscriptions
U0001719,C00414,2025-01-14,6.0,1039.0,624,66,78,,VALID,No issues detected
U0001720,C00698,2024-02-23,19.0,,102,32,39,100.0,INVALID,Usage record references customer not in subscriptions
U0001721,C00545,2025-10-08,54.0,,329,21,62,10.0,INVALID,Usage record references customer not in subscriptions
U0001722,C00320,2025-05-14,6.0,1116.0,215,22,22,100.0,VALID,No issues detected
U0001723,C01252,2024-08-28,2.0,1419.0,265,22,40,-5.0,INVALID,Usage record references customer not in subscriptions
U0001724,C00019,2025-06-13,4.0,1866.0,74,20,43,50.0,VALID,No issues detected
U0001725,C00392,2024-12-23,53.0,456.0,725,56,28,2.0,VALID,No issues detected
U0001726,C01573,2024-01-07,15.0,337.0,787,71,77,,INVALID,Usage record references customer not in subscriptions
U0001727,C00434,2024-12-10,43.0,192.0,427,75,43,2.0,VALID,No issues detected
U0001728,C01327,2024-06-29,19.0,630.0,550,30,58,500.0,INVALID,Usage record references customer not in subscriptions
U0001729,C01433,2024-07-26,29.0,1690.0,981,42,20,500.0,INVALID,Usage record references customer not in subscriptions
U0001730,C00467,2024-11-08,16.0,-166.0,410,13,92,10.0,INVALID,Negative active_minutes
U0001731,C01641,2025-09-28,15.0,1285.0,619,65,91,500.0,VALID,No issues detected
U0001732,C01592,2025-11-12,8.0,1892.0,179,18,89,2.0,INVALID,Usage record references customer not in subscriptions
U0001733,C01789,2025-06-23,7.0,18.0,564,40,46,20.0,INVALID,Usage record references customer not in subscriptions
U0001734,C00251,2024-03-04,21.0,1938.0,314,75,75,500.0,VALID,No issues detected
U0001735,C00736,2025-01-28,52.0,1640.0,149,5,16,10.0,VALID,No issues detected
U0001736,C01043,2025-04-27,40.0,134.0,592,47,14,10.0,VALID,No issues detected
U0001737,C00606,2025-09-28,,28.0,104,18,37,10.0,INVALID,Usage record references customer not in subscriptions
U0001738,C01344,2025-12-05,,488.0,910,51,29,50.0,INVALID,Usage record references customer not in subscriptions
U0001739,C00215,2025-08-04,,1061.0,82,72,9,500.0,VALID,No issues detected
U0001740,C00848,2024-12-17,36.0,569.0,559,52,27,2.0,INVALID,Usage record references customer not in subscriptions
U0001741,C00187,2024-02-08,19.0,35.0,953,69,70,10.0,INVALID,Usage record references customer not in subscriptions
U0001742,C01461,2025-09-17,21.0,143.0,344,60,17,20.0,INVALID,Usage record references customer not in subscriptions
U0001743,C01724,2024-08-16,,499.0,547,8,68,5.0,INVALID,Usage record references customer not in subscriptions
U0001744,C01374,2024-10-09,9.0,73.0,103,15,38,-5.0,VALID,No issues detected
U0001745,C01287,2024-05-15,5.0,475.0,411,21,68,-5.0,VALID,No issues detected
U0001746,C00487,2024-04-23,15.0,992.0,963,19,79,1.0,INVALID,Usage record references customer not in subscriptions
U0001747,C01109,2025-09-20,59.0,1186.0,856,30,62,50.0,INVALID,Usage record references customer not in subscriptions
U0001748,C01349,2024-09-18,43.0,1926.0,874,8,34,20.0,INVALID,Usage record references customer not in subscriptions
U0001749,C01768,2025-04-14,55.0,793.0,218,20,26,,INVALID,Usage record references customer not in subscriptions
U0001750,C00968,2024-08-27,38.0,1142.0,618,30,15,50.0,VALID,No issues detected
U0001751,C00139,2024-10-06,53.0,716.0,777,71,71,1.0,INVALID,Usage record references customer not in subscriptions
U0001752,C01386,2025-08-27,53.0,234.0,332,12,40,10.0,INVALID,Usage record references customer not in subscriptions
U0001753,C00083,2025-08-11,51.0,1769.0,500,22,73,20.0,INVALID,Usage record references customer not in subscriptions
U0001754,C01123,2024-12-11,24.0,311.0,836,76,96,2.0,INVALID,Usage record references customer not in subscriptions
U0001755,C00298,2025-01-01,7.0,1625.0,515,0,75,10.0,INVALID,Usage record references customer not in subscriptions
U0001756,C01799,2025-07-06,-30.0,1092.0,328,40,30,10.0,INVALID,Negative login_count
U0001757,C00429,2025-11-13,47.0,1767.0,418,5,44,50.0,INVALID,Usage record references customer not in subscriptions
U0001758,C00380,2024-03-25,44.0,140.0,240,15,40,,INVALID,Usage record references customer not in subscriptions
U0001759,C00709,2024-11-23,27.0,1696.0,289,65,20,5.0,INVALID,Usage record references customer not in subscriptions
U0001760,C00356,2024-11-05,36.0,146.0,495,62,100,100.0,VALID,No issues detected
U0001761,C01153,2025-10-19,26.0,482.0,465,16,67,2.0,INVALID,Usage record references customer not in subscriptions
U0001762,C01662,2025-03-27,57.0,1970.0,81,44,92,2.0,INVALID,Usage record references customer not in subscriptions
U0001763,C99999,2025-04-03,11.0,1865.0,580,71,53,20.0,INVALID,Usage record references customer not in subscriptions
U0001764,C00776,2025-05-29,8.0,58.0,351,74,74,-5.0,INVALID,Usage record references customer not in subscriptions
U0001765,C00693,2025-07-03,31.0,514.0,412,8,72,10.0,INVALID,Usage record references customer not in subscriptions
U0001766,C00246,2024-01-15,4.0,1245.0,818,74,78,50.0,INVALID,Usage record references customer not in subscriptions
U0001767,C00665,2025-02-05,7.0,1065.0,305,29,12,1.0,INVALID,Usage record references customer not in subscriptions
U0001768,C01012,2025-04-01,40.0,1945.0,576,16,82,100.0,VALID,No issues detected
U0001769,C01533,2025-10-19,33.0,,667,65,26,,INVALID,Usage record references customer not in subscriptions
,C00418,2026-01-02,,600.0,666,61,36,10.0,INVALID,Missing usage_id
U0001771,C01376,2024-04-27,29.0,407.0,90,7,23,500.0,INVALID,Usage record references customer not in subscriptions
U0001772,C01692,2025-12-25,27.0,339.0,675,19,84,20.0,INVALID,Usage record references customer not in subscriptions
U0001773,C00262,2024-11-09,54.0,-427.0,897,1,44,,INVALID,Usage record references customer not in subscriptions; Negative active_minutes
U0001774,C00698,2025-10-17,10.0,965.0,889,12,72,10.0,INVALID,Usage record references customer not in subscriptions
U0001775,C00701,2024-08-06,49.0,301.0,469,73,43,,INVALID,Usage record references customer not in subscriptions
U0001776,C00280,2025-12-09,19.0,1305.0,129,9,47,20.0,VALID,No issues detected
U0001777,C01201,2025-05-18,18.0,499.0,61,59,4,500.0,VALID,No issues detected
U0001778,C00360,2024-11-08,22.0,1423.0,338,43,27,-5.0,INVALID,Usage record references customer not in subscriptions
U0001779,C01523,2024-04-07,41.0,1356.0,54,54,76,100.0,INVALID,Usage record references customer not in subscriptions
U0001780,C00381,2025-06-05,2.0,527.0,100,27,21,20.0,INVALID,Usage record references customer not in subscriptions
U0001781,C00519,2025-12-12,35.0,1070.0,868,46,8,5.0,INVALID,Usage record references customer not in subscriptions
U0001782,C00496,2024-04-05,,,788,2,85,5.0,INVALID,Usage record references customer not in subscriptions
U0001783,C00051,2026-01-13,0.0,560.0,320,69,11,20.0,INVALID,Usage record references customer not in subscriptions
U0001784,C00357,2025-05-12,38.0,670.0,668,10,37,50.0,VALID,No issues detected
U0001785,C01530,2024-05-05,21.0,-414.0,604,68,90,10.0,INVALID,Usage record references customer not in subscriptions; Negative active_minutes
U0001786,C00199,2025-12-28,23.0,668.0,448,21,35,2.0,INVALID,Usage record references customer not in subscriptions
U0001787,C00734,2025-07-03,12.0,1062.0,378,3,16,1.0,INVALID,Usage record references customer not in subscriptions
U0001788,C01373,2024-06-03,7.0,1742.0,697,54,94,-5.0,INVALID,Usage record references customer not in subscriptions
U0001789,C01450,2025-09-24,43.0,1803.0,819,45,77,100.0,INVALID,Usage record references customer not in subscriptions
U0001790,C00122,2025-07-23,1.0,1095.0,167,25,8,500.0,VALID,No issues detected
U0001791,C01052,2025-10-27,14.0,954.0,703,46,73,1.0,INVALID,Usage record references customer not in subscriptions
,C00240,2024-12-21,14.0,1191.0,596,75,68,2.0,INVALID,Missing usage_id; Usage record references customer not in subscriptions
U0001793,C01142,2024-03-23,42.0,1741.0,723,60,70,20.0,INVALID,Usage record references customer not in subscriptions
U0001794,C01068,2025-11-12,54.0,740.0,90,44,40,5.0,VALID,No issues detected
U0001795,C00999,2024-11-09,11.0,60.0,879,3,7,,INVALID,Usage record references customer not in subscriptions
U0001796,C00661,2024-05-25,44.0,1551.0,19,14,60,10.0,INVALID,Usage record references customer not in subscriptions
U0001797,C01333,2024-10-08,42.0,1269.0,463,78,79,1.0,VALID,No issues detected
U0001798,C01334,2024-10-07,9.0,1443.0,505,58,58,5.0,VALID,No issues detected
U0001799,C01679,2025-09-23,42.0,,114,17,90,1.0,VALID,No issues detected
U0001800,C00031,2026-01-28,,598.0,597,59,6,2.0,VALID,No issues detected
U0001801,C01507,2025-07-03,52.0,329.0,166,43,82,,VALID,No issues detected
U0001802,C01771,2024-12-11,21.0,1625.0,108,45,33,-5.0,INVALID,Usage record references customer not in subscriptions
U0001803,C00469,2025-01-20,42.0,634.0,46,76,100,2.0,INVALID,Usage record references customer not in subscriptions
U0001804,C01754,2024-10-03,49.0,,35,73,11,500.0,VALID,No issues detected
U0001805,C00776,2024-12-03,49.0,899.0,38,45,98,100.0,INVALID,Usage record references customer not in subscriptions
U0001806,C00883,2024-10-19,15.0,574.0,635,65,74,-5.0,INVALID,Usage record references customer not in subscriptions
U0001807,C01600,2025-03-14,22.0,-478.0,810,76,47,10.0,INVALID,Usage record references customer not in subscriptions; Negative active_minutes
U0001808,C00438,2025-02-16,40.0,-210.0,333,42,33,,INVALID,Usage record references customer not in subscriptions; Negative active_minutes
U0001809,C01130,2025-11-30,29.0,1088.0,261,55,35,10.0,INVALID,Usage record references customer not in subscriptions
U0001810,C01549,2024-12-02,,1104.0,505,60,23,-5.0,INVALID,Usage record references customer not in subscriptions
U0001811,C00567,2024-12-27,37.0,1358.0,135,54,14,100.0,INVALID,Usage record references customer not in subscriptions
U0001812,C01616,2025-02-28,26.0,648.0,357,77,94,,INVALID,Usage record references customer not in subscriptions
U0001813,C01675,2024-11-11,23.0,804.0,583,37,67,20.0,INVALID,Usage record references customer not in subscriptions
U0001814,C00011,2024-01-01,48.0,1926.0,204,66,57,,VALID,No issues detected
U0001815,C00682,2024-08-28,60.0,1383.0,516,75,18,2.0,INVALID,Usage record references customer not in subscriptions
U0001816,C00291,2024-03-03,58.0,1599.0,661,25,64,500.0,VALID,No issues detected
U0001817,C01493,2025-01-11,12.0,835.0,748,8,68,10.0,VALID,No issues detected
U0001818,C01143,2025-06-13,12.0,51.0,302,80,11,5.0,VALID,No issues detected
U0001819,C01038,2024-06-27,49.0,907.0,653,66,27,100.0,INVALID,Usage record references customer not in subscriptions
U0001820,C01681,2024-02-16,28.0,968.0,809,66,75,2.0,INVALID,Usage record references customer not in subscriptions
,C00291,2024-11-17,41.0,1467.0,251,20,98,100.0,INVALID,Missing usage_id
U0001822,C00057,2024-11-10,0.0,723.0,671,45,55,10.0,INVALID,Usage record references customer not in subscriptions
U0001823,C01234,2025-09-18,49.0,1206.0,216,4,92,-5.0,VALID,No issues detected
U0001824,C00397,2024-12-14,3.0,433.0,235,51,3,100.0,VALID,No issues detected
U0001825,C00744,2024-12-06,23.0,14.0,331,75,94,20.0,INVALID,Usage record references customer not in subscriptions
U0001826,C01577,2024-08-12,7.0,579.0,84,57,37,2.0,VALID,No issues detected
U0001827,C01722,2024-05-12,28.0,1630.0,172,27,46,,INVALID,Usage record references customer not in subscriptions
U0001828,C00931,2024-12-29,59.0,1368.0,85,19,68,500.0,INVALID,Usage record references customer not in subscriptions
U0001829,C00373,2024-07-31,43.0,699.0,533,3,43,1.0,INVALID,Usage record references customer not in subscriptions
U0001830,C00247,2025-08-13,-32.0,,253,78,68,,INVALID,Usage record references customer not in subscriptions; Negative login_count
U0001831,C00749,2025-04-24,11.0,735.0,885,73,20,,INVALID,Usage record references customer not in subscriptions
U0001832,C01226,2025-06-18,15.0,1466.0,273,80,76,,VALID,No issues detected
U0001833,C00292,2025-04-11,50.0,1903.0,676,26,96,500.0,VALID,No issues detected
U0001834,C00541,2024-03-22,39.0,1315.0,347,1,30,,INVALID,Usage record references customer not in subscriptions
U0001835,C00940,2024-08-22,55.0,1395.0,60,19,75,5.0,INVALID,Usage record references customer not in subscriptions
U0001836,C01779,2025-10-28,33.0,1190.0,575,76,44,1.0,VALID,No issues detected
U0001837,C00429,2024-08-10,36.0,456.0,57,0,76,,INVALID,Usage record references customer not in subscriptions
U0001838,C01521,2025-12-29,46.0,1075.0,915,47,70,5.0,INVALID,Usage record references customer not in subscriptions
U0001839,C00724,2025-10-29,47.0,951.0,734,4,30,20.0,INVALID,Usage record references customer not in subscriptions
U0001840,C00917,2025-08-18,51.0,,648,40,90,1.0,VALID,No issues detected
U0001841,C00881,2024-11-10,23.0,1541.0,667,41,85,20.0,INVALID,Usage record references customer not in subscriptions
U0001842,C00596,2024-10-20,49.0,68.0,145,3,49,,INVALID,Usage record references customer not in subscriptions
U0001843,C01502,2025-11-24,4.0,368.0,447,51,82,2.0,INVALID,Usage record references customer not in subscriptions
U0001844,C00821,2025-10-04,,1353.0,653,79,37,50.0,INVALID,Usage record references customer not in subscriptions
U0001845,C00558,2025-03-25,17.0,1427.0,147,1,32,-5.0,INVALID,Usage record references customer not in subscriptions
U0001846,C00910,2025-11-11,56.0,1586.0,328,80,1,2.0,VALID,No issues detected
U0001847,C00119,2025-05-19,39.0,1663.0,879,80,52,10.0,VALID,No issues detected
U0001848,C00589,2024-04-24,41.0,518.0,978,7,5,20.0,VALID,No issues detected
U0001849,C00127,2024-07-25,21.0,1707.0,259,58,8,1.0,INVALID,Usage record references customer not in subscriptions
U0001850,C00795,2024-03-13,55.0,613.0,491,32,72,5.0,VALID,No issues detected
U0001851,C01111,2025-12-04,27.0,1864.0,592,16,7,1.0,VALID,No issues detected
U0001852,C01791,2025-04-08,38.0,1714.0,502,65,15,10.0,INVALID,Usage record references customer not in subscriptions
U0001853,C01560,2025-05-10,28.0,803.0,564,23,91,10.0,VALID,No issues detected
U0001854,C01309,2024-03-11,-48.0,30.0,508,49,2,20.0,INVALID,Usage record references customer not in subscriptions; Negative login_count
U0001855,C00688,2025-05-21,17.0,202.0,18,62,10,,VALID,No issues detected
U0001856,C01188,2025-01-09,51.0,377.0,42,30,74,2.0,INVALID,Usage record references customer not in subscriptions
U0001857,C01243,2025-07-07,0.0,552.0,896,79,71,100.0,INVALID,Usage record references customer not in subscriptions
U0001858,C00129,2025-11-19,57.0,27.0,745,16,49,50.0,INVALID,Usage record references customer not in subscriptions
U0001859,C00257,2024-10-15,49.0,93.0,64,58,51,-5.0,VALID,No issues detected
U0001860,C00469,2025-07-16,19.0,684.0,35,20,64,5.0,INVALID,Usage record references customer not in subscriptions
U0001861,C01365,2024-04-17,48.0,4.0,358,7,7,5.0,VALID,No issues detected
U0001862,C00841,2024-11-25,35.0,1621.0,26,10,81,20.0,INVALID,Usage record references customer not in subscriptions
U0001863,C00393,2024-03-18,42.0,321.0,253,11,2,100.0,VALID,No issues detected
U0001864,C00830,2025-11-12,19.0,1460.0,820,67,75,20.0,VALID,No issues detected
U0001865,C01437,2024-10-16,,1215.0,797,12,27,20.0,INVALID,Usage record references customer not in subscriptions
U0001866,C00711,2025-01-15,52.0,1042.0,222,32,51,1.0,VALID,No issues detected
U0001867,C01620,2025-02-24,36.0,234.0,852,42,55,1.0,INVALID,Usage record references customer not in subscriptions
U0001868,C00528,2025-12-30,,1243.0,783,1,43,-5.0,VALID,No issues detected
U0001869,C00992,2025-01-27,24.0,,117,6,81,1.0,VALID,No issues detected
U0001870,C01372,2024-06-27,27.0,1789.0,317,6,50,20.0,INVALID,Usage record references customer not in subscriptions
U0001871,C01764,2025-03-23,3.0,437.0,943,55,80,-5.0,INVALID,Usage record references customer not in subscriptions
U0001872,C00309,2025-10-04,19.0,788.0,319,12,75,50.0,INVALID,Usage record references customer not in subscriptions
U0001873,C00434,2024-08-01,48.0,,17,8,15,100.0,VALID,No issues detected
U0001874,C00913,2025-03-18,10.0,985.0,872,54,31,2.0,INVALID,Usage record references customer not in subscriptions
U0001875,C00662,2025-07-05,20.0,1597.0,93,56,14,500.0,INVALID,Usage record references customer not in subscriptions
U0001876,C01293,2025-07-03,47.0,864.0,280,26,71,10.0,VALID,No issues detected
U0001877,C01330,2025-09-01,43.0,1962.0,625,15,69,20.0,INVALID,Usage record references customer not in subscriptions
U0001878,C01020,2024-12-17,22.0,1542.0,369,62,22,500.0,INVALID,Usage record references customer not in subscriptions
U0001879,C01476,2025-12-02,26.0,167.0,674,62,51,50.0,VALID,No issues detected
U0001880,C01036,2024-11-13,19.0,643.0,974,24,49,10.0,INVALID,Usage record references customer not in subscriptions
U0001881,C00200,2024-05-12,,855.0,590,6,3,,INVALID,Usage record references customer not in subscriptions
U0001882,C01205,2025-12-15,40.0,1899.0,22,3,31,5.0,INVALID,Usage record references customer not in subscriptions
U0001883,C00705,2024-12-14,48.0,998.0,910,59,94,500.0,INVALID,Usage record references customer not in subscriptions
U0001884,C00827,2024-07-01,9.0,1048.0,670,0,60,20.0,INVALID,Usage record references customer not in subscriptions
U0001885,C00986,2025-03-17,13.0,1136.0,609,47,87,50.0,INVALID,Usage record references customer not in subscriptions
,C00635,2026-01-15,46.0,1054.0,192,51,93,50.0,INVALID,Missing usage_id
U0001887,C01283,2025-05-27,34.0,1593.0,604,41,60,5.0,INVALID,Usage record references customer not in subscriptions
U0001888,C01623,2024-11-21,13.0,769.0,156,2,69,50.0,INVALID,Usage record references customer not in subscriptions
U0001889,C01286,2024-03-17,14.0,61.0,894,73,99,1.0,VALID,No issues detected
U0001890,C00541,2024-01-17,34.0,1660.0,639,72,72,1.0,INVALID,Usage record references customer not in subscriptions
U0001891,C00685,2025-09-23,17.0,1949.0,306,65,77,5.0,INVALID,Usage record references customer not in subscriptions
U0001892,C01682,2025-05-28,-28.0,710.0,802,50,8,-5.0,INVALID,Usage record references customer not in subscriptions; Negative login_count
U0001893,C01647,2024-02-04,-28.0,331.0,539,47,17,,INVALID,Negative login_count
U0001894,C00231,2025-07-14,50.0,999.0,511,37,44,100.0,INVALID,Usage record references customer not in subscriptions
U0001895,C00315,2026-01-24,16.0,1662.0,280,55,97,,VALID,No issues detected
U0001896,C00503,2024-07-30,1.0,1677.0,854,21,84,-5.0,INVALID,Usage record references customer not in subscriptions
U0001897,C01515,2024-12-24,26.0,232.0,956,0,78,100.0,VALID,No issues detected
U0001898,C00023,2024-08-18,31.0,1087.0,196,38,0,1.0,INVALID,Usage record references customer not in subscriptions
,C00431,2024-11-01,-28.0,505.0,806,9,4,20.0,INVALID,Missing usage_id; Negative login_count
U0001900,C01606,2025-08-25,57.0,,497,29,96,500.0,INVALID,Usage record references customer not in subscriptions
U0001901,C01042,2025-03-23,10.0,1536.0,672,37,15,,INVALID,Usage record references customer not in subscriptions
U0001902,C00078,2025-12-24,31.0,155.0,588,35,15,,INVALID,Usage record references customer not in subscriptions
,C00008,2024-08-02,34.0,1923.0,697,75,13,20.0,INVALID,Missing usage_id; Usage record references customer not in subscriptions
U0001904,C00334,2025-03-21,51.0,869.0,3,35,81,-5.0,INVALID,Usage record references customer not in subscriptions
U0001905,C01568,2025-12-21,11.0,674.0,167,72,83,500.0,VALID,No issues detected
U0001906,C01528,2026-01-24,55.0,1059.0,558,24,1,5.0,VALID,No issues detected
U0001907,C01403,2024-08-10,23.0,1891.0,535,7,54,,VALID,No issues detected
U0001908,C00282,2024-11-27,12.0,728.0,886,70,86,100.0,VALID,No issues detected
U0001909,C01751,2024-04-23,58.0,1033.0,879,14,47,5.0,INVALID,Usage record references customer not in subscriptions
U0001910,C00086,2025-05-20,60.0,1105.0,394,28,37,5.0,INVALID,Usage record references customer not in subscriptions
U0001911,C01479,2024-09-27,40.0,926.0,33,75,40,100.0,INVALID,Usage record references customer not in subscriptions
U0001912,C01074,2025-04-15,8.0,1944.0,492,24,47,10.0,INVALID,Usage record references customer not in subscriptions
U0001913,C01087,2025-12-09,58.0,402.0,258,65,35,2.0,INVALID,Usage record references customer not in subscriptions
U0001914,C00559,2024-02-09,,840.0,321,53,98,100.0,INVALID,Usage record references customer not in subscriptions
U0001915,C01366,2025-07-20,60.0,767.0,447,4,30,500.0,INVALID,Usage record references customer not in subscriptions
U0001916,C01473,2024-04-09,48.0,1075.0,621,73,79,100.0,VALID,No issues detected
U0001917,C00286,2025-12-28,18.0,1044.0,650,70,9,-5.0,INVALID,Usage record references customer not in subscriptions
U0001918,C00513,2024-07-04,50.0,452.0,672,77,30,20.0,VALID,No issues detected
U0001919,C01628,2025-09-25,37.0,977.0,315,4,61,10.0,INVALID,Usage record references customer not in subscriptions
U0001920,C01120,2025-11-06,7.0,634.0,969,25,16,500.0,INVALID,Usage record references customer not in subscriptions
U0001921,C01427,2025-12-23,33.0,711.0,896,69,86,500.0,INVALID,Usage record references customer not in subscriptions
U0001922,C01546,2025-04-28,,1494.0,458,1,87,500.0,INVALID,Usage record references customer not in subscriptions
U0001923,C01355,2025-10-27,11.0,1654.0,833,60,70,50.0,VALID,No issues detected
U0001924,C00598,2025-02-04,47.0,-402.0,567,66,2,1.0,INVALID,Usage record references customer not in subscriptions; Negative active_minutes
U0001925,C00926,2024-06-21,29.0,282.0,426,3,77,-5.0,INVALID,Usage record references customer not in subscriptions
U0001926,C00146,2025-07-23,3.0,782.0,705,53,17,1.0,INVALID,Usage record references customer not in subscriptions
,C00048,2024-07-15,46.0,-21.0,187,34,11,500.0,INVALID,Missing usage_id; Usage record references customer not in subscriptions; Negative active_minutes
U0001928,C00262,2024-02-24,,1364.0,670,46,21,50.0,INVALID,Usage record references customer not in subscriptions
U0001929,C00530,2025-02-25,28.0,1978.0,260,49,60,2.0,VALID,No issues detected
U0001930,C01215,2024-09-24,,736.0,890,49,64,,VALID,No issues detected
U0001931,C00562,2024-12-09,59.0,,882,46,32,50.0,INVALID,Usage record references customer not in subscriptions
U0001932,C00116,2024-10-05,58.0,809.0,740,53,64,20.0,INVALID,Usage record references customer not in subscriptions
U0001933,C00946,2024-09-09,15.0,1342.0,945,68,85,1.0,VALID,No issues detected
U0001934,C00939,2024-05-15,26.0,,452,9,47,-5.0,INVALID,Usage record references customer not in subscriptions
U0001935,C01673,2025-12-23,14.0,715.0,676,17,83,100.0,VALID,No issues detected
U0001936,C01130,2025-06-02,14.0,1439.0,749,34,25,10.0,INVALID,Usage record references customer not in subscriptions
U0001937,C00563,2025-01-20,,168.0,616,79,49,5.0,INVALID,Usage record references customer not in subscriptions
U0001938,C00367,2024-02-04,4.0,1993.0,342,76,45,10.0,INVALID,Usage record references customer not in subscriptions
U0001939,C00876,2026-01-20,10.0,1410.0,657,79,14,10.0,INVALID,Usage record references customer not in subscriptions
U0001940,C01155,2024-06-19,1.0,761.0,997,30,35,500.0,VALID,No issues detected
,C01043,2025-07-14,52.0,1176.0,309,37,50,10.0,INVALID,Missing usage_id
U0001942,C01213,2024-01-24,51.0,976.0,791,31,87,100.0,INVALID,Usage record references customer not in subscriptions
U0001943,C00851,2024-02-12,26.0,1019.0,589,20,16,50.0,INVALID,Usage record references customer not in subscriptions
U0001944,C00953,2025-11-18,32.0,282.0,201,58,6,5.0,INVALID,Usage record references customer not in subscriptions
U0001945,C00326,2024-01-09,34.0,1847.0,578,22,70,500.0,VALID,No issues detected
U0001946,C00688,2024-09-17,37.0,739.0,668,59,90,,VALID,No issues detected
U0001947,C00907,2025-11-03,60.0,1481.0,322,30,72,50.0,INVALID,Usage record references customer not in subscriptions
U0001948,C01390,2025-06-24,,1334.0,942,33,19,100.0,INVALID,Usage record references customer not in subscriptions
U0001949,C01761,2024-01-21,46.0,631.0,837,6,9,20.0,INVALID,Usage record references customer not in subscriptions
U0001950,C00549,2025-08-19,39.0,1061.0,711,47,39,2.0,VALID,No issues detected
U0001951,C01792,2025-08-12,55.0,126.0,581,27,72,2.0,VALID,No issues detected
U0001952,C00991,2026-01-29,48.0,133.0,753,75,97,5.0,INVALID,Usage record references customer not in subscriptions
U0001953,C00410,2024-03-27,56.0,820.0,477,52,86,20.0,INVALID,Usage record references customer not in subscriptions
U0001954,C00015,2025-12-17,9.0,12.0,543,14,27,500.0,INVALID,Usage record references customer not in subscriptions
,C01137,2025-01-02,,-308.0,206,41,58,20.0,INVALID,Missing usage_id; Negative active_minutes
U0001956,C00986,2024-07-16,27.0,331.0,28,29,4,1.0,INVALID,Usage record references customer not in subscriptions
U0001957,C01548,2024-12-23,39.0,,629,68,22,50.0,INVALID,Usage record references customer not in subscriptions
U0001958,C00975,2026-01-07,57.0,790.0,439,54,64,5.0,INVALID,Usage record references customer not in subscriptions
U0001959,C00717,2025-05-21,4.0,-184.0,296,44,5,5.0,INVALID,Usage record references customer not in subscriptions; Negative active_minutes
U0001960,C01526,2025-12-11,16.0,1336.0,532,55,28,,INVALID,Usage record references customer not in subscriptions
U0001961,C01717,2025-03-30,14.0,544.0,336,42,24,,VALID,No issues detected
,C00031,2024-09-19,45.0,1919.0,873,58,76,50.0,INVALID,Missing usage_id
U0001963,C00915,2025-11-14,2.0,1644.0,703,69,41,50.0,VALID,No issues detected
U0001964,C00663,2025-02-12,36.0,,643,10,29,2.0,INVALID,Usage record references customer not in subscriptions
U0001965,C01564,2025-10-20,21.0,1198.0,159,29,21,2.0,VALID,No issues detected
U0001966,C01596,2025-06-06,32.0,418.0,657,48,27,100.0,INVALID,Usage record references customer not in subscriptions
U0001967,C00078,2024-04-27,1.0,1927.0,355,64,97,20.0,INVALID,Usage record references customer not in subscriptions
U0001968,C01015,2024-10-25,10.0,1707.0,346,51,41,20.0,INVALID,Usage record references customer not in subscriptions
U0001969,C01039,2025-11-05,1.0,1729.0,68,40,45,100.0,VALID,No issues detected
U0001970,C00626,2024-09-06,10.0,1296.0,193,4,48,10.0,INVALID,Usage record references customer not in subscriptions
U0001971,C00821,2025-08-08,6.0,958.0,248,13,50,,INVALID,Usage record references customer not in subscriptions
U0001972,C01189,2024-09-03,2.0,1324.0,670,80,85,5.0,INVALID,Usage record references customer not in subscriptions
U0001973,C00837,2025-01-12,52.0,735.0,290,59,36,2.0,VALID,No issues detected
U0001974,C00482,2024-03-24,13.0,935.0,389,40,13,50.0,INVALID,Usage record references customer not in subscriptions
U0001975,C00223,2024-07-05,37.0,456.0,932,8,80,10.0,INVALID,Usage record references customer not in subscriptions
U0001976,C00655,2024-10-07,24.0,411.0,713,13,37,,INVALID,Usage record references customer not in subscriptions
U0001977,C00632,2025-09-29,0.0,1978.0,424,5,39,-5.0,INVALID,Usage record references customer not in subscriptions
U0001978,C01282,2025-10-02,16.0,760.0,44,42,55,2.0,INVALID,Usage record references customer not in subscriptions
U0001979,C00077,2025-01-20,51.0,490.0,527,11,62,50.0,INVALID,Usage record references customer not in subscriptions
U0001980,C00478,2025-05-06,21.0,884.0,178,0,13,,VALID,No issues detected
U0001981,C00964,2024-08-06,28.0,822.0,930,77,37,10.0,INVALID,Usage record references customer not in subscriptions
U0001982,C00418,2025-10-07,35.0,,504,14,14,-5.0,VALID,No issues detected
U0001983,C01368,2024-08-09,-51.0,701.0,718,67,88,20.0,INVALID,Usage record references customer not in subscriptions; Negative login_count
U0001984,C00015,2024-04-04,14.0,260.0,588,28,69,5.0,INVALID,Usage record references customer not in subscriptions
U0001985,C00586,2025-08-26,10.0,-133.0,996,44,53,5.0,INVALID,Negative active_minutes
U0001986,C00587,2024-06-24,0.0,86.0,751,32,42,-5.0,INVALID,Usage record references customer not in subscriptions
U0001987,C01259,2024-02-29,6.0,732.0,879,43,63,10.0,VALID,No issues detected
U0001988,C01479,2025-05-31,44.0,974.0,340,55,49,500.0,INVALID,Usage record references customer not in subscriptions
U0001989,C01589,2025-05-21,57.0,464.0,752,28,64,10.0,VALID,No issues detected
U0001990,C01167,2025-11-25,58.0,646.0,741,40,89,20.0,VALID,No issues detected
U0001991,C00743,2025-10-04,28.0,1075.0,583,51,19,10.0,VALID,No issues detected
U0001992,C01161,2025-10-22,33.0,84.0,569,14,56,100.0,INVALID,Usage record references customer not in subscriptions
U0001993,C00999,2025-01-31,17.0,82.0,927,30,1,10.0,INVALID,Usage record references customer not in subscriptions
U0001994,C00137,2025-04-19,60.0,,993,35,19,-5.0,INVALID,Usage record references customer not in subscriptions
U0001995,C01686,2025-02-17,50.0,,573,56,60,-5.0,VALID,No issues detected
U0001996,C00471,2025-08-10,50.0,858.0,217,42,76,500.0,VALID,No issues detected
U0001997,C01475,2025-12-13,45.0,172.0,45,27,56,50.0,VALID,No issues detected
U0001998,C01494,2025-05-10,13.0,1773.0,204,66,48,20.0,VALID,No issues detected
U0001999,C00427,2024-02-25,25.0,1723.0,647,11,100,2.0,INVALID,Usage record references customer not in subscriptions
,C01102,2024-07-09,32.0,-329.0,219,10,55,-5.0,INVALID,Missing usage_id; Negative active_minutes
,C01607,2025-08-25,31.0,1778.0,218,77,35,-5.0,INVALID,Missing usage_id; Usage record references customer not in subscriptions
U0002002,C00643,2025-11-21,,149.0,135,31,25,10.0,INVALID,Usage record references customer not in subscriptions
U0002003,C00568,2025-02-14,57.0,314.0,708,12,53,100.0,VALID,No issues detected
U0002004,C01000,2024-06-16,8.0,226.0,757,14,19,2.0,VALID,No issues detected
U0002005,C00836,2024-09-27,-45.0,541.0,861,36,35,500.0,INVALID,Usage record references customer not in subscriptions; Negative login_count
U0002006,C00606,2025-06-11,51.0,442.0,243,21,31,,INVALID,Usage record references customer not in subscriptions
U0002007,C00822,2026-01-14,,329.0,901,8,68,20.0,VALID,No issues detected
U0002008,C01042,2025-07-18,18.0,636.0,135,28,52,100.0,INVALID,Usage record references customer not in subscriptions
U0002009,C01314,2024-10-09,18.0,1836.0,441,6,83,50.0,INVALID,Usage record references customer not in subscriptions
U0002010,C00213,2024-10-15,,-284.0,244,50,80,5.0,INVALID,Usage record references customer not in subscriptions; Negative active_minutes
U0002011,C01212,2025-06-25,30.0,,732,9,9,1.0,INVALID,Usage record references customer not in subscriptions
U0002012,C01170,2024-04-12,12.0,269.0,172,43,40,50.0,INVALID,Usage record references customer not in subscriptions
U0002013,C01004,2025-09-23,10.0,951.0,12,6,94,,INVALID,Usage record references customer not in subscriptions
U0002014,C01197,2024-04-05,3.0,701.0,171,10,29,50.0,INVALID,Usage record references customer not in subscriptions
U0002015,C00168,2024-01-05,51.0,1255.0,527,39,80,50.0,INVALID,Usage record references customer not in subscriptions
U0002016,C00822,2025-05-23,14.0,1229.0,513,48,10,500.0,VALID,No issues detected
U0002017,C00955,2024-12-31,23.0,1414.0,489,51,32,1.0,VALID,No issues detected
U0002018,C00802,2024-09-28,,-158.0,347,62,27,,INVALID,Usage record references customer not in subscriptions; Negative active_minutes
U0002019,C00263,2024-03-17,50.0,1976.0,855,19,0,500.0,INVALID,Usage record references customer not in subscriptions
U0002020,C01581,2024-06-07,3.0,,469,34,57,5.0,VALID,No issues detected
U0002021,C01366,2025-02-28,47.0,42.0,66,62,30,1.0,INVALID,Usage record references customer not in subscriptions
U0002022,C00289,2024-05-13,47.0,1698.0,76,27,27,1.0,VALID,No issues detected
U0002023,C00559,2025-12-17,22.0,1620.0,115,36,47,2.0,INVALID,Usage record references customer not in subscriptions
U0002024,C01653,2025-08-14,,1727.0,482,6,48,-5.0,VALID,No issues detected
U0002025,C00697,2025-03-01,59.0,516.0,117,72,74,,VALID,No issues detected
U0002026,C00652,2024-10-21,57.0,1420.0,328,71,48,5.0,VALID,No issues detected
U0002027,C01504,2024-01-09,2.0,1696.0,384,52,2,,VALID,No issues detected
U0002028,C01427,2025-04-28,37.0,269.0,541,59,65,-5.0,INVALID,Usage record references customer not in subscriptions
U0002029,C01310,2024-02-25,16.0,586.0,443,65,95,,INVALID,Usage record references customer not in subscriptions
U0002030,C00923,2025-12-28,22.0,1944.0,260,1,9,50.0,INVALID,Usage record references customer not in subscriptions
U0002031,C01721,2025-12-18,47.0,1901.0,354,29,6,100.0,VALID,No issues detected
U0002032,C01164,2025-05-24,,796.0,269,24,5,20.0,VALID,No issues detected
U0002033,C01773,2026-01-11,12.0,937.0,388,78,50,,VALID,No issues detected
U0002034,C00666,2024-01-12,-48.0,997.0,948,20,99,5.0,INVALID,Usage record references customer not in subscriptions; Negative login_count
U0002035,C01461,2025-07-28,57.0,585.0,532,73,19,50.0,INVALID,Usage record references customer not in subscriptions
U0002036,C01672,2025-03-12,,1175.0,463,36,73,5.0,INVALID,Usage record references customer not in subscriptions
U0002037,C00322,2024-06-13,1.0,767.0,671,64,3,5.0,INVALID,Usage record references customer not in subscriptions
U0002038,C00849,2024-10-11,24.0,772.0,806,24,0,-5.0,VALID,No issues detected
U0002039,C01762,2025-12-03,29.0,786.0,908,63,83,500.0,INVALID,Usage record references customer not in subscriptions
U0002040,C00782,2025-03-31,18.0,1140.0,164,66,0,-5.0,INVALID,Usage record references customer not in subscriptions
U0002041,C00135,2025-09-19,51.0,1061.0,468,16,6,2.0,INVALID,Usage record references customer not in subscriptions
U0002042,C00054,2025-12-10,45.0,1710.0,611,39,94,500.0,INVALID,Usage record references customer not in subscriptions
U0002043,C01297,2025-08-03,-2.0,1506.0,304,80,98,1.0,INVALID,Negative login_count
U0002044,C00283,2025-01-06,52.0,896.0,830,73,82,10.0,VALID,No issues detected
U0002045,C00452,2024-02-28,1.0,496.0,521,27,3,,INVALID,Usage record references customer not in subscriptions
U0002046,C01285,2025-11-22,29.0,136.0,245,3,38,1.0,VALID,No issues detected
U0002047,C01534,2025-01-07,17.0,1698.0,0,63,8,50.0,VALID,No issues detected
U0002048,C00381,2024-11-22,6.0,1377.0,946,65,72,50.0,INVALID,Usage record references customer not in subscriptions
U0002049,C01085,2025-04-28,60.0,958.0,326,60,80,10.0,INVALID,Usage record references customer not in subscriptions
U0002050,C01003,2026-01-16,47.0,1135.0,25,72,54,1.0,VALID,No issues detected
U0002051,C01224,2026-01-28,13.0,239.0,309,33,45,1.0,INVALID,Usage record references customer not in subscriptions
U0002052,C01178,2024-12-07,56.0,233.0,791,38,8,1.0,VALID,No issues detected
U0002053,C01415,2024-04-16,44.0,866.0,62,30,92,2.0,VALID,No issues detected
U0002054,C00576,2025-12-04,8.0,1975.0,265,24,46,10.0,VALID,No issues detected
,C01686,2024-10-18,22.0,822.0,198,40,98,2.0,INVALID,Missing usage_id
U0002056,C00056,2024-11-08,51.0,1772.0,165,74,30,100.0,VALID,No issues detected
U0002057,C00705,2024-09-26,,1343.0,562,46,67,500.0,INVALID,Usage record references customer not in subscriptions
U0002058,C01239,2025-02-10,26.0,565.0,369,55,6,100.0,VALID,No issues detected
U0002059,C01485,2024-10-29,,1092.0,663,47,2,,INVALID,Usage record references customer not in subscriptions
U0002060,C00674,2025-04-26,,622.0,905,9,3,2.0,INVALID,Usage record references customer not in subscriptions
U0002061,C01213,2025-09-05,46.0,1469.0,451,22,77,5.0,INVALID,Usage record references customer not in subscriptions
U0002062,C00777,2024-05-22,,868.0,265,17,16,20.0,VALID,No issues detected
U0002063,C00784,2024-07-20,50.0,366.0,527,72,54,1.0,INVALID,Usage record references customer not in subscriptions
U0002064,C01121,2024-06-01,-26.0,622.0,363,65,34,10.0,INVALID,Negative login_count
U0002065,C00882,2025-05-03,12.0,603.0,907,17,70,100.0,INVALID,Usage record references customer not in subscriptions
U0002066,C00005,2025-03-02,15.0,804.0,768,21,14,,INVALID,Usage record references customer not in subscriptions
U0002067,C01190,2024-01-30,51.0,-460.0,371,78,23,10.0,INVALID,Negative active_minutes
U0002068,C01713,2024-05-04,17.0,,918,26,8,100.0,VALID,No issues detected
U0002069,C01176,2025-11-26,24.0,,225,6,40,10.0,VALID,No issues detected
U0002070,C00367,2024-07-31,23.0,1754.0,706,53,34,100.0,INVALID,Usage record references customer not in subscriptions
U0002071,C01105,2025-10-19,-20.0,1846.0,313,30,26,20.0,INVALID,Negative login_count
U0002072,C00549,2025-10-29,,1573.0,202,32,92,2.0,VALID,No issues detected
,C01457,2025-04-04,40.0,,566,78,62,5.0,INVALID,Missing usage_id; Usage record references customer not in subscriptions
U0002074,C01250,2025-06-23,47.0,1708.0,771,55,81,100.0,INVALID,Usage record references customer not in subscriptions
U0002075,C00359,2024-07-23,3.0,526.0,388,45,88,50.0,VALID,No issues detected
,C01397,2024-03-23,56.0,1110.0,638,77,27,50.0,INVALID,Missing usage_id; Usage record references customer not in subscriptions
,C01270,2025-02-22,33.0,91.0,888,59,4,-5.0,INVALID,Missing usage_id; Usage record references customer not in subscriptions
U0002078,C00005,2024-10-06,39.0,1009.0,563,56,64,50.0,INVALID,Usage record references customer not in subscriptions
U0002079,C00045,2025-11-06,45.0,,27,36,21,-5.0,INVALID,Usage record references customer not in subscriptions
U0002080,C00922,2024-12-07,5.0,254.0,581,19,36,500.0,VALID,No issues detected
U0002081,C00223,2025-03-07,55.0,1544.0,475,5,91,20.0,INVALID,Usage record references customer not in subscriptions
U0002082,C00345,2024-11-26,37.0,144.0,959,51,47,500.0,INVALID,Usage record references customer not in subscriptions
U0002083,C01429,2024-04-08,,982.0,613,30,91,-5.0,VALID,No issues detected
U0002084,C01028,2025-01-13,,-383.0,443,42,69,20.0,INVALID,Usage record references customer not in subscriptions; Negative active_minutes
U0002085,C00247,2026-01-29,1.0,1011.0,846,79,55,5.0,INVALID,Usage record references customer not in subscriptions
U0002086,C01438,2025-01-19,35.0,1237.0,749,73,35,-5.0,VALID,No issues detected
U0002087,C00352,2026-01-07,23.0,1624.0,624,70,74,2.0,VALID,No issues detected
,C01746,2025-01-12,47.0,278.0,661,27,47,100.0,INVALID,Missing usage_id
U0002089,C00265,2025-10-20,,653.0,50,0,75,2.0,INVALID,Usage record references customer not in subscriptions
U0002090,C01531,2025-03-27,26.0,1327.0,875,77,92,1.0,INVALID,Usage record references customer not in subscriptions
U0002091,C01663,2024-09-24,43.0,530.0,376,60,67,50.0,INVALID,Usage record references customer not in subscriptions
U0002092,C01124,2025-09-15,14.0,1890.0,816,7,9,1.0,INVALID,Usage record references customer not in subscriptions
U0002093,C00098,2025-11-20,55.0,1650.0,318,74,9,-5.0,VALID,No issues detected
U0002094,C01778,2024-04-10,7.0,1263.0,624,55,33,50.0,INVALID,Usage record references customer not in subscriptions
U0002095,C01002,2024-07-12,47.0,,561,70,82,10.0,INVALID,Usage record references customer not in subscriptions
U0002096,C01749,2024-06-26,-23.0,243.0,736,76,70,1.0,INVALID,Usage record references customer not in subscriptions; Negative login_count
U0002097,C00610,2024-04-10,,492.0,441,7,97,1.0,INVALID,Usage record references customer not in subscriptions
U0002098,C01673,2025-11-04,-11.0,1748.0,182,39,11,20.0,INVALID,Negative login_count
U0002099,C00081,2024-01-04,21.0,1470.0,936,49,9,,INVALID,Usage record references customer not in subscriptions
U0002100,C01664,2024-11-09,13.0,1636.0,980,61,21,20.0,INVALID,Usage record references customer not in subscriptions
U0002101,C01652,2025-04-06,,454.0,328,1,96,2.0,INVALID,Usage record references customer not in subscriptions
U0002102,C00965,2025-09-13,58.0,1450.0,133,33,68,500.0,VALID,No issues detected
U0002103,C01590,2025-12-05,60.0,158.0,406,80,0,50.0,INVALID,Usage record references customer not in subscriptions
U0002104,C00159,2024-12-06,7.0,543.0,535,58,12,-5.0,INVALID,Usage record references customer not in subscriptions
U0002105,C01759,2024-09-24,9.0,1037.0,517,77,13,50.0,INVALID,Usage record references customer not in subscriptions
U0002106,C01091,2025-11-11,,1356.0,557,38,98,,INVALID,Usage record references customer not in subscriptions
U0002107,C01046,2025-07-09,52.0,644.0,454,25,59,2.0,INVALID,Usage record references customer not in subscriptions
U0002108,C00641,2025-12-10,,141.0,265,45,59,-5.0,VALID,No issues detected
U0002109,C01681,2025-11-28,33.0,991.0,517,43,11,2.0,INVALID,Usage record references customer not in subscriptions
U0002110,C01112,2025-07-31,55.0,661.0,83,72,44,5.0,INVALID,Usage record references customer not in subscriptions
U0002111,C00266,2024-02-10,60.0,812.0,815,69,89,20.0,VALID,No issues detected
U0002112,C01245,2026-01-11,13.0,945.0,481,26,19,2.0,INVALID,Usage record references customer not in subscriptions
,C00889,2024-01-16,34.0,716.0,684,61,10,500.0,INVALID,Missing usage_id; Usage record references customer not in subscriptions
U0002114,C01597,2025-10-31,2.0,764.0,510,61,97,1.0,VALID,No issues detected
U0002115,C00186,2025-07-28,30.0,1086.0,45,10,84,-5.0,INVALID,Usage record references customer not in subscriptions
U0002116,C01563,2025-05-30,,1707.0,149,16,84,20.0,VALID,No issues detected
U0002117,C01340,2024-03-30,22.0,402.0,275,30,8,50.0,VALID,No issues detected
U0002118,C00378,2024-06-21,21.0,1287.0,824,23,1,5.0,INVALID,Usage record references customer not in subscriptions
U0002119,C01665,2024-11-06,,487.0,529,71,74,5.0,VALID,No issues detected
U0002120,C00550,2024-09-25,8.0,637.0,365,15,40,2.0,VALID,No issues detected
U0002121,C01388,2024-05-11,32.0,818.0,457,39,49,100.0,VALID,No issues detected
U0002122,C01568,2025-02-07,7.0,1979.0,121,77,45,,VALID,No issues detected
U0002123,C00813,2024-04-07,1.0,78.0,490,58,66,50.0,INVALID,Usage record references customer not in subscriptions
U0002124,C01679,2025-12-25,60.0,-449.0,379,64,19,2.0,INVALID,Negative active_minutes
U0002125,C00209,2024-03-25,38.0,574.0,166,33,53,1.0,INVALID,Usage record references customer not in subscriptions
U0002126,C01788,2025-02-08,,266.0,206,19,90,100.0,VALID,No issues detected
U0002127,C01327,2024-10-29,16.0,467.0,468,24,83,-5.0,INVALID,Usage record references customer not in subscriptions
U0002128,C01161,2025-01-14,49.0,641.0,108,80,92,20.0,INVALID,Usage record references customer not in subscriptions
U0002129,C00192,2024-05-20,3.0,1173.0,247,59,80,20.0,INVALID,Usage record references customer not in subscriptions
U0002130,C00428,2025-04-05,60.0,102.0,885,46,99,1.0,INVALID,Usage record references customer not in subscriptions
U0002131,C01281,2025-03-03,32.0,23.0,300,67,57,-5.0,INVALID,Usage record references customer not in subscriptions
U0002132,C01360,2025-05-06,3.0,363.0,417,8,1,1.0,INVALID,Usage record references customer not in subscriptions
U0002133,C00312,2024-12-14,34.0,628.0,112,69,44,500.0,INVALID,Usage record references customer not in subscriptions
U0002134,C01660,2025-05-13,15.0,1.0,598,57,21,20.0,VALID,No issues detected
U0002135,C01666,2025-12-26,50.0,1082.0,159,14,41,50.0,INVALID,Usage record references customer not in subscriptions
U0002136,C00047,2024-08-02,5.0,752.0,572,32,92,50.0,VALID,No issues detected
U0002137,C00699,2025-08-20,43.0,468.0,296,40,98,50.0,VALID,No issues detected
U0002138,C01654,2025-07-14,-3.0,614.0,570,10,35,2.0,INVALID,Usage record references customer not in subscriptions; Negative login_count
U0002139,C01294,2025-12-28,26.0,1466.0,712,10,67,1.0,VALID,No issues detected
U0002140,C01001,2025-05-12,,60.0,924,53,23,100.0,VALID,No issues detected
U0002141,C00962,2025-04-15,12.0,234.0,42,23,62,,VALID,No issues detected
U0002142,C01046,2025-10-12,38.0,1004.0,786,28,4,500.0,INVALID,Usage record references customer not in subscriptions
U0002143,C01693,2024-06-17,41.0,1567.0,273,25,25,20.0,INVALID,Usage record references customer not in subscriptions
U0002144,C01379,2025-08-15,59.0,112.0,725,26,75,-5.0,INVALID,Usage record references customer not in subscriptions
U0002145,C00853,2024-11-09,38.0,584.0,656,72,31,20.0,VALID,No issues detected
U0002146,C01198,2024-12-24,31.0,71.0,944,14,45,500.0,INVALID,Usage record references customer not in subscriptions
U0002147,C01737,2024-01-13,21.0,1027.0,780,54,41,,INVALID,Usage record references customer not in subscriptions
U0002148,C00464,2024-01-19,11.0,1942.0,907,11,9,-5.0,INVALID,Usage record references customer not in subscriptions
U0002149,C01028,2024-03-06,45.0,,425,77,12,100.0,INVALID,Usage record references customer not in subscriptions
U0002150,C01683,2025-05-22,47.0,1778.0,308,58,32,20.0,VALID,No issues detected
U0002151,C00654,2025-05-11,31.0,759.0,737,2,14,500.0,INVALID,Usage record references customer not in subscriptions
U0002152,C01054,2025-03-01,30.0,171.0,991,9,26,5.0,INVALID,Usage record references customer not in subscriptions
U0002153,C00881,2025-12-26,11.0,1155.0,212,51,14,1.0,INVALID,Usage record references customer not in subscriptions
U0002154,C00043,2024-05-20,29.0,1930.0,802,33,79,,VALID,No issues detected
U0002155,C01070,2024-05-30,18.0,1499.0,429,44,71,50.0,INVALID,Usage record references customer not in subscriptions
U0002156,C00288,2025-05-25,7.0,,209,28,88,,INVALID,Usage record references customer not in subscriptions
U0002157,C01187,2024-12-30,56.0,439.0,952,16,69,5.0,INVALID,Usage record references customer not in subscriptions
U0002158,C00730,2024-02-25,33.0,149.0,900,32,48,100.0,INVALID,Usage record references customer not in subscriptions
U0002159,C00179,2024-09-11,-32.0,,659,13,68,50.0,INVALID,Negative login_count
U0002160,C01150,2024-08-21,,1182.0,118,16,35,-5.0,VALID,No issues detected
U0002161,C00054,2024-09-02,14.0,,559,39,23,2.0,INVALID,Usage record references customer not in subscriptions
U0002162,C00837,2024-11-26,,685.0,600,27,40,2.0,VALID,No issues detected
U0002163,C00915,2025-03-23,9.0,1372.0,721,60,85,100.0,VALID,No issues detected
U0002164,C01655,2024-10-05,26.0,270.0,300,6,12,100.0,INVALID,Usage record references customer not in subscriptions
U0002165,C00400,2026-01-18,17.0,1739.0,842,38,81,-5.0,VALID,No issues detected
U0002166,C01138,2025-04-19,49.0,1819.0,115,71,85,,INVALID,Usage record references customer not in subscriptions
U0002167,C01655,2024-10-09,34.0,1035.0,772,75,23,10.0,INVALID,Usage record references customer not in subscriptions
U0002168,C01424,2024-12-12,38.0,1760.0,821,56,22,-5.0,VALID,No issues detected
U0002169,C00232,2025-12-14,0.0,1964.0,689,69,19,-5.0,INVALID,Usage record references customer not in subscriptions
U0002170,C01438,2025-05-22,37.0,1627.0,463,41,38,50.0,VALID,No issues detected
U0002171,C00531,2024-03-23,3.0,1716.0,832,78,37,20.0,INVALID,Usage record references customer not in subscriptions
U0002172,C00403,2025-12-22,-8.0,,133,68,77,10.0,INVALID,Usage record references customer not in subscriptions; Negative login_count
U0002173,C01081,2024-08-15,17.0,1060.0,232,66,6,500.0,INVALID,Usage record references customer not in subscriptions
U0002174,C01106,2025-08-22,43.0,1270.0,674,5,86,2.0,VALID,No issues detected
U0002175,C00993,2025-11-18,3.0,1330.0,95,24,84,,INVALID,Usage record references customer not in subscriptions
U0002176,C01111,2024-10-20,23.0,1785.0,806,57,97,500.0,VALID,No issues detected
U0002177,C01535,2024-05-14,40.0,209.0,906,35,10,1.0,INVALID,Usage record references customer not in subscriptions
U0002178,C01577,2025-09-13,7.0,1156.0,208,52,81,500.0,VALID,No issues detected
,C00984,2024-01-05,20.0,628.0,896,59,82,100.0,INVALID,Missing usage_id; Usage record references customer not in subscriptions
U0002180,C01334,2024-08-24,-60.0,1210.0,542,67,54,1.0,INVALID,Negative login_count
U0002181,C00743,2024-06-03,48.0,1436.0,552,8,76,,VALID,No issues detected
U0002182,C00800,2024-03-18,38.0,1537.0,955,78,19,5.0,VALID,No issues detected
U0002183,C01398,2025-02-28,4.0,2.0,834,8,37,100.0,VALID,No issues detected
U0002184,C01757,2025-11-11,6.0,,746,8,81,100.0,VALID,No issues detected
U0002185,C00001,2025-06-22,-6.0,1953.0,28,12,7,10.0,INVALID,Negative login_count
U0002186,C00108,2025-09-21,46.0,829.0,670,44,3,500.0,VALID,No issues detected
U0002187,C00557,2024-01-08,16.0,1227.0,119,40,25,1.0,INVALID,Usage record references customer not in subscriptions
U0002188,C00781,2025-07-21,7.0,1544.0,520,38,0,,VALID,No issues detected
U0002189,C01786,2025-10-20,5.0,742.0,428,68,5,50.0,VALID,No issues detected
U0002190,C00386,2024-10-28,46.0,,371,0,15,5.0,INVALID,Usage record references customer not in subscriptions
U0002191,C01347,2024-11-15,47.0,1331.0,186,63,99,,VALID,No issues detected
U0002192,C00935,2024-01-30,11.0,363.0,762,55,36,500.0,VALID,No issues detected
U0002193,C00963,2025-03-13,27.0,624.0,771,48,91,10.0,VALID,No issues detected
U0002194,C01516,2025-05-27,17.0,326.0,50,78,26,-5.0,INVALID,Usage record references customer not in subscriptions
U0002195,C00604,2024-06-26,0.0,1092.0,412,24,7,,VALID,No issues detected
U0002196,C00284,2025-06-08,9.0,141.0,975,12,37,100.0,INVALID,Usage record references customer not in subscriptions
U0002197,C01726,2024-10-15,7.0,215.0,322,63,78,20.0,INVALID,Usage record references customer not in subscriptions
U0002198,C01013,2024-12-24,3.0,-335.0,413,73,86,10.0,INVALID,Negative active_minutes
U0002199,C00001,2025-09-04,,1413.0,261,49,88,1.0,VALID,No issues detected
U0002200,C01785,2024-10-24,,1120.0,991,78,17,1.0,VALID,No issues detected
U0002201,C00199,2025-04-12,41.0,1402.0,422,23,95,10.0,INVALID,Usage record references customer not in subscriptions
,C00379,2024-04-15,,,43,51,18,50.0,INVALID,Missing usage_id
U0002203,C01714,2025-07-15,,1371.0,736,7,6,500.0,VALID,No issues detected
U0002204,C00654,2025-08-02,41.0,902.0,941,63,47,10.0,INVALID,Usage record references customer not in subscriptions
U0002205,C00625,2024-03-24,-36.0,1763.0,959,57,58,10.0,INVALID,Negative login_count
U0002206,C00251,2024-01-24,11.0,212.0,36,19,92,10.0,VALID,No issues detected
,C00175,2025-04-02,43.0,227.0,957,8,6,20.0,INVALID,Missing usage_id; Usage record references customer not in subscriptions
U0002208,C01750,2024-05-20,0.0,,65,72,40,50.0,INVALID,Usage record references customer not in subscriptions
U0002209,C00187,2024-11-15,7.0,284.0,475,66,36,2.0,INVALID,Usage record references customer not in subscriptions
U0002210,C00986,2024-01-21,19.0,762.0,94,47,77,10.0,INVALID,Usage record references customer not in subscriptions
U0002211,C00984,2024-07-28,,181.0,370,3,60,500.0,INVALID,Usage record references customer not in subscriptions
U0002212,C00900,2024-02-28,9.0,1394.0,154,10,94,10.0,INVALID,Usage record references customer not in subscriptions
U0002213,C00082,2025-03-10,25.0,1487.0,43,21,26,500.0,VALID,No issues detected
U0002214,C00949,2024-09-23,-42.0,672.0,627,31,9,50.0,INVALID,Usage record references customer not in subscriptions; Negative login_count
U0002215,C01258,2024-12-02,2.0,1380.0,807,18,16,2.0,VALID,No issues detected
U0002216,C00493,2025-10-09,17.0,907.0,548,5,61,500.0,VALID,No issues detected
U0002217,C00089,2024-08-10,10.0,33.0,79,44,9,10.0,INVALID,Usage record references customer not in subscriptions
U0002218,C00589,2025-09-19,54.0,109.0,237,22,41,2.0,VALID,No issues detected
U0002219,C00572,2024-01-12,50.0,1522.0,635,25,61,5.0,VALID,No issues detected
U0002220,C00397,2025-11-11,42.0,786.0,431,71,22,-5.0,VALID,No issues detected
U0002221,C01615,2025-11-03,43.0,727.0,82,12,56,1.0,VALID,No issues detected
U0002222,C00847,2024-08-01,38.0,1755.0,877,34,36,50.0,INVALID,Usage record references customer not in subscriptions
U0002223,C00971,2024-04-20,-14.0,1510.0,848,51,20,5.0,INVALID,Usage record references customer not in subscriptions; Negative login_count
U0002224,C01054,2024-03-19,57.0,1539.0,734,0,35,10.0,INVALID,Usage record references customer not in subscriptions
U0002225,C01342,2025-02-13,59.0,1518.0,841,40,16,20.0,VALID,No issues detected
U0002226,C00416,2025-12-08,56.0,1367.0,130,34,68,100.0,INVALID,Usage record references customer not in subscriptions
U0002227,C01499,2024-02-15,42.0,441.0,620,51,0,20.0,INVALID,Usage record references customer not in subscriptions
U0002228,C01138,2025-12-10,53.0,1626.0,372,70,87,500.0,INVALID,Usage record references customer not in subscriptions
U0002229,C00450,2024-06-26,25.0,,973,47,91,2.0,INVALID,Usage record references customer not in subscriptions
U0002230,C00153,2025-11-28,17.0,1731.0,982,0,73,100.0,INVALID,Usage record references customer not in subscriptions
U0002231,C00755,2024-09-19,33.0,1999.0,181,20,93,500.0,INVALID,Usage record references customer not in subscriptions
U0002232,C01195,2024-10-05,,331.0,120,37,30,-5.0,VALID,No issues detected
U0002233,C00395,2025-07-06,45.0,1875.0,645,45,13,1.0,INVALID,Usage record references customer not in subscriptions
U0002234,C00193,2025-01-28,42.0,-13.0,572,31,15,1.0,INVALID,Usage record references customer not in subscriptions; Negative active_minutes
U0002235,C00881,2024-04-29,44.0,1070.0,182,23,4,500.0,INVALID,Usage record references customer not in subscriptions
U0002236,C00087,2024-06-13,36.0,1778.0,964,46,8,-5.0,INVALID,Usage record references customer not in subscriptions
U0002237,C01719,2024-07-14,,1252.0,4,3,6,-5.0,VALID,No issues detected
U0002238,C00709,2024-07-22,,1928.0,145,0,86,1.0,INVALID,Usage record references customer not in subscriptions
U0002239,C01073,2024-02-09,56.0,402.0,278,73,81,50.0,INVALID,Usage record references customer not in subscriptions
U0002240,C01247,2024-03-07,38.0,993.0,510,45,94,10.0,INVALID,Usage record references customer not in subscriptions
U0002241,C00921,2025-09-03,48.0,1266.0,394,40,83,500.0,VALID,No issues detected
U0002242,C01593,2024-10-08,17.0,1487.0,486,62,40,10.0,VALID,No issues detected
U0002243,C00332,2024-09-24,45.0,1322.0,78,35,84,10.0,VALID,No issues detected
U0002244,C01566,2024-06-10,17.0,1482.0,221,48,85,2.0,INVALID,Usage record references customer not in subscriptions
U0002245,C00123,2024-06-23,40.0,1298.0,479,10,42,20.0,VALID,No issues detected
U0002246,C00905,2025-12-08,56.0,-73.0,622,73,8,5.0,INVALID,Usage record references customer not in subscriptions; Negative active_minutes
U0002247,C00410,2025-03-11,25.0,468.0,722,67,35,50.0,INVALID,Usage record references customer not in subscriptions
U0002248,C01607,2024-03-11,56.0,245.0,235,70,26,,INVALID,Usage record references customer not in subscriptions
U0002249,C00139,2024-04-08,43.0,1993.0,411,29,18,2.0,INVALID,Usage record references customer not in subscriptions
U0002250,C00769,2025-01-08,-23.0,1752.0,275,38,88,500.0,INVALID,Usage record references customer not in subscriptions; Negative login_count
U0002251,C00578,2025-08-08,5.0,76.0,847,5,70,1.0,INVALID,Usage record references customer not in subscriptions
U0002252,C00674,2025-03-16,,232.0,629,73,26,-5.0,INVALID,Usage record references customer not in subscriptions
U0002253,C01800,2025-03-25,,1683.0,866,35,68,-5.0,INVALID,Usage record references customer not in subscriptions
U0002254,C00147,2024-11-05,51.0,634.0,187,75,6,20.0,INVALID,Usage record references customer not in subscriptions
U0002255,C00832,2025-12-04,10.0,457.0,130,61,66,1.0,INVALID,Usage record references customer not in subscriptions
U0002256,C01128,2025-10-17,8.0,1427.0,805,21,33,20.0,INVALID,Usage record references customer not in subscriptions
U0002257,C01616,2024-05-20,25.0,946.0,972,23,72,-5.0,INVALID,Usage record references customer not in subscriptions
U0002258,C01380,2024-01-01,54.0,1251.0,321,39,56,10.0,INVALID,Usage record references customer not in subscriptions
U0002259,C00401,2025-06-11,23.0,,259,1,73,5.0,INVALID,Usage record references customer not in subscriptions
U0002260,C01665,2024-03-25,,324.0,903,33,28,1.0,VALID,No issues detected
U0002261,C00354,2024-10-07,7.0,1685.0,900,69,81,,INVALID,Usage record references customer not in subscriptions
U0002262,C01065,2025-10-15,13.0,1674.0,125,45,61,1.0,INVALID,Usage record references customer not in subscriptions
U0002263,C01652,2025-08-27,57.0,1785.0,796,67,29,10.0,INVALID,Usage record references customer not in subscriptions
U0002264,C00436,2025-07-07,10.0,693.0,266,20,60,500.0,INVALID,Usage record references customer not in subscriptions
U0002265,C00535,2024-03-11,14.0,,454,72,80,5.0,VALID,No issues detected
U0002266,C00818,2025-06-02,26.0,,110,20,12,1.0,VALID,No issues detected
U0002267,C01214,2024-10-07,41.0,106.0,498,34,40,500.0,INVALID,Usage record references customer not in subscriptions
U0002268,C01481,2024-12-18,8.0,814.0,662,28,59,50.0,VALID,No issues detected
U0002269,C00891,2024-02-18,6.0,1797.0,509,10,78,500.0,INVALID,Usage record references customer not in subscriptions
U0002270,C00864,2025-01-19,19.0,78.0,72,1,32,50.0,VALID,No issues detected
U0002271,C01329,2025-02-20,32.0,475.0,352,74,61,100.0,INVALID,Usage record references customer not in subscriptions
U0002272,C01581,2024-01-14,8.0,1797.0,443,41,87,10.0,VALID,No issues detected
U0002273,C00805,2024-04-04,8.0,1660.0,401,70,42,-5.0,INVALID,Usage record references customer not in subscriptions
U0002274,C01025,2024-05-29,3.0,1174.0,278,69,22,10.0,INVALID,Usage record references customer not in subscriptions
U0002275,C00373,2025-09-26,-23.0,688.0,250,25,72,,INVALID,Usage record references customer not in subscriptions; Negative login_count
U0002276,C00065,2025-02-07,30.0,375.0,514,62,5,1.0,VALID,No issues detected
U0002277,C00695,2024-03-16,13.0,1083.0,935,2,46,10.0,VALID,No issues detected
U0002278,C01752,2024-08-04,8.0,501.0,443,73,73,500.0,VALID,No issues detected
U0002279,C01615,2025-05-01,28.0,1874.0,930,16,4,-5.0,VALID,No issues detected
U0002280,C00145,2024-08-31,60.0,-19.0,116,42,54,500.0,INVALID,Usage record references customer not in subscriptions; Negative active_minutes
U0002281,C01686,2024-11-13,26.0,,40,30,30,500.0,VALID,No issues detected
U0002282,C00969,2025-07-20,28.0,365.0,671,26,65,50.0,VALID,No issues detected
U0002283,C01594,2025-07-11,3.0,-188.0,911,44,42,1.0,INVALID,Negative active_minutes
U0002284,C01627,2026-01-08,58.0,553.0,390,35,81,-5.0,VALID,No issues detected
U0002285,C01367,2025-11-06,16.0,1043.0,836,26,39,5.0,VALID,No issues detected
U0002286,C00057,2025-10-21,-12.0,95.0,769,55,23,,INVALID,Usage record references customer not in subscriptions; Negative login_count
U0002287,C00685,2025-05-24,37.0,1979.0,497,44,37,50.0,INVALID,Usage record references customer not in subscriptions
U0002288,C01724,2025-06-10,57.0,1511.0,410,43,25,1.0,INVALID,Usage record references customer not in subscriptions
U0002289,C00488,2024-11-03,58.0,1351.0,654,58,43,50.0,INVALID,Usage record references customer not in subscriptions
U0002290,C00280,2025-01-11,15.0,,762,1,31,20.0,VALID,No issues detected
,C00650,2025-06-09,46.0,930.0,715,38,86,20.0,INVALID,Missing usage_id
U0002292,C01410,2025-07-14,2.0,764.0,41,16,3,100.0,INVALID,Usage record references customer not in subscriptions
U0002293,C01448,2024-02-06,,1820.0,646,10,63,500.0,VALID,No issues detected
U0002294,C01504,2024-03-13,0.0,1596.0,441,54,83,,VALID,No issues detected
U0002295,C00082,2024-02-07,19.0,,987,60,97,500.0,VALID,No issues detected
U0002296,C00349,2024-09-21,53.0,1211.0,873,68,68,1.0,INVALID,Usage record references customer not in subscriptions
U0002297,C00650,2025-04-30,47.0,669.0,703,57,85,5.0,VALID,No issues detected
U0002298,C01147,2025-03-08,1.0,66.0,840,30,22,50.0,INVALID,Usage record references customer not in subscriptions
U0002299,C01306,2024-01-19,23.0,48.0,357,28,62,2.0,INVALID,Usage record references customer not in subscriptions
U0002300,C00829,2025-07-15,55.0,880.0,71,26,65,2.0,INVALID,Usage record references customer not in subscriptions
U0002301,C00224,2025-06-04,38.0,1555.0,248,75,98,5.0,VALID,No issues detected
U0002302,C00135,2025-01-07,56.0,900.0,486,47,62,20.0,INVALID,Usage record references customer not in subscriptions
U0002303,C00817,2025-11-23,43.0,,429,60,12,10.0,VALID,No issues detected
U0002304,C00407,2024-09-02,14.0,68.0,639,50,33,,VALID,No issues detected
U0002305,C00536,2025-10-08,18.0,873.0,697,16,72,2.0,INVALID,Usage record references customer not in subscriptions
U0002306,C01438,2025-07-21,54.0,973.0,689,66,63,5.0,VALID,No issues detected
U0002307,C00655,2025-07-07,12.0,1647.0,197,15,62,10.0,INVALID,Usage record references customer not in subscriptions
U0002308,C00788,2025-09-01,14.0,1690.0,291,23,12,2.0,INVALID,Usage record references customer not in subscriptions
U0002309,C01543,2024-05-23,31.0,154.0,825,19,42,,VALID,No issues detected
U0002310,C00406,2025-06-12,38.0,392.0,534,27,16,50.0,INVALID,Usage record references customer not in subscriptions
U0002311,C01476,2025-01-11,,,352,50,62,2.0,VALID,No issues detected
U0002312,C00854,2025-05-21,4.0,876.0,193,70,78,10.0,INVALID,Usage record references customer not in subscriptions
U0002313,C00313,2024-09-01,21.0,1194.0,110,0,45,,INVALID,Usage record references customer not in subscriptions
U0002314,C00713,2025-10-11,-1.0,1386.0,77,73,47,5.0,INVALID,Usage record references customer not in subscriptions; Negative login_count
U0002315,C01055,2024-05-22,54.0,328.0,905,36,61,,VALID,No issues detected
U0002316,C00870,2025-11-03,50.0,1224.0,875,76,65,50.0,INVALID,Usage record references customer not in subscriptions
U0002317,C01690,2024-03-16,33.0,106.0,917,15,4,1.0,INVALID,Usage record references customer not in subscriptions
U0002318,C00324,2024-11-27,26.0,1964.0,705,34,56,-5.0,INVALID,Usage record references customer not in subscriptions
U0002319,C01281,2025-01-07,26.0,623.0,162,69,1,2.0,INVALID,Usage record references customer not in subscriptions
U0002320,C00963,2025-12-14,,636.0,934,27,100,5.0,VALID,No issues detected
U0002321,C00665,2024-08-31,29.0,1472.0,19,70,23,10.0,INVALID,Usage record references customer not in subscriptions
U0002322,C00431,2025-03-18,39.0,1068.0,506,77,78,100.0,VALID,No issues detected
U0002323,C00383,2024-10-22,,1546.0,530,74,14,50.0,VALID,No issues detected
U0002324,C00856,2025-04-25,40.0,1631.0,24,15,66,50.0,INVALID,Usage record references customer not in subscriptions
U0002325,C00820,2024-10-10,5.0,,859,13,72,20.0,INVALID,Usage record references customer not in subscriptions
U0002326,C00325,2025-06-24,36.0,750.0,592,30,36,2.0,INVALID,Usage record references customer not in subscriptions
U0002327,C01429,2025-06-22,26.0,574.0,705,14,53,100.0,VALID,No issues detected
U0002328,C01378,2025-12-12,33.0,324.0,178,11,0,10.0,VALID,No issues detected
U0002329,C01365,2025-03-29,16.0,1621.0,598,29,69,2.0,VALID,No issues detected
U0002330,C01615,2024-03-05,,749.0,983,67,55,100.0,VALID,No issues detected
U0002331,C00927,2025-09-09,,1488.0,157,77,99,20.0,VALID,No issues detected
U0002332,C00380,2024-02-14,12.0,363.0,968,13,77,100.0,INVALID,Usage record references customer not in subscriptions
U0002333,C00675,2024-05-30,,-193.0,249,76,34,-5.0,INVALID,Negative active_minutes
U0002334,C01073,2024-11-27,41.0,,999,44,22,20.0,INVALID,Usage record references customer not in subscriptions
U0002335,C00463,2025-10-28,18.0,671.0,103,23,91,100.0,VALID,No issues detected
U0002336,C01505,2025-09-13,59.0,1201.0,207,80,43,100.0,VALID,No issues detected
U0002337,C00890,2024-12-10,38.0,1952.0,770,60,72,10.0,VALID,No issues detected
U0002338,C00133,2025-03-02,54.0,620.0,874,10,59,20.0,VALID,No issues detected
U0002339,C01204,2024-04-26,49.0,1561.0,656,64,3,100.0,INVALID,Usage record references customer not in subscriptions
U0002340,C01004,2025-03-26,18.0,1064.0,273,46,17,10.0,INVALID,Usage record references customer not in subscriptions
U0002341,C00069,2026-01-04,33.0,829.0,872,47,32,20.0,VALID,No issues detected
U0002342,C01304,2024-08-25,56.0,777.0,969,8,53,100.0,INVALID,Usage record references customer not in subscriptions
U0002343,C01193,2025-08-11,58.0,1648.0,973,76,97,5.0,VALID,No issues detected
,C01313,2024-06-22,0.0,1251.0,526,16,27,100.0,INVALID,Missing usage_id
U0002345,C00343,2024-01-11,,420.0,239,47,14,,INVALID,Usage record references customer not in subscriptions
U0002346,C01215,2024-10-29,58.0,342.0,528,14,48,20.0,VALID,No issues detected
U0002347,C00825,2024-04-03,46.0,987.0,884,9,9,50.0,VALID,No issues detected
U0002348,C01686,2024-09-25,33.0,,843,64,53,20.0,VALID,No issues detected
U0002349,C00273,2024-04-21,20.0,1171.0,238,46,39,-5.0,VALID,No issues detected
U0002350,C00550,2025-03-05,,,643,76,41,20.0,VALID,No issues detected
U0002351,C00476,2024-06-15,11.0,1941.0,320,43,90,100.0,INVALID,Usage record references customer not in subscriptions
U0002352,C01309,2025-10-07,31.0,1043.0,624,64,82,5.0,INVALID,Usage record references customer not in subscriptions
U0002353,C01521,2024-01-04,18.0,766.0,847,8,38,1.0,INVALID,Usage record references customer not in subscriptions
U0002354,C00194,2026-01-01,55.0,1659.0,674,19,26,10.0,VALID,No issues detected
U0002355,C01528,2025-08-08,56.0,491.0,197,80,62,50.0,VALID,No issues detected
,C01637,2025-06-11,10.0,1863.0,37,68,99,2.0,INVALID,Missing usage_id
U0002357,C01631,2024-06-19,16.0,1219.0,811,8,3,,VALID,No issues detected
U0002358,C00206,2024-11-08,52.0,532.0,411,79,25,10.0,INVALID,Usage record references customer not in subscriptions
,C00939,2024-10-10,58.0,1552.0,606,11,62,5.0,INVALID,Missing usage_id; Usage record references customer not in subscriptions
U0002360,C00166,2025-02-18,-5.0,28.0,603,4,93,,INVALID,Negative login_count
U0002361,C00649,2025-05-13,19.0,351.0,677,71,41,50.0,VALID,No issues detected
U0002362,C01535,2025-10-17,58.0,1410.0,34,44,4,1.0,INVALID,Usage record references customer not in subscriptions
U0002363,C00205,2025-11-23,42.0,1314.0,331,11,58,10.0,VALID,No issues detected
U0002364,C00221,2024-01-02,,,398,32,54,100.0,INVALID,Usage record references customer not in subscriptions
U0002365,C00664,2024-08-22,20.0,1583.0,681,32,80,10.0,INVALID,Usage record references customer not in subscriptions
U0002366,C01552,2024-12-17,-48.0,975.0,246,65,51,1.0,INVALID,Usage record references customer not in subscriptions; Negative login_count
U0002367,C01775,2025-06-24,60.0,1222.0,659,56,76,-5.0,INVALID,Usage record references customer not in subscriptions
U0002368,C01258,2024-12-16,0.0,1055.0,393,48,20,,VALID,No issues detected
U0002369,C01393,2024-10-27,39.0,970.0,558,19,9,10.0,INVALID,Usage record references customer not in subscriptions
U0002370,C01519,2024-01-14,0.0,1799.0,15,11,47,10.0,INVALID,Usage record references customer not in subscriptions
U0002371,C00262,2025-05-22,28.0,519.0,996,54,50,-5.0,INVALID,Usage record references customer not in subscriptions
U0002372,C01703,2025-08-28,,368.0,204,73,32,,INVALID,Usage record references customer not in subscriptions
U0002373,C00881,2025-02-13,52.0,261.0,434,50,3,1.0,INVALID,Usage record references customer not in subscriptions
U0002374,C00096,2025-12-03,,1510.0,563,77,6,50.0,INVALID,Usage record references customer not in subscriptions
U0002375,C00886,2025-03-15,47.0,-319.0,508,68,36,100.0,INVALID,Usage record references customer not in subscriptions; Negative active_minutes
U0002376,C00376,2024-05-28,12.0,1876.0,396,57,96,20.0,INVALID,Usage record references customer not in subscriptions
U0002377,C01676,2024-04-23,48.0,1047.0,902,7,14,20.0,INVALID,Usage record references customer not in subscriptions
U0002378,C00097,2026-01-11,33.0,37.0,626,78,95,-5.0,INVALID,Usage record references customer not in subscriptions
,C00025,2025-09-12,53.0,1466.0,527,63,91,-5.0,INVALID,Missing usage_id; Usage record references customer not in subscriptions
U0002380,C00586,2024-09-16,25.0,1131.0,974,79,12,,VALID,No issues detected
U0002381,C00167,2025-01-19,12.0,,86,20,14,2.0,INVALID,Usage record references customer not in subscriptions
U0002382,C01388,2024-08-23,48.0,,502,56,30,100.0,VALID,No issues detected
U0002383,C01222,2025-05-23,34.0,925.0,462,36,71,-5.0,VALID,No issues detected
U0002384,C01108,2024-05-27,,500.0,740,44,76,5.0,VALID,No issues detected
U0002385,C01760,2024-07-08,59.0,168.0,509,31,52,100.0,INVALID,Usage record references customer not in subscriptions
U0002386,C00395,2024-03-03,45.0,690.0,379,4,73,1.0,INVALID,Usage record references customer not in subscriptions
U0002387,C00992,2024-05-18,29.0,170.0,53,71,48,10.0,VALID,No issues detected
U0002388,C00573,2025-03-20,48.0,1314.0,178,6,61,-5.0,VALID,No issues detected
U0002389,C00070,2024-07-11,1.0,1760.0,52,64,100,100.0,INVALID,Usage record references customer not in subscriptions
U0002390,C00184,2024-08-08,50.0,1854.0,443,2,46,20.0,INVALID,Usage record references customer not in subscriptions
U0002391,C00574,2025-12-24,43.0,,907,53,79,2.0,INVALID,Usage record references customer not in subscriptions
U0002392,C01107,2026-01-28,-50.0,963.0,519,73,89,20.0,INVALID,Usage record references customer not in subscriptions; Negative login_count
U0002393,C01614,2025-01-22,4.0,511.0,485,45,67,10.0,VALID,No issues detected
U0002394,C00314,2025-12-22,53.0,-210.0,909,30,72,100.0,INVALID,Negative active_minutes
U0002395,C00814,2025-02-24,60.0,934.0,625,12,41,2.0,INVALID,Usage record references customer not in subscriptions
U0002396,C01000,2025-02-27,59.0,31.0,506,51,52,-5.0,VALID,No issues detected
U0002397,C00656,2025-01-25,30.0,690.0,662,76,4,500.0,INVALID,Usage record references customer not in subscriptions
U0002398,C00391,2024-03-08,,118.0,952,33,84,50.0,VALID,No issues detected
U0002399,C00003,2024-08-31,54.0,1314.0,544,73,69,-5.0,INVALID,Usage record references customer not in subscriptions
U0002400,C01032,2024-08-14,,757.0,137,61,32,20.0,VALID,No issues detected
U0002401,C00275,2024-06-07,28.0,1612.0,618,67,93,2.0,INVALID,Usage record references customer not in subscriptions
U0002402,C00701,2024-08-05,43.0,1588.0,514,27,96,-5.0,INVALID,Usage record references customer not in subscriptions
U0002403,C00101,2024-12-27,39.0,1000.0,583,6,100,,VALID,No issues detected
U0002404,C01711,2024-11-29,45.0,,44,5,66,2.0,INVALID,Usage record references customer not in subscriptions
U0002405,C00751,2024-12-19,50.0,1214.0,631,13,38,-5.0,INVALID,Usage record references customer not in subscriptions
U0002406,C01772,2025-09-23,22.0,1704.0,248,7,95,5.0,INVALID,Usage record references customer not in subscriptions
U0002407,C00040,2025-09-27,-20.0,585.0,46,44,3,,INVALID,Usage record references customer not in subscriptions; Negative login_count
U0002408,C01168,2025-10-17,6.0,308.0,307,68,63,100.0,INVALID,Usage record references customer not in subscriptions
U0002409,C00987,2024-08-27,32.0,319.0,95,59,99,50.0,INVALID,Usage record references customer not in subscriptions
U0002410,C01419,2024-09-03,40.0,1776.0,484,11,54,5.0,INVALID,Usage record references customer not in subscriptions
U0002411,C01196,2024-02-19,2.0,286.0,150,78,45,1.0,VALID,No issues detected
U0002412,C01776,2024-03-06,52.0,977.0,406,14,96,100.0,INVALID,Usage record references customer not in subscriptions
U0002413,C01376,2024-05-01,8.0,412.0,928,65,21,5.0,INVALID,Usage record references customer not in subscriptions
U0002414,C00035,2025-07-07,33.0,1199.0,577,69,31,2.0,VALID,No issues detected
U0002415,C00176,2024-02-16,0.0,83.0,389,75,7,5.0,VALID,No issues detected
U0002416,C00223,2024-11-29,52.0,235.0,539,12,38,5.0,INVALID,Usage record references customer not in subscriptions
U0002417,C00600,2024-04-05,24.0,1139.0,884,61,28,2.0,VALID,No issues detected
U0002418,C00918,2024-07-21,13.0,,791,45,19,2.0,VALID,No issues detected
U0002419,C00336,2025-03-09,-39.0,,110,76,54,20.0,INVALID,Negative login_count
U0002420,C01648,2025-02-27,34.0,1577.0,589,16,75,100.0,INVALID,Usage record references customer not in subscriptions
U0002421,C00532,2024-03-25,,1775.0,413,31,47,100.0,VALID,No issues detected
U0002422,C01059,2024-07-12,,1913.0,700,45,82,-5.0,INVALID,Usage record references customer not in subscriptions
U0002423,C00658,2025-03-25,,625.0,833,69,31,20.0,INVALID,Usage record references customer not in subscriptions
U0002424,C00145,2026-01-21,35.0,1867.0,367,60,46,50.0,INVALID,Usage record references customer not in subscriptions
U0002425,C01470,2026-01-17,,1969.0,117,69,23,50.0,VALID,No issues detected
U0002426,C00225,2024-05-24,48.0,-71.0,256,38,31,500.0,INVALID,Negative active_minutes
U0002427,C00910,2024-03-06,-9.0,1740.0,692,46,14,1.0,INVALID,Negative login_count
U0002428,C00914,2024-10-25,25.0,1225.0,565,78,33,10.0,VALID,No issues detected
U0002429,C01440,2024-04-13,-5.0,725.0,987,20,49,,INVALID,Usage record references customer not in subscriptions; Negative login_count
,C01527,2026-01-09,19.0,1825.0,650,2,85,-5.0,INVALID,Missing usage_id; Usage record references customer not in subscriptions
U0002431,C01200,2025-11-18,10.0,64.0,556,41,0,50.0,INVALID,Usage record references customer not in subscriptions
U0002432,C00640,2024-09-27,52.0,,695,11,26,100.0,INVALID,Usage record references customer not in subscriptions
U0002433,C01529,2025-02-07,54.0,1825.0,411,67,52,20.0,VALID,No issues detected
U0002434,C01574,2025-05-21,28.0,1333.0,295,10,8,20.0,VALID,No issues detected
U0002435,C01282,2025-09-29,43.0,,850,19,58,,INVALID,Usage record references customer not in subscriptions
U0002436,C01238,2024-01-24,50.0,468.0,589,51,59,500.0,VALID,No issues detected
U0002437,C00301,2026-01-27,22.0,1720.0,878,36,12,500.0,INVALID,Usage record references customer not in subscriptions
U0002438,C01451,2024-08-05,38.0,1900.0,100,23,89,10.0,INVALID,Usage record references customer not in subscriptions
U0002439,C00948,2025-01-15,0.0,1312.0,323,3,68,-5.0,INVALID,Usage record references customer not in subscriptions
U0002440,C01649,2025-05-29,36.0,53.0,28,16,52,1.0,VALID,No issues detected
U0002441,C00051,2024-03-08,29.0,593.0,43,74,0,-5.0,INVALID,Usage record references customer not in subscriptions
U0002442,C00821,2024-07-08,54.0,222.0,486,2,91,5.0,INVALID,Usage record references customer not in subscriptions
U0002443,C00384,2024-05-25,33.0,1231.0,326,59,31,,VALID,No issues detected
U0002444,C01188,2025-04-21,53.0,862.0,54,72,26,5.0,INVALID,Usage record references customer not in subscriptions
,C00644,2024-12-07,12.0,591.0,674,31,84,10.0,INVALID,Missing usage_id
U0002446,C00353,2025-08-20,5.0,1251.0,553,72,87,20.0,INVALID,Usage record references customer not in subscriptions
U0002447,C00269,2025-03-20,32.0,266.0,379,57,94,5.0,VALID,No issues detected
U0002448,C00483,2024-05-26,58.0,1068.0,385,15,95,50.0,VALID,No issues detected
U0002449,C00782,2025-09-23,36.0,,897,48,18,1.0,INVALID,Usage record references customer not in subscriptions
U0002450,C00728,2024-08-27,25.0,768.0,901,56,91,5.0,INVALID,Usage record references customer not in subscriptions
U0002451,C00199,2025-06-14,29.0,1437.0,163,21,18,20.0,INVALID,Usage record references customer not in subscriptions
U0002452,C01202,2025-05-06,44.0,1120.0,67,42,3,20.0,INVALID,Usage record references customer not in subscriptions
U0002453,C00318,2025-11-26,37.0,323.0,638,53,35,-5.0,INVALID,Usage record references customer not in subscriptions
U0002454,C00897,2024-09-08,56.0,1265.0,114,27,81,50.0,INVALID,Usage record references customer not in subscriptions
U0002455,C00585,2025-07-17,10.0,1479.0,863,3,80,20.0,VALID,No issues detected
U0002456,C01767,2024-12-24,-10.0,705.0,283,68,65,5.0,INVALID,Negative login_count
U0002457,C00292,2025-07-08,-34.0,276.0,863,59,60,50.0,INVALID,Negative login_count
U0002458,C00903,2024-12-08,45.0,638.0,331,61,97,500.0,INVALID,Usage record references customer not in subscriptions
U0002459,C00995,2025-05-12,,,478,56,99,,INVALID,Usage record references customer not in subscriptions
U0002460,C01493,2025-02-27,3.0,364.0,228,68,78,100.0,VALID,No issues detected
U0002461,C01221,2024-11-03,49.0,1000.0,982,37,2,-5.0,INVALID,Usage record references customer not in subscriptions
U0002462,C00197,2024-04-22,0.0,1101.0,674,75,87,20.0,INVALID,Usage record references customer not in subscriptions
U0002463,C00784,2025-05-20,38.0,1390.0,505,29,7,10.0,INVALID,Usage record references customer not in subscriptions
U0002464,C00613,2025-03-08,30.0,1194.0,152,1,45,1.0,VALID,No issues detected
U0002465,C01329,2024-07-09,11.0,1543.0,287,6,57,5.0,INVALID,Usage record references customer not in subscriptions
U0002466,C00365,2024-05-12,60.0,801.0,728,37,4,2.0,INVALID,Usage record references customer not in subscriptions
U0002467,C00507,2025-09-29,55.0,257.0,566,10,60,10.0,VALID,No issues detected
U0002468,C00123,2024-01-09,,1167.0,635,70,18,100.0,VALID,No issues detected
U0002469,C00013,2024-10-26,45.0,84.0,213,58,29,20.0,VALID,No issues detected
U0002470,C01683,2025-07-19,26.0,1302.0,449,45,54,500.0,VALID,No issues detected
U0002471,C00936,2024-10-31,44.0,1665.0,432,3,61,2.0,INVALID,Usage record references customer not in subscriptions
U0002472,C00333,2025-05-16,,382.0,950,66,1,100.0,VALID,No issues detected
U0002473,C00133,2024-05-13,5.0,1190.0,282,36,45,20.0,VALID,No issues detected
U0002474,C00275,2025-08-22,17.0,412.0,629,37,74,100.0,INVALID,Usage record references customer not in subscriptions
U0002475,C00925,2025-03-17,41.0,1522.0,949,63,19,100.0,VALID,No issues detected
U0002476,C01198,2024-10-07,52.0,,295,41,100,,INVALID,Usage record references customer not in subscriptions
U0002477,C01760,2025-03-12,60.0,,202,1,63,10.0,INVALID,Usage record references customer not in subscriptions
U0002478,C01274,2024-11-26,38.0,359.0,942,76,6,2.0,INVALID,Usage record references customer not in subscriptions
U0002479,C00852,2024-07-03,53.0,1857.0,706,26,96,-5.0,INVALID,Usage record references customer not in subscriptions
U0002480,C01118,2024-11-15,13.0,60.0,950,7,49,50.0,INVALID,Usage record references customer not in subscriptions
U0002481,C00561,2024-02-20,41.0,1629.0,759,60,38,100.0,VALID,No issues detected
U0002482,C00476,2024-04-26,6.0,1107.0,744,75,47,-5.0,INVALID,Usage record references customer not in subscriptions
U0002483,C00376,2025-01-14,29.0,1289.0,0,71,39,-5.0,INVALID,Usage record references customer not in subscriptions
U0002484,C00373,2025-05-21,,979.0,874,8,75,2.0,INVALID,Usage record references customer not in subscriptions
U0002485,C01213,2024-11-25,27.0,1634.0,240,64,43,20.0,INVALID,Usage record references customer not in subscriptions
U0002486,C01696,2025-11-15,8.0,1214.0,336,5,90,-5.0,VALID,No issues detected
,C00103,2025-07-28,31.0,15.0,652,1,80,50.0,INVALID,Missing usage_id
U0002488,C00246,2024-06-12,31.0,-93.0,707,26,89,20.0,INVALID,Usage record references customer not in subscriptions; Negative active_minutes
U0002489,C01091,2025-01-24,-10.0,1830.0,651,16,39,20.0,INVALID,Usage record references customer not in subscriptions; Negative login_count
U0002490,C00325,2025-10-15,,1974.0,640,70,17,50.0,INVALID,Usage record references customer not in subscriptions
U0002491,C00261,2024-09-10,6.0,1244.0,589,66,85,5.0,INVALID,Usage record references customer not in subscriptions
U0002492,C01295,2024-12-06,5.0,757.0,714,30,2,500.0,INVALID,Usage record references customer not in subscriptions
U0002493,C00924,2024-04-11,36.0,1219.0,653,61,83,10.0,INVALID,Usage record references customer not in subscriptions
U0002494,C01553,2024-02-02,6.0,1621.0,634,28,26,5.0,INVALID,Usage record references customer not in subscriptions
U0002495,C00997,2025-06-18,39.0,53.0,114,43,95,100.0,INVALID,Usage record references customer not in subscriptions
U0002496,C01335,2025-01-18,11.0,1823.0,983,43,94,-5.0,VALID,No issues detected
,C01706,2026-01-16,56.0,1215.0,280,52,86,-5.0,INVALID,Missing usage_id; Usage record references customer not in subscriptions
U0002498,C00788,2025-03-15,23.0,1763.0,53,60,75,-5.0,INVALID,Usage record references customer not in subscriptions
U0002499,C00627,2025-06-22,4.0,1682.0,199,1,27,1.0,INVALID,Usage record references customer not in subscriptions
U0002500,C01008,2024-04-07,46.0,1817.0,204,43,63,2.0,VALID,No issues detected
U0002501,C01601,2024-12-02,,1993.0,989,19,66,50.0,VALID,No issues detected
U0002502,C00644,2024-09-03,39.0,1762.0,44,69,85,5.0,VALID,No issues detected
U0002503,C01110,2024-07-06,20.0,644.0,501,67,43,5.0,INVALID,Usage record references customer not in subscriptions
U0002504,C01044,2024-12-09,16.0,326.0,172,46,73,500.0,INVALID,Usage record references customer not in subscriptions
,C00904,2025-12-16,14.0,1315.0,697,15,70,,INVALID,Missing usage_id
U0002506,C00270,2024-04-12,16.0,82.0,626,14,85,,VALID,No issues detected
U0002507,C00841,2025-05-27,24.0,1583.0,996,76,61,2.0,INVALID,Usage record references customer not in subscriptions
U0002508,C01434,2024-09-13,-6.0,,144,21,66,50.0,INVALID,Negative login_count
U0002509,C01380,2025-02-24,53.0,232.0,942,64,87,-5.0,INVALID,Usage record references customer not in subscriptions
U0002510,C00343,2024-02-11,0.0,1098.0,711,76,40,10.0,INVALID,Usage record references customer not in subscriptions
U0002511,C00045,2025-05-03,37.0,1645.0,899,23,1,20.0,INVALID,Usage record references customer not in subscriptions
U0002512,C01359,2025-05-15,7.0,1618.0,681,79,99,2.0,INVALID,Usage record references customer not in subscriptions
U0002513,C00045,2025-01-05,42.0,1116.0,765,51,89,-5.0,INVALID,Usage record references customer not in subscriptions
U0002514,C00449,2025-01-11,58.0,1409.0,960,8,92,50.0,INVALID,Usage record references customer not in subscriptions
U0002515,C01753,2025-05-19,49.0,,227,22,17,5.0,INVALID,Usage record references customer not in subscriptions
U0002516,C01186,2024-02-26,45.0,136.0,800,57,70,-5.0,VALID,No issues detected
,C01544,2024-04-05,10.0,1432.0,372,69,52,50.0,INVALID,Missing usage_id
U0002518,C01438,2025-08-11,39.0,792.0,263,60,49,500.0,VALID,No issues detected
U0002519,C01273,2025-01-22,5.0,954.0,500,71,71,20.0,INVALID,Usage record references customer not in subscriptions
U0002520,C01081,2024-04-05,8.0,1251.0,93,40,79,10.0,INVALID,Usage record references customer not in subscriptions
U0002521,C00663,2025-03-30,1.0,132.0,202,66,34,,INVALID,Usage record references customer not in subscriptions
U0002522,C01385,2024-05-07,8.0,,46,20,8,1.0,INVALID,Usage record references customer not in subscriptions
U0002523,C00106,2024-12-06,18.0,,658,44,10,10.0,INVALID,Usage record references customer not in subscriptions
U0002524,C00077,2025-09-27,0.0,1491.0,555,17,55,50.0,INVALID,Usage record references customer not in subscriptions
U0002525,C00647,2025-05-01,,-58.0,649,45,46,-5.0,INVALID,Usage record references customer not in subscriptions; Negative active_minutes
U0002526,C00414,2025-03-29,30.0,1199.0,585,24,11,500.0,VALID,No issues detected
U0002527,C01039,2024-09-23,4.0,1632.0,638,23,40,2.0,VALID,No issues detected
U0002528,C00466,2025-09-03,55.0,669.0,0,70,1,2.0,VALID,No issues detected
U0002529,C00245,2024-05-09,9.0,1667.0,302,24,57,100.0,INVALID,Usage record references customer not in subscriptions
U0002530,C01246,2025-05-07,40.0,971.0,70,19,55,500.0,VALID,No issues detected
U0002531,C00900,2025-08-07,7.0,110.0,744,5,57,,INVALID,Usage record references customer not in subscriptions
U0002532,C01533,2025-07-14,29.0,646.0,882,42,52,20.0,INVALID,Usage record references customer not in subscriptions
U0002533,C01691,2025-05-24,27.0,1301.0,786,28,26,1.0,VALID,No issues detected
U0002534,C01268,2025-05-04,38.0,,613,66,21,10.0,VALID,No issues detected
U0002535,C01606,2025-02-02,0.0,731.0,647,68,9,50.0,INVALID,Usage record references customer not in subscriptions
U0002536,C00802,2025-09-24,,346.0,457,13,9,-5.0,INVALID,Usage record references customer not in subscriptions
U0002537,C00837,2025-04-28,-36.0,1236.0,92,63,63,100.0,INVALID,Negative login_count
U0002538,C01049,2025-06-21,49.0,1746.0,98,66,45,100.0,VALID,No issues detected
U0002539,C01083,2025-12-06,30.0,155.0,331,28,20,,VALID,No issues detected
U0002540,C00926,2025-04-22,33.0,1432.0,857,39,0,20.0,INVALID,Usage record references customer not in subscriptions
U0002541,C01398,2024-10-13,60.0,401.0,802,9,87,20.0,VALID,No issues detected
U0002542,C01341,2025-09-21,35.0,937.0,61,49,16,5.0,INVALID,Usage record references customer not in subscriptions
U0002543,C00919,2025-08-11,40.0,13.0,496,18,10,5.0,INVALID,Usage record references customer not in subscriptions
U0002544,C01331,2025-08-17,18.0,1321.0,830,14,2,100.0,INVALID,Usage record references customer not in subscriptions
U0002545,C00253,2025-02-22,31.0,599.0,257,45,73,50.0,VALID,No issues detected
U0002546,C00677,2024-10-17,56.0,1353.0,282,36,27,2.0,INVALID,Usage record references customer not in subscriptions
U0002547,C01044,2024-01-16,37.0,131.0,259,69,43,50.0,INVALID,Usage record references customer not in subscriptions
U0002548,C00021,2025-05-05,21.0,1099.0,639,80,69,20.0,INVALID,Usage record references customer not in subscriptions
U0002549,C01386,2024-01-21,51.0,385.0,193,26,2,,INVALID,Usage record references customer not in subscriptions
U0002550,C00039,2025-05-06,53.0,504.0,345,8,74,20.0,INVALID,Usage record references customer not in subscriptions
U0002551,C01362,2026-01-30,14.0,597.0,700,70,26,,VALID,No issues detected
U0002552,C00120,2025-03-12,5.0,1604.0,897,48,75,10.0,INVALID,Usage record references customer not in subscriptions
U0002553,C01564,2025-12-21,17.0,1460.0,9,3,89,,VALID,No issues detected
U0002554,C01636,2025-05-11,42.0,1685.0,823,4,38,100.0,VALID,No issues detected
U0002555,C01606,2025-04-10,32.0,-336.0,382,20,73,20.0,INVALID,Usage record references customer not in subscriptions; Negative active_minutes
U0002556,C00053,2025-03-16,54.0,522.0,347,38,23,2.0,VALID,No issues detected
U0002557,C00635,2025-11-17,,678.0,133,24,30,20.0,VALID,No issues detected
,C00654,2025-04-07,23.0,872.0,458,33,94,50.0,INVALID,Missing usage_id; Usage record references customer not in subscriptions
U0002559,C01763,2025-10-15,,319.0,498,0,75,50.0,VALID,No issues detected
U0002560,C01301,2025-03-17,46.0,1254.0,238,14,59,500.0,VALID,No issues detected
U0002561,C00264,2025-10-25,7.0,205.0,298,49,50,2.0,VALID,No issues detected
U0002562,C00285,2025-01-21,3.0,697.0,182,1,1,2.0,INVALID,Usage record references customer not in subscriptions
U0002563,C00113,2025-07-11,43.0,911.0,546,0,37,50.0,INVALID,Usage record references customer not in subscriptions
U0002564,C00520,2026-01-23,23.0,55.0,908,80,67,-5.0,INVALID,Usage record references customer not in subscriptions
U0002565,C00372,2024-08-05,18.0,,839,64,3,50.0,INVALID,Usage record references customer not in subscriptions
U0002566,C01666,2024-10-14,2.0,1938.0,952,18,84,100.0,INVALID,Usage record references customer not in subscriptions
U0002567,C00299,2025-11-12,52.0,527.0,799,56,45,5.0,INVALID,Usage record references customer not in subscriptions
U0002568,C00047,2025-06-04,7.0,1825.0,856,12,49,50.0,VALID,No issues detected
U0002569,C01045,2024-11-12,4.0,1890.0,399,15,42,1.0,VALID,No issues detected
U0002570,C01234,2025-04-09,11.0,186.0,714,31,52,20.0,VALID,No issues detected
U0002571,C01586,2025-03-11,,929.0,349,41,94,10.0,INVALID,Usage record references customer not in subscriptions
U0002572,C00360,2025-03-17,51.0,1355.0,518,78,26,1.0,INVALID,Usage record references customer not in subscriptions
U0002573,C00508,2026-01-17,11.0,,779,69,28,10.0,INVALID,Usage record references customer not in subscriptions
U0002574,C00344,2025-10-31,1.0,-273.0,207,75,61,100.0,INVALID,Usage record references customer not in subscriptions; Negative active_minutes
U0002575,C00405,2024-10-26,36.0,107.0,352,70,70,20.0,INVALID,Usage record references customer not in subscriptions
U0002576,C00923,2025-12-24,37.0,598.0,139,64,33,1.0,INVALID,Usage record references customer not in subscriptions
U0002577,C01776,2024-09-09,57.0,288.0,555,2,3,-5.0,INVALID,Usage record references customer not in subscriptions
U0002578,C01253,2025-03-14,52.0,-284.0,146,2,7,-5.0,INVALID,Negative active_minutes
U0002579,C00285,2024-06-21,5.0,389.0,315,69,66,50.0,INVALID,Usage record references customer not in subscriptions
U0002580,C00930,2025-07-17,10.0,1762.0,898,59,95,-5.0,INVALID,Usage record references customer not in subscriptions
U0002581,C00386,2025-09-14,0.0,272.0,684,5,68,2.0,INVALID,Usage record references customer not in subscriptions
U0002582,C01290,2024-03-27,26.0,333.0,446,50,37,20.0,INVALID,Usage record references customer not in subscriptions
U0002583,C00918,2025-08-24,29.0,515.0,852,18,79,10.0,VALID,No issues detected
U0002584,C00296,2024-06-12,19.0,688.0,491,15,88,,VALID,No issues detected
U0002585,C00730,2025-05-27,24.0,1507.0,104,73,33,2.0,INVALID,Usage record references customer not in subscriptions
U0002586,C01482,2024-09-23,40.0,10.0,628,34,69,500.0,VALID,No issues detected
U0002587,C00850,2024-11-01,46.0,1254.0,763,25,97,50.0,INVALID,Usage record references customer not in subscriptions
U0002588,C01690,2025-05-17,36.0,599.0,716,54,69,,INVALID,Usage record references customer not in subscriptions
U0002589,C00771,2025-10-21,4.0,1881.0,980,13,98,,VALID,No issues detected
U0002590,C01607,2024-01-26,40.0,1197.0,671,25,14,5.0,INVALID,Usage record references customer not in subscriptions
U0002591,C01464,2025-06-01,45.0,570.0,92,41,96,2.0,VALID,No issues detected
U0002592,C01770,2024-03-15,12.0,-66.0,315,17,91,20.0,INVALID,Usage record references customer not in subscriptions; Negative active_minutes
U0002593,C01534,2024-10-23,47.0,,557,25,47,20.0,VALID,No issues detected
U0002594,C99999,2025-12-27,41.0,1076.0,220,25,59,-5.0,INVALID,Usage record references customer not in subscriptions
U0002595,C01485,2024-12-31,7.0,148.0,310,37,83,50.0,INVALID,Usage record references customer not in subscriptions
U0002596,C00066,2025-05-31,-26.0,891.0,688,34,88,5.0,INVALID,Negative login_count
U0002597,C00102,2025-05-02,35.0,45.0,536,37,13,5.0,INVALID,Usage record references customer not in subscriptions
U0002598,C00768,2025-10-28,21.0,1041.0,613,34,6,20.0,VALID,No issues detected
U0002599,C00836,2025-02-13,10.0,,619,39,88,100.0,INVALID,Usage record references customer not in subscriptions
U0002600,C00346,2024-08-19,22.0,1251.0,581,23,77,5.0,VALID,No issues detected
U0002601,C01701,2024-09-19,,1798.0,417,29,76,50.0,VALID,No issues detected
U0002602,C01273,2024-02-02,48.0,697.0,949,4,20,-5.0,INVALID,Usage record references customer not in subscriptions
,C00400,2025-02-26,23.0,1381.0,119,53,36,20.0,INVALID,Missing usage_id
U0002604,C01638,2025-05-18,37.0,1954.0,710,47,77,,VALID,No issues detected
U0002605,C00353,2024-03-21,24.0,866.0,81,46,0,500.0,INVALID,Usage record references customer not in subscriptions
U0002606,C01111,2024-01-15,58.0,1607.0,508,24,80,50.0,VALID,No issues detected
U0002607,C01019,2025-04-08,7.0,1121.0,877,48,85,100.0,VALID,No issues detected
U0002608,C00240,2026-01-15,34.0,1168.0,80,66,8,2.0,INVALID,Usage record references customer not in subscriptions
U0002609,C01101,2024-11-29,28.0,1646.0,557,56,21,500.0,INVALID,Usage record references customer not in subscriptions
U0002610,C00599,2024-12-15,49.0,110.0,840,49,8,5.0,INVALID,Usage record references customer not in subscriptions
U0002611,C00973,2024-01-13,7.0,1758.0,266,21,94,10.0,INVALID,Usage record references customer not in subscriptions
U0002612,C01420,2025-05-11,44.0,197.0,404,38,28,20.0,INVALID,Usage record references customer not in subscriptions
U0002613,C00715,2025-06-12,18.0,1436.0,371,31,51,1.0,INVALID,Usage record references customer not in subscriptions
U0002614,C01439,2025-01-20,57.0,640.0,623,25,55,5.0,INVALID,Usage record references customer not in subscriptions
U0002615,C01700,2025-07-01,49.0,1857.0,552,58,1,5.0,INVALID,Usage record references customer not in subscriptions
U0002616,C00436,2025-01-03,42.0,1483.0,177,57,37,2.0,INVALID,Usage record references customer not in subscriptions
U0002617,C01069,2025-08-05,53.0,20.0,355,43,59,2.0,VALID,No issues detected
U0002618,C01500,2025-05-25,5.0,1718.0,692,16,76,20.0,VALID,No issues detected
U0002619,C00808,2024-09-14,27.0,1683.0,948,11,35,-5.0,INVALID,Usage record references customer not in subscriptions
U0002620,C00292,2025-03-03,5.0,,672,17,4,1.0,VALID,No issues detected
U0002621,C00706,2025-11-13,56.0,1710.0,285,56,88,500.0,VALID,No issues detected
U0002622,C01749,2025-01-29,59.0,-28.0,586,52,81,5.0,INVALID,Usage record references customer not in subscriptions; Negative active_minutes
U0002623,C00435,2024-07-28,33.0,876.0,895,18,96,2.0,VALID,No issues detected
U0002624,C01372,2025-10-30,29.0,1080.0,209,55,85,-5.0,INVALID,Usage record references customer not in subscriptions
U0002625,C00590,2024-02-28,60.0,-482.0,172,19,20,5.0,INVALID,Negative active_minutes
U0002626,C00769,2024-06-21,29.0,784.0,643,27,3,100.0,INVALID,Usage record references customer not in subscriptions
U0002627,C01208,2025-11-25,23.0,1146.0,355,78,81,2.0,VALID,No issues detected
U0002628,C00936,2024-06-26,40.0,1233.0,394,1,71,1.0,INVALID,Usage record references customer not in subscriptions
,C00981,2025-06-09,11.0,1844.0,995,18,97,500.0,INVALID,Missing usage_id
U0002630,C01584,2024-05-12,6.0,110.0,3,6,100,50.0,INVALID,Usage record references customer not in subscriptions
U0002631,C00828,2024-12-12,22.0,1927.0,968,12,85,1.0,INVALID,Usage record references customer not in subscriptions
U0002632,C00241,2024-10-23,12.0,1313.0,966,79,65,-5.0,VALID,No issues detected
,C01366,2025-11-01,2.0,48.0,758,11,14,-5.0,INVALID,Missing usage_id; Usage record references customer not in subscriptions
U0002634,C00961,2024-12-23,3.0,1204.0,316,73,0,1.0,VALID,No issues detected
U0002635,C01163,2025-05-13,24.0,891.0,752,2,80,,INVALID,Usage record references customer not in subscriptions
U0002636,C01375,2026-01-20,33.0,1591.0,317,66,94,1.0,INVALID,Usage record references customer not in subscriptions
U0002637,C00922,2026-01-25,45.0,1754.0,580,34,41,20.0,VALID,No issues detected
U0002638,C01699,2024-10-06,3.0,883.0,664,43,54,10.0,VALID,No issues detected
U0002639,C00985,2024-04-19,29.0,974.0,870,36,34,2.0,INVALID,Usage record references customer not in subscriptions
U0002640,C00638,2025-02-20,12.0,654.0,756,74,4,1.0,INVALID,Usage record references customer not in subscriptions
U0002641,C01634,2024-02-16,9.0,585.0,231,65,2,2.0,VALID,No issues detected
U0002642,C00394,2025-11-17,11.0,1828.0,798,20,48,500.0,INVALID,Usage record references customer not in subscriptions
U0002643,C00422,2025-11-09,2.0,1608.0,669,52,62,10.0,VALID,No issues detected
U0002644,C01373,2025-04-20,33.0,473.0,577,46,58,100.0,INVALID,Usage record references customer not in subscriptions
U0002645,C00271,2024-06-05,18.0,,140,8,28,20.0,VALID,No issues detected
U0002646,C01357,2025-08-21,34.0,440.0,397,63,60,,VALID,No issues detected
U0002647,C01099,2025-12-12,38.0,1007.0,210,15,82,5.0,VALID,No issues detected
U0002648,C01440,2024-12-09,27.0,1831.0,924,67,92,,INVALID,Usage record references customer not in subscriptions
U0002649,C00264,2024-08-20,-4.0,1809.0,408,56,65,-5.0,INVALID,Negative login_count
U0002650,C00860,2025-08-14,13.0,662.0,774,41,42,10.0,VALID,No issues detected
U0002651,C01090,2024-07-07,56.0,-467.0,832,37,40,50.0,INVALID,Usage record references customer not in subscriptions; Negative active_minutes
,C00512,2024-04-30,0.0,753.0,939,10,48,100.0,INVALID,Missing usage_id; Usage record references customer not in subscriptions
U0002653,C01365,2024-09-25,5.0,1894.0,806,25,79,100.0,VALID,No issues detected
U0002654,C00914,2025-10-04,3.0,-363.0,757,52,7,10.0,INVALID,Negative active_minutes
U0002655,C00714,2025-12-23,33.0,844.0,977,63,67,1.0,VALID,No issues detected
U0002656,C00128,2024-09-30,7.0,324.0,18,13,63,,VALID,No issues detected
U0002657,C00916,2024-01-15,,1950.0,977,7,27,100.0,VALID,No issues detected
U0002658,C01467,2025-10-01,,1689.0,493,71,15,500.0,VALID,No issues detected
U0002659,C01325,2025-04-09,45.0,1784.0,740,21,63,-5.0,VALID,No issues detected
U0002660,C00228,2024-08-22,,127.0,339,73,41,10.0,VALID,No issues detected
U0002661,C00114,2024-10-14,60.0,334.0,617,19,44,100.0,VALID,No issues detected
U0002662,C01590,2025-06-24,59.0,734.0,315,29,71,,INVALID,Usage record references customer not in subscriptions
U0002663,C00790,2025-07-26,31.0,1211.0,678,62,59,20.0,INVALID,Usage record references customer not in subscriptions
U0002664,C01757,2025-06-25,,1643.0,418,39,68,20.0,VALID,No issues detected
U0002665,C01103,2024-09-18,2.0,686.0,300,17,28,500.0,VALID,No issues detected
U0002666,C00828,2024-01-20,36.0,1188.0,455,8,74,1.0,INVALID,Usage record references customer not in subscriptions
U0002667,C00489,2025-11-02,-11.0,,200,21,91,10.0,INVALID,Usage record references customer not in subscriptions; Negative login_count
U0002668,C01480,2024-08-19,59.0,61.0,636,79,57,500.0,INVALID,Usage record references customer not in subscriptions
,C00539,2024-05-30,,287.0,159,40,48,500.0,INVALID,Missing usage_id
U0002670,C01475,2025-08-29,,652.0,624,40,5,50.0,VALID,No issues detected
U0002671,C01700,2025-06-15,10.0,,689,80,17,5.0,INVALID,Usage record references customer not in subscriptions
U0002672,C00701,2024-12-07,54.0,1547.0,752,3,70,1.0,INVALID,Usage record references customer not in subscriptions
U0002673,C01307,2024-03-25,-22.0,1638.0,482,55,61,100.0,INVALID,Usage record references customer not in subscriptions; Negative login_count
U0002674,C00940,2024-11-30,16.0,-443.0,893,65,24,5.0,INVALID,Usage record references customer not in subscriptions; Negative active_minutes
U0002675,C00454,2025-08-18,21.0,1351.0,768,21,80,100.0,INVALID,Usage record references customer not in subscriptions
U0002676,C01258,2025-10-24,52.0,1573.0,102,9,100,100.0,VALID,No issues detected
,C00459,2025-11-25,19.0,571.0,249,76,56,50.0,INVALID,Missing usage_id; Usage record references customer not in subscriptions
U0002678,C00801,2025-04-17,9.0,498.0,257,76,97,100.0,INVALID,Usage record references customer not in subscriptions
U0002679,C01689,2025-02-16,,,222,49,21,1.0,VALID,No issues detected
U0002680,C01605,2025-12-03,20.0,1513.0,413,79,36,1.0,INVALID,Usage record references customer not in subscriptions
U0002681,C01561,2024-08-30,-44.0,802.0,291,56,77,10.0,INVALID,Usage record references customer not in subscriptions; Negative login_count
U0002682,C01027,2025-10-17,28.0,763.0,629,40,80,-5.0,INVALID,Usage record references customer not in subscriptions
U0002683,C00760,2024-03-23,50.0,921.0,938,76,35,,INVALID,Usage record references customer not in subscriptions
U0002684,C01078,2024-05-26,,741.0,660,11,79,20.0,INVALID,Usage record references customer not in subscriptions
U0002685,C01421,2024-07-13,,-50.0,159,44,19,2.0,INVALID,Negative active_minutes
U0002686,C01499,2025-12-24,10.0,819.0,908,50,85,1.0,INVALID,Usage record references customer not in subscriptions
U0002687,C00422,2025-03-07,34.0,1993.0,303,54,97,,VALID,No issues detected
U0002688,C01283,2025-12-30,16.0,1528.0,610,60,80,10.0,INVALID,Usage record references customer not in subscriptions
U0002689,C01782,2024-01-20,,1817.0,295,27,50,,INVALID,Usage record references customer not in subscriptions
U0002690,C01451,2024-12-14,43.0,1941.0,565,33,6,100.0,INVALID,Usage record references customer not in subscriptions
U0002691,C01417,2025-08-21,-11.0,42.0,250,74,98,20.0,INVALID,Usage record references customer not in subscriptions; Negative login_count
U0002692,C00421,2024-09-05,13.0,1425.0,311,74,78,500.0,VALID,No issues detected
U0002693,C00013,2025-12-22,0.0,,584,31,9,,VALID,No issues detected
U0002694,C00152,2024-04-28,34.0,194.0,102,63,59,50.0,INVALID,Usage record references customer not in subscriptions
U0002695,C00440,2025-10-31,1.0,976.0,525,3,47,-5.0,VALID,No issues detected
U0002696,C00751,2025-01-24,21.0,1532.0,945,70,36,500.0,INVALID,Usage record references customer not in subscriptions
U0002697,C00939,2025-01-22,48.0,1932.0,245,12,55,500.0,INVALID,Usage record references customer not in subscriptions
U0002698,C00899,2025-06-05,2.0,217.0,840,80,17,100.0,VALID,No issues detected
U0002699,C00365,2025-10-27,46.0,1353.0,576,5,83,5.0,INVALID,Usage record references customer not in subscriptions
U0002700,C01325,2025-10-01,47.0,772.0,628,72,60,100.0,VALID,No issues detected
U0002701,C00362,2024-12-09,58.0,1628.0,973,53,12,5.0,INVALID,Usage record references customer not in subscriptions
U0002702,C00381,2025-04-18,38.0,1177.0,521,45,68,-5.0,INVALID,Usage record references customer not in subscriptions
U0002703,C01243,2025-04-16,25.0,225.0,232,62,59,500.0,INVALID,Usage record references customer not in subscriptions
U0002704,,2025-02-17,57.0,1992.0,543,55,53,20.0,INVALID,Missing customer_id on usage record
U0002705,C01142,2025-08-09,12.0,1340.0,931,9,23,10.0,INVALID,Usage record references customer not in subscriptions
U0002706,C00694,2024-12-27,-37.0,,485,51,31,100.0,INVALID,Negative login_count
U0002707,C01767,2024-06-08,37.0,1251.0,767,24,37,2.0,VALID,No issues detected
U0002708,C00941,2025-08-07,55.0,-346.0,478,21,49,20.0,INVALID,Usage record references customer not in subscriptions; Negative active_minutes
U0002709,C01352,2024-07-26,31.0,121.0,526,3,25,50.0,INVALID,Usage record references customer not in subscriptions
U0002710,C00383,2026-01-01,60.0,1846.0,526,67,61,100.0,VALID,No issues detected
U0002711,C00047,2024-07-28,60.0,722.0,177,38,84,,VALID,No issues detected
U0002712,C01704,2024-01-12,48.0,1998.0,908,54,30,1.0,INVALID,Usage record references customer not in subscriptions
U0002713,C00138,2025-06-22,-50.0,1070.0,489,10,3,,INVALID,Negative login_count
U0002714,C01526,2025-08-03,44.0,679.0,401,15,20,10.0,INVALID,Usage record references customer not in subscriptions
U0002715,C00166,2025-06-29,51.0,1516.0,867,29,100,5.0,VALID,No issues detected
U0002716,C01764,2025-05-07,41.0,6.0,394,74,39,2.0,INVALID,Usage record references customer not in subscriptions
U0002717,C00639,2025-04-16,42.0,1365.0,897,34,90,100.0,VALID,No issues detected
U0002718,C01372,2025-07-09,7.0,260.0,890,10,27,-5.0,INVALID,Usage record references customer not in subscriptions
,C00283,2025-12-03,6.0,785.0,827,19,73,,INVALID,Missing usage_id
U0002720,C00301,2024-09-08,2.0,1156.0,177,42,47,5.0,INVALID,Usage record references customer not in subscriptions
U0002721,C00880,2024-12-20,18.0,1946.0,514,36,4,100.0,INVALID,Usage record references customer not in subscriptions
U0002722,C01694,2024-06-11,16.0,52.0,926,24,74,500.0,VALID,No issues detected
U0002723,C01471,2025-08-30,11.0,1457.0,88,51,68,50.0,INVALID,Usage record references customer not in subscriptions
U0002724,C00849,2024-02-28,33.0,414.0,731,80,8,20.0,VALID,No issues detected
U0002725,C00990,2025-01-27,23.0,69.0,567,21,28,1.0,INVALID,Usage record references customer not in subscriptions
U0002726,C01439,2025-04-27,48.0,524.0,661,38,6,2.0,INVALID,Usage record references customer not in subscriptions
U0002727,C00767,2025-01-26,,252.0,346,30,75,100.0,INVALID,Usage record references customer not in subscriptions
U0002728,C01124,2024-07-17,50.0,1047.0,725,51,43,,INVALID,Usage record references customer not in subscriptions
U0002729,C00640,2025-07-12,43.0,-367.0,290,73,1,20.0,INVALID,Usage record references customer not in subscriptions; Negative active_minutes
,C00589,2026-01-28,49.0,-428.0,105,5,85,500.0,INVALID,Missing usage_id; Negative active_minutes
U0002731,C01084,2024-07-15,13.0,1394.0,914,18,12,20.0,INVALID,Usage record references customer not in subscriptions
U0002732,C01059,2024-10-02,2.0,-460.0,61,48,76,2.0,INVALID,Usage record references customer not in subscriptions; Negative active_minutes
U0002733,C00284,2024-06-16,23.0,1720.0,360,30,28,10.0,INVALID,Usage record references customer not in subscriptions
U0002734,C00791,2025-04-19,,499.0,176,2,82,100.0,INVALID,Usage record references customer not in subscriptions
U0002735,C01786,2024-08-21,17.0,1611.0,116,21,54,20.0,VALID,No issues detected
U0002736,C00350,2024-05-29,52.0,-406.0,714,58,65,100.0,INVALID,Usage record references customer not in subscriptions; Negative active_minutes
U0002737,C01658,2026-01-04,13.0,1905.0,947,15,18,2.0,INVALID,Usage record references customer not in subscriptions
U0002738,C00442,2024-09-26,58.0,1302.0,745,0,61,,VALID,No issues detected
,C01701,2025-03-07,24.0,573.0,302,38,10,500.0,INVALID,Missing usage_id
U0002740,C01072,2025-06-18,32.0,443.0,546,49,6,2.0,INVALID,Usage record references customer not in subscriptions
U0002741,C00667,2025-07-19,1.0,206.0,678,14,32,100.0,INVALID,Usage record references customer not in subscriptions
U0002742,C01259,2025-08-20,21.0,1630.0,32,4,74,100.0,VALID,No issues detected
U0002743,C00470,2025-07-26,29.0,251.0,691,53,39,2.0,VALID,No issues detected
U0002744,C01582,2025-10-20,16.0,1119.0,58,32,95,-5.0,INVALID,Usage record references customer not in subscriptions
U0002745,C01533,2024-11-18,60.0,-255.0,833,32,88,-5.0,INVALID,Usage record references customer not in subscriptions; Negative active_minutes
U0002746,C00337,2025-06-14,50.0,723.0,279,28,28,100.0,VALID,No issues detected
,C00531,2024-09-24,,732.0,482,51,38,50.0,INVALID,Missing usage_id; Usage record references customer not in subscriptions
U0002748,C00794,2025-03-25,34.0,1614.0,403,74,61,500.0,VALID,No issues detected
U0002749,C01373,2025-01-29,47.0,107.0,893,63,32,2.0,INVALID,Usage record references customer not in subscriptions
U0002750,C01734,2025-06-12,24.0,1351.0,819,14,19,100.0,VALID,No issues detected
U0002751,C01229,2025-01-25,9.0,478.0,689,58,75,5.0,VALID,No issues detected
U0002752,C01361,2024-05-14,52.0,844.0,91,49,62,100.0,INVALID,Usage record references customer not in subscriptions
U0002753,C01627,2025-10-17,,-424.0,506,54,5,50.0,INVALID,Negative active_minutes
U0002754,C01348,2025-04-07,8.0,572.0,302,43,78,-5.0,VALID,No issues detected
U0002755,C01635,2025-04-24,57.0,234.0,4,65,70,2.0,VALID,No issues detected
U0002756,C00982,2024-06-29,5.0,1575.0,720,45,53,100.0,INVALID,Usage record references customer not in subscriptions
U0002757,C01062,2024-07-12,9.0,713.0,758,4,26,50.0,INVALID,Usage record references customer not in subscriptions
U0002758,C01091,2024-11-10,,1516.0,588,75,80,50.0,INVALID,Usage record references customer not in subscriptions
U0002759,C00227,2025-08-10,34.0,951.0,255,7,99,50.0,INVALID,Usage record references customer not in subscriptions
U0002760,C01225,2025-09-27,-5.0,63.0,532,43,17,20.0,INVALID,Usage record references customer not in subscriptions; Negative login_count
U0002761,C00218,2025-02-03,12.0,534.0,669,39,4,2.0,INVALID,Usage record references customer not in subscriptions
U0002762,C00058,2025-04-11,30.0,579.0,34,79,14,5.0,INVALID,Usage record references customer not in subscriptions
U0002763,C00551,2024-03-15,53.0,48.0,924,44,24,-5.0,INVALID,Usage record references customer not in subscriptions
U0002764,C00352,2025-08-13,55.0,1502.0,59,51,45,100.0,VALID,No issues detected
U0002765,C00122,2025-09-07,8.0,1778.0,910,40,69,50.0,VALID,No issues detected
U0002766,C00887,2024-08-26,32.0,1436.0,903,58,45,5.0,VALID,No issues detected
U0002767,C01596,2024-01-27,24.0,1775.0,179,0,97,500.0,INVALID,Usage record references customer not in subscriptions
U0002768,C01080,2025-04-11,45.0,1738.0,76,17,66,500.0,VALID,No issues detected
U0002769,C00066,2025-12-31,,1619.0,348,29,12,,VALID,No issues detected
U0002770,C01192,2024-03-07,10.0,466.0,673,36,11,,VALID,No issues detected
U0002771,C00672,2024-05-25,,629.0,313,66,5,,INVALID,Usage record references customer not in subscriptions
U0002772,C01592,2024-09-27,60.0,627.0,303,23,1,20.0,INVALID,Usage record references customer not in subscriptions
U0002773,C00743,2024-05-07,33.0,189.0,641,52,95,20.0,VALID,No issues detected
U0002774,C01393,2025-02-12,57.0,423.0,860,63,98,-5.0,INVALID,Usage record references customer not in subscriptions
U0002775,C00912,2024-12-22,17.0,1138.0,84,44,82,50.0,VALID,No issues detected
U0002776,C00558,2024-01-06,44.0,898.0,293,69,20,20.0,INVALID,Usage record references customer not in subscriptions
U0002777,C00853,2024-03-22,13.0,1078.0,754,24,31,50.0,VALID,No issues detected
U0002778,C01473,2024-10-29,17.0,1142.0,483,1,85,10.0,VALID,No issues detected
U0002779,C00501,2024-05-10,21.0,65.0,546,48,48,1.0,INVALID,Usage record references customer not in subscriptions
U0002780,C01729,2024-08-16,42.0,-24.0,831,56,4,5.0,INVALID,Negative active_minutes
U0002781,C01743,2025-10-23,39.0,1796.0,246,43,35,,VALID,No issues detected
U0002782,C00946,2025-03-15,37.0,190.0,174,31,43,1.0,VALID,No issues detected
U0002783,C01351,2024-11-20,38.0,,387,56,97,500.0,INVALID,Usage record references customer not in subscriptions
U0002784,C01627,2024-08-20,3.0,1006.0,451,65,42,,VALID,No issues detected
U0002785,C00596,2025-03-14,-24.0,,784,52,45,10.0,INVALID,Usage record references customer not in subscriptions; Negative login_count
U0002786,C00821,2025-05-03,60.0,526.0,337,15,14,500.0,INVALID,Usage record references customer not in subscriptions
U0002787,C01068,2025-02-10,12.0,713.0,516,10,27,,VALID,No issues detected
U0002788,C00134,2024-12-02,16.0,1278.0,160,69,35,,VALID,No issues detected
U0002789,C01540,2024-03-22,-48.0,,393,60,26,2.0,INVALID,Negative login_count
U0002790,C01726,2024-01-09,26.0,1054.0,969,12,16,50.0,INVALID,Usage record references customer not in subscriptions
U0002791,C01284,2026-01-26,39.0,1350.0,179,72,93,,VALID,No issues detected
U0002792,C01679,2025-12-10,47.0,675.0,763,6,98,20.0,VALID,No issues detected
U0002793,C00860,2024-03-22,27.0,,573,16,84,-5.0,VALID,No issues detected
U0002794,C01773,2025-09-05,5.0,223.0,323,68,86,100.0,VALID,No issues detected
U0002795,C01313,2025-01-16,-17.0,758.0,673,24,94,100.0,INVALID,Negative login_count
U0002796,C01147,2024-03-15,15.0,1320.0,687,8,29,10.0,INVALID,Usage record references customer not in subscriptions
U0002797,C00428,2024-05-09,-29.0,771.0,256,12,38,500.0,INVALID,Usage record references customer not in subscriptions; Negative login_count
U0002798,C00012,2024-02-13,43.0,67.0,290,40,79,500.0,INVALID,Usage record references customer not in subscriptions
U0002799,C01453,2025-04-01,19.0,10.0,125,20,19,10.0,VALID,No issues detected
U0002800,C01217,2025-08-15,56.0,1943.0,523,80,92,10.0,VALID,No issues detected
U0002801,C00708,2025-10-11,33.0,1789.0,115,42,84,50.0,VALID,No issues detected
U0002802,C00280,2025-06-06,27.0,156.0,828,25,67,50.0,VALID,No issues detected
U0002803,C00694,2024-08-07,6.0,1544.0,2,16,91,1.0,VALID,No issues detected
U0002804,C00724,2024-12-23,54.0,1144.0,486,44,94,2.0,INVALID,Usage record references customer not in subscriptions
U0002805,C01276,2025-06-15,52.0,746.0,876,45,74,100.0,INVALID,Usage record references customer not in subscriptions
U0002806,C01529,2025-05-13,45.0,,802,8,96,1.0,VALID,No issues detected
U0002807,C00848,2024-04-27,59.0,1313.0,445,38,80,100.0,INVALID,Usage record references customer not in subscriptions
U0002808,C01671,2024-12-15,4.0,,825,56,47,100.0,INVALID,Usage record references customer not in subscriptions
U0002809,C01222,2024-06-27,11.0,36.0,561,0,30,100.0,VALID,No issues detected
U0002810,C00066,2024-06-05,58.0,205.0,904,38,31,-5.0,VALID,No issues detected
U0002811,C01053,2025-04-26,2.0,,356,41,88,10.0,INVALID,Usage record references customer not in subscriptions
U0002812,C01298,2024-06-04,34.0,328.0,257,48,55,50.0,INVALID,Usage record references customer not in subscriptions
U0002813,C01495,2026-01-04,51.0,1763.0,869,54,72,500.0,VALID,No issues detected
U0002814,C00671,2024-08-17,22.0,179.0,884,79,53,2.0,VALID,No issues detected
U0002815,C01002,2025-03-21,20.0,1296.0,348,66,62,5.0,INVALID,Usage record references customer not in subscriptions
U0002816,C00308,2025-01-06,4.0,720.0,7,43,2,100.0,INVALID,Usage record references customer not in subscriptions
U0002817,C00055,2024-10-18,60.0,1471.0,320,9,54,5.0,INVALID,Usage record references customer not in subscriptions
U0002818,C01329,2024-10-10,,1898.0,44,75,55,,INVALID,Usage record references customer not in subscriptions
U0002819,C00861,2025-08-06,41.0,642.0,489,28,76,500.0,INVALID,Usage record references customer not in subscriptions
U0002820,C00491,2025-09-25,19.0,1508.0,296,48,54,500.0,INVALID,Usage record references customer not in subscriptions
U0002821,C00939,2025-08-01,23.0,587.0,993,58,73,50.0,INVALID,Usage record references customer not in subscriptions
U0002822,C01327,2025-06-29,9.0,1369.0,146,15,10,20.0,INVALID,Usage record references customer not in subscriptions
U0002823,C01033,2025-04-10,10.0,868.0,155,64,30,-5.0,INVALID,Usage record references customer not in subscriptions
U0002824,C01458,2025-12-31,15.0,122.0,28,60,10,100.0,VALID,No issues detected
U0002825,C00260,2025-06-12,46.0,-119.0,819,11,40,100.0,INVALID,Negative active_minutes
U0002826,C01439,2024-05-06,48.0,1791.0,406,41,6,50.0,INVALID,Usage record references customer not in subscriptions
U0002827,C01078,2025-05-27,-36.0,52.0,254,78,34,500.0,INVALID,Usage record references customer not in subscriptions; Negative login_count
U0002828,C00297,2025-01-09,48.0,1927.0,550,68,35,,INVALID,Usage record references customer not in subscriptions
U0002829,C00864,2025-06-16,36.0,545.0,998,5,10,500.0,VALID,No issues detected
U0002830,C00027,2025-10-19,34.0,655.0,502,45,27,1.0,INVALID,Usage record references customer not in subscriptions
U0002831,C00834,2024-08-22,58.0,552.0,178,33,81,,VALID,No issues detected
U0002832,C00839,2025-02-22,51.0,690.0,320,46,76,500.0,INVALID,Usage record references customer not in subscriptions
U0002833,C00961,2024-03-28,7.0,1563.0,488,60,25,5.0,VALID,No issues detected
U0002834,C01173,2025-07-12,14.0,1078.0,109,50,52,500.0,INVALID,Usage record references customer not in subscriptions
U0002835,C00362,2025-07-02,25.0,177.0,457,60,81,2.0,INVALID,Usage record references customer not in subscriptions
U0002836,C01571,2024-06-29,0.0,1509.0,65,47,31,500.0,INVALID,Usage record references customer not in subscriptions
U0002837,C00886,2025-07-01,55.0,,357,4,85,50.0,INVALID,Usage record references customer not in subscriptions
U0002838,C00746,2024-01-23,42.0,431.0,276,12,56,20.0,INVALID,Usage record references customer not in subscriptions
U0002839,C00012,2024-01-22,8.0,116.0,815,50,95,1.0,INVALID,Usage record references customer not in subscriptions
U0002840,C00295,2025-12-24,10.0,1747.0,375,5,8,-5.0,INVALID,Usage record references customer not in subscriptions
U0002841,C00023,2025-08-25,56.0,1970.0,187,28,21,,INVALID,Usage record references customer not in subscriptions
U0002842,C00829,2025-04-08,37.0,1561.0,829,57,61,10.0,INVALID,Usage record references customer not in subscriptions
U0002843,C00181,2024-01-10,3.0,1138.0,537,56,84,100.0,VALID,No issues detected
U0002844,C00555,2026-01-22,-18.0,61.0,69,13,70,10.0,INVALID,Negative login_count
U0002845,C01224,2024-08-04,28.0,74.0,784,75,72,-5.0,INVALID,Usage record references customer not in subscriptions
U0002846,C01249,2024-07-11,2.0,,366,31,53,10.0,INVALID,Usage record references customer not in subscriptions
U0002847,C00935,2025-11-23,1.0,1746.0,939,66,31,20.0,VALID,No issues detected
U0002848,C00834,2025-05-15,9.0,603.0,565,36,61,20.0,VALID,No issues detected
U0002849,C00303,2025-04-07,27.0,2000.0,243,31,39,2.0,INVALID,Usage record references customer not in subscriptions
U0002850,C01700,2025-05-13,23.0,1569.0,766,3,48,20.0,INVALID,Usage record references customer not in subscriptions
U0002851,C01063,2024-03-23,0.0,305.0,329,25,84,2.0,INVALID,Usage record references customer not in subscriptions
U0002852,C01368,2025-06-23,6.0,735.0,712,77,16,20.0,INVALID,Usage record references customer not in subscriptions
U0002853,C00481,2024-06-14,56.0,989.0,998,28,59,,VALID,No issues detected
U0002854,C01241,2025-07-16,37.0,1885.0,399,28,56,500.0,INVALID,Usage record references customer not in subscriptions
U0002855,C01700,2025-03-09,51.0,599.0,408,2,23,500.0,INVALID,Usage record references customer not in subscriptions
U0002856,C00995,2024-12-01,51.0,358.0,130,12,9,2.0,INVALID,Usage record references customer not in subscriptions
U0002857,C01116,2025-05-25,13.0,769.0,407,74,8,1.0,VALID,No issues detected
U0002858,C01457,2024-02-22,27.0,1356.0,969,38,36,5.0,INVALID,Usage record references customer not in subscriptions
U0002859,C01796,2025-04-28,40.0,1029.0,98,54,75,-5.0,VALID,No issues detected
U0002860,C00951,2024-03-06,59.0,1059.0,72,24,72,5.0,INVALID,Usage record references customer not in subscriptions
U0002861,C00545,2025-09-06,41.0,,653,9,13,2.0,INVALID,Usage record references customer not in subscriptions
U0002862,C00471,2024-10-16,50.0,1403.0,860,42,49,100.0,VALID,No issues detected
U0002863,C00811,2024-07-20,,1898.0,944,12,99,20.0,INVALID,Usage record references customer not in subscriptions
U0002864,C00667,2024-06-07,26.0,1632.0,831,51,24,100.0,INVALID,Usage record references customer not in subscriptions
,C01095,2025-03-03,39.0,1936.0,10,50,42,1.0,INVALID,Missing usage_id
U0002866,C00573,2025-02-15,2.0,1497.0,306,32,83,1.0,VALID,No issues detected
U0002867,C01680,2026-01-29,51.0,849.0,179,59,70,50.0,INVALID,Usage record references customer not in subscriptions
U0002868,C00916,2024-12-23,44.0,1082.0,96,72,39,100.0,VALID,No issues detected
U0002869,C00562,2024-01-09,-8.0,891.0,635,17,44,,INVALID,Usage record references customer not in subscriptions; Negative login_count
U0002870,C00909,2025-09-03,18.0,967.0,849,23,60,1.0,INVALID,Usage record references customer not in subscriptions
U0002871,C01769,2025-07-17,36.0,948.0,953,80,95,,INVALID,Usage record references customer not in subscriptions
U0002872,C00136,2024-12-21,47.0,810.0,608,73,94,20.0,VALID,No issues detected
U0002873,C01056,2025-03-17,49.0,,703,67,30,20.0,VALID,No issues detected
U0002874,C00017,2024-08-09,22.0,557.0,916,73,49,10.0,VALID,No issues detected
U0002875,C01105,2024-01-28,48.0,828.0,82,71,33,,VALID,No issues detected
U0002876,C01485,2024-12-20,29.0,1796.0,29,56,36,20.0,INVALID,Usage record references customer not in subscriptions
U0002877,C01789,2026-01-13,,1540.0,550,14,13,50.0,INVALID,Usage record references customer not in subscriptions
U0002878,C01450,2025-04-03,41.0,629.0,746,71,10,10.0,INVALID,Usage record references customer not in subscriptions
,C01446,2024-03-10,47.0,-249.0,833,71,97,500.0,INVALID,Missing usage_id; Negative active_minutes
U0002880,C00069,2024-08-26,31.0,263.0,301,25,62,100.0,VALID,No issues detected
U0002881,C01767,2024-11-26,47.0,5.0,97,27,3,100.0,VALID,No issues detected
U0002882,C00619,2024-07-17,6.0,1448.0,670,22,40,-5.0,INVALID,Usage record references customer not in subscriptions
U0002883,C00728,2024-10-17,60.0,1942.0,150,78,39,,INVALID,Usage record references customer not in subscriptions
,C00160,2024-11-02,29.0,107.0,818,21,43,,INVALID,Missing usage_id; Usage record references customer not in subscriptions
U0002885,C00966,2024-09-25,-12.0,,493,8,85,100.0,INVALID,Negative login_count
U0002886,C01496,2024-11-25,16.0,1759.0,821,42,30,1.0,INVALID,Usage record references customer not in subscriptions
U0002887,C00396,2024-07-31,22.0,428.0,369,32,49,5.0,INVALID,Usage record references customer not in subscriptions
U0002888,C00549,2025-10-01,25.0,1429.0,222,71,69,5.0,VALID,No issues detected
U0002889,C01671,2024-06-22,5.0,281.0,833,32,92,10.0,INVALID,Usage record references customer not in subscriptions
U0002890,C00017,2025-11-26,19.0,38.0,404,32,38,50.0,VALID,No issues detected
U0002891,C01709,2025-12-08,54.0,701.0,480,26,13,20.0,INVALID,Usage record references customer not in subscriptions
U0002892,C01586,2025-10-17,30.0,1574.0,381,56,22,50.0,INVALID,Usage record references customer not in subscriptions
U0002893,C01598,2026-01-10,15.0,952.0,252,39,39,,VALID,No issues detected
U0002894,C01000,2024-01-19,44.0,1232.0,833,79,94,2.0,VALID,No issues detected
U0002895,C00153,2025-12-20,56.0,696.0,319,6,75,5.0,INVALID,Usage record references customer not in subscriptions
U0002896,C01079,2025-03-07,59.0,1243.0,139,58,94,10.0,INVALID,Usage record references customer not in subscriptions
U0002897,C00960,2024-06-12,56.0,1740.0,566,17,61,2.0,INVALID,Usage record references customer not in subscriptions
U0002898,C00077,2024-06-16,44.0,57.0,79,40,1,-5.0,INVALID,Usage record references customer not in subscriptions
U0002899,C00194,2024-04-07,3.0,,218,57,79,50.0,VALID,No issues detected
U0002900,C00534,2024-09-05,2.0,695.0,947,77,22,1.0,VALID,No issues detected
U0002901,C01310,2025-12-02,58.0,1356.0,284,78,76,5.0,INVALID,Usage record references customer not in subscriptions
U0002902,C01439,2024-05-26,48.0,1109.0,461,73,27,-5.0,INVALID,Usage record references customer not in subscriptions
U0002903,C01213,2024-01-10,18.0,453.0,115,76,54,1.0,INVALID,Usage record references customer not in subscriptions
U0002904,C01422,2024-09-27,-13.0,102.0,769,5,28,100.0,INVALID,Usage record references customer not in subscriptions; Negative login_count
U0002905,C00283,2025-11-05,49.0,1505.0,69,36,81,2.0,VALID,No issues detected
U0002906,C00970,2024-11-29,20.0,1337.0,871,4,38,100.0,INVALID,Usage record references customer not in subscriptions
U0002907,C00299,2024-03-22,29.0,1481.0,229,54,56,2.0,INVALID,Usage record references customer not in subscriptions
,C01045,2025-09-09,55.0,1260.0,242,59,26,10.0,INVALID,Missing usage_id
U0002909,C01476,2025-01-23,48.0,1986.0,834,40,59,20.0,VALID,No issues detected
U0002910,C01045,2024-06-29,36.0,,556,53,100,1.0,VALID,No issues detected
U0002911,C00593,2025-01-03,34.0,1662.0,510,62,33,10.0,VALID,No issues detected
U0002912,C00157,2024-03-26,14.0,-166.0,61,27,17,100.0,INVALID,Usage record references customer not in subscriptions; Negative active_minutes
U0002913,C01033,2024-12-23,57.0,1544.0,212,15,82,2.0,INVALID,Usage record references customer not in subscriptions
U0002914,C00819,2026-01-08,-42.0,915.0,734,33,33,500.0,INVALID,Usage record references customer not in subscriptions; Negative login_count
U0002915,C01180,2024-03-05,,1195.0,375,2,77,50.0,INVALID,Usage record references customer not in subscriptions
U0002916,C00192,2025-11-25,50.0,1646.0,21,53,64,2.0,INVALID,Usage record references customer not in subscriptions
U0002917,C00774,2025-03-21,35.0,115.0,412,28,100,500.0,INVALID,Usage record references customer not in subscriptions
U0002918,C01361,2024-06-26,,1570.0,515,51,91,1.0,INVALID,Usage record references customer not in subscriptions
U0002919,C01712,2025-02-18,49.0,1066.0,68,75,63,5.0,INVALID,Usage record references customer not in subscriptions
U0002920,C00958,2026-01-23,6.0,495.0,38,8,38,500.0,VALID,No issues detected
U0002921,C00857,2025-06-12,,753.0,873,13,18,1.0,INVALID,Usage record references customer not in subscriptions
U0002922,C01209,2024-01-24,31.0,-29.0,894,52,15,500.0,INVALID,Usage record references customer not in subscriptions; Negative active_minutes
U0002923,C01542,2024-02-27,25.0,269.0,712,68,14,20.0,VALID,No issues detected
U0002924,C01191,2025-04-25,54.0,768.0,553,76,94,,INVALID,Usage record references customer not in subscriptions
U0002925,C01441,2024-11-10,21.0,378.0,814,70,22,-5.0,VALID,No issues detected
U0002926,C00470,2025-02-20,20.0,1818.0,643,36,4,50.0,VALID,No issues detected
U0002927,C01358,2025-08-14,52.0,187.0,224,31,93,50.0,INVALID,Usage record references customer not in subscriptions
U0002928,C00345,2026-01-07,6.0,969.0,378,34,24,500.0,INVALID,Usage record references customer not in subscriptions
U0002929,C00492,2025-04-15,-50.0,208.0,556,4,15,500.0,INVALID,Negative login_count
U0002930,C01070,2026-01-14,55.0,926.0,558,36,80,5.0,INVALID,Usage record references customer not in subscriptions
U0002931,C01552,2024-05-01,10.0,428.0,216,65,18,20.0,INVALID,Usage record references customer not in subscriptions
U0002932,C00322,2025-07-28,1.0,1283.0,682,68,46,10.0,INVALID,Usage record references customer not in subscriptions
U0002933,C00664,2024-09-16,32.0,1705.0,467,61,88,-5.0,INVALID,Usage record references customer not in subscriptions
U0002934,C01307,2025-01-31,,1521.0,71,44,45,5.0,INVALID,Usage record references customer not in subscriptions
U0002935,C00543,2024-12-17,15.0,937.0,639,68,50,1.0,INVALID,Usage record references customer not in subscriptions
U0002936,C01389,2024-04-05,33.0,-408.0,943,22,4,500.0,INVALID,Negative active_minutes
U0002937,C01425,2025-11-15,13.0,1045.0,486,66,73,50.0,VALID,No issues detected
U0002938,C00679,2024-05-17,57.0,471.0,859,23,66,,VALID,No issues detected
U0002939,C00198,2024-07-06,25.0,1026.0,165,60,44,20.0,INVALID,Usage record references customer not in subscriptions
U0002940,C01380,2024-01-04,27.0,1955.0,113,57,27,5.0,INVALID,Usage record references customer not in subscriptions
U0002941,C00321,2025-11-16,30.0,619.0,151,76,94,1.0,VALID,No issues detected
U0002942,C00265,2024-09-09,33.0,1868.0,166,33,41,10.0,INVALID,Usage record references customer not in subscriptions
U0002943,C00230,2025-08-29,26.0,1878.0,594,57,19,100.0,VALID,No issues detected
U0002944,C00695,2024-08-25,31.0,,667,22,36,2.0,VALID,No issues detected
U0002945,C01673,2025-12-13,51.0,-484.0,969,18,26,5.0,INVALID,Negative active_minutes
U0002946,C01755,2024-10-25,21.0,1417.0,200,13,7,2.0,INVALID,Usage record references customer not in subscriptions
U0002947,C00302,2024-03-17,47.0,83.0,568,18,77,100.0,INVALID,Usage record references customer not in subscriptions
U0002948,C01319,2024-03-15,39.0,605.0,168,46,18,20.0,VALID,No issues detected
U0002949,C00353,2024-02-11,8.0,394.0,192,46,92,10.0,INVALID,Usage record references customer not in subscriptions
U0002950,C00275,2025-01-31,19.0,1201.0,557,63,1,10.0,INVALID,Usage record references customer not in subscriptions
U0002951,C01285,2025-10-26,29.0,213.0,929,56,60,20.0,VALID,No issues detected
U0002952,,2025-11-11,50.0,559.0,299,10,28,1.0,INVALID,Missing customer_id on usage record
U0002953,C01029,2024-12-10,21.0,731.0,195,2,1,100.0,INVALID,Usage record references customer not in subscriptions
U0002954,C01207,2024-12-31,9.0,1980.0,762,24,98,20.0,VALID,No issues detected
U0002955,C00300,2025-03-09,40.0,347.0,594,66,90,50.0,INVALID,Usage record references customer not in subscriptions
U0002956,C01493,2024-09-24,15.0,1010.0,8,44,77,5.0,VALID,No issues detected
U0002957,C00666,2024-02-05,48.0,276.0,976,36,94,1.0,INVALID,Usage record references customer not in subscriptions
U0002958,C00018,2024-01-18,41.0,973.0,399,40,45,10.0,INVALID,Usage record references customer not in subscriptions
U0002959,C01298,2024-08-21,27.0,80.0,36,73,29,500.0,INVALID,Usage record references customer not in subscriptions
U0002960,C01186,2025-11-06,14.0,203.0,804,61,94,20.0,VALID,No issues detected
U0002961,C01101,2024-06-06,20.0,80.0,627,19,45,500.0,INVALID,Usage record references customer not in subscriptions
U0002962,C01773,2025-12-11,,149.0,333,20,68,1.0,VALID,No issues detected
U0002963,C00954,2024-05-23,22.0,715.0,15,6,85,2.0,INVALID,Usage record references customer not in subscriptions
U0002964,C01349,2024-09-03,53.0,541.0,281,6,15,100.0,INVALID,Usage record references customer not in subscriptions
U0002965,C01101,2025-07-07,19.0,413.0,90,76,66,1.0,INVALID,Usage record references customer not in subscriptions
U0002966,C00043,2024-09-12,,308.0,404,62,96,10.0,VALID,No issues detected
U0002967,C00608,2025-03-01,58.0,468.0,233,8,88,100.0,INVALID,Usage record references customer not in subscriptions
U0002968,C00059,2025-10-07,-33.0,578.0,601,27,19,20.0,INVALID,Negative login_count
U0002969,C01764,2024-08-27,50.0,437.0,702,26,67,20.0,INVALID,Usage record references customer not in subscriptions
U0002970,C01303,2025-09-05,21.0,,294,57,53,-5.0,VALID,No issues detected
U0002971,C01639,2025-05-14,2.0,,242,74,42,2.0,INVALID,Usage record references customer not in subscriptions
U0002972,C00084,2024-10-13,30.0,71.0,554,33,1,500.0,VALID,No issues detected
U0002973,C01711,2024-08-23,,1990.0,196,75,80,,INVALID,Usage record references customer not in subscriptions
U0002974,C00348,2024-01-28,10.0,948.0,583,35,10,5.0,INVALID,Usage record references customer not in subscriptions
U0002975,C01145,2024-01-14,55.0,,156,13,42,500.0,VALID,No issues detected
U0002976,C00340,2025-02-05,59.0,1458.0,529,13,32,500.0,VALID,No issues detected
U0002977,C01222,2026-01-12,26.0,1278.0,304,54,83,10.0,VALID,No issues detected
U0002978,C00075,2026-01-22,27.0,1169.0,612,59,95,100.0,VALID,No issues detected
U0002979,C00447,2025-12-01,17.0,441.0,911,35,51,-5.0,INVALID,Usage record references customer not in subscriptions
U0002980,C01402,2024-11-02,35.0,1464.0,20,49,19,-5.0,INVALID,Usage record references customer not in subscriptions
U0002981,C00075,2025-05-10,15.0,1525.0,947,5,24,-5.0,VALID,No issues detected
U0002982,C01033,2024-09-15,10.0,656.0,269,43,76,500.0,INVALID,Usage record references customer not in subscriptions
U0002983,C01616,2024-01-30,-54.0,926.0,33,8,85,2.0,INVALID,Usage record references customer not in subscriptions; Negative login_count
U0002984,C00345,2025-05-23,0.0,394.0,203,8,89,2.0,INVALID,Usage record references customer not in subscriptions
U0002985,C00665,2025-04-13,2.0,1856.0,766,54,27,,INVALID,Usage record references customer not in subscriptions
,C00922,2024-12-28,21.0,1879.0,843,27,61,,INVALID,Missing usage_id
U0002987,C00136,2025-04-29,54.0,-11.0,551,39,4,-5.0,INVALID,Negative active_minutes
U0002988,C00821,2025-08-16,-3.0,1155.0,564,44,46,10.0,INVALID,Usage record references customer not in subscriptions; Negative login_count
U0002989,C01250,2024-05-25,38.0,139.0,703,74,71,10.0,INVALID,Usage record references customer not in subscriptions
,C00861,2024-03-09,55.0,1865.0,387,31,23,-5.0,INVALID,Missing usage_id; Usage record references customer not in subscriptions
U0002991,C01335,2024-03-28,11.0,1235.0,89,46,42,5.0,VALID,No issues detected
U0002992,C01318,2024-12-20,30.0,1076.0,695,56,80,5.0,VALID,No issues detected
U0002993,C00299,2025-05-18,23.0,1277.0,609,52,34,5.0,INVALID,Usage record references customer not in subscriptions
U0002994,C01126,2025-10-17,16.0,61.0,338,39,30,20.0,VALID,No issues detected
U0002995,C00636,2025-09-01,42.0,1358.0,18,26,36,1.0,INVALID,Usage record references customer not in subscriptions
U0002996,C01205,2025-07-07,39.0,807.0,41,7,62,50.0,INVALID,Usage record references customer not in subscriptions
U0002997,C00404,2025-05-28,31.0,950.0,428,73,50,,INVALID,Usage record references customer not in subscriptions
U0002998,C01603,2025-11-06,,1417.0,433,44,44,50.0,INVALID,Usage record references customer not in subscriptions
U0002999,C00521,2024-04-02,0.0,1361.0,42,67,12,1.0,VALID,No issues detected
U0003000,C00192,2024-08-21,29.0,1307.0,65,45,31,2.0,INVALID,Usage record references customer not in subscriptions
U0003001,C00483,2024-08-12,39.0,635.0,844,62,11,50.0,VALID,No issues detected
U0003002,C00057,2024-06-16,,,293,8,81,5.0,INVALID,Usage record references customer not in subscriptions
U0003003,C01736,2025-10-20,47.0,755.0,661,6,42,100.0,INVALID,Usage record references customer not in subscriptions
U0003004,C00458,2025-03-22,38.0,1117.0,636,12,23,5.0,INVALID,Usage record references customer not in subscriptions
U0003005,C01053,2024-03-14,32.0,1062.0,245,77,41,,INVALID,Usage record references customer not in subscriptions
U0003006,C00189,2024-12-30,6.0,1315.0,127,18,82,-5.0,INVALID,Usage record references customer not in subscriptions
U0003007,C01256,2025-02-19,23.0,,625,65,35,1.0,INVALID,Usage record references customer not in subscriptions
U0003008,C01317,2024-10-05,25.0,424.0,408,35,84,500.0,INVALID,Usage record references customer not in subscriptions
,C00879,2024-04-11,58.0,,904,30,6,20.0,INVALID,Missing usage_id
U0003010,C00485,2025-07-29,19.0,1886.0,335,50,87,20.0,VALID,No issues detected
,C00656,2024-05-08,13.0,1159.0,16,36,36,1.0,INVALID,Missing usage_id; Usage record references customer not in subscriptions
,C00981,2025-02-03,57.0,711.0,986,61,16,50.0,INVALID,Missing usage_id
U0003013,C01309,2024-12-25,27.0,67.0,664,7,2,20.0,INVALID,Usage record references customer not in subscriptions
U0003014,C00576,2024-07-01,53.0,148.0,489,29,72,500.0,VALID,No issues detected
U0003015,C00867,2025-07-29,11.0,1476.0,834,75,0,2.0,INVALID,Usage record references customer not in subscriptions
U0003016,C01405,2025-03-12,48.0,1922.0,644,38,48,500.0,INVALID,Usage record references customer not in subscriptions
U0003017,C00190,2025-04-16,5.0,1865.0,272,23,86,20.0,INVALID,Usage record references customer not in subscriptions
U0003018,C01410,2024-02-17,-29.0,,259,7,3,,INVALID,Usage record references customer not in subscriptions; Negative login_count
U0003019,C01344,2026-01-25,19.0,225.0,946,15,27,100.0,INVALID,Usage record references customer not in subscriptions
U0003020,C00461,2024-11-10,27.0,349.0,874,10,34,500.0,INVALID,Usage record references customer not in subscriptions
U0003021,C00421,2025-07-01,35.0,1107.0,587,49,61,50.0,VALID,No issues detected
U0003022,C01026,2024-03-02,2.0,1308.0,947,41,82,100.0,VALID,No issues detected
U0003023,C00946,2024-02-15,49.0,1213.0,111,43,30,100.0,VALID,No issues detected
U0003024,C00124,2025-07-14,42.0,87.0,517,4,69,500.0,INVALID,Usage record references customer not in subscriptions
U0003025,C01696,2026-01-13,49.0,608.0,992,56,86,2.0,VALID,No issues detected
U0003026,C00163,2024-02-24,31.0,1723.0,132,41,43,1.0,VALID,No issues detected
U0003027,C01460,2025-04-16,32.0,1021.0,593,64,11,10.0,VALID,No issues detected
U0003028,C01225,2025-09-11,,-420.0,0,69,2,2.0,INVALID,Usage record references customer not in subscriptions; Negative active_minutes
U0003029,C01201,2025-11-08,34.0,257.0,895,5,47,-5.0,VALID,No issues detected
U0003030,C01736,2025-05-03,24.0,1913.0,381,22,30,-5.0,INVALID,Usage record references customer not in subscriptions
U0003031,C01567,2024-05-28,17.0,319.0,412,65,94,1.0,INVALID,Usage record references customer not in subscriptions
U0003032,C00789,2025-12-21,54.0,1765.0,490,17,41,10.0,INVALID,Usage record references customer not in subscriptions
U0003033,C01595,2024-11-29,49.0,1019.0,392,17,19,50.0,INVALID,Usage record references customer not in subscriptions
U0003034,C01535,2025-10-05,12.0,746.0,637,11,30,10.0,INVALID,Usage record references customer not in subscriptions
U0003035,C00400,2024-01-25,41.0,340.0,358,50,95,5.0,VALID,No issues detected
U0003036,C01017,2024-06-25,32.0,996.0,272,39,89,-5.0,VALID,No issues detected
U0003037,C00135,2025-11-21,55.0,1132.0,5,18,21,50.0,INVALID,Usage record references customer not in subscriptions
U0003038,C00954,2025-07-16,41.0,134.0,109,58,61,50.0,INVALID,Usage record references customer not in subscriptions
U0003039,C01545,2024-06-25,43.0,622.0,389,58,21,2.0,INVALID,Usage record references customer not in subscriptions
U0003040,C00741,2024-02-15,23.0,409.0,599,34,96,20.0,INVALID,Usage record references customer not in subscriptions
,C00272,2025-08-11,24.0,277.0,47,39,72,100.0,INVALID,Missing usage_id
U0003042,C00079,2025-04-21,24.0,676.0,149,52,33,10.0,VALID,No issues detected
U0003043,C00896,2024-06-20,46.0,709.0,886,69,40,100.0,INVALID,Usage record references customer not in subscriptions
U0003044,C01190,2024-04-15,30.0,1648.0,489,25,72,20.0,VALID,No issues detected
U0003045,C00618,2024-02-06,0.0,1818.0,8,33,14,50.0,INVALID,Usage record references customer not in subscriptions
U0003046,C01504,2025-01-07,60.0,527.0,957,4,17,,VALID,No issues detected
U0003047,C00318,2026-01-14,,1135.0,9,24,51,1.0,INVALID,Usage record references customer not in subscriptions
U0003048,C00354,2024-05-14,49.0,446.0,207,73,18,500.0,INVALID,Usage record references customer not in subscriptions
U0003049,C01218,2024-01-10,60.0,1146.0,188,71,98,-5.0,INVALID,Usage record references customer not in subscriptions
U0003050,C00249,2025-04-14,56.0,-115.0,937,34,72,-5.0,INVALID,Usage record references customer not in subscriptions; Negative active_minutes
U0003051,C00558,2025-05-08,22.0,386.0,771,50,59,500.0,INVALID,Usage record references customer not in subscriptions
U0003052,C01163,2026-01-19,44.0,892.0,192,43,27,50.0,INVALID,Usage record references customer not in subscriptions
U0003053,C00581,2025-09-29,4.0,902.0,13,56,16,500.0,VALID,No issues detected
U0003054,C00039,2025-04-22,6.0,,915,48,43,-5.0,INVALID,Usage record references customer not in subscriptions
U0003055,C00360,2025-11-24,10.0,-500.0,439,64,35,100.0,INVALID,Usage record references customer not in subscriptions; Negative active_minutes
U0003056,C01720,2024-02-14,18.0,1895.0,622,35,65,2.0,VALID,No issues detected
U0003057,C00388,2024-03-28,15.0,,160,26,49,2.0,INVALID,Usage record references customer not in subscriptions
U0003058,C00577,2025-03-26,37.0,1421.0,636,5,47,100.0,INVALID,Usage record references customer not in subscriptions
U0003059,C01662,2024-12-26,42.0,1094.0,443,21,19,,INVALID,Usage record references customer not in subscriptions
U0003060,C01092,2024-11-20,58.0,,394,57,7,500.0,INVALID,Usage record references customer not in subscriptions
U0003061,C01117,2024-10-27,37.0,615.0,60,11,18,500.0,INVALID,Usage record references customer not in subscriptions
U0003062,C01418,2024-05-02,11.0,830.0,682,51,32,2.0,VALID,No issues detected
,C01391,2024-01-28,6.0,1781.0,804,7,35,20.0,INVALID,Missing usage_id; Usage record references customer not in subscriptions
U0003064,C01630,2025-01-05,35.0,1362.0,842,13,70,100.0,INVALID,Usage record references customer not in subscriptions
U0003065,C00013,2025-08-31,10.0,1332.0,379,5,20,500.0,VALID,No issues detected
U0003066,C00754,2025-10-04,4.0,440.0,565,63,17,5.0,VALID,No issues detected
U0003067,C01756,2024-04-11,15.0,2000.0,114,62,44,1.0,VALID,No issues detected
U0003068,C00678,2024-11-27,16.0,266.0,306,38,57,-5.0,INVALID,Usage record references customer not in subscriptions
,C01292,2024-09-07,9.0,393.0,701,51,33,,INVALID,Missing usage_id; Usage record references customer not in subscriptions
U0003070,C01494,2024-07-20,21.0,1900.0,594,44,17,1.0,VALID,No issues detected
U0003071,C01025,2024-02-07,2.0,351.0,239,19,52,20.0,INVALID,Usage record references customer not in subscriptions
U0003072,C01219,2024-12-16,14.0,1089.0,353,47,31,,INVALID,Usage record references customer not in subscriptions
U0003073,C01285,2025-02-05,22.0,376.0,786,43,1,-5.0,VALID,No issues detected
U0003074,C00741,2024-10-25,43.0,823.0,355,56,77,100.0,INVALID,Usage record references customer not in subscriptions
U0003075,C01227,2025-02-04,55.0,1307.0,624,46,19,500.0,INVALID,Usage record references customer not in subscriptions
U0003076,C00061,2025-04-16,20.0,1781.0,511,64,72,1.0,INVALID,Usage record references customer not in subscriptions
U0003077,C00887,2024-12-02,54.0,1945.0,282,42,14,100.0,VALID,No issues detected
U0003078,C00182,2025-09-27,-39.0,364.0,670,39,23,-5.0,INVALID,Usage record references customer not in subscriptions; Negative login_count
U0003079,C00589,2024-09-27,14.0,1656.0,210,1,48,,VALID,No issues detected
U0003080,C00364,2026-01-12,26.0,1672.0,421,78,67,,VALID,No issues detected
U0003081,C01257,2024-10-30,59.0,84.0,227,60,78,2.0,VALID,No issues detected
U0003082,C00355,2025-11-20,12.0,1273.0,160,15,13,100.0,INVALID,Usage record references customer not in subscriptions
U0003083,C00395,2025-02-27,54.0,1322.0,762,61,84,,INVALID,Usage record references customer not in subscriptions
U0003084,C00500,2024-06-04,20.0,,189,27,27,,INVALID,Usage record references customer not in subscriptions
U0003085,C01604,2024-06-04,36.0,686.0,181,0,62,100.0,VALID,No issues detected
U0003086,C00082,2024-01-31,22.0,1989.0,908,73,94,,VALID,No issues detected
U0003087,C00166,2024-01-15,,1877.0,578,76,61,,VALID,No issues detected
U0003088,C01516,2024-04-21,49.0,,283,28,56,2.0,INVALID,Usage record references customer not in subscriptions
U0003089,C01666,2024-09-24,1.0,1409.0,118,3,27,100.0,INVALID,Usage record references customer not in subscriptions
U0003090,C00347,2024-04-20,,96.0,826,8,48,20.0,INVALID,Usage record references customer not in subscriptions
U0003091,C01134,2024-06-19,25.0,1253.0,980,43,22,20.0,INVALID,Usage record references customer not in subscriptions
U0003092,C01545,2025-06-05,16.0,444.0,672,73,53,1.0,INVALID,Usage record references customer not in subscriptions
U0003093,C01326,2025-04-16,51.0,359.0,928,0,49,20.0,VALID,No issues detected
U0003094,C01319,2025-03-26,56.0,968.0,817,12,44,,VALID,No issues detected
U0003095,C00372,2024-06-26,,1969.0,172,18,68,-5.0,INVALID,Usage record references customer not in subscriptions
U0003096,C01800,2025-09-07,42.0,673.0,895,64,93,-5.0,INVALID,Usage record references customer not in subscriptions
U0003097,C01527,2025-11-14,37.0,1213.0,692,21,45,5.0,INVALID,Usage record references customer not in subscriptions
U0003098,C01341,2025-01-21,41.0,,180,38,60,10.0,INVALID,Usage record references customer not in subscriptions
U0003099,C00096,2024-02-14,12.0,149.0,365,35,11,5.0,INVALID,Usage record references customer not in subscriptions
U0003100,C00586,2025-10-11,34.0,66.0,409,49,82,-5.0,VALID,No issues detected
U0003101,C01178,2024-02-26,45.0,600.0,760,30,1,,VALID,No issues detected
U0003102,C00336,2025-09-18,46.0,1640.0,150,41,99,20.0,VALID,No issues detected
U0003103,C00802,2025-10-21,45.0,211.0,731,38,97,20.0,INVALID,Usage record references customer not in subscriptions
U0003104,C01494,2024-08-13,29.0,916.0,723,6,13,1.0,VALID,No issues detected
U0003105,C00406,2025-10-20,11.0,1068.0,203,44,79,50.0,INVALID,Usage record references customer not in subscriptions
U0003106,C00539,2025-12-27,44.0,1236.0,373,39,86,-5.0,VALID,No issues detected
U0003107,C00834,2024-08-18,28.0,712.0,77,66,75,2.0,VALID,No issues detected
U0003108,C00235,2024-04-22,40.0,1221.0,350,32,14,100.0,VALID,No issues detected
U0003109,C00450,2024-08-02,56.0,243.0,524,38,17,,INVALID,Usage record references customer not in subscriptions
U0003110,C00121,2025-12-29,54.0,605.0,975,23,52,10.0,INVALID,Usage record references customer not in subscriptions
U0003111,C01245,2024-06-25,38.0,1052.0,396,5,34,5.0,INVALID,Usage record references customer not in subscriptions
U0003112,C00580,2025-02-25,35.0,,434,56,51,10.0,VALID,No issues detected
U0003113,C01531,2024-08-13,17.0,1393.0,3,37,41,50.0,INVALID,Usage record references customer not in subscriptions
U0003114,C01039,2025-08-23,36.0,-354.0,282,57,98,100.0,INVALID,Negative active_minutes
U0003115,C01531,2024-06-22,21.0,900.0,522,7,31,1.0,INVALID,Usage record references customer not in subscriptions
U0003116,C00349,2024-07-02,8.0,,1000,8,84,-5.0,INVALID,Usage record references customer not in subscriptions
U0003117,C00112,2025-04-26,1.0,1090.0,32,58,78,5.0,INVALID,Usage record references customer not in subscriptions
U0003118,C00865,2025-02-09,49.0,76.0,233,48,8,,INVALID,Usage record references customer not in subscriptions
U0003119,C00583,2025-06-08,42.0,1181.0,121,31,92,5.0,INVALID,Usage record references customer not in subscriptions
U0003120,C00192,2024-09-21,60.0,1415.0,375,9,76,-5.0,INVALID,Usage record references customer not in subscriptions
U0003121,C01675,2025-08-29,8.0,1764.0,83,73,22,,INVALID,Usage record references customer not in subscriptions
U0003122,C00215,2024-12-04,37.0,474.0,547,74,66,,VALID,No issues detected
U0003123,C00503,2025-02-10,26.0,1852.0,43,18,57,,INVALID,Usage record references customer not in subscriptions
U0003124,C00618,2024-07-19,13.0,1151.0,179,55,15,2.0,INVALID,Usage record references customer not in subscriptions
U0003125,C00303,2025-02-19,46.0,374.0,544,15,56,-5.0,INVALID,Usage record references customer not in subscriptions
U0003126,C00372,2025-07-15,,1186.0,522,0,19,50.0,INVALID,Usage record references customer not in subscriptions
U0003127,C01136,2024-11-16,3.0,1891.0,886,69,97,20.0,INVALID,Usage record references customer not in subscriptions
U0003128,C00665,2026-01-01,-38.0,134.0,246,12,28,-5.0,INVALID,Usage record references customer not in subscriptions; Negative login_count
U0003129,C00653,2025-11-28,,661.0,45,3,88,50.0,INVALID,Usage record references customer not in subscriptions
U0003130,C00545,2025-08-24,3.0,1110.0,512,49,32,2.0,INVALID,Usage record references customer not in subscriptions
U0003131,C01104,2025-04-11,30.0,484.0,658,55,95,10.0,INVALID,Usage record references customer not in subscriptions
U0003132,C00741,2025-08-13,59.0,1674.0,88,68,48,10.0,INVALID,Usage record references customer not in subscriptions
U0003133,C00499,2025-02-26,2.0,1277.0,427,43,68,10.0,INVALID,Usage record references customer not in subscriptions
U0003134,C01560,2024-09-25,46.0,739.0,102,61,81,500.0,VALID,No issues detected
U0003135,C01123,2025-09-30,27.0,1004.0,570,71,8,-5.0,INVALID,Usage record references customer not in subscriptions
U0003136,C01302,2024-10-02,-15.0,947.0,837,49,95,500.0,INVALID,Negative login_count
U0003137,C01680,2025-09-30,10.0,500.0,111,19,40,,INVALID,Usage record references customer not in subscriptions
U0003138,C00202,2024-11-11,34.0,195.0,949,31,27,500.0,INVALID,Usage record references customer not in subscriptions
U0003139,C00432,2024-05-05,29.0,1915.0,798,20,61,20.0,INVALID,Usage record references customer not in subscriptions
U0003140,C00457,2024-05-26,52.0,,412,20,39,5.0,VALID,No issues detected
U0003141,C01068,2025-09-05,53.0,17.0,129,74,55,20.0,VALID,No issues detected
U0003142,C01262,2025-09-23,,1328.0,576,61,10,50.0,INVALID,Usage record references customer not in subscriptions
U0003143,C01080,2024-05-22,27.0,,560,67,55,-5.0,VALID,No issues detected
U0003144,C01420,2024-07-08,55.0,907.0,60,63,33,50.0,INVALID,Usage record references customer not in subscriptions
U0003145,C01006,2024-01-18,16.0,212.0,134,46,83,5.0,INVALID,Usage record references customer not in subscriptions
U0003146,C01248,2025-07-31,2.0,1906.0,907,61,43,-5.0,INVALID,Usage record references customer not in subscriptions
U0003147,C00016,2025-01-04,31.0,1400.0,667,58,60,50.0,INVALID,Usage record references customer not in subscriptions
U0003148,C01245,2024-06-04,55.0,,528,6,51,10.0,INVALID,Usage record references customer not in subscriptions
U0003149,C00047,2024-02-22,14.0,315.0,718,80,82,-5.0,VALID,No issues detected
U0003150,C01616,2024-01-02,14.0,969.0,84,43,42,500.0,INVALID,Usage record references customer not in subscriptions
U0003151,C01600,2025-01-24,18.0,851.0,592,62,29,5.0,INVALID,Usage record references customer not in subscriptions
U0003152,C01041,2025-10-03,43.0,196.0,742,61,36,,INVALID,Usage record references customer not in subscriptions
U0003153,C00052,2025-03-22,11.0,,633,68,8,50.0,INVALID,Usage record references customer not in subscriptions
U0003154,C00010,2024-07-26,41.0,1064.0,756,72,54,2.0,VALID,No issues detected
U0003155,C00513,2024-12-09,48.0,1649.0,736,79,46,,VALID,No issues detected
U0003156,C00564,2025-07-11,12.0,1436.0,964,24,82,1.0,INVALID,Usage record references customer not in subscriptions
U0003157,C00888,2024-04-28,55.0,1529.0,2,17,29,5.0,INVALID,Usage record references customer not in subscriptions
U0003158,C01337,2025-11-26,35.0,511.0,703,16,44,5.0,VALID,No issues detected
U0003159,C00955,2025-10-22,26.0,298.0,666,17,96,2.0,VALID,No issues detected
U0003160,C01454,2024-04-02,31.0,1930.0,93,67,82,1.0,VALID,No issues detected
U0003161,C00248,2024-08-30,16.0,1568.0,356,37,7,5.0,INVALID,Usage record references customer not in subscriptions
U0003162,C00396,2025-09-07,7.0,152.0,502,7,57,,INVALID,Usage record references customer not in subscriptions
U0003163,C00383,2024-04-23,41.0,1753.0,987,21,36,-5.0,VALID,No issues detected
U0003164,C00142,2025-12-03,32.0,1923.0,665,51,11,100.0,INVALID,Usage record references customer not in subscriptions
U0003165,C01588,2025-04-20,48.0,98.0,450,24,8,-5.0,VALID,No issues detected
U0003166,C00540,2024-02-04,40.0,,981,38,66,,INVALID,Usage record references customer not in subscriptions
U0003167,C00916,2024-08-09,4.0,1542.0,887,13,60,10.0,VALID,No issues detected
U0003168,C01505,2025-03-08,,884.0,769,29,17,50.0,VALID,No issues detected
U0003169,C00236,2025-04-03,53.0,1406.0,970,44,27,-5.0,INVALID,Usage record references customer not in subscriptions
U0003170,C00796,2024-02-03,-16.0,1847.0,285,53,23,2.0,INVALID,Usage record references customer not in subscriptions; Negative login_count
U0003171,C00428,2024-01-18,9.0,1092.0,68,77,84,-5.0,INVALID,Usage record references customer not in subscriptions
U0003172,C01685,2024-04-30,,888.0,70,70,92,-5.0,INVALID,Usage record references customer not in subscriptions
U0003173,C01782,2025-09-16,38.0,33.0,735,76,57,,INVALID,Usage record references customer not in subscriptions
U0003174,C00711,2024-08-02,,279.0,663,60,83,100.0,VALID,No issues detected
U0003175,C00494,2025-07-09,60.0,1247.0,647,51,27,10.0,INVALID,Usage record references customer not in subscriptions
U0003176,C00737,2024-02-09,41.0,1155.0,154,33,98,10.0,VALID,No issues detected
U0003177,C00408,2025-04-02,8.0,2000.0,998,15,92,-5.0,VALID,No issues detected
U0003178,C00430,2024-08-13,22.0,898.0,899,45,27,5.0,INVALID,Usage record references customer not in subscriptions
U0003179,C00847,2025-10-21,10.0,633.0,770,74,59,,INVALID,Usage record references customer not in subscriptions
U0003180,C01216,2025-06-25,49.0,450.0,855,48,95,2.0,INVALID,Usage record references customer not in subscriptions
U0003181,C00530,2026-01-02,44.0,1090.0,988,77,80,1.0,VALID,No issues detected
U0003182,C00135,2025-01-06,49.0,1095.0,168,35,63,50.0,INVALID,Usage record references customer not in subscriptions
U0003183,C00263,2024-12-01,49.0,137.0,723,63,90,100.0,INVALID,Usage record references customer not in subscriptions
U0003184,C00872,2024-08-25,48.0,1755.0,644,44,15,-5.0,INVALID,Usage record references customer not in subscriptions
U0003185,C00699,2025-08-07,47.0,849.0,758,6,79,10.0,VALID,No issues detected
U0003186,C01482,2024-03-10,54.0,-18.0,845,32,27,50.0,INVALID,Negative active_minutes
U0003187,C00674,2025-02-11,9.0,113.0,75,15,58,20.0,INVALID,Usage record references customer not in subscriptions
U0003188,C00669,2024-08-11,24.0,1092.0,887,23,39,500.0,VALID,No issues detected
U0003189,C00360,2025-07-17,48.0,908.0,951,7,85,5.0,INVALID,Usage record references customer not in subscriptions
U0003190,C01687,2025-12-26,54.0,809.0,931,26,81,10.0,INVALID,Usage record references customer not in subscriptions
U0003191,C00693,2024-02-16,45.0,-394.0,77,38,76,1.0,INVALID,Usage record references customer not in subscriptions; Negative active_minutes
U0003192,C00471,2024-01-14,12.0,932.0,900,38,50,10.0,VALID,No issues detected
,C01624,2025-05-04,13.0,635.0,185,31,35,-5.0,INVALID,Missing usage_id; Usage record references customer not in subscriptions
U0003194,C00651,2024-02-08,15.0,1117.0,185,44,39,1.0,INVALID,Usage record references customer not in subscriptions
U0003195,C01475,2024-01-09,49.0,1508.0,344,4,71,2.0,VALID,No issues detected
,C01751,2024-06-23,50.0,1361.0,262,2,79,50.0,INVALID,Missing usage_id; Usage record references customer not in subscriptions
U0003197,C00217,2026-01-07,11.0,1482.0,90,25,34,-5.0,INVALID,Usage record references customer not in subscriptions
U0003198,C01744,2024-07-25,45.0,822.0,374,80,29,100.0,INVALID,Usage record references customer not in subscriptions
U0003199,C01522,2025-10-17,20.0,1833.0,2,14,11,1.0,VALID,No issues detected
U0003200,C00712,2024-02-13,,297.0,981,7,68,5.0,INVALID,Usage record references customer not in subscriptions
U0003201,C00412,2024-02-12,12.0,570.0,944,4,13,50.0,INVALID,Usage record references customer not in subscriptions
U0003202,C00240,2024-09-15,59.0,1466.0,886,80,97,500.0,INVALID,Usage record references customer not in subscriptions
U0003203,C01292,2025-03-29,8.0,982.0,698,5,9,1.0,INVALID,Usage record references customer not in subscriptions
U0003204,C00683,2024-07-08,50.0,1742.0,429,29,55,50.0,INVALID,Usage record references customer not in subscriptions
U0003205,C00031,2024-03-09,56.0,1799.0,39,51,13,100.0,VALID,No issues detected
U0003206,C01103,2025-07-27,,,183,69,14,,VALID,No issues detected
U0003207,C00163,2025-09-28,12.0,1359.0,466,34,20,2.0,VALID,No issues detected
U0003208,C00697,2024-06-11,33.0,519.0,259,22,4,5.0,VALID,No issues detected
U0003209,C01660,2024-08-01,10.0,605.0,248,53,87,,VALID,No issues detected
U0003210,C00846,2025-11-07,24.0,849.0,884,52,79,1.0,VALID,No issues detected
U0003211,C01692,2025-12-27,47.0,648.0,78,22,78,20.0,INVALID,Usage record references customer not in subscriptions
U0003212,C00263,2024-01-16,,245.0,27,6,50,5.0,INVALID,Usage record references customer not in subscriptions
U0003213,C01022,2025-12-13,-25.0,1134.0,564,78,3,10.0,INVALID,Usage record references customer not in subscriptions; Negative login_count
,C01641,2024-04-04,36.0,1306.0,549,19,99,-5.0,INVALID,Missing usage_id
U0003215,C01441,2025-05-08,56.0,681.0,990,37,75,20.0,VALID,No issues detected
U0003216,C01523,2025-08-09,59.0,634.0,887,51,89,-5.0,INVALID,Usage record references customer not in subscriptions
,C00333,2025-07-08,5.0,1375.0,239,77,78,-5.0,INVALID,Missing usage_id
U0003218,C00635,2024-11-02,46.0,552.0,286,35,2,500.0,VALID,No issues detected
U0003219,C00055,2024-02-18,26.0,607.0,412,57,6,100.0,INVALID,Usage record references customer not in subscriptions
U0003220,C01014,2025-10-09,43.0,500.0,956,66,100,500.0,INVALID,Usage record references customer not in subscriptions
U0003221,C01041,2024-10-18,5.0,202.0,279,15,2,-5.0,INVALID,Usage record references customer not in subscriptions
U0003222,C00881,2025-11-07,11.0,1910.0,577,79,90,500.0,INVALID,Usage record references customer not in subscriptions
U0003223,C01618,2024-04-26,23.0,-351.0,306,32,4,10.0,INVALID,Usage record references customer not in subscriptions; Negative active_minutes
U0003224,C00533,2025-11-23,14.0,826.0,713,77,43,50.0,VALID,No issues detected
U0003225,C01478,2024-03-24,35.0,542.0,737,49,13,-5.0,INVALID,Usage record references customer not in subscriptions
U0003226,C00255,2025-04-16,26.0,1235.0,314,76,97,500.0,INVALID,Usage record references customer not in subscriptions
U0003227,C01005,2024-06-25,21.0,187.0,988,80,83,1.0,INVALID,Usage record references customer not in subscriptions
U0003228,C01546,2024-01-13,20.0,741.0,904,76,27,2.0,INVALID,Usage record references customer not in subscriptions
U0003229,C00893,2024-07-02,8.0,441.0,298,65,31,-5.0,VALID,No issues detected
U0003230,C01062,2024-11-08,53.0,1892.0,129,53,8,5.0,INVALID,Usage record references customer not in subscriptions
U0003231,C01594,2025-05-14,30.0,463.0,241,58,66,10.0,VALID,No issues detected
U0003232,C00753,2025-10-17,55.0,1848.0,728,3,69,100.0,INVALID,Usage record references customer not in subscriptions
U0003233,C01531,2025-04-09,51.0,91.0,920,43,60,50.0,INVALID,Usage record references customer not in subscriptions
U0003234,C01255,2024-12-14,14.0,1319.0,576,36,84,50.0,VALID,No issues detected
U0003235,C01017,2025-05-26,36.0,152.0,105,55,41,,VALID,No issues detected
U0003236,C00091,2026-01-16,25.0,1231.0,184,20,3,50.0,VALID,No issues detected
U0003237,C01108,2025-11-11,39.0,774.0,301,43,96,500.0,VALID,No issues detected
U0003238,C01347,2024-04-21,38.0,1408.0,472,60,74,1.0,VALID,No issues detected
U0003239,C01546,2024-03-28,50.0,1873.0,504,29,68,20.0,INVALID,Usage record references customer not in subscriptions
U0003240,C01594,2025-01-24,25.0,,620,74,99,2.0,VALID,No issues detected
U0003241,C01344,2024-06-25,45.0,1002.0,460,1,38,5.0,INVALID,Usage record references customer not in subscriptions
U0003242,C01453,2025-03-08,30.0,1265.0,154,7,0,-5.0,VALID,No issues detected
U0003243,C01125,2025-03-10,47.0,,759,45,33,50.0,INVALID,Usage record references customer not in subscriptions
U0003244,C01367,2025-05-19,27.0,694.0,920,60,42,-5.0,VALID,No issues detected
U0003245,C00472,2024-10-01,,1084.0,858,34,61,100.0,VALID,No issues detected
U0003246,C00743,2024-03-29,12.0,1672.0,256,72,55,50.0,VALID,No issues detected
U0003247,C01113,2025-06-10,26.0,1796.0,581,14,76,100.0,INVALID,Usage record references customer not in subscriptions
U0003248,C01751,2025-03-08,18.0,1363.0,611,47,69,2.0,INVALID,Usage record references customer not in subscriptions
U0003249,C00148,2024-02-21,0.0,187.0,485,10,98,,INVALID,Usage record references customer not in subscriptions
U0003250,C00542,2024-11-13,,328.0,337,65,83,500.0,INVALID,Usage record references customer not in subscriptions
U0003251,C01421,2025-01-23,,1463.0,812,69,100,20.0,VALID,No issues detected
U0003252,C00827,2025-04-21,42.0,889.0,138,41,30,500.0,INVALID,Usage record references customer not in subscriptions
U0003253,C01573,2024-08-11,,1579.0,917,38,94,-5.0,INVALID,Usage record references customer not in subscriptions
,C00970,2024-07-01,21.0,1242.0,391,10,64,500.0,INVALID,Missing usage_id; Usage record references customer not in subscriptions
U0003255,C01134,2024-07-20,1.0,649.0,922,32,7,100.0,INVALID,Usage record references customer not in subscriptions
U0003256,C00619,2025-06-18,-4.0,-345.0,621,3,19,,INVALID,Usage record references customer not in subscriptions; Negative login_count; Negative active_minutes
U0003257,C01349,2024-12-02,45.0,1782.0,246,36,89,-5.0,INVALID,Usage record references customer not in subscriptions
U0003258,C00914,2025-09-07,9.0,1726.0,982,65,90,-5.0,VALID,No issues detected
U0003259,C00601,2025-05-03,20.0,569.0,873,80,74,5.0,VALID,No issues detected
U0003260,C00906,2025-02-18,3.0,1534.0,807,2,57,50.0,INVALID,Usage record references customer not in subscriptions
U0003261,C01686,2024-08-16,24.0,1123.0,949,52,64,-5.0,VALID,No issues detected
U0003262,C00922,2024-09-01,55.0,437.0,650,20,11,2.0,VALID,No issues detected
U0003263,C01430,2024-04-15,49.0,-199.0,300,75,41,100.0,INVALID,Usage record references customer not in subscriptions; Negative active_minutes
U0003264,C00780,2025-08-12,24.0,913.0,832,11,91,10.0,VALID,No issues detected
U0003265,C00342,2024-03-02,,,912,23,45,2.0,INVALID,Usage record references customer not in subscriptions
U0003266,C01117,2024-05-11,41.0,1906.0,376,44,19,5.0,INVALID,Usage record references customer not in subscriptions
U0003267,C00694,2025-05-18,21.0,1023.0,583,58,11,2.0,VALID,No issues detected
U0003268,C00686,2025-03-14,24.0,1014.0,281,55,3,1.0,VALID,No issues detected
U0003269,C01788,2025-03-08,38.0,255.0,667,45,3,100.0,VALID,No issues detected
U0003270,C01439,2026-01-29,35.0,599.0,757,26,53,500.0,INVALID,Usage record references customer not in subscriptions
U0003271,C01751,2025-04-09,15.0,33.0,293,15,35,20.0,INVALID,Usage record references customer not in subscriptions
U0003272,C01528,2025-07-13,-36.0,1455.0,30,66,38,1.0,INVALID,Negative login_count
U0003273,C01452,2026-01-08,12.0,961.0,37,35,83,-5.0,INVALID,Usage record references customer not in subscriptions
U0003274,C00160,2024-04-13,54.0,1334.0,878,2,70,100.0,INVALID,Usage record references customer not in subscriptions
U0003275,C00313,2025-05-07,15.0,1089.0,504,55,32,2.0,INVALID,Usage record references customer not in subscriptions
U0003276,C01336,2025-08-23,,677.0,182,75,14,2.0,VALID,No issues detected
U0003277,C00304,2025-03-19,15.0,-131.0,902,44,27,-5.0,INVALID,Negative active_minutes
U0003278,C00046,2024-07-13,20.0,1460.0,43,54,73,5.0,VALID,No issues detected
U0003279,C00640,2024-11-14,6.0,1791.0,727,47,20,2.0,INVALID,Usage record references customer not in subscriptions
U0003280,C01659,2025-08-03,53.0,507.0,503,4,1,10.0,INVALID,Usage record references customer not in subscriptions
U0003281,C01294,2025-04-27,48.0,1294.0,511,43,65,1.0,VALID,No issues detected
U0003282,C00550,2025-03-24,38.0,319.0,687,73,99,10.0,VALID,No issues detected
U0003283,C01348,2024-05-25,55.0,1862.0,740,24,84,10.0,VALID,No issues detected
U0003284,C01553,2025-01-04,51.0,,543,46,5,5.0,INVALID,Usage record references customer not in subscriptions
U0003285,C01659,2024-03-21,11.0,1146.0,361,62,92,-5.0,INVALID,Usage record references customer not in subscriptions
U0003286,C00609,2024-11-13,35.0,922.0,434,25,78,1.0,INVALID,Usage record references customer not in subscriptions
U0003287,C01653,2024-08-23,8.0,1495.0,604,36,66,100.0,VALID,No issues detected
U0003288,C01225,2024-02-09,4.0,1973.0,405,14,86,10.0,INVALID,Usage record references customer not in subscriptions
U0003289,C00359,2025-09-16,,1517.0,301,46,8,1.0,VALID,No issues detected
U0003290,C01496,2024-10-04,,571.0,376,76,93,20.0,INVALID,Usage record references customer not in subscriptions
U0003291,C01722,2024-10-21,10.0,232.0,668,65,77,100.0,INVALID,Usage record references customer not in subscriptions
U0003292,C01624,2024-02-18,-6.0,,657,55,40,2.0,INVALID,Usage record references customer not in subscriptions; Negative login_count
U0003293,C01288,2024-09-22,7.0,811.0,796,46,50,-5.0,VALID,No issues detected
U0003294,C00170,2026-01-15,48.0,319.0,887,27,65,1.0,INVALID,Usage record references customer not in subscriptions
U0003295,C01422,2025-12-25,53.0,1990.0,716,55,83,500.0,INVALID,Usage record references customer not in subscriptions
U0003296,C00078,2025-02-02,1.0,461.0,493,39,27,20.0,INVALID,Usage record references customer not in subscriptions
U0003297,C01161,2025-05-08,40.0,929.0,417,79,30,5.0,INVALID,Usage record references customer not in subscriptions
U0003298,C01414,2024-06-20,52.0,1446.0,532,10,59,50.0,INVALID,Usage record references customer not in subscriptions
U0003299,C01734,2024-11-10,53.0,1201.0,346,65,41,50.0,VALID,No issues detected
U0003300,C00387,2025-09-28,9.0,202.0,317,57,3,10.0,INVALID,Usage record references customer not in subscriptions
U0003301,C00684,2025-11-17,16.0,1667.0,585,20,34,-5.0,VALID,No issues detected
U0003302,C00010,2025-12-26,24.0,1240.0,862,14,59,1.0,VALID,No issues detected
U0003303,C01576,2025-02-22,,813.0,63,41,20,2.0,VALID,No issues detected
U0003304,C00421,2025-11-26,-35.0,1701.0,457,6,25,100.0,INVALID,Negative login_count
U0003305,C01167,2025-07-06,32.0,1344.0,361,34,85,10.0,VALID,No issues detected
U0003306,C00464,2024-12-23,,,126,22,23,-5.0,INVALID,Usage record references customer not in subscriptions
U0003307,C01160,2025-08-04,10.0,,273,79,57,20.0,INVALID,Usage record references customer not in subscriptions
U0003308,C01296,2025-02-06,4.0,241.0,23,9,77,1.0,INVALID,Usage record references customer not in subscriptions
U0003309,C00071,2025-08-21,18.0,1456.0,380,26,70,50.0,INVALID,Usage record references customer not in subscriptions
U0003310,C00744,2025-04-23,3.0,969.0,896,77,95,,INVALID,Usage record references customer not in subscriptions
U0003311,C00839,2024-04-08,6.0,,268,80,19,-5.0,INVALID,Usage record references customer not in subscriptions
U0003312,C00259,2025-12-30,10.0,540.0,117,58,83,-5.0,VALID,No issues detected
,C01037,2024-02-04,10.0,932.0,132,73,84,10.0,INVALID,Missing usage_id; Usage record references customer not in subscriptions
U0003314,C00190,2024-06-10,53.0,1341.0,417,61,6,5.0,INVALID,Usage record references customer not in subscriptions
U0003315,C01149,2024-06-10,,788.0,873,32,16,20.0,INVALID,Usage record references customer not in subscriptions
U0003316,C01528,2025-03-05,44.0,343.0,562,18,96,2.0,VALID,No issues detected
U0003317,C00367,2025-10-24,38.0,1668.0,616,50,73,,INVALID,Usage record references customer not in subscriptions
U0003318,C00104,2024-04-21,36.0,62.0,194,61,48,1.0,INVALID,Usage record references customer not in subscriptions
U0003319,C00268,2025-01-23,5.0,1371.0,961,75,75,100.0,INVALID,Usage record references customer not in subscriptions
U0003320,C00193,2025-12-17,40.0,1203.0,338,52,18,50.0,INVALID,Usage record references customer not in subscriptions
U0003321,C00585,2025-07-31,,842.0,73,31,45,20.0,VALID,No issues detected
U0003322,C00798,2025-02-07,60.0,219.0,912,34,30,-5.0,INVALID,Usage record references customer not in subscriptions
U0003323,C01011,2025-01-25,59.0,1077.0,552,3,70,1.0,VALID,No issues detected
U0003324,C01390,2024-08-26,55.0,1499.0,969,52,9,,INVALID,Usage record references customer not in subscriptions
U0003325,C00437,2025-04-30,-39.0,97.0,683,55,73,-5.0,INVALID,Negative login_count
U0003326,C00589,2025-05-31,46.0,1394.0,407,37,91,500.0,VALID,No issues detected
U0003327,C00753,2025-02-06,53.0,1999.0,878,35,86,,INVALID,Usage record references customer not in subscriptions
,C01676,2024-03-26,60.0,497.0,543,44,32,100.0,INVALID,Missing usage_id; Usage record references customer not in subscriptions
U0003329,C00723,2024-07-10,12.0,1040.0,436,62,58,10.0,VALID,No issues detected
U0003330,C01583,2024-07-06,1.0,,298,43,93,100.0,INVALID,Usage record references customer not in subscriptions
U0003331,C00381,2025-11-07,54.0,919.0,956,27,38,2.0,INVALID,Usage record references customer not in subscriptions
U0003332,C00993,2024-02-18,36.0,1921.0,645,18,18,10.0,INVALID,Usage record references customer not in subscriptions
U0003333,C00494,2024-11-15,39.0,1564.0,286,78,56,5.0,INVALID,Usage record references customer not in subscriptions
U0003334,C01593,2025-04-02,45.0,459.0,231,38,49,100.0,VALID,No issues detected
U0003335,C00971,2025-09-17,24.0,640.0,525,57,16,,INVALID,Usage record references customer not in subscriptions
U0003336,C00624,2025-04-08,41.0,1301.0,725,26,92,50.0,INVALID,Usage record references customer not in subscriptions
U0003337,C00334,2024-04-09,25.0,496.0,85,36,17,10.0,INVALID,Usage record references customer not in subscriptions
U0003338,C00936,2025-10-31,56.0,1636.0,417,64,38,,INVALID,Usage record references customer not in subscriptions
U0003339,C00713,2024-04-17,25.0,1568.0,378,0,67,,INVALID,Usage record references customer not in subscriptions
U0003340,C00777,2024-02-08,28.0,1095.0,445,76,27,2.0,VALID,No issues detected
U0003341,C00656,2025-06-20,8.0,1414.0,523,40,85,10.0,INVALID,Usage record references customer not in subscriptions
U0003342,C00500,2024-01-03,48.0,-425.0,108,63,93,2.0,INVALID,Usage record references customer not in subscriptions; Negative active_minutes
U0003343,C01456,2024-09-17,59.0,966.0,390,6,98,-5.0,VALID,No issues detected
U0003344,C01452,2024-12-12,4.0,475.0,562,19,51,,INVALID,Usage record references customer not in subscriptions
U0003345,C01608,2024-08-28,15.0,1572.0,481,62,82,5.0,VALID,No issues detected
U0003346,C00951,2025-06-09,30.0,1352.0,54,51,34,,INVALID,Usage record references customer not in subscriptions
U0003347,C00600,2024-02-11,10.0,-92.0,636,60,72,2.0,INVALID,Negative active_minutes
U0003348,C00106,2024-05-04,3.0,1108.0,973,66,70,-5.0,INVALID,Usage record references customer not in subscriptions
U0003349,C01702,2025-10-15,55.0,50.0,640,48,33,2.0,VALID,No issues detected
U0003350,C00579,2025-12-05,14.0,1339.0,455,50,87,10.0,VALID,No issues detected
U0003351,C00003,2025-09-25,1.0,922.0,941,53,83,5.0,INVALID,Usage record references customer not in subscriptions
U0003352,C00934,2024-10-30,53.0,668.0,869,56,32,,INVALID,Usage record references customer not in subscriptions
U0003353,C00275,2024-06-20,-24.0,1493.0,247,59,59,,INVALID,Usage record references customer not in subscriptions; Negative login_count
U0003354,C01088,2025-03-08,48.0,,872,80,23,100.0,VALID,No issues detected
U0003355,C01760,2024-04-15,43.0,804.0,145,40,52,20.0,INVALID,Usage record references customer not in subscriptions
U0003356,C01013,2024-08-21,60.0,1837.0,596,19,12,10.0,VALID,No issues detected
U0003357,C01229,2025-10-29,7.0,602.0,635,39,13,20.0,VALID,No issues detected
U0003358,C00828,2025-11-15,47.0,,654,63,14,50.0,INVALID,Usage record references customer not in subscriptions
U0003359,C00954,2025-05-18,9.0,,786,36,12,10.0,INVALID,Usage record references customer not in subscriptions
U0003360,C01029,2025-05-06,,668.0,649,52,0,,INVALID,Usage record references customer not in subscriptions
U0003361,C01358,2025-01-25,23.0,1974.0,224,62,99,-5.0,INVALID,Usage record references customer not in subscriptions
U0003362,C01036,2025-05-08,26.0,198.0,600,14,17,500.0,INVALID,Usage record references customer not in subscriptions
U0003363,C01796,2025-10-21,15.0,1645.0,113,73,100,,VALID,No issues detected
U0003364,C01477,2025-10-18,15.0,1609.0,208,40,61,5.0,VALID,No issues detected
U0003365,C00623,2025-06-03,,1545.0,998,50,26,-5.0,INVALID,Usage record references customer not in subscriptions
U0003366,C00008,2025-03-08,48.0,330.0,882,30,82,20.0,INVALID,Usage record references customer not in subscriptions
U0003367,C01564,2025-01-03,17.0,,148,37,51,10.0,VALID,No issues detected
U0003368,C00853,2025-10-04,46.0,152.0,854,34,34,,VALID,No issues detected
U0003369,C00260,2024-05-07,42.0,895.0,22,36,99,1.0,VALID,No issues detected
U0003370,C01069,2024-02-15,60.0,97.0,535,49,7,50.0,VALID,No issues detected
U0003371,C00012,2025-05-04,,,46,56,18,1.0,INVALID,Usage record references customer not in subscriptions
U0003372,C00368,2024-01-04,15.0,801.0,196,28,57,20.0,INVALID,Usage record references customer not in subscriptions
,C00050,2025-09-23,2.0,866.0,363,4,1,10.0,INVALID,Missing usage_id
U0003374,C01218,2024-10-29,12.0,308.0,547,46,14,100.0,INVALID,Usage record references customer not in subscriptions
U0003375,C00717,2025-06-22,47.0,690.0,137,27,86,10.0,INVALID,Usage record references customer not in subscriptions
U0003376,C00486,2025-12-01,42.0,761.0,16,6,8,20.0,VALID,No issues detected
U0003377,C01348,2025-01-21,23.0,408.0,70,66,74,5.0,VALID,No issues detected
U0003378,C00156,2024-12-19,3.0,1674.0,435,67,7,5.0,VALID,No issues detected
U0003379,C00787,2024-10-04,39.0,550.0,515,28,20,100.0,INVALID,Usage record references customer not in subscriptions
U0003380,C01174,2024-04-25,50.0,1453.0,88,75,15,5.0,INVALID,Usage record references customer not in subscriptions
,C00028,2024-12-29,32.0,1661.0,486,30,43,,INVALID,Missing usage_id
U0003382,C00710,2025-08-11,60.0,393.0,117,38,64,5.0,INVALID,Usage record references customer not in subscriptions
U0003383,C01074,2025-12-25,39.0,-431.0,286,30,2,10.0,INVALID,Usage record references customer not in subscriptions; Negative active_minutes
U0003384,C01053,2025-03-07,19.0,,4,7,71,50.0,INVALID,Usage record references customer not in subscriptions
U0003385,C01322,2024-03-30,7.0,1150.0,124,8,67,10.0,VALID,No issues detected
U0003386,C00709,2025-04-08,47.0,948.0,189,51,65,500.0,INVALID,Usage record references customer not in subscriptions
U0003387,C01475,2024-02-04,31.0,1816.0,309,53,99,1.0,VALID,No issues detected
U0003388,C01394,2025-08-02,8.0,1280.0,492,10,14,500.0,INVALID,Usage record references customer not in subscriptions
U0003389,C00009,2024-11-04,47.0,1765.0,820,10,79,500.0,INVALID,Usage record references customer not in subscriptions
U0003390,C01218,2025-03-26,6.0,425.0,609,67,64,-5.0,INVALID,Usage record references customer not in subscriptions
U0003391,C01707,2024-09-29,40.0,1881.0,159,31,58,100.0,INVALID,Usage record references customer not in subscriptions
U0003392,C00845,2025-03-04,,1673.0,389,2,41,5.0,INVALID,Usage record references customer not in subscriptions
U0003393,C01180,2025-05-22,,,269,6,16,500.0,INVALID,Usage record references customer not in subscriptions
U0003394,C01198,2026-01-24,-34.0,478.0,543,40,34,10.0,INVALID,Usage record references customer not in subscriptions; Negative login_count
U0003395,C00621,2026-01-25,33.0,1074.0,291,1,39,10.0,VALID,No issues detected
U0003396,C01195,2024-04-26,12.0,436.0,803,28,63,20.0,VALID,No issues detected
U0003397,C01480,2025-02-27,55.0,1277.0,756,66,84,500.0,INVALID,Usage record references customer not in subscriptions
U0003398,C01568,2024-08-22,,240.0,193,54,41,500.0,VALID,No issues detected
U0003399,C01238,2024-04-10,44.0,787.0,136,17,70,50.0,VALID,No issues detected
U0003400,C01097,2024-06-28,,1839.0,434,71,21,1.0,INVALID,Usage record references customer not in subscriptions
U0003401,C00114,2024-02-20,46.0,974.0,558,13,29,5.0,VALID,No issues detected
U0003402,C00435,2024-01-01,58.0,1464.0,654,61,54,500.0,VALID,No issues detected
U0003403,C01257,2024-01-08,0.0,1770.0,612,49,93,50.0,VALID,No issues detected
,C01524,2024-01-26,46.0,503.0,599,40,43,1.0,INVALID,Missing usage_id
U0003405,C00553,2024-04-20,14.0,1700.0,973,37,37,2.0,VALID,No issues detected
U0003406,C01527,2026-01-24,,39.0,183,74,73,50.0,INVALID,Usage record references customer not in subscriptions
U0003407,C00117,2025-09-14,52.0,1740.0,946,24,0,-5.0,INVALID,Usage record references customer not in subscriptions
U0003408,C01387,2025-10-10,29.0,582.0,833,3,72,20.0,VALID,No issues detected
U0003409,C00250,2024-03-12,54.0,1431.0,508,10,73,1.0,VALID,No issues detected
U0003410,C01157,2024-12-18,59.0,-80.0,617,80,83,10.0,INVALID,Usage record references customer not in subscriptions; Negative active_minutes
U0003411,C00332,2024-12-11,31.0,-225.0,409,48,62,1.0,INVALID,Negative active_minutes
U0003412,C00424,2025-12-08,31.0,271.0,674,20,49,1.0,VALID,No issues detected
U0003413,C00487,2025-06-02,16.0,75.0,382,72,91,5.0,INVALID,Usage record references customer not in subscriptions
U0003414,C01409,2025-07-30,27.0,1541.0,875,4,77,1.0,VALID,No issues detected
U0003415,C01581,2026-01-15,,972.0,402,39,15,500.0,VALID,No issues detected
U0003416,C00760,2025-10-03,,697.0,539,18,41,1.0,INVALID,Usage record references customer not in subscriptions
U0003417,C01148,2024-11-29,10.0,1215.0,68,41,90,50.0,INVALID,Usage record references customer not in subscriptions
U0003418,C00382,2024-07-30,48.0,1293.0,542,28,28,,VALID,No issues detected
U0003419,C00433,2025-07-04,42.0,1861.0,409,19,91,,VALID,No issues detected
U0003420,C01308,2025-01-20,58.0,253.0,899,44,50,,VALID,No issues detected
U0003421,C00547,2024-03-15,7.0,1062.0,163,9,90,50.0,VALID,No issues detected
U0003422,C00039,2025-04-03,53.0,,641,7,85,50.0,INVALID,Usage record references customer not in subscriptions
U0003423,C00319,2025-11-08,40.0,1394.0,953,61,83,-5.0,INVALID,Usage record references customer not in subscriptions
U0003424,C01180,2025-03-10,36.0,164.0,791,25,96,50.0,INVALID,Usage record references customer not in subscriptions
U0003425,C01669,2025-06-09,55.0,1957.0,78,12,42,1.0,INVALID,Usage record references customer not in subscriptions
U0003426,C00431,2025-03-16,2.0,437.0,357,73,19,100.0,VALID,No issues detected
U0003427,C01392,2025-11-17,27.0,1382.0,793,37,67,20.0,VALID,No issues detected
U0003428,C00677,2025-12-17,12.0,1545.0,229,66,47,100.0,INVALID,Usage record references customer not in subscriptions
U0003429,C01369,2024-04-14,,1550.0,590,8,5,50.0,INVALID,Usage record references customer not in subscriptions
U0003430,C01076,2026-01-13,53.0,1720.0,731,64,4,1.0,INVALID,Usage record references customer not in subscriptions
U0003431,C01322,2026-01-22,12.0,1864.0,669,23,87,,VALID,No issues detected
U0003432,C01291,2025-10-11,21.0,43.0,682,80,68,500.0,INVALID,Usage record references customer not in subscriptions
U0003433,C01569,2025-08-03,,1048.0,101,26,72,,VALID,No issues detected
U0003434,C00783,2025-06-08,,814.0,85,8,9,500.0,INVALID,Usage record references customer not in subscriptions
U0003435,C00145,2025-03-03,8.0,1776.0,14,12,65,,INVALID,Usage record references customer not in subscriptions
,C01328,2025-09-28,26.0,429.0,355,22,14,20.0,INVALID,Missing usage_id; Usage record references customer not in subscriptions
U0003437,C00429,2024-06-03,47.0,498.0,290,36,29,,INVALID,Usage record references customer not in subscriptions
U0003438,C00625,2025-12-13,52.0,1446.0,319,45,76,5.0,VALID,No issues detected
U0003439,C00532,2024-01-05,11.0,1500.0,163,15,98,20.0,VALID,No issues detected
U0003440,C00110,2024-08-09,,1751.0,469,72,64,5.0,VALID,No issues detected
U0003441,C00761,2025-05-30,46.0,1473.0,693,80,49,10.0,INVALID,Usage record references customer not in subscriptions
U0003442,C00241,2025-06-02,10.0,114.0,675,27,52,10.0,VALID,No issues detected
U0003443,C00522,2025-07-23,47.0,157.0,426,66,72,100.0,INVALID,Usage record references customer not in subscriptions
U0003444,C00265,2024-10-04,3.0,1335.0,864,68,85,2.0,INVALID,Usage record references customer not in subscriptions
U0003445,C00492,2025-05-24,10.0,992.0,94,52,61,5.0,VALID,No issues detected
U0003446,C00528,2025-07-01,-29.0,1408.0,852,52,67,20.0,INVALID,Negative login_count
,C01471,2024-06-14,33.0,37.0,30,12,53,1.0,INVALID,Missing usage_id; Usage record references customer not in subscriptions
U0003448,C01788,2024-03-11,,1662.0,573,67,15,20.0,VALID,No issues detected
U0003449,C01081,2025-09-22,9.0,958.0,657,79,9,,INVALID,Usage record references customer not in subscriptions
U0003450,C00496,2024-04-29,41.0,1400.0,225,31,100,50.0,INVALID,Usage record references customer not in subscriptions
U0003451,C00841,2025-12-21,52.0,1594.0,751,47,76,50.0,INVALID,Usage record references customer not in subscriptions
U0003452,C00127,2024-04-30,12.0,1548.0,821,48,90,50.0,INVALID,Usage record references customer not in subscriptions
U0003453,C01241,2024-07-04,12.0,1259.0,477,58,46,20.0,INVALID,Usage record references customer not in subscriptions
U0003454,C01060,2025-12-26,25.0,460.0,585,51,97,-5.0,INVALID,Usage record references customer not in subscriptions
U0003455,C00457,2025-01-13,2.0,490.0,919,71,83,100.0,VALID,No issues detected
U0003456,C01104,2025-04-28,60.0,1331.0,816,69,25,-5.0,INVALID,Usage record references customer not in subscriptions
U0003457,C00564,2024-08-23,53.0,722.0,395,36,70,5.0,INVALID,Usage record references customer not in subscriptions
U0003458,C01358,2025-06-19,20.0,472.0,824,72,17,2.0,INVALID,Usage record references customer not in subscriptions
U0003459,C00044,2024-12-17,9.0,1523.0,127,66,45,2.0,INVALID,Usage record references customer not in subscriptions
U0003460,C00274,2024-01-04,41.0,1457.0,915,37,14,,INVALID,Usage record references customer not in subscriptions
U0003461,C00064,2025-02-06,32.0,1384.0,336,70,66,1.0,INVALID,Usage record references customer not in subscriptions
U0003462,C00141,2025-10-28,57.0,,135,51,29,-5.0,VALID,No issues detected
U0003463,C00927,2024-04-08,23.0,1219.0,12,73,89,500.0,VALID,No issues detected
U0003464,C00080,2025-06-28,18.0,1553.0,399,63,41,50.0,INVALID,Usage record references customer not in subscriptions
U0003465,C00201,2025-09-04,2.0,1392.0,952,17,41,-5.0,VALID,No issues detected
U0003466,C01265,2025-07-04,42.0,,651,14,62,50.0,VALID,No issues detected
U0003467,C00661,2025-08-28,36.0,1185.0,905,27,1,5.0,INVALID,Usage record references customer not in subscriptions
U0003468,C00826,2024-06-08,48.0,565.0,987,39,47,-5.0,INVALID,Usage record references customer not in subscriptions
U0003469,C00189,2025-10-12,35.0,1038.0,642,8,68,2.0,INVALID,Usage record references customer not in subscriptions
U0003470,C00455,2025-03-29,8.0,1897.0,342,64,13,5.0,INVALID,Usage record references customer not in subscriptions
U0003471,C00977,2024-11-12,-47.0,338.0,775,20,88,-5.0,INVALID,Usage record references customer not in subscriptions; Negative login_count
U0003472,C01590,2025-12-03,22.0,1898.0,857,5,17,100.0,INVALID,Usage record references customer not in subscriptions
U0003473,C00598,2024-03-27,2.0,633.0,36,27,65,100.0,INVALID,Usage record references customer not in subscriptions
U0003474,C00058,2024-06-19,20.0,151.0,997,0,2,20.0,INVALID,Usage record references customer not in subscriptions
U0003475,C01295,2025-04-27,35.0,,461,78,89,,INVALID,Usage record references customer not in subscriptions
U0003476,C00730,2024-10-16,49.0,1756.0,556,3,90,,INVALID,Usage record references customer not in subscriptions
U0003477,C01512,2024-05-08,11.0,-425.0,789,58,44,50.0,INVALID,Negative active_minutes
U0003478,C01482,2025-01-23,-55.0,1709.0,507,30,66,500.0,INVALID,Negative login_count
U0003479,C99999,2025-05-31,2.0,1343.0,119,65,97,2.0,INVALID,Usage record references customer not in subscriptions
U0003480,C00550,2025-06-16,25.0,969.0,254,36,83,100.0,VALID,No issues detected
U0003481,C00280,2024-09-19,51.0,1937.0,974,66,31,,VALID,No issues detected
U0003482,C00969,2025-12-07,8.0,853.0,271,51,30,50.0,VALID,No issues detected
U0003483,C00814,2024-04-24,17.0,710.0,392,70,58,500.0,INVALID,Usage record references customer not in subscriptions
U0003484,C01344,2024-02-16,27.0,546.0,34,9,21,500.0,INVALID,Usage record references customer not in subscriptions
U0003485,C00884,2024-06-20,56.0,187.0,719,29,69,1.0,VALID,No issues detected
U0003486,C00277,2025-10-02,,1094.0,748,72,15,2.0,VALID,No issues detected
U0003487,C00418,2025-06-19,19.0,454.0,282,50,35,10.0,VALID,No issues detected
U0003488,C01540,2024-07-19,15.0,248.0,545,11,81,50.0,VALID,No issues detected
U0003489,C00590,2024-07-25,7.0,,510,20,31,10.0,VALID,No issues detected
U0003490,C01716,2024-04-03,38.0,759.0,212,50,94,20.0,VALID,No issues detected
U0003491,C00167,2024-02-10,12.0,1827.0,667,13,56,-5.0,INVALID,Usage record references customer not in subscriptions
U0003492,C00313,2024-01-28,35.0,84.0,587,17,26,10.0,INVALID,Usage record references customer not in subscriptions
U0003493,C00560,2025-01-06,23.0,457.0,469,6,60,5.0,VALID,No issues detected
U0003494,C01147,2025-05-14,,1243.0,633,17,84,,INVALID,Usage record references customer not in subscriptions
U0003495,C00625,2025-02-20,43.0,1394.0,448,50,36,5.0,VALID,No issues detected
U0003496,C00467,2025-03-31,10.0,-119.0,391,18,25,2.0,INVALID,Negative active_minutes
U0003497,C00252,2024-02-08,43.0,1663.0,375,23,71,5.0,INVALID,Usage record references customer not in subscriptions
U0003498,C00651,2024-05-08,46.0,99.0,623,75,100,-5.0,INVALID,Usage record references customer not in subscriptions
U0003499,C00963,2025-04-01,45.0,1073.0,276,32,10,2.0,VALID,No issues detected
U0003500,C01207,2025-06-10,7.0,1276.0,936,42,32,2.0,VALID,No issues detected
U0003501,C00721,2025-05-29,7.0,1299.0,77,62,93,,INVALID,Usage record references customer not in subscriptions
U0003502,C00547,2024-11-30,47.0,961.0,708,18,51,2.0,VALID,No issues detected
U0003503,C00464,2024-01-08,56.0,642.0,283,10,54,5.0,INVALID,Usage record references customer not in subscriptions
U0003504,C00785,2024-02-26,56.0,-218.0,296,17,43,,INVALID,Usage record references customer not in subscriptions; Negative active_minutes
U0003505,C01685,2024-05-29,36.0,1437.0,95,51,62,500.0,INVALID,Usage record references customer not in subscriptions
U0003506,C00966,2024-02-12,12.0,1519.0,837,45,44,500.0,VALID,No issues detected
U0003507,C01401,2025-01-15,,531.0,503,36,55,,INVALID,Usage record references customer not in subscriptions
U0003508,C00358,2025-09-25,6.0,957.0,239,40,3,,INVALID,Usage record references customer not in subscriptions
U0003509,C01083,2025-10-27,-35.0,-134.0,898,21,68,100.0,INVALID,Negative login_count; Negative active_minutes
U0003510,C01754,2024-07-23,8.0,481.0,349,40,59,50.0,VALID,No issues detected
U0003511,C01638,2024-02-20,17.0,711.0,898,35,69,-5.0,VALID,No issues detected
U0003512,C00879,2025-04-27,11.0,188.0,986,58,72,2.0,VALID,No issues detected
U0003513,C01771,2024-08-01,42.0,321.0,606,68,89,100.0,INVALID,Usage record references customer not in subscriptions
U0003514,C00896,2024-01-08,6.0,1653.0,266,5,43,-5.0,INVALID,Usage record references customer not in subscriptions
U0003515,C01258,2025-08-08,35.0,,30,80,64,1.0,VALID,No issues detected
U0003516,C01277,2025-02-13,7.0,543.0,898,13,80,500.0,VALID,No issues detected
U0003517,C00894,2024-03-12,41.0,841.0,95,63,99,2.0,VALID,No issues detected
U0003518,C00253,2025-06-24,60.0,1302.0,478,51,72,5.0,VALID,No issues detected
U0003519,C00577,2025-09-28,11.0,1476.0,744,12,31,10.0,INVALID,Usage record references customer not in subscriptions
U0003520,C00853,2025-02-04,8.0,1663.0,967,16,9,5.0,VALID,No issues detected
U0003521,C01711,2024-04-20,15.0,-301.0,927,52,90,-5.0,INVALID,Usage record references customer not in subscriptions; Negative active_minutes
U0003522,C00491,2024-04-13,26.0,382.0,451,4,30,2.0,INVALID,Usage record references customer not in subscriptions
U0003523,C01455,2024-01-03,38.0,634.0,281,76,44,5.0,VALID,No issues detected
U0003524,C01641,2025-06-21,0.0,1137.0,310,5,25,10.0,VALID,No issues detected
U0003525,C01027,2025-12-22,12.0,1915.0,798,56,61,500.0,INVALID,Usage record references customer not in subscriptions
U0003526,C00732,2024-02-23,6.0,1693.0,328,53,41,,INVALID,Usage record references customer not in subscriptions
U0003527,C00973,2025-04-13,54.0,757.0,340,60,77,,INVALID,Usage record references customer not in subscriptions
U0003528,C00190,2025-02-09,37.0,1520.0,459,62,72,-5.0,INVALID,Usage record references customer not in subscriptions
U0003529,C00497,2024-06-20,56.0,1677.0,29,32,60,-5.0,INVALID,Usage record references customer not in subscriptions
U0003530,C00197,2024-04-03,60.0,747.0,982,76,0,500.0,INVALID,Usage record references customer not in subscriptions
,C01610,2024-11-27,57.0,1989.0,518,45,54,2.0,INVALID,Missing usage_id
U0003532,C00081,2024-08-30,48.0,360.0,486,14,84,20.0,INVALID,Usage record references customer not in subscriptions
U0003533,C00600,2025-01-13,29.0,838.0,456,63,61,-5.0,VALID,No issues detected
U0003534,C01031,2025-10-08,,260.0,639,70,30,20.0,INVALID,Usage record references customer not in subscriptions
U0003535,C00116,2025-05-15,36.0,543.0,212,42,92,2.0,INVALID,Usage record references customer not in subscriptions
U0003536,C01173,2024-05-30,-27.0,23.0,214,68,68,,INVALID,Usage record references customer not in subscriptions; Negative login_count
U0003537,C00700,2025-09-19,47.0,1812.0,483,74,48,20.0,INVALID,Usage record references customer not in subscriptions
U0003538,C00983,2025-09-14,44.0,690.0,376,12,91,-5.0,INVALID,Usage record references customer not in subscriptions
U0003539,C01470,2025-05-02,,1489.0,451,75,30,1.0,VALID,No issues detected
U0003540,C00873,2024-08-23,,523.0,917,47,69,,VALID,No issues detected
U0003541,C00412,2025-08-21,18.0,1474.0,759,8,31,100.0,INVALID,Usage record references customer not in subscriptions
U0003542,C00048,2025-03-22,37.0,-88.0,600,29,48,50.0,INVALID,Usage record references customer not in subscriptions; Negative active_minutes
U0003543,C00450,2025-06-26,-44.0,287.0,335,60,43,100.0,INVALID,Usage record references customer not in subscriptions; Negative login_count
U0003544,C00974,2024-03-16,25.0,566.0,843,42,55,1.0,INVALID,Usage record references customer not in subscriptions
U0003545,C00742,2024-11-25,,1070.0,418,56,65,,INVALID,Usage record references customer not in subscriptions
U0003546,C01788,2024-01-31,29.0,1242.0,766,60,13,10.0,VALID,No issues detected
U0003547,C01441,2024-02-27,27.0,576.0,109,69,99,500.0,VALID,No issues detected
U0003548,C01697,2025-04-04,12.0,1092.0,222,8,48,10.0,INVALID,Usage record references customer not in subscriptions
U0003549,C01264,2024-10-06,23.0,,405,80,51,-5.0,INVALID,Usage record references customer not in subscriptions
U0003550,C01108,2024-03-16,9.0,1733.0,459,71,73,500.0,VALID,No issues detected
U0003551,C00233,2025-07-25,24.0,1275.0,987,38,4,1.0,INVALID,Usage record references customer not in subscriptions
,C00032,2024-11-28,54.0,326.0,953,50,29,1.0,INVALID,Missing usage_id
U0003553,C00955,2026-01-13,-52.0,1007.0,564,55,66,500.0,INVALID,Negative login_count
U0003554,C00172,2025-08-10,24.0,1522.0,21,51,82,10.0,VALID,No issues detected
U0003555,C00035,2024-06-18,58.0,72.0,245,5,44,,VALID,No issues detected
U0003556,C00007,2025-01-01,27.0,1806.0,688,27,71,2.0,INVALID,Usage record references customer not in subscriptions
U0003557,C01488,2025-04-18,44.0,892.0,838,22,48,100.0,INVALID,Usage record references customer not in subscriptions
U0003558,C00332,2024-08-02,23.0,1826.0,5,54,29,-5.0,VALID,No issues detected
U0003559,C00833,2025-02-05,60.0,-225.0,17,17,27,500.0,INVALID,Negative active_minutes
U0003560,C01212,2025-01-05,25.0,1006.0,765,39,58,1.0,INVALID,Usage record references customer not in subscriptions
U0003561,C01362,2025-02-28,44.0,179.0,19,34,5,500.0,VALID,No issues detected
U0003562,C01377,2025-02-20,42.0,644.0,379,21,18,50.0,VALID,No issues detected
U0003563,C00635,2024-02-02,55.0,850.0,752,19,81,50.0,VALID,No issues detected
U0003564,C00627,2025-12-29,-24.0,,135,27,15,5.0,INVALID,Usage record references customer not in subscriptions; Negative login_count
U0003565,C00833,2025-09-27,56.0,689.0,427,68,83,500.0,VALID,No issues detected
U0003566,C01347,2025-07-01,10.0,213.0,709,17,41,100.0,VALID,No issues detected
U0003567,C00176,2024-02-29,27.0,1950.0,136,71,77,500.0,VALID,No issues detected
U0003568,C00466,2025-07-09,49.0,-472.0,426,7,34,20.0,INVALID,Negative active_minutes
U0003569,C00284,2025-10-05,29.0,1683.0,779,14,33,5.0,INVALID,Usage record references customer not in subscriptions
U0003570,C00006,2024-07-26,15.0,723.0,593,71,65,2.0,VALID,No issues detected
U0003571,C01102,2025-01-18,23.0,1979.0,424,21,3,2.0,VALID,No issues detected
U0003572,C00517,2025-05-03,26.0,,493,36,60,2.0,INVALID,Usage record references customer not in subscriptions
U0003573,C00601,2024-08-21,47.0,1829.0,346,4,32,10.0,VALID,No issues detected
U0003574,C00840,2024-05-01,,1768.0,549,62,34,5.0,INVALID,Usage record references customer not in subscriptions
U0003575,C01648,2025-06-25,15.0,1273.0,242,18,54,5.0,INVALID,Usage record references customer not in subscriptions
U0003576,C01170,2024-11-25,8.0,1936.0,184,57,18,20.0,INVALID,Usage record references customer not in subscriptions
,C00823,2025-08-07,46.0,524.0,443,40,4,5.0,INVALID,Missing usage_id
U0003578,C00556,2025-10-09,33.0,1938.0,637,15,44,1.0,INVALID,Usage record references customer not in subscriptions
U0003579,C01081,2025-01-30,36.0,1132.0,721,9,80,100.0,INVALID,Usage record references customer not in subscriptions
U0003580,C00292,2024-02-01,9.0,140.0,365,4,0,500.0,VALID,No issues detected
U0003581,C00757,2024-06-10,,525.0,563,22,53,50.0,VALID,No issues detected
U0003582,C00665,2024-07-02,28.0,1287.0,56,26,100,500.0,INVALID,Usage record references customer not in subscriptions
U0003583,C01352,2026-01-27,18.0,1502.0,843,20,44,,INVALID,Usage record references customer not in subscriptions
U0003584,C00669,2025-12-24,53.0,961.0,886,37,52,50.0,VALID,No issues detected
U0003585,C00014,2025-07-12,,1961.0,222,74,99,100.0,INVALID,Usage record references customer not in subscriptions
U0003586,C00163,2024-10-18,7.0,82.0,99,76,16,,VALID,No issues detected
U0003587,C01345,2024-09-20,39.0,952.0,416,54,63,10.0,INVALID,Usage record references customer not in subscriptions
U0003588,C00852,2025-08-21,14.0,1204.0,958,41,73,20.0,INVALID,Usage record references customer not in subscriptions
U0003589,C01285,2024-05-16,60.0,500.0,74,44,53,20.0,VALID,No issues detected
U0003590,C01565,2024-11-03,30.0,856.0,596,14,81,500.0,VALID,No issues detected
U0003591,C00277,2025-10-08,16.0,,259,24,71,100.0,VALID,No issues detected
U0003592,C01698,2025-01-11,,1297.0,52,37,18,50.0,INVALID,Usage record references customer not in subscriptions
U0003593,C00512,2025-10-16,47.0,929.0,38,9,95,20.0,INVALID,Usage record references customer not in subscriptions
U0003594,C00276,2024-02-14,3.0,416.0,417,35,92,2.0,INVALID,Usage record references customer not in subscriptions
U0003595,C01117,2024-03-10,34.0,719.0,795,22,69,500.0,INVALID,Usage record references customer not in subscriptions
U0003596,C00973,2024-02-22,0.0,748.0,775,62,74,5.0,INVALID,Usage record references customer not in subscriptions
U0003597,C01032,2025-08-03,2.0,-434.0,796,22,7,20.0,INVALID,Negative active_minutes
U0003598,C01408,2025-06-03,46.0,,947,39,48,,INVALID,Usage record references customer not in subscriptions
U0003599,C00015,2024-08-03,42.0,56.0,317,37,24,2.0,INVALID,Usage record references customer not in subscriptions
U0003600,C01451,2024-10-11,37.0,1430.0,402,21,93,10.0,INVALID,Usage record references customer not in subscriptions
U0001469,C01146,2025-03-29,24.0,-86.0,674,29,61,20.0,INVALID,Duplicate usage_id; Usage record references customer not in subscriptions; Negative active_minutes
U0000040,C00751,2024-08-07,49.0,717.0,888,56,32,20.0,INVALID,Duplicate usage_id; Usage record references customer not in subscriptions
,C01706,2026-01-16,56.0,1215.0,280,52,86,-5.0,INVALID,Missing usage_id; Usage record references customer not in subscriptions
U0000076,C00049,2024-03-15,44.0,1990.0,920,33,18,2.0,INVALID,Duplicate usage_id; Usage record references customer not in subscriptions
U0000739,C00146,2025-11-14,47.0,,69,63,83,20.0,INVALID,Duplicate usage_id; Usage record references customer not in subscriptions
U0001472,C01682,2024-12-16,52.0,693.0,862,63,30,-5.0,INVALID,Duplicate usage_id; Usage record references customer not in subscriptions
U0002982,C01033,2024-09-15,10.0,656.0,269,43,76,500.0,INVALID,Duplicate usage_id; Usage record references customer not in subscriptions
U0001063,C01744,2024-10-30,34.0,,397,30,50,5.0,INVALID,Duplicate usage_id; Usage record references customer not in subscriptions
U0001508,C01016,2025-01-05,47.0,1340.0,315,78,77,10.0,INVALID,Duplicate usage_id; Usage record references customer not in subscriptions
U0000583,C00570,2024-04-13,49.0,,631,35,55,1.0,INVALID,Duplicate usage_id; Usage record references customer not in subscriptions
U0002173,C01081,2024-08-15,17.0,1060.0,232,66,6,500.0,INVALID,Duplicate usage_id; Usage record references customer not in subscriptions
U0001112,C01500,2026-01-12,,,910,35,55,2.0,INVALID,Duplicate usage_id
U0002762,C00058,2025-04-11,30.0,579.0,34,79,14,5.0,INVALID,Duplicate usage_id; Usage record references customer not in subscriptions
U0001164,C00900,2025-03-04,32.0,809.0,163,0,95,100.0,INVALID,Duplicate usage_id; Usage record references customer not in subscriptions
U0000745,C00150,2024-10-09,16.0,1975.0,453,62,88,2.0,INVALID,Duplicate usage_id; Usage record references customer not in subscriptions
U0000254,C00278,2024-07-13,49.0,1813.0,757,44,14,10.0,INVALID,Duplicate usage_id; Usage record references customer not in subscriptions
U0002161,C00054,2024-09-02,14.0,,559,39,23,2.0,INVALID,Duplicate usage_id; Usage record references customer not in subscriptions
U0003093,C01326,2025-04-16,51.0,359.0,928,0,49,20.0,INVALID,Duplicate usage_id
U0001190,C00531,2025-07-02,17.0,1432.0,164,78,64,20.0,INVALID,Duplicate usage_id; Usage record references customer not in subscriptions
U0000737,C00645,2024-02-14,45.0,255.0,130,76,11,2.0,INVALID,Duplicate usage_id; Usage record references customer not in subscriptions
U0000178,C01559,2024-06-24,55.0,504.0,848,23,74,1.0,INVALID,Duplicate usage_id; Usage record references customer not in subscriptions
U0000149,C01618,2024-04-10,37.0,322.0,403,11,82,500.0,INVALID,Duplicate usage_id; Usage record references customer not in subscriptions
U0002722,C01694,2024-06-11,16.0,52.0,926,24,74,500.0,INVALID,Duplicate usage_id
U0003422,C00039,2025-04-03,53.0,,641,7,85,50.0,INVALID,Duplicate usage_id; Usage record references customer not in subscriptions
U0002743,C00470,2025-07-26,29.0,251.0,691,53,39,2.0,INVALID,Duplicate usage_id
U0002143,C01693,2024-06-17,41.0,1567.0,273,25,25,20.0,INVALID,Duplicate usage_id; Usage record references customer not in subscriptions
U0003438,C00625,2025-12-13,52.0,1446.0,319,45,76,5.0,INVALID,Duplicate usage_id
U0002867,C01680,2026-01-29,51.0,849.0,179,59,70,50.0,INVALID,Duplicate usage_id; Usage record references customer not in subscriptions
U0000264,C00494,2025-10-15,37.0,864.0,263,57,51,2.0,INVALID,Duplicate usage_id; Usage record references customer not in subscriptions
U0001148,C01169,2025-10-16,14.0,1362.0,685,12,6,100.0,INVALID,Duplicate usage_id
U0002290,C00280,2025-01-11,15.0,,762,1,31,20.0,INVALID,Duplicate usage_id
U0002408,C01168,2025-10-17,6.0,308.0,307,68,63,100.0,INVALID,Duplicate usage_id; Usage record references customer not in subscriptions
U0002176,C01111,2024-10-20,23.0,1785.0,806,57,97,500.0,INVALID,Duplicate usage_id
U0003077,C00887,2024-12-02,54.0,1945.0,282,42,14,100.0,INVALID,Duplicate usage_id
U0000510,C01469,2024-06-22,28.0,754.0,425,55,84,1.0,INVALID,Duplicate usage_id; Usage record references customer not in subscriptions
U0002006,C00606,2025-06-11,51.0,442.0,243,21,31,,INVALID,Duplicate usage_id; Usage record references customer not in subscriptions
U0001508,C01016,2025-01-05,47.0,1340.0,315,78,77,10.0,INVALID,Duplicate usage_id; Usage record references customer not in subscriptions
U0003403,C01257,2024-01-08,0.0,1770.0,612,49,93,50.0,INVALID,Duplicate usage_id
U0000377,C01736,2025-06-27,36.0,1266.0,620,5,48,1.0,INVALID,Duplicate usage_id; Usage record references customer not in subscriptions
U0003231,C01594,2025-05-14,30.0,463.0,241,58,66,10.0,INVALID,Duplicate usage_id
U0002297,C00650,2025-04-30,47.0,669.0,703,57,85,5.0,INVALID,Duplicate usage_id
U0000710,C00257,2024-05-03,8.0,1942.0,222,10,58,-5.0,INVALID,Duplicate usage_id
U0001538,C00340,2025-01-03,15.0,,812,74,87,10.0,INVALID,Duplicate usage_id
U0001398,C00409,2024-08-06,48.0,1479.0,383,21,57,5.0,INVALID,Duplicate usage_id; Usage record references customer not in subscriptions
U0000999,C01312,2024-09-24,35.0,1435.0,31,2,24,,INVALID,Duplicate usage_id
U0002343,C01193,2025-08-11,58.0,1648.0,973,76,97,5.0,INVALID,Duplicate usage_id
U0002157,C01187,2024-12-30,56.0,439.0,952,16,69,5.0,INVALID,Duplicate usage_id; Usage record references customer not in subscriptions
U0000816,C00479,2025-09-19,-16.0,-43.0,81,30,57,20.0,INVALID,Duplicate usage_id; Usage record references customer not in subscriptions; Negative login_count; Negative active_minutes
U0002372,C01703,2025-08-28,,368.0,204,73,32,,INVALID,Duplicate usage_id; Usage record references customer not in subscriptions
U0000935,C00147,2024-06-29,6.0,360.0,449,48,24,,INVALID,Duplicate usage_id; Usage record references customer not in subscriptions
U0000202,C01751,2024-12-08,36.0,1653.0,433,47,20,,INVALID,Duplicate usage_id; Usage record references customer not in subscriptions
U0003285,C01659,2024-03-21,11.0,1146.0,361,62,92,-5.0,INVALID,Duplicate usage_id; Usage record references customer not in subscriptions
U0001650,C01323,2024-07-29,27.0,1268.0,320,71,74,500.0,INVALID,Duplicate usage_id; Usage record references customer not in subscriptions
U0000017,C00905,2025-04-15,23.0,540.0,905,65,21,10.0,INVALID,Duplicate usage_id; Usage record references customer not in subscriptions
U0000573,C00124,2025-03-03,59.0,126.0,22,32,68,1.0,INVALID,Duplicate usage_id; Usage record references customer not in subscriptions
U0002842,C00829,2025-04-08,37.0,1561.0,829,57,61,10.0,INVALID,Duplicate usage_id; Usage record references customer not in subscriptions
U0002085,C00247,2026-01-29,1.0,1011.0,846,79,55,5.0,INVALID,Duplicate usage_id; Usage record references customer not in subscriptions
U0001778,C00360,2024-11-08,22.0,1423.0,338,43,27,-5.0,INVALID,Duplicate usage_id; Usage record references customer not in subscriptions
U0000218,C00458,2024-04-03,8.0,1710.0,765,50,97,10.0,INVALID,Duplicate usage_id; Usage record references customer not in subscriptions
U0001481,C00339,2024-08-25,37.0,1837.0,975,73,56,20.0,INVALID,Duplicate usage_id
U0003152,C01041,2025-10-03,43.0,196.0,742,61,36,,INVALID,Duplicate usage_id; Usage record references customer not in subscriptions
U0001396,C00608,2025-08-16,25.0,1393.0,564,31,9,1.0,INVALID,Duplicate usage_id; Usage record references customer not in subscriptions
U0000757,C01394,2024-09-24,18.0,1548.0,815,48,39,20.0,INVALID,Duplicate usage_id; Usage record references customer not in subscriptions
U0001537,C01755,2025-11-27,24.0,904.0,586,13,32,20.0,INVALID,Duplicate usage_id; Usage record references customer not in subscriptions
U0002248,C01607,2024-03-11,56.0,245.0,235,70,26,,INVALID,Duplicate usage_id; Usage record references customer not in subscriptions
U0000749,C00743,2024-05-07,38.0,1711.0,877,36,30,100.0,INVALID,Duplicate usage_id
U0002499,C00627,2025-06-22,4.0,1682.0,199,1,27,1.0,INVALID,Duplicate usage_id; Usage record references customer not in subscriptions
U0000058,C00431,2025-12-12,39.0,,887,40,97,1.0,INVALID,Duplicate usage_id
U0002571,C01586,2025-03-11,,929.0,349,41,94,10.0,INVALID,Duplicate usage_id; Usage record references customer not in subscriptions
U0003134,C01560,2024-09-25,46.0,739.0,102,61,81,500.0,INVALID,Duplicate usage_id
U0001562,C01704,2024-06-09,8.0,1878.0,115,62,82,,INVALID,Duplicate usage_id; Usage record references customer not in subscriptions
U0002964,C01349,2024-09-03,53.0,541.0,281,6,15,100.0,INVALID,Duplicate usage_id; Usage record references customer not in subscriptions
U0001851,C01111,2025-12-04,27.0,1864.0,592,16,7,1.0,INVALID,Duplicate usage_id
U0000294,C01651,2025-11-20,-24.0,489.0,272,58,48,10.0,INVALID,Duplicate usage_id; Negative login_count
U0000392,C00813,2024-11-05,8.0,1517.0,959,58,38,5.0,INVALID,Duplicate usage_id; Usage record references customer not in subscriptions
U0000799,C01330,2025-06-07,59.0,,494,39,53,5.0,INVALID,Duplicate usage_id; Usage record references customer not in subscriptions
U0003448,C01788,2024-03-11,,1662.0,573,67,15,20.0,INVALID,Duplicate usage_id
U0003111,C01245,2024-06-25,38.0,1052.0,396,5,34,5.0,INVALID,Duplicate usage_id; Usage record references customer not in subscriptions
U0000749,C00743,2024-05-07,38.0,1711.0,877,36,30,100.0,INVALID,Duplicate usage_id
U0001686,C01558,2024-05-17,19.0,1360.0,617,62,16,50.0,INVALID,Duplicate usage_id; Usage record references customer not in subscriptions
U0000734,C01455,2025-07-17,33.0,926.0,787,38,11,-5.0,INVALID,Duplicate usage_id
,C00916,2025-05-24,15.0,340.0,268,11,34,-5.0,INVALID,Missing usage_id
U0002351,C00476,2024-06-15,11.0,1941.0,320,43,90,100.0,INVALID,Duplicate usage_id; Usage record references customer not in subscriptions
U0002444,C01188,2025-04-21,53.0,862.0,54,72,26,5.0,INVALID,Duplicate usage_id; Usage record references customer not in subscriptions
U0003572,C00517,2025-05-03,26.0,,493,36,60,2.0,INVALID,Duplicate usage_id; Usage record references customer not in subscriptions
U0000278,C01360,2024-12-23,54.0,118.0,551,24,96,,INVALID,Duplicate usage_id; Usage record references customer not in subscriptions
U0000342,C01441,2025-12-25,43.0,1760.0,721,1,33,50.0,INVALID,Duplicate usage_id
U0000321,C00534,2024-04-09,12.0,1938.0,582,67,0,5.0,INVALID,Duplicate usage_id
U0001283,C01296,2025-10-27,46.0,,179,67,17,,INVALID,Duplicate usage_id; Usage record references customer not in subscriptions
U0002259,C00401,2025-06-11,23.0,,259,1,73,5.0,INVALID,Duplicate usage_id; Usage record references customer not in subscriptions
U0001895,C00315,2026-01-24,16.0,1662.0,280,55,97,,INVALID,Duplicate usage_id
U0001112,C01500,2026-01-12,,,910,35,55,2.0,INVALID,Duplicate usage_id
U0003046,C01504,2025-01-07,60.0,527.0,957,4,17,,INVALID,Duplicate usage_id
U0002857,C01116,2025-05-25,13.0,769.0,407,74,8,1.0,INVALID,Duplicate usage_id
U0000628,C00018,2025-07-11,37.0,1974.0,80,70,48,2.0,INVALID,Duplicate usage_id; Usage record references customer not in subscriptions
U0001414,C00360,2024-05-13,44.0,1514.0,770,12,97,1.0,INVALID,Duplicate usage_id; Usage record references customer not in subscriptions
U0002146,C01198,2024-12-24,31.0,71.0,944,14,45,500.0,INVALID,Duplicate usage_id; Usage record references customer not in subscriptions
U0000571,C01646,2025-01-04,57.0,557.0,707,26,84,2.0,INVALID,Duplicate usage_id
U0001647,C01550,2025-03-22,51.0,325.0,222,22,35,500.0,INVALID,Duplicate usage_id; Usage record references customer not in subscriptions
U0002412,C01776,2024-03-06,52.0,977.0,406,14,96,100.0,INVALID,Duplicate usage_id; Usage record references customer not in subscriptions
,C01544,2024-04-05,10.0,1432.0,372,69,52,50.0,INVALID,Missing usage_id
U0002631,C00828,2024-12-12,22.0,1927.0,968,12,85,1.0,INVALID,Duplicate usage_id; Usage record references customer not in subscriptions
U0002922,C01209,2024-01-24,31.0,-29.0,894,52,15,500.0,INVALID,Duplicate usage_id; Usage record references customer not in subscriptions; Negative active_minutes
U0002298,C01147,2025-03-08,1.0,66.0,840,30,22,50.0,INVALID,Duplicate usage_id; Usage record references customer not in subscriptions
,C01623,2025-01-20,11.0,585.0,117,66,77,,INVALID,Missing usage_id; Usage record references customer not in subscriptions
,C01412,2024-10-28,3.0,183.0,203,23,22,10.0,INVALID,Missing usage_id; Usage record references customer not in subscriptions
U0000194,C01015,2025-06-10,,241.0,273,70,41,20.0,INVALID,Duplicate usage_id; Usage record references customer not in subscriptions
U0002121,C01388,2024-05-11,32.0,818.0,457,39,49,100.0,INVALID,Duplicate usage_id
U0001905,C01568,2025-12-21,11.0,674.0,167,72,83,500.0,INVALID,Duplicate usage_id
U0001242,C00476,2024-11-04,1.0,1456.0,197,65,23,500.0,INVALID,Duplicate usage_id; Usage record references customer not in subscriptions
U0001746,C00487,2024-04-23,15.0,992.0,963,19,79,1.0,INVALID,Duplicate usage_id; Usage record references customer not in subscriptions
U0000935,C00147,2024-06-29,6.0,360.0,449,48,24,,INVALID,Duplicate usage_id; Usage record references customer not in subscriptions
U0001427,C01029,2024-08-12,1.0,828.0,611,36,40,,INVALID,Duplicate usage_id; Usage record references customer not in subscriptions
U0002546,C00677,2024-10-17,56.0,1353.0,282,36,27,2.0,INVALID,Duplicate usage_id; Usage record references customer not in subscriptions
U0000986,C00666,2024-12-25,14.0,373.0,292,28,16,-5.0,INVALID,Duplicate usage_id; Usage record references customer not in subscriptions
U0001181,C00920,2024-04-04,13.0,1445.0,208,66,96,2.0,INVALID,Duplicate usage_id; Usage record references customer not in subscriptions
U0000444,C00879,2025-01-12,,-399.0,120,12,14,20.0,INVALID,Duplicate usage_id; Negative active_minutes
U0001374,C01357,2024-08-07,53.0,1669.0,651,79,70,100.0,INVALID,Duplicate usage_id
U0002501,C01601,2024-12-02,,1993.0,989,19,66,50.0,INVALID,Duplicate usage_id
U0003589,C01285,2024-05-16,60.0,500.0,74,44,53,20.0,INVALID,Duplicate usage_id
U0003134,C01560,2024-09-25,46.0,739.0,102,61,81,500.0,INVALID,Duplicate usage_id
U0003542,C00048,2025-03-22,37.0,-88.0,600,29,48,50.0,INVALID,Duplicate usage_id; Usage record references customer not in subscriptions; Negative active_minutes
U0002711,C00047,2024-07-28,60.0,722.0,177,38,84,,INVALID,Duplicate usage_id
U0000512,C00786,2025-06-15,32.0,356.0,933,32,59,50.0,INVALID,Duplicate usage_id
U0002399,C00003,2024-08-31,54.0,1314.0,544,73,69,-5.0,INVALID,Duplicate usage_id; Usage record references customer not in subscriptions
U0002617,C01069,2025-08-05,53.0,20.0,355,43,59,2.0,INVALID,Duplicate usage_id
U0002788,C00134,2024-12-02,16.0,1278.0,160,69,35,,INVALID,Duplicate usage_id
U0001038,C00940,2024-03-20,20.0,696.0,394,33,5,20.0,INVALID,Duplicate usage_id; Usage record references customer not in subscriptions
U0002401,C00275,2024-06-07,28.0,1612.0,618,67,93,2.0,INVALID,Duplicate usage_id; Usage record references customer not in subscriptions
U0001126,C01134,2024-04-19,58.0,958.0,313,14,68,20.0,INVALID,Duplicate usage_id; Usage record references customer not in subscriptions
U0003575,C01648,2025-06-25,15.0,1273.0,242,18,54,5.0,INVALID,Duplicate usage_id; Usage record references customer not in subscriptions
U0002223,C00971,2024-04-20,-14.0,1510.0,848,51,20,5.0,INVALID,Duplicate usage_id; Usage record references customer not in subscriptions; Negative login_count
U0001582,C00741,2025-02-22,13.0,732.0,902,15,86,10.0,INVALID,Duplicate usage_id; Usage record references customer not in subscriptions
U0001627,C00600,2024-05-04,24.0,682.0,270,25,16,1.0,INVALID,Duplicate usage_id
U0002213,C00082,2025-03-10,25.0,1487.0,43,21,26,500.0,INVALID,Duplicate usage_id
U0000251,C00934,2024-10-06,21.0,363.0,994,45,32,2.0,INVALID,Duplicate usage_id; Usage record references customer not in subscriptions
U0003096,C01800,2025-09-07,42.0,673.0,895,64,93,-5.0,INVALID,Duplicate usage_id; Usage record references customer not in subscriptions
U0001562,C01704,2024-06-09,8.0,1878.0,115,62,82,,INVALID,Duplicate usage_id; Usage record references customer not in subscriptions
U0002848,C00834,2025-05-15,9.0,603.0,565,36,61,20.0,INVALID,Duplicate usage_id
U0002892,C01586,2025-10-17,30.0,1574.0,381,56,22,50.0,INVALID,Duplicate usage_id; Usage record references customer not in subscriptions
U0001368,C00633,2025-09-15,1.0,195.0,696,13,3,2.0,INVALID,Duplicate usage_id
U0000644,C00581,2024-03-26,57.0,105.0,53,61,26,20.0,INVALID,Duplicate usage_id
U0000480,C00782,2024-02-09,-34.0,31.0,852,72,82,50.0,INVALID,Duplicate usage_id; Usage record references customer not in subscriptions; Negative login_count
U0001181,C00920,2024-04-04,13.0,1445.0,208,66,96,2.0,INVALID,Duplicate usage_id; Usage record references customer not in subscriptions
U0000029,C01381,2024-03-05,21.0,245.0,806,8,100,2.0,INVALID,Duplicate usage_id; Usage record references customer not in subscriptions
U0000111,C00180,2025-07-27,40.0,1075.0,361,70,45,50.0,INVALID,Duplicate usage_id
U0002123,C00813,2024-04-07,1.0,78.0,490,58,66,50.0,INVALID,Duplicate usage_id; Usage record references customer not in subscriptions
U0000677,C00468,2025-05-31,21.0,409.0,587,61,79,5.0,INVALID,Duplicate usage_id
,C00008,2024-08-02,34.0,1923.0,697,75,13,20.0,INVALID,Missing usage_id; Usage record references customer not in subscriptions
U0003572,C00517,2025-05-03,26.0,,493,36,60,2.0,INVALID,Duplicate usage_id; Usage record references customer not in subscriptions
U0001111,C00321,2025-11-19,34.0,1252.0,374,71,62,-5.0,INVALID,Duplicate usage_id
U0000441,C00356,2024-07-31,17.0,48.0,101,61,58,10.0,INVALID,Duplicate usage_id
U0003505,C01685,2024-05-29,36.0,1437.0,95,51,62,500.0,INVALID,Duplicate usage_id; Usage record references customer not in subscriptions
U0002470,C01683,2025-07-19,26.0,1302.0,449,45,54,500.0,INVALID,Duplicate usage_id
U0003456,C01104,2025-04-28,60.0,1331.0,816,69,25,-5.0,INVALID,Duplicate usage_id; Usage record references customer not in subscriptions
U0002020,C01581,2024-06-07,3.0,,469,34,57,5.0,INVALID,Duplicate usage_id
U0001779,C01523,2024-04-07,41.0,1356.0,54,54,76,100.0,INVALID,Duplicate usage_id; Usage record references customer not in subscriptions
U0000110,C01459,2025-08-27,46.0,215.0,860,39,54,20.0,INVALID,Duplicate usage_id
U0003420,C01308,2025-01-20,58.0,253.0,899,44,50,,INVALID,Duplicate usage_id
U0001902,C00078,2025-12-24,31.0,155.0,588,35,15,,INVALID,Duplicate usage_id; Usage record references customer not in subscriptions
U0000098,C01087,2024-01-29,,1044.0,654,12,91,5.0,INVALID,Duplicate usage_id; Usage record references customer not in subscriptions
U0001368,C00633,2025-09-15,1.0,195.0,696,13,3,2.0,INVALID,Duplicate usage_id
U0001320,C00477,2024-04-11,55.0,1546.0,111,12,48,100.0,INVALID,Duplicate usage_id
U0000843,C00617,2025-02-04,42.0,710.0,442,44,96,500.0,INVALID,Duplicate usage_id; Usage record references customer not in subscriptions
U0003137,C01680,2025-09-30,10.0,500.0,111,19,40,,INVALID,Duplicate usage_id; Usage record references customer not in subscriptions
U0001563,C00375,2024-07-16,36.0,,461,32,13,100.0,INVALID,Duplicate usage_id; Usage record references customer not in subscriptions
U0003105,C00406,2025-10-20,11.0,1068.0,203,44,79,50.0,INVALID,Duplicate usage_id; Usage record references customer not in subscriptions
U0000432,C01125,2025-03-08,1.0,1762.0,902,48,94,,INVALID,Duplicate usage_id; Usage record references customer not in subscriptions
U0002872,C00136,2024-12-21,47.0,810.0,608,73,94,20.0,INVALID,Duplicate usage_id
U0002942,C00265,2024-09-09,33.0,1868.0,166,33,41,10.0,INVALID,Duplicate usage_id; Usage record references customer not in subscriptions
U0002636,C01375,2026-01-20,33.0,1591.0,317,66,94,1.0,INVALID,Duplicate usage_id; Usage record references customer not in subscriptions
U0002880,C00069,2024-08-26,31.0,263.0,301,25,62,100.0,INVALID,Duplicate usage_id
U0000244,C01410,2024-09-21,48.0,573.0,883,44,0,100.0,INVALID,Duplicate usage_id; Usage record references customer not in subscriptions
U0001482,C00110,2025-06-28,-40.0,1278.0,576,9,56,50.0,INVALID,Duplicate usage_id; Negative login_count
U0001027,C01741,2026-01-08,60.0,1378.0,956,36,73,1.0,INVALID,Duplicate usage_id; Usage record references customer not in subscriptions
U0002006,C00606,2025-06-11,51.0,442.0,243,21,31,,INVALID,Duplicate usage_id; Usage record references customer not in subscriptions
U0002140,C01001,2025-05-12,,60.0,924,53,23,100.0,INVALID,Duplicate usage_id
U0003286,C00609,2024-11-13,35.0,922.0,434,25,78,1.0,INVALID,Duplicate usage_id; Usage record references customer not in subscriptions
U0001082,C00278,2025-09-28,31.0,1865.0,613,25,61,5.0,INVALID,Duplicate usage_id; Usage record references customer not in subscriptions
U0002280,C00145,2024-08-31,60.0,-19.0,116,42,54,500.0,INVALID,Duplicate usage_id; Usage record references customer not in subscriptions; Negative active_minutes
,C00583,2025-01-17,17.0,192.0,495,9,73,1.0,INVALID,Missing usage_id; Usage record references customer not in subscriptions
U0000835,C01253,2024-03-10,44.0,,121,9,56,1.0,INVALID,Duplicate usage_id
U0001407,C01588,2025-03-25,23.0,-242.0,662,4,49,50.0,INVALID,Duplicate usage_id; Negative active_minutes
U0000677,C00468,2025-05-31,21.0,409.0,587,61,79,5.0,INVALID,Duplicate usage_id
U0000651,C00555,2025-03-21,32.0,499.0,130,37,81,-5.0,INVALID,Duplicate usage_id
U0000105,C01739,2024-06-20,29.0,481.0,844,19,71,10.0,INVALID,Duplicate usage_id
U0000816,C00479,2025-09-19,-16.0,-43.0,81,30,57,20.0,INVALID,Duplicate usage_id; Usage record references customer not in subscriptions; Negative login_count; Negative active_minutes
U0001499,C00440,2025-10-24,29.0,1069.0,63,16,61,100.0,INVALID,Duplicate usage_id
,C00759,2024-01-17,59.0,167.0,214,33,88,10.0,INVALID,Missing usage_id; Usage record references customer not in subscriptions
U0002301,C00224,2025-06-04,38.0,1555.0,248,75,98,5.0,INVALID,Duplicate usage_id
U0000572,C00579,2025-06-25,51.0,1981.0,55,11,99,1.0,INVALID,Duplicate usage_id
U0001497,C01609,2025-07-10,47.0,433.0,601,36,30,50.0,INVALID,Duplicate usage_id; Usage record references customer not in subscriptions
U0000784,C00435,2024-01-02,42.0,1782.0,752,54,92,5.0,INVALID,Duplicate usage_id
U0002999,C00521,2024-04-02,0.0,1361.0,42,67,12,1.0,INVALID,Duplicate usage_id
U0002641,C01634,2024-02-16,9.0,585.0,231,65,2,2.0,INVALID,Duplicate usage_id
U0000276,C01049,2024-07-29,2.0,,846,13,12,-5.0,INVALID,Duplicate usage_id
U0000178,C01559,2024-06-24,55.0,504.0,848,23,74,1.0,INVALID,Duplicate usage_id; Usage record references customer not in subscriptions
U0000040,C00751,2024-08-07,49.0,717.0,888,56,32,20.0,INVALID,Duplicate usage_id; Usage record references customer not in subscriptions
U0003304,C00421,2025-11-26,-35.0,1701.0,457,6,25,100.0,INVALID,Duplicate usage_id; Negative login_count
U0003226,C00255,2025-04-16,26.0,1235.0,314,76,97,500.0,INVALID,Duplicate usage_id; Usage record references customer not in subscriptions
U0000801,C00086,2024-11-12,-27.0,1049.0,403,78,10,50.0,INVALID,Duplicate usage_id; Usage record references customer not in subscriptions; Negative login_count
U0002323,C00383,2024-10-22,,1546.0,530,74,14,50.0,INVALID,Duplicate usage_id
U0000748,C00787,2025-02-01,37.0,801.0,977,0,18,500.0,INVALID,Duplicate usage_id; Usage record references customer not in subscriptions
U0001577,C00557,2025-10-10,58.0,1422.0,654,69,10,1.0,INVALID,Duplicate usage_id; Usage record references customer not in subscriptions
U0003048,C00354,2024-05-14,49.0,446.0,207,73,18,500.0,INVALID,Duplicate usage_id; Usage record references customer not in subscriptions
U0000536,C01689,2025-08-25,56.0,199.0,576,8,51,1.0,INVALID,Duplicate usage_id
U0002121,C01388,2024-05-11,32.0,818.0,457,39,49,100.0,INVALID,Duplicate usage_id
U0001063,C01744,2024-10-30,34.0,,397,30,50,5.0,INVALID,Duplicate usage_id; Usage record references customer not in subscriptions
U0000733,C01073,2025-03-27,5.0,73.0,996,47,23,50.0,INVALID,Duplicate usage_id; Usage record references customer not in subscriptions
U0002108,C00641,2025-12-10,,141.0,265,45,59,-5.0,INVALID,Duplicate usage_id
U0002365,C00664,2024-08-22,20.0,1583.0,681,32,80,10.0,INVALID,Duplicate usage_id; Usage record references customer not in subscriptions
U0003362,C01036,2025-05-08,26.0,198.0,600,14,17,500.0,INVALID,Duplicate usage_id; Usage record references customer not in subscriptions
U0000372,C01051,2025-12-15,36.0,1350.0,740,72,94,,INVALID,Duplicate usage_id; Usage record references customer not in subscriptions
U0002716,C01764,2025-05-07,41.0,6.0,394,74,39,2.0,INVALID,Duplicate usage_id; Usage record references customer not in subscriptions
U0001206,C01060,2024-04-26,,102.0,619,4,52,50.0,INVALID,Duplicate usage_id; Usage record references customer not in subscriptions
U0001866,C00711,2025-01-15,52.0,1042.0,222,32,51,1.0,INVALID,Duplicate usage_id
U0001558,C01266,2025-12-08,55.0,-131.0,62,47,79,5.0,INVALID,Duplicate usage_id; Usage record references customer not in subscriptions; Negative active_minutes
U0002071,C01105,2025-10-19,-20.0,1846.0,313,30,26,20.0,INVALID,Duplicate usage_id; Negative login_count
U0002301,C00224,2025-06-04,38.0,1555.0,248,75,98,5.0,INVALID,Duplicate usage_id
U0000287,C00715,2024-06-08,35.0,1636.0,243,75,61,1.0,INVALID,Duplicate usage_id; Usage record references customer not in subscriptions
U0001662,C00434,2025-09-09,33.0,-228.0,154,47,63,500.0,INVALID,Duplicate usage_id; Negative active_minutes
U0003220,C01014,2025-10-09,43.0,500.0,956,66,100,500.0,INVALID,Duplicate usage_id; Usage record references customer not in subscriptions
U0003418,C00382,2024-07-30,48.0,1293.0,542,28,28,,INVALID,Duplicate usage_id
U0000932,C01522,2025-05-03,,,395,48,49,-5.0,INVALID,Duplicate usage_id
U0002911,C00593,2025-01-03,34.0,1662.0,510,62,33,10.0,INVALID,Duplicate usage_id
U0000876,C01139,2025-05-21,20.0,1835.0,308,33,12,2.0,INVALID,Duplicate usage_id; Usage record references customer not in subscriptions
U0001746,C00487,2024-04-23,15.0,992.0,963,19,79,1.0,INVALID,Duplicate usage_id; Usage record references customer not in subscriptions
U0000756,C00780,2025-03-26,8.0,1665.0,823,3,75,5.0,INVALID,Duplicate usage_id
U0000197,C01506,2025-01-04,23.0,1862.0,659,78,2,5.0,INVALID,Duplicate usage_id; Usage record references customer not in subscriptions
U0002217,C00089,2024-08-10,10.0,33.0,79,44,9,10.0,INVALID,Duplicate usage_id; Usage record references customer not in subscriptions
U0003232,C00753,2025-10-17,55.0,1848.0,728,3,69,100.0,INVALID,Duplicate usage_id; Usage record references customer not in subscriptions
U0001382,C01781,2024-08-12,55.0,505.0,147,49,0,100.0,INVALID,Duplicate usage_id
U0000887,C01798,2025-07-18,54.0,684.0,954,10,78,2.0,INVALID,Duplicate usage_id; Usage record references customer not in subscriptions
U0000294,C01651,2025-11-20,-24.0,489.0,272,58,48,10.0,INVALID,Duplicate usage_id; Negative login_count
U0002066,C00005,2025-03-02,15.0,804.0,768,21,14,,INVALID,Duplicate usage_id; Usage record references customer not in subscriptions
U0003188,C00669,2024-08-11,24.0,1092.0,887,23,39,500.0,INVALID,Duplicate usage_id
U0001156,C00994,2025-01-20,40.0,1540.0,833,51,88,10.0,INVALID,Duplicate usage_id; Usage record references customer not in subscriptions
U0002820,C00491,2025-09-25,19.0,1508.0,296,48,54,500.0,INVALID,Duplicate usage_id; Usage record references customer not in subscriptions
U0001815,C00682,2024-08-28,60.0,1383.0,516,75,18,2.0,INVALID,Duplicate usage_id; Usage record references customer not in subscriptions
U0003004,C00458,2025-03-22,38.0,1117.0,636,12,23,5.0,INVALID,Duplicate usage_id; Usage record references customer not in subscriptions
U0003387,C01475,2024-02-04,31.0,1816.0,309,53,99,1.0,INVALID,Duplicate usage_id
U0001133,C00609,2024-04-06,,222.0,88,29,96,500.0,INVALID,Duplicate usage_id; Usage record references customer not in subscriptions
U0002039,C01762,2025-12-03,29.0,786.0,908,63,83,500.0,INVALID,Duplicate usage_id; Usage record references customer not in subscriptions
U0000161,C00297,2025-10-16,0.0,782.0,598,56,10,5.0,INVALID,Duplicate usage_id; Usage record references customer not in subscriptions
U0003304,C00421,2025-11-26,-35.0,1701.0,457,6,25,100.0,INVALID,Duplicate usage_id; Negative login_count
,C01737,2024-11-05,33.0,470.0,605,77,88,5.0,INVALID,Missing usage_id; Usage record references customer not in subscriptions
U0000740,C01332,2024-09-11,48.0,1245.0,409,63,71,20.0,INVALID,Duplicate usage_id; Usage record references customer not in subscriptions
U0003483,C00814,2024-04-24,17.0,710.0,392,70,58,500.0,INVALID,Duplicate usage_id; Usage record references customer not in subscriptions
U0000919,C00406,2026-01-28,37.0,783.0,382,18,41,5.0,INVALID,Duplicate usage_id; Usage record references customer not in subscriptions
U0001233,C01429,2024-07-20,,1095.0,851,74,50,50.0,INVALID,Duplicate usage_id
