case_id,customer_id,opened_date,closed_date,priority,case_type,case_status,resolution_hours,csat_score,refund_requested,record_status,status_reason,case_status_norm
CS000001,C00731,2024-10-10,2024-10-30 17:00:00,High,Technical,Open,420.0,1.0,N,INVALID,Support case references customer not in subscriptions,Open
CS000002,C01127,2025-09-10,2025-10-17 09:00:00,Critical,Technical,Escalated,-15.0,0.0,N,INVALID,Negative resolution_hours; CSAT score outside 1-5 range,Escalated
CS000003,C01372,2025-01-09,2025-02-10 03:00:00,High,Data Issue,,-80.0,2.0,N,INVALID,Support case references customer not in subscriptions; Negative resolution_hours; Missing case_status,Nan
CS000004,C01538,2024-03-24,2024-04-23 00:00:00,Critical,Cancellation,Escalated,,3.0,Y,INVALID,Support case references customer not in subscriptions,Escalated
CS000005,C01514,2024-04-29,,High,,Open,-54.0,0.0,N,INVALID,Negative resolution_hours; CSAT score outside 1-5 range,Open
CS000006,C00431,2025-06-05,2025-06-13 23:00:00,Low,,Closed,-48.0,6.0,N,INVALID,Negative resolution_hours; CSAT score outside 1-5 range,Closed
CS000007,C00484,2024-03-14,2024-03-17 19:00:00,Low,Technical,Escalated,,4.0,Y,VALID,No issues detected,Escalated
CS000008,C00147,2025-10-16,2025-11-15 20:00:00,Critical,Cancellation,,,6.0,,INVALID,Support case references customer not in subscriptions; CSAT score outside 1-5 range; Missing case_status,Nan
CS000009,C00464,2026-01-23,,Critical,Cancellation,Pending,-61.0,4.0,Y,INVALID,Support case references customer not in subscriptions; Negative resolution_hours,Pending
CS000010,C01582,2025-01-11,2025-02-05 00:00:00,Medium,Billing,Escalated,-36.0,4.0,N,INVALID,Support case references customer not in subscriptions; Negative resolution_hours,Escalated
CS000011,C01466,2025-10-04,2025-10-21 00:00:00,Critical,Cancellation,Open,,1.0,Y,INVALID,Support case references customer not in subscriptions,Open
CS000012,C00537,2024-04-14,,,Data Issue,Closed,878.0,1.0,Y,INVALID,Support case references customer not in subscriptions; Closed case missing closure date/resolution hours,Closed
CS000013,C01672,2025-08-05,2025-09-02 12:00:00,Critical,Cancellation,Pending,774.0,2.0,,INVALID,Support case references customer not in subscriptions,Pending
,C00989,2024-11-15,2024-11-08 00:00:00,Medium,Access,Closed,-64.0,3.0,,INVALID,Missing case_id; Support case references customer not in subscriptions; Closed date earlier than opened date; Negative resolution_hours,Closed
,C01321,2025-09-22,2025-10-25 11:00:00,,,Escalated,122.0,1.0,,INVALID,Missing case_id; Support case references customer not in subscriptions,Escalated
CS000016,C01630,2025-04-11,2025-04-18 01:00:00,Low,Access,Escalated,613.0,,,INVALID,Support case references customer not in subscriptions,Escalated
CS000017,C01597,2025-09-29,2025-10-11 01:00:00,Critical,,Escalated,,2.0,,VALID,No issues detected,Escalated
CS000018,C00932,2024-02-20,2024-03-01 05:00:00,Medium,Data Issue,Escalated,-84.0,0.0,N,INVALID,Support case references customer not in subscriptions; Negative resolution_hours; CSAT score outside 1-5 range,Escalated
CS000019,C00350,2025-07-21,2025-07-31 09:00:00,Low,Billing,Open,,6.0,N,INVALID,Support case references customer not in subscriptions; CSAT score outside 1-5 range,Open
CS000020,C00605,2025-06-06,2025-06-02 00:00:00,Medium,Cancellation,Closed,463.0,1.0,N,INVALID,Support case references customer not in subscriptions; Closed date earlier than opened date,Closed
,C00089,2025-01-19,2025-01-29 08:00:00,Low,Billing,Open,-55.0,5.0,N,INVALID,Missing case_id; Support case references customer not in subscriptions; Negative resolution_hours,Open
CS000022,C01159,2025-06-22,2025-07-30 02:00:00,High,Cancellation,Escalated,302.0,6.0,Y,INVALID,Support case references customer not in subscriptions; CSAT score outside 1-5 range,Escalated
CS000023,C01488,2024-02-12,2024-02-19 03:00:00,High,Access,Escalated,85.0,2.0,,INVALID,Support case references customer not in subscriptions,Escalated
,C01621,2024-04-07,2024-04-24 01:00:00,Medium,,Escalated,,1.0,,INVALID,Missing case_id; Support case references customer not in subscriptions,Escalated
CS000025,C00755,2025-05-31,2025-05-31 16:00:00,Critical,Billing,Closed,-25.0,5.0,N,INVALID,Support case references customer not in subscriptions; Negative resolution_hours,Closed
CS000026,C01771,2024-10-07,2024-10-28 06:00:00,,Access,Closed,-34.0,5.0,N,INVALID,Support case references customer not in subscriptions; Negative resolution_hours,Closed
CS000027,C01115,2025-04-09,,,Technical,Open,,5.0,Y,INVALID,Support case references customer not in subscriptions,Open
CS000028,C01207,2025-05-28,2025-05-21 00:00:00,,Technical,Open,-53.0,,N,INVALID,Closed date earlier than opened date; Negative resolution_hours,Open
,C01684,2024-07-12,2024-08-13 22:00:00,Critical,,,,6.0,Y,INVALID,Missing case_id; Support case references customer not in subscriptions; CSAT score outside 1-5 range; Missing case_status,Nan
CS000030,C01402,2025-05-07,2025-06-11 08:00:00,Critical,Access,Pending,-68.0,5.0,,INVALID,Support case references customer not in subscriptions; Negative resolution_hours,Pending
CS000031,C00809,2026-01-05,2026-02-04 19:00:00,,Billing,Escalated,476.0,1.0,N,VALID,No issues detected,Escalated
CS000032,C01555,2025-06-13,2025-07-10 22:00:00,,,Escalated,-9.0,1.0,,INVALID,Support case references customer not in subscriptions; Negative resolution_hours,Escalated
CS000033,C00636,2025-12-11,2025-12-24 19:00:00,,Billing,,,7.0,N,INVALID,Support case references customer not in subscriptions; CSAT score outside 1-5 range; Missing case_status,Nan
CS000034,C00764,2024-01-25,2024-02-26 00:00:00,,Cancellation,Escalated,690.0,6.0,N,INVALID,CSAT score outside 1-5 range,Escalated
CS000035,C00633,2024-04-13,2024-04-20 00:00:00,Medium,Data Issue,Open,,2.0,N,VALID,No issues detected,Open
CS000036,C00330,2025-10-10,2025-10-10 02:00:00,High,Access,Pending,208.0,3.0,Y,VALID,No issues detected,Pending
CS000037,C01139,2025-04-08,2025-04-18 01:00:00,Low,Data Issue,Escalated,-21.0,6.0,,INVALID,Support case references customer not in subscriptions; Negative resolution_hours; CSAT score outside 1-5 range,Escalated
CS000038,C01301,2024-09-07,,,Cancellation,,558.0,4.0,,SUSPICIOUS,Missing case_status,Nan
CS000039,C00362,2024-08-26,2024-09-24 20:00:00,,,Open,785.0,1.0,,INVALID,Support case references customer not in subscriptions,Open
CS000040,C00997,2024-04-14,2024-05-03 18:00:00,,Access,,,3.0,N,INVALID,Support case references customer not in subscriptions; Missing case_status,Nan
CS000041,C01713,2024-02-26,2024-04-05 04:00:00,,,Pending,992.0,7.0,Y,INVALID,CSAT score outside 1-5 range,Pending
CS000042,C00704,2024-01-06,,,Cancellation,Closed,667.0,5.0,N,INVALID,Closed case missing closure date/resolution hours,Closed
CS000043,C00692,2024-10-31,2024-11-03 21:00:00,Critical,Data Issue,Escalated,-62.0,3.0,Y,INVALID,Support case references customer not in subscriptions; Negative resolution_hours,Escalated
CS000044,C01604,2025-08-05,2025-09-12 05:00:00,High,Cancellation,Escalated,720.0,5.0,N,VALID,No issues detected,Escalated
CS000045,C01141,2024-11-26,2024-11-27 13:00:00,Medium,Access,Closed,,,Y,INVALID,Support case references customer not in subscriptions; Closed case missing closure date/resolution hours,Closed
CS000046,C01051,2024-12-29,2025-01-31 01:00:00,Medium,Cancellation,Closed,154.0,4.0,Y,INVALID,Support case references customer not in subscriptions,Closed
CS000047,C00111,2025-03-24,2025-03-26 14:00:00,Low,Billing,Open,-14.0,4.0,Y,INVALID,Support case references customer not in subscriptions; Negative resolution_hours,Open
CS000048,C01772,2024-01-12,2024-01-25 22:00:00,,Technical,Closed,774.0,4.0,Y,INVALID,Support case references customer not in subscriptions,Closed
CS000049,C01231,2025-02-15,2025-02-26 22:00:00,High,,Escalated,689.0,5.0,,VALID,No issues detected,Escalated
CS000050,C00755,2024-04-15,2024-04-27 12:00:00,,,Escalated,123.0,3.0,,INVALID,Support case references customer not in subscriptions,Escalated
CS000051,C00959,2024-05-20,2024-05-25 04:00:00,Medium,Access,,-4.0,7.0,N,INVALID,Support case references customer not in subscriptions; Negative resolution_hours; CSAT score outside 1-5 range; Missing case_status,Nan
CS000052,C00054,2025-11-21,2025-12-29 09:00:00,Critical,,Escalated,-44.0,4.0,Y,INVALID,Support case references customer not in subscriptions; Negative resolution_hours,Escalated
CS000053,C01631,2025-09-17,2025-09-30 19:00:00,Low,Billing,,,6.0,Y,INVALID,CSAT score outside 1-5 range; Missing case_status,Nan
CS000054,C00127,2025-02-01,2025-02-11 06:00:00,Critical,,Closed,172.0,2.0,,INVALID,Support case references customer not in subscriptions,Closed
CS000055,C01303,2024-09-07,2024-09-30 03:00:00,Critical,Technical,Escalated,,3.0,Y,VALID,No issues detected,Escalated
CS000056,C00311,2024-06-20,2024-07-26 09:00:00,Medium,,,,7.0,N,INVALID,Support case references customer not in subscriptions; CSAT score outside 1-5 range; Missing case_status,Nan
CS000057,C00354,2024-10-06,2024-11-06 09:00:00,Low,Data Issue,Open,-89.0,1.0,Y,INVALID,Support case references customer not in subscriptions; Negative resolution_hours,Open
CS000058,C00226,2024-02-10,2024-03-02 10:00:00,High,,Open,,1.0,Y,INVALID,Support case references customer not in subscriptions,Open
CS000059,C01530,2024-01-17,2024-01-30 08:00:00,Medium,Technical,Escalated,152.0,0.0,,INVALID,Support case references customer not in subscriptions; CSAT score outside 1-5 range,Escalated
CS000060,C00465,2025-12-23,2026-01-28 19:00:00,,Access,Escalated,-47.0,6.0,N,INVALID,Negative resolution_hours; CSAT score outside 1-5 range,Escalated
CS000061,C00931,2025-03-13,2025-04-15 00:00:00,Medium,Access,,-50.0,1.0,N,INVALID,Support case references customer not in subscriptions; Negative resolution_hours; Missing case_status,Nan
CS000062,C01140,2024-09-05,2024-10-05 15:00:00,Medium,Access,Escalated,,5.0,Y,VALID,No issues detected,Escalated
CS000063,C01150,2024-10-05,,,Billing,Closed,893.0,3.0,N,INVALID,Closed case missing closure date/resolution hours,Closed
CS000064,C00757,2024-03-23,2024-04-18 20:00:00,High,Access,Open,,,N,VALID,No issues detected,Open
CS000065,C01662,2024-08-05,2024-08-17 23:00:00,Critical,,Open,,6.0,N,INVALID,Support case references customer not in subscriptions; CSAT score outside 1-5 range,Open
CS000066,C01287,2024-12-05,,High,Access,Closed,134.0,3.0,,INVALID,Closed case missing closure date/resolution hours,Closed
CS000067,C01162,2025-09-30,2025-10-09 06:00:00,Critical,Access,Open,-78.0,2.0,,INVALID,Negative resolution_hours,Open
CS000068,C00053,2024-04-18,2024-05-26 13:00:00,Critical,,Open,,0.0,N,INVALID,CSAT score outside 1-5 range,Open
CS000069,C00544,2024-01-16,2024-02-07 10:00:00,Medium,,Closed,-3.0,5.0,N,INVALID,Negative resolution_hours,Closed
CS000070,C01377,2024-02-16,2024-03-15 21:00:00,Low,Data Issue,Closed,605.0,5.0,Y,VALID,No issues detected,Closed
CS000071,C00605,2025-01-09,2025-01-11 16:00:00,,Billing,Pending,530.0,6.0,Y,INVALID,Support case references customer not in subscriptions; CSAT score outside 1-5 range,Pending
CS000072,C01328,2025-01-25,2025-02-23 07:00:00,,Technical,Escalated,391.0,,,INVALID,Support case references customer not in subscriptions,Escalated
CS000073,C00364,2025-01-20,2025-02-05 19:00:00,,Data Issue,Closed,,5.0,Y,INVALID,Closed case missing closure date/resolution hours,Closed
CS000074,C00406,2025-10-14,2025-11-04 17:00:00,Medium,Billing,Open,-29.0,,N,INVALID,Support case references customer not in subscriptions; Negative resolution_hours,Open
CS000075,C00524,2024-02-14,2024-02-28 06:00:00,,Billing,,,5.0,,INVALID,Support case references customer not in subscriptions; Missing case_status,Nan
,C01223,2025-01-29,2025-02-11 19:00:00,Critical,Technical,Escalated,,5.0,N,INVALID,Missing case_id; Support case references customer not in subscriptions,Escalated
CS000077,C01682,2025-04-12,2025-05-06 19:00:00,High,Data Issue,Open,31.0,3.0,,INVALID,Support case references customer not in subscriptions,Open
CS000078,C00387,2025-07-17,2025-08-03 20:00:00,Critical,,,-38.0,,,INVALID,Support case references customer not in subscriptions; Negative resolution_hours; Missing case_status,Nan
CS000079,C01464,2026-01-23,2026-02-03 13:00:00,Critical,Cancellation,Pending,,5.0,,VALID,No issues detected,Pending
CS000080,C00352,2025-07-25,2025-08-11 08:00:00,Low,Billing,Pending,-56.0,7.0,Y,INVALID,Negative resolution_hours; CSAT score outside 1-5 range,Pending
CS000081,C01236,2025-12-02,2025-12-15 02:00:00,,Data Issue,,,,Y,INVALID,Support case references customer not in subscriptions; Missing case_status,Nan
CS000082,C01717,2024-09-26,2024-09-28 16:00:00,High,Cancellation,Closed,,2.0,N,INVALID,Closed case missing closure date/resolution hours,Closed
CS000083,C00463,2025-09-18,2025-10-19 20:00:00,Critical,,Escalated,,0.0,N,INVALID,CSAT score outside 1-5 range,Escalated
CS000084,C00299,2024-06-01,2024-06-08 09:00:00,,Access,Open,422.0,7.0,,INVALID,Support case references customer not in subscriptions; CSAT score outside 1-5 range,Open
,C01643,2025-01-14,2025-01-26 01:00:00,Medium,Technical,Pending,-89.0,0.0,,INVALID,Missing case_id; Support case references customer not in subscriptions; Negative resolution_hours; CSAT score outside 1-5 range,Pending
CS000086,C00474,2025-01-25,2025-02-10 15:00:00,Medium,Access,,-52.0,7.0,,INVALID,Support case references customer not in subscriptions; Negative resolution_hours; CSAT score outside 1-5 range; Missing case_status,Nan
CS000087,C00214,2024-06-06,2024-06-30 19:00:00,Low,Data Issue,Pending,,7.0,N,INVALID,Support case references customer not in subscriptions; CSAT score outside 1-5 range,Pending
CS000088,C00041,2025-07-07,2025-07-20 14:00:00,Low,Access,Closed,652.0,4.0,,INVALID,Support case references customer not in subscriptions,Closed
CS000089,C00492,2024-05-07,,Low,Access,Closed,-28.0,5.0,,INVALID,Negative resolution_hours; Closed case missing closure date/resolution hours,Closed
CS000090,C00987,2024-10-22,2024-10-21 00:00:00,Critical,Technical,Open,,,N,INVALID,Support case references customer not in subscriptions; Closed date earlier than opened date,Open
CS000091,C01444,2024-02-27,2024-03-16 20:00:00,Critical,,Escalated,345.0,7.0,Y,INVALID,CSAT score outside 1-5 range,Escalated
CS000092,C00782,2025-08-22,2025-08-27 07:00:00,High,Access,Closed,,7.0,,INVALID,Support case references customer not in subscriptions; CSAT score outside 1-5 range; Closed case missing closure date/resolution hours,Closed
CS000093,C00160,2024-08-20,2024-09-17 03:00:00,Medium,Technical,Open,,3.0,,INVALID,Support case references customer not in subscriptions,Open
CS000094,C01546,2024-06-03,2024-07-09 11:00:00,High,,Pending,,2.0,Y,INVALID,Support case references customer not in subscriptions,Pending
CS000095,C01285,2024-08-28,2024-08-20 00:00:00,Low,Data Issue,Open,206.0,4.0,,INVALID,Closed date earlier than opened date,Open
CS000096,C01664,2025-06-16,2025-07-17 14:00:00,Critical,Access,Pending,,,N,INVALID,Support case references customer not in subscriptions,Pending
CS000097,C00799,2025-12-21,2026-01-02 11:00:00,,,Closed,-50.0,3.0,Y,INVALID,Support case references customer not in subscriptions; Negative resolution_hours,Closed
CS000098,C00237,2024-04-08,2024-05-04 11:00:00,Critical,Technical,Escalated,,2.0,,VALID,No issues detected,Escalated
CS000099,C00667,2025-02-24,2025-03-20 12:00:00,High,Billing,Open,,4.0,Y,INVALID,Support case references customer not in subscriptions,Open
CS000100,C01231,2024-01-06,2024-01-03 00:00:00,Low,Cancellation,Open,-85.0,3.0,,INVALID,Closed date earlier than opened date; Negative resolution_hours,Open
CS000101,C00150,2024-07-20,2024-07-16 00:00:00,Medium,Cancellation,Escalated,-52.0,4.0,,INVALID,Support case references customer not in subscriptions; Closed date earlier than opened date; Negative resolution_hours,Escalated
CS000102,C01391,2025-01-10,2025-02-05 04:00:00,Medium,Technical,Pending,-31.0,7.0,Y,INVALID,Support case references customer not in subscriptions; Negative resolution_hours; CSAT score outside 1-5 range,Pending
,C01773,2024-01-12,2024-02-19 14:00:00,,Cancellation,Closed,,3.0,,INVALID,Missing case_id; Closed case missing closure date/resolution hours,Closed
CS000104,C00964,2025-01-10,2025-02-10 13:00:00,,Cancellation,Open,-87.0,4.0,,INVALID,Support case references customer not in subscriptions; Negative resolution_hours,Open
CS000105,C00822,2026-01-10,2026-01-16 16:00:00,Medium,Technical,Escalated,502.0,2.0,,VALID,No issues detected,Escalated
CS000106,C00323,2025-07-17,2025-08-22 13:00:00,Critical,Technical,,553.0,2.0,Y,SUSPICIOUS,Missing case_status,Nan
CS000107,C00362,2024-12-04,,Medium,Access,,-42.0,5.0,,INVALID,Support case references customer not in subscriptions; Negative resolution_hours; Missing case_status,Nan
CS000108,C01109,2025-01-13,2025-02-06 17:00:00,Critical,Cancellation,Escalated,-22.0,,N,INVALID,Support case references customer not in subscriptions; Negative resolution_hours,Escalated
CS000109,C01461,2024-12-09,,Low,Cancellation,Escalated,,,N,INVALID,Support case references customer not in subscriptions,Escalated
CS000110,C01652,2025-10-17,2025-11-09 22:00:00,High,Access,,806.0,0.0,N,INVALID,Support case references customer not in subscriptions; CSAT score outside 1-5 range; Missing case_status,Nan
,C01264,2024-02-09,2024-03-15 22:00:00,Critical,Access,Open,,2.0,,INVALID,Missing case_id; Support case references customer not in subscriptions,Open
CS000112,C00380,2024-06-13,,Low,Billing,Pending,-18.0,7.0,N,INVALID,Support case references customer not in subscriptions; Negative resolution_hours; CSAT score outside 1-5 range,Pending
CS000113,C00552,2025-01-04,2025-01-31 17:00:00,Low,Technical,Open,324.0,5.0,,INVALID,Support case references customer not in subscriptions,Open
CS000114,C00922,2025-03-08,2025-04-10 15:00:00,Medium,Billing,Open,752.0,1.0,,VALID,No issues detected,Open
CS000115,C00311,2025-05-06,2025-06-02 11:00:00,High,Access,Open,,0.0,,INVALID,Support case references customer not in subscriptions; CSAT score outside 1-5 range,Open
CS000116,C00094,2025-08-04,2025-08-07 06:00:00,Medium,Technical,Open,-16.0,3.0,,INVALID,Support case references customer not in subscriptions; Negative resolution_hours,Open
CS000117,C00469,2024-04-26,2024-06-01 12:00:00,Low,,,-38.0,0.0,N,INVALID,Support case references customer not in subscriptions; Negative resolution_hours; CSAT score outside 1-5 range; Missing case_status,Nan
CS000118,C00836,2025-11-08,2025-12-04 11:00:00,High,Billing,Open,216.0,5.0,,INVALID,Support case references customer not in subscriptions,Open
CS000119,C00946,2025-01-11,2025-01-20 23:00:00,Critical,Data Issue,Escalated,747.0,,N,VALID,No issues detected,Escalated
CS000120,C01288,2024-08-21,2024-08-26 17:00:00,High,,Closed,-14.0,3.0,,INVALID,Negative resolution_hours,Closed
CS000121,C00548,2024-11-10,2024-12-07 20:00:00,High,,,,0.0,N,INVALID,Support case references customer not in subscriptions; CSAT score outside 1-5 range; Missing case_status,Nan
CS000122,C01123,2026-01-14,2026-01-07 00:00:00,Low,Technical,Open,-76.0,2.0,Y,INVALID,Support case references customer not in subscriptions; Closed date earlier than opened date; Negative resolution_hours,Open
CS000123,C01418,2024-10-18,2024-10-27 08:00:00,Medium,Cancellation,Open,,4.0,Y,VALID,No issues detected,Open
CS000124,C00489,2024-12-30,2025-02-06 22:00:00,Low,Billing,Open,,7.0,,INVALID,Support case references customer not in subscriptions; CSAT score outside 1-5 range,Open
CS000125,C01079,2025-04-12,2025-04-12 03:00:00,Low,Cancellation,Open,-67.0,7.0,N,INVALID,Support case references customer not in subscriptions; Negative resolution_hours; CSAT score outside 1-5 range,Open
CS000126,C01621,2024-11-14,2024-11-14 07:00:00,Medium,Access,Pending,,4.0,,INVALID,Support case references customer not in subscriptions,Pending
CS000127,C00739,2025-05-05,2025-04-26 00:00:00,,Cancellation,Escalated,947.0,3.0,Y,INVALID,Support case references customer not in subscriptions; Closed date earlier than opened date,Escalated
,C01290,2024-12-30,2024-12-30 18:00:00,,Billing,,,1.0,N,INVALID,Missing case_id; Support case references customer not in subscriptions; Missing case_status,Nan
,C00058,2024-04-09,2024-05-04 20:00:00,,Technical,Closed,631.0,0.0,N,INVALID,Missing case_id; Support case references customer not in subscriptions; CSAT score outside 1-5 range,Closed
CS000130,C01691,2024-01-08,2024-02-04 16:00:00,Critical,Cancellation,,696.0,0.0,N,INVALID,CSAT score outside 1-5 range; Missing case_status,Nan
CS000131,C00922,2024-02-16,2024-02-27 05:00:00,Medium,Billing,Escalated,,1.0,Y,VALID,No issues detected,Escalated
CS000132,C00012,2025-01-01,2025-01-31 06:00:00,,Cancellation,Escalated,-77.0,1.0,,INVALID,Support case references customer not in subscriptions; Negative resolution_hours,Escalated
CS000133,C00670,2026-01-12,2026-01-04 00:00:00,Low,,Open,,2.0,Y,INVALID,Support case references customer not in subscriptions; Closed date earlier than opened date,Open
CS000134,C00070,2025-05-21,2025-05-15 00:00:00,Critical,Billing,Open,182.0,5.0,,INVALID,Support case references customer not in subscriptions; Closed date earlier than opened date,Open
CS000135,C00226,2024-12-31,2025-01-31 03:00:00,,Access,Escalated,,,Y,INVALID,Support case references customer not in subscriptions,Escalated
CS000136,C01495,2024-01-04,2024-01-06 10:00:00,Critical,Billing,,-30.0,6.0,N,INVALID,Negative resolution_hours; CSAT score outside 1-5 range; Missing case_status,Nan
CS000137,C00948,2024-04-11,2024-05-04 16:00:00,,Data Issue,Open,566.0,0.0,N,INVALID,Support case references customer not in subscriptions; CSAT score outside 1-5 range,Open
CS000138,C01247,2025-07-25,2025-09-01 06:00:00,Medium,Data Issue,Closed,,2.0,N,INVALID,Support case references customer not in subscriptions; Closed case missing closure date/resolution hours,Closed
CS000139,C00884,2025-07-25,2025-07-26 13:00:00,Medium,Billing,Escalated,287.0,0.0,,INVALID,CSAT score outside 1-5 range,Escalated
CS000140,C01033,2025-09-30,2025-09-24 00:00:00,Medium,Data Issue,Open,,2.0,Y,INVALID,Support case references customer not in subscriptions; Closed date earlier than opened date,Open
CS000141,C00550,2024-10-26,2024-11-28 19:00:00,High,,Open,491.0,,,VALID,No issues detected,Open
CS000142,C01218,2026-01-18,2026-02-24 04:00:00,Low,Access,Pending,,1.0,N,INVALID,Support case references customer not in subscriptions,Pending
CS000143,C01546,2025-01-04,2025-01-21 13:00:00,Low,,Escalated,104.0,3.0,,INVALID,Support case references customer not in subscriptions,Escalated
CS000144,C01539,2024-01-24,2024-01-14 00:00:00,,,,-2.0,4.0,Y,INVALID,Closed date earlier than opened date; Negative resolution_hours; Missing case_status,Nan
CS000145,C01228,2025-05-14,2025-06-22 03:00:00,Critical,Access,,110.0,6.0,,INVALID,Support case references customer not in subscriptions; CSAT score outside 1-5 range; Missing case_status,Nan
CS000146,C01699,2025-05-17,2025-06-23 18:00:00,Critical,Billing,Pending,-74.0,6.0,Y,INVALID,Negative resolution_hours; CSAT score outside 1-5 range,Pending
CS000147,C01021,2024-07-28,2024-08-06 06:00:00,Critical,Data Issue,Open,-85.0,0.0,Y,INVALID,Support case references customer not in subscriptions; Negative resolution_hours; CSAT score outside 1-5 range,Open
CS000148,C00056,2025-05-31,,High,Data Issue,,-13.0,1.0,N,INVALID,Negative resolution_hours; Missing case_status,Nan
CS000149,C00612,2024-04-17,2024-04-27 10:00:00,High,Billing,Escalated,,2.0,N,INVALID,Support case references customer not in subscriptions,Escalated
CS000150,C00244,2025-11-29,2025-12-15 19:00:00,,Cancellation,,,2.0,Y,INVALID,Support case references customer not in subscriptions; Missing case_status,Nan
CS000151,C01273,2025-10-29,2025-11-24 07:00:00,Low,Technical,Pending,681.0,4.0,Y,INVALID,Support case references customer not in subscriptions,Pending
CS000152,C00005,2025-03-22,2025-04-17 20:00:00,High,Cancellation,,60.0,4.0,N,INVALID,Support case references customer not in subscriptions; Missing case_status,Nan
CS000153,C00322,2025-01-29,,High,Data Issue,Open,-91.0,6.0,,INVALID,Support case references customer not in subscriptions; Negative resolution_hours; CSAT score outside 1-5 range,Open
CS000154,C00032,2024-11-21,2024-12-23 03:00:00,,Technical,Pending,,6.0,N,INVALID,CSAT score outside 1-5 range,Pending
CS000155,C01743,2025-11-09,2025-11-29 07:00:00,Medium,Technical,Closed,-35.0,5.0,N,INVALID,Negative resolution_hours,Closed
CS000156,C01464,2024-01-13,,Medium,Technical,Pending,-29.0,7.0,N,INVALID,Negative resolution_hours; CSAT score outside 1-5 range,Pending
CS000157,C00767,2025-08-08,2025-08-16 21:00:00,,Cancellation,Open,-21.0,0.0,Y,INVALID,Support case references customer not in subscriptions; Negative resolution_hours; CSAT score outside 1-5 range,Open
CS000158,C01496,2025-05-24,2025-06-14 10:00:00,Low,Technical,Escalated,121.0,2.0,N,INVALID,Support case references customer not in subscriptions,Escalated
CS000159,C00514,2026-01-29,2026-02-18 06:00:00,Critical,Data Issue,Open,778.0,0.0,N,INVALID,Support case references customer not in subscriptions; CSAT score outside 1-5 range,Open
CS000160,C00680,2025-11-26,2025-12-27 03:00:00,Low,Data Issue,Pending,-68.0,0.0,N,INVALID,Negative resolution_hours; CSAT score outside 1-5 range,Pending
CS000161,C00111,2024-08-30,2024-09-08 13:00:00,,,Open,-8.0,7.0,Y,INVALID,Support case references customer not in subscriptions; Negative resolution_hours; CSAT score outside 1-5 range,Open
CS000162,C00150,2025-03-11,2025-03-12 19:00:00,,Cancellation,Open,-46.0,2.0,N,INVALID,Support case references customer not in subscriptions; Negative resolution_hours,Open
CS000163,C00172,2024-02-17,2024-02-21 12:00:00,Medium,Access,Closed,,3.0,Y,INVALID,Closed case missing closure date/resolution hours,Closed
CS000164,C01208,2024-03-17,2024-03-30 15:00:00,Critical,Data Issue,Pending,,4.0,N,VALID,No issues detected,Pending
CS000165,C01470,2024-04-04,2024-04-27 15:00:00,Critical,Access,Pending,-56.0,2.0,Y,INVALID,Negative resolution_hours,Pending
CS000166,C01587,2025-12-23,2025-12-19 00:00:00,Medium,Data Issue,,,,Y,INVALID,Support case references customer not in subscriptions; Closed date earlier than opened date; Missing case_status,Nan
CS000167,C01249,2024-10-17,2024-11-12 20:00:00,High,Access,Pending,33.0,2.0,N,INVALID,Support case references customer not in subscriptions,Pending
CS000168,C01609,2024-01-04,2024-02-01 07:00:00,Low,Data Issue,Closed,,6.0,Y,INVALID,Support case references customer not in subscriptions; CSAT score outside 1-5 range; Closed case missing closure date/resolution hours,Closed
CS000169,C00253,2024-05-03,2024-05-08 04:00:00,Medium,Access,Closed,834.0,4.0,N,VALID,No issues detected,Closed
CS000170,C01314,2025-08-12,2025-08-15 11:00:00,Medium,Access,,-32.0,,Y,INVALID,Support case references customer not in subscriptions; Negative resolution_hours; Missing case_status,Nan
CS000171,C00477,2024-11-06,2024-12-15 23:00:00,High,Technical,Open,-77.0,7.0,,INVALID,Negative resolution_hours; CSAT score outside 1-5 range,Open
CS000172,C01487,2025-02-09,2025-02-17 08:00:00,,Data Issue,Pending,,7.0,Y,INVALID,Support case references customer not in subscriptions; CSAT score outside 1-5 range,Pending
CS000173,C00529,2024-11-19,2024-12-15 18:00:00,Low,Technical,Open,-90.0,7.0,,INVALID,Negative resolution_hours; CSAT score outside 1-5 range,Open
CS000174,C00658,2025-06-22,2025-07-22 00:00:00,High,Billing,Escalated,622.0,4.0,N,INVALID,Support case references customer not in subscriptions,Escalated
CS000175,C00579,2025-05-07,,High,Cancellation,Pending,622.0,,N,VALID,No issues detected,Pending
CS000176,C00427,2024-07-11,2024-07-06 00:00:00,,Cancellation,Open,,2.0,Y,INVALID,Support case references customer not in subscriptions; Closed date earlier than opened date,Open
CS000177,C01063,2026-01-15,2026-02-04 05:00:00,High,,Pending,,1.0,N,INVALID,Support case references customer not in subscriptions,Pending
CS000178,C01218,2025-05-05,2025-06-05 20:00:00,Critical,Cancellation,,687.0,5.0,N,INVALID,Support case references customer not in subscriptions; Missing case_status,Nan
CS000179,C00748,2024-06-29,2024-07-02 06:00:00,Critical,Data Issue,Closed,-74.0,6.0,N,INVALID,Negative resolution_hours; CSAT score outside 1-5 range,Closed
CS000180,C00570,2024-08-01,2024-08-07 15:00:00,,Billing,,,7.0,,INVALID,Support case references customer not in subscriptions; CSAT score outside 1-5 range; Missing case_status,Nan
,C00212,2025-06-11,2025-06-19 21:00:00,,Data Issue,Open,-90.0,5.0,,INVALID,Missing case_id; Support case references customer not in subscriptions; Negative resolution_hours,Open
,C00265,2024-07-31,2024-08-05 14:00:00,Medium,,Escalated,-78.0,5.0,,INVALID,Missing case_id; Support case references customer not in subscriptions; Negative resolution_hours,Escalated
CS000183,C01152,2024-02-11,2024-03-08 19:00:00,Medium,Cancellation,Pending,,,,INVALID,Support case references customer not in subscriptions,Pending
CS000184,C00921,2025-06-17,2025-07-18 04:00:00,Low,Billing,Pending,,4.0,Y,VALID,No issues detected,Pending
CS000185,C00468,2026-01-16,2026-02-05 15:00:00,Low,Cancellation,Escalated,-52.0,1.0,Y,INVALID,Negative resolution_hours,Escalated
CS000186,C00943,2025-06-28,2025-07-29 04:00:00,,Cancellation,,,0.0,Y,INVALID,CSAT score outside 1-5 range; Missing case_status,Nan
CS000187,C00675,2024-08-17,,Medium,Billing,Open,,,Y,VALID,No issues detected,Open
CS000188,C00284,2025-12-02,2025-11-30 00:00:00,Low,Data Issue,Closed,-43.0,4.0,Y,INVALID,Support case references customer not in subscriptions; Closed date earlier than opened date; Negative resolution_hours,Closed
CS000189,C01712,2025-05-11,2025-05-11 06:00:00,,Cancellation,Escalated,919.0,6.0,N,INVALID,Support case references customer not in subscriptions; CSAT score outside 1-5 range,Escalated
CS000190,C00293,2024-10-20,2024-11-01 12:00:00,Low,Cancellation,Closed,,3.0,N,INVALID,Support case references customer not in subscriptions; Closed case missing closure date/resolution hours,Closed
CS000191,C00110,2024-08-29,2024-09-17 20:00:00,High,Cancellation,Open,-39.0,4.0,,INVALID,Negative resolution_hours,Open
CS000192,C01045,2024-02-21,2024-03-09 20:00:00,Low,Billing,Escalated,-93.0,4.0,,INVALID,Negative resolution_hours,Escalated
CS000193,C00097,2024-11-11,2024-11-07 00:00:00,Low,Data Issue,Pending,-82.0,3.0,Y,INVALID,Support case references customer not in subscriptions; Closed date earlier than opened date; Negative resolution_hours,Pending
CS000194,C00471,2025-10-04,2025-10-11 08:00:00,,,Escalated,-41.0,6.0,N,INVALID,Negative resolution_hours; CSAT score outside 1-5 range,Escalated
CS000195,C01129,2025-05-24,2025-06-21 02:00:00,Low,Billing,Open,-14.0,2.0,N,INVALID,Support case references customer not in subscriptions; Negative resolution_hours,Open
CS000196,C00150,2025-08-11,2025-09-19 20:00:00,Critical,Cancellation,Closed,-7.0,3.0,N,INVALID,Support case references customer not in subscriptions; Negative resolution_hours,Closed
CS000197,C01516,2025-09-10,2025-09-15 17:00:00,,Access,,96.0,7.0,,INVALID,Support case references customer not in subscriptions; CSAT score outside 1-5 range; Missing case_status,Nan
CS000198,C01613,2025-04-20,,High,Technical,Closed,131.0,3.0,N,INVALID,Support case references customer not in subscriptions; Closed case missing closure date/resolution hours,Closed
,C01053,2024-08-10,2024-09-07 01:00:00,Critical,Technical,Closed,,7.0,N,INVALID,Missing case_id; Support case references customer not in subscriptions; CSAT score outside 1-5 range; Closed case missing closure date/resolution hours,Closed
CS000200,C01144,2025-12-09,2026-01-09 21:00:00,Medium,Cancellation,Pending,,7.0,,INVALID,Support case references customer not in subscriptions; CSAT score outside 1-5 range,Pending
,C00108,2026-01-30,2026-02-15 14:00:00,Medium,Data Issue,Pending,,7.0,N,INVALID,Missing case_id; CSAT score outside 1-5 range,Pending
CS000202,C00979,2026-01-10,2026-01-16 12:00:00,,Billing,Pending,859.0,2.0,N,INVALID,Support case references customer not in subscriptions,Pending
CS000203,C00814,2025-02-04,2025-03-02 15:00:00,Critical,Data Issue,Escalated,,2.0,N,INVALID,Support case references customer not in subscriptions,Escalated
CS000204,C00423,2024-08-18,,Critical,Access,Closed,-80.0,2.0,N,INVALID,Support case references customer not in subscriptions; Negative resolution_hours; Closed case missing closure date/resolution hours,Closed
CS000205,C01083,2024-04-29,2024-06-05 18:00:00,,,Closed,,7.0,,INVALID,CSAT score outside 1-5 range; Closed case missing closure date/resolution hours,Closed
CS000206,C01369,2024-09-16,,Low,Access,Escalated,-8.0,,Y,INVALID,Support case references customer not in subscriptions; Negative resolution_hours,Escalated
CS000207,C01381,2024-02-29,,Medium,,Open,,2.0,,INVALID,Support case references customer not in subscriptions,Open
CS000208,C00447,2026-01-27,2026-02-10 18:00:00,Critical,Access,Escalated,-28.0,7.0,Y,INVALID,Support case references customer not in subscriptions; Negative resolution_hours; CSAT score outside 1-5 range,Escalated
CS000209,C99999,2024-03-23,2024-03-31 17:00:00,Low,Technical,Escalated,-68.0,,,INVALID,Support case references customer not in subscriptions; Negative resolution_hours,Escalated
CS000210,C00138,2025-01-25,2025-01-24 00:00:00,Low,Access,Closed,708.0,4.0,,INVALID,Closed date earlier than opened date,Closed
CS000211,C00094,2025-10-24,2025-11-17 16:00:00,Critical,Access,Closed,-32.0,4.0,,INVALID,Support case references customer not in subscriptions; Negative resolution_hours,Closed
CS000212,C00648,2024-11-08,,High,,Pending,-23.0,1.0,Y,INVALID,Support case references customer not in subscriptions; Negative resolution_hours,Pending
CS000213,C00843,2024-10-30,2024-10-29 00:00:00,,Billing,Pending,-64.0,4.0,N,INVALID,Support case references customer not in subscriptions; Closed date earlier than opened date; Negative resolution_hours,Pending
CS000214,C00245,2024-02-08,2024-03-16 12:00:00,Medium,Data Issue,,-37.0,0.0,Y,INVALID,Support case references customer not in subscriptions; Negative resolution_hours; CSAT score outside 1-5 range; Missing case_status,Nan
CS000215,C00525,2025-07-04,2025-07-24 05:00:00,Critical,Access,Escalated,-78.0,3.0,,INVALID,Negative resolution_hours,Escalated
CS000216,C01217,2025-10-21,2025-11-27 19:00:00,Critical,Billing,Pending,-24.0,0.0,N,INVALID,Negative resolution_hours; CSAT score outside 1-5 range,Pending
CS000217,C01419,2025-07-29,2025-08-30 16:00:00,Low,Cancellation,Open,,6.0,,INVALID,Support case references customer not in subscriptions; CSAT score outside 1-5 range,Open
CS000218,C01127,2024-08-21,2024-09-06 22:00:00,,Technical,Closed,-96.0,4.0,N,INVALID,Negative resolution_hours,Closed
CS000219,C01227,2025-06-05,2025-06-16 01:00:00,Low,Access,Pending,-96.0,5.0,N,INVALID,Support case references customer not in subscriptions; Negative resolution_hours,Pending
CS000220,C01108,2024-10-18,2024-11-07 23:00:00,Medium,Cancellation,Closed,649.0,1.0,,VALID,No issues detected,Closed
CS000221,C01198,2025-04-24,,High,Access,Closed,-35.0,7.0,Y,INVALID,Support case references customer not in subscriptions; Negative resolution_hours; CSAT score outside 1-5 range; Closed case missing closure date/resolution hours,Closed
CS000222,C01296,2024-08-31,2024-09-12 16:00:00,,Billing,Closed,-30.0,5.0,N,INVALID,Support case references customer not in subscriptions; Negative resolution_hours,Closed
CS000223,C01746,2025-11-24,2025-12-22 16:00:00,Critical,,Open,,1.0,Y,VALID,No issues detected,Open
CS000224,C00731,2024-03-22,,High,Billing,,-25.0,1.0,N,INVALID,Support case references customer not in subscriptions; Negative resolution_hours; Missing case_status,Nan
CS000225,C01036,2025-02-18,2025-02-12 00:00:00,Low,Data Issue,Escalated,318.0,4.0,,INVALID,Support case references customer not in subscriptions; Closed date earlier than opened date,Escalated
CS000226,C01763,2024-04-08,2024-04-15 05:00:00,High,Billing,Open,935.0,1.0,N,VALID,No issues detected,Open
CS000227,C01274,2025-04-28,2025-04-19 00:00:00,Critical,Technical,Escalated,,4.0,,INVALID,Support case references customer not in subscriptions; Closed date earlier than opened date,Escalated
CS000228,C00246,2025-12-03,2025-11-27 00:00:00,Critical,Data Issue,Closed,740.0,2.0,,INVALID,Support case references customer not in subscriptions; Closed date earlier than opened date,Closed
CS000229,C01295,2024-10-09,2024-11-05 23:00:00,Medium,Technical,Open,-96.0,2.0,,INVALID,Support case references customer not in subscriptions; Negative resolution_hours,Open
CS000230,C01543,2024-09-25,2024-11-02 02:00:00,,,,951.0,7.0,Y,INVALID,CSAT score outside 1-5 range; Missing case_status,Nan
CS000231,C00902,2025-07-10,2025-08-15 09:00:00,Low,Access,Pending,-92.0,2.0,Y,INVALID,Negative resolution_hours,Pending
CS000232,C00643,2025-03-12,2025-04-12 20:00:00,,Billing,,-74.0,0.0,N,INVALID,Support case references customer not in subscriptions; Negative resolution_hours; CSAT score outside 1-5 range; Missing case_status,Nan
CS000233,C00623,2025-08-29,2025-09-22 09:00:00,High,,Open,-37.0,4.0,,INVALID,Support case references customer not in subscriptions; Negative resolution_hours,Open
CS000234,C01318,2024-09-06,2024-10-02 16:00:00,Low,Data Issue,Pending,210.0,5.0,,VALID,No issues detected,Pending
CS000235,C00958,2025-02-11,2025-02-16 03:00:00,Critical,Billing,Closed,886.0,5.0,Y,VALID,No issues detected,Closed
CS000236,C00982,2024-10-20,2024-10-25 07:00:00,Low,,,,1.0,N,INVALID,Support case references customer not in subscriptions; Missing case_status,Nan
CS000237,C00679,2025-01-23,2025-01-26 23:00:00,,Technical,,169.0,,Y,SUSPICIOUS,Missing case_status,Nan
CS000238,C01032,2024-03-21,2024-04-12 06:00:00,Low,Billing,Open,869.0,7.0,,INVALID,CSAT score outside 1-5 range,Open
CS000239,C00499,2024-01-13,2024-02-02 18:00:00,Critical,Data Issue,Escalated,-38.0,3.0,,INVALID,Support case references customer not in subscriptions; Negative resolution_hours,Escalated
CS000240,C00709,2025-07-26,2025-08-04 05:00:00,Medium,Cancellation,Closed,-20.0,1.0,N,INVALID,Support case references customer not in subscriptions; Negative resolution_hours,Closed
CS000241,C01248,2025-09-05,2025-10-05 14:00:00,High,Cancellation,,792.0,2.0,Y,INVALID,Support case references customer not in subscriptions; Missing case_status,Nan
CS000242,C01586,2025-05-01,2025-05-04 12:00:00,Low,Technical,,-32.0,6.0,Y,INVALID,Support case references customer not in subscriptions; Negative resolution_hours; CSAT score outside 1-5 range; Missing case_status,Nan
CS000243,C00265,2025-02-02,2025-03-04 12:00:00,Critical,Technical,Pending,-77.0,5.0,,INVALID,Support case references customer not in subscriptions; Negative resolution_hours,Pending
CS000244,C00152,2026-01-14,2026-01-21 08:00:00,Medium,,Closed,-17.0,4.0,Y,INVALID,Support case references customer not in subscriptions; Negative resolution_hours,Closed
CS000245,C00057,2025-05-25,,High,Technical,Open,-74.0,2.0,N,INVALID,Support case references customer not in subscriptions; Negative resolution_hours,Open
CS000246,C01373,2025-01-15,2025-02-22 08:00:00,High,Cancellation,Open,,1.0,Y,INVALID,Support case references customer not in subscriptions,Open
CS000247,C00345,2025-07-21,,High,Technical,Open,,5.0,N,INVALID,Support case references customer not in subscriptions,Open
,C00441,2025-05-04,2025-05-30 23:00:00,Critical,,Escalated,,0.0,N,INVALID,Missing case_id; Support case references customer not in subscriptions; CSAT score outside 1-5 range,Escalated
CS000249,C01360,2024-07-24,2024-08-16 13:00:00,Low,Technical,Escalated,,5.0,N,INVALID,Support case references customer not in subscriptions,Escalated
CS000250,C00629,2025-06-27,2025-06-17 00:00:00,Low,Technical,Open,,5.0,N,INVALID,Support case references customer not in subscriptions; Closed date earlier than opened date,Open
CS000251,C01089,2025-01-19,2025-02-13 18:00:00,Low,Cancellation,Open,-26.0,5.0,N,INVALID,Support case references customer not in subscriptions; Negative resolution_hours,Open
CS000252,C00970,2024-12-27,,Low,Billing,Escalated,697.0,6.0,N,INVALID,Support case references customer not in subscriptions; CSAT score outside 1-5 range,Escalated
CS000253,C00448,2024-03-19,2024-03-29 16:00:00,Critical,Data Issue,,108.0,2.0,N,SUSPICIOUS,Missing case_status,Nan
CS000254,C00859,2025-02-26,2025-03-01 01:00:00,Critical,Cancellation,Open,88.0,7.0,N,INVALID,CSAT score outside 1-5 range,Open
CS000255,C01174,2026-01-24,2026-02-25 02:00:00,,,Pending,87.0,2.0,,INVALID,Support case references customer not in subscriptions,Pending
CS000256,C01285,2024-02-09,2024-03-03 13:00:00,Low,Access,,-91.0,4.0,,INVALID,Negative resolution_hours; Missing case_status,Nan
,C00408,2026-01-24,,Low,Data Issue,Escalated,-38.0,6.0,N,INVALID,Missing case_id; Negative resolution_hours; CSAT score outside 1-5 range,Escalated
CS000258,C00574,2026-01-04,2026-01-30 10:00:00,Low,Data Issue,Open,,0.0,N,INVALID,Support case references customer not in subscriptions; CSAT score outside 1-5 range,Open
CS000259,C01507,2024-03-10,2024-03-06 00:00:00,Low,Access,Escalated,-66.0,5.0,N,INVALID,Closed date earlier than opened date; Negative resolution_hours,Escalated
CS000260,C01713,2024-01-18,2024-01-28 22:00:00,Critical,Cancellation,Escalated,,7.0,,INVALID,CSAT score outside 1-5 range,Escalated
CS000261,C00159,2026-01-22,2026-03-02 18:00:00,,Technical,Closed,612.0,7.0,N,INVALID,Support case references customer not in subscriptions; CSAT score outside 1-5 range,Closed
CS000262,C01415,2024-12-16,2024-12-20 20:00:00,Medium,,Escalated,464.0,5.0,,VALID,No issues detected,Escalated
CS000263,C00724,2024-01-03,2024-01-27 22:00:00,Medium,Data Issue,,-91.0,0.0,,INVALID,Support case references customer not in subscriptions; Negative resolution_hours; CSAT score outside 1-5 range; Missing case_status,Nan
CS000264,C00192,2024-01-05,2024-02-06 10:00:00,,Billing,Pending,-43.0,4.0,,INVALID,Support case references customer not in subscriptions; Negative resolution_hours,Pending
CS000265,C00470,2024-01-18,2024-02-20 07:00:00,Low,,,17.0,1.0,N,SUSPICIOUS,Missing case_status,Nan
CS000266,C01341,2025-08-04,2025-09-09 12:00:00,Low,Cancellation,Open,835.0,6.0,N,INVALID,Support case references customer not in subscriptions; CSAT score outside 1-5 range,Open
CS000267,C01556,2026-01-23,,Low,Cancellation,,,7.0,N,INVALID,Support case references customer not in subscriptions; CSAT score outside 1-5 range; Missing case_status,Nan
,C01165,2025-09-24,2025-10-23 15:00:00,,Cancellation,Escalated,737.0,1.0,,INVALID,Missing case_id,Escalated
CS000269,C00953,2024-05-20,,Low,Cancellation,,,1.0,N,INVALID,Support case references customer not in subscriptions; Missing case_status,Nan
CS000270,C00434,2024-10-26,2024-10-18 00:00:00,Low,Billing,,572.0,7.0,Y,INVALID,Closed date earlier than opened date; CSAT score outside 1-5 range; Missing case_status,Nan
CS000271,C00943,2025-10-21,,Critical,,Open,,0.0,Y,INVALID,CSAT score outside 1-5 range,Open
CS000272,C00808,2024-10-16,2024-11-09 11:00:00,Critical,Billing,,542.0,4.0,Y,INVALID,Support case references customer not in subscriptions; Missing case_status,Nan
CS000273,C01689,2024-03-25,2024-04-26 02:00:00,Low,Billing,,-70.0,7.0,,INVALID,Negative resolution_hours; CSAT score outside 1-5 range; Missing case_status,Nan
CS000274,C00913,2024-12-01,2024-11-25 00:00:00,Critical,Access,Closed,-39.0,7.0,,INVALID,Support case references customer not in subscriptions; Closed date earlier than opened date; Negative resolution_hours; CSAT score outside 1-5 range,Closed
CS000275,C00119,2025-06-15,2025-06-21 23:00:00,Critical,,Closed,70.0,0.0,Y,INVALID,CSAT score outside 1-5 range,Closed
CS000276,C01194,2025-09-27,,,,Escalated,707.0,3.0,Y,VALID,No issues detected,Escalated
CS000277,C00379,2025-10-05,2025-11-07 11:00:00,Medium,Billing,Pending,,3.0,Y,VALID,No issues detected,Pending
CS000278,C01417,2024-05-21,2024-06-14 18:00:00,Critical,Data Issue,Closed,,6.0,N,INVALID,Support case references customer not in subscriptions; CSAT score outside 1-5 range; Closed case missing closure date/resolution hours,Closed
CS000279,C01623,2024-05-29,,,Cancellation,Pending,833.0,,N,INVALID,Support case references customer not in subscriptions,Pending
CS000280,C01625,2025-11-28,,,Access,,,7.0,N,INVALID,CSAT score outside 1-5 range; Missing case_status,Nan
CS000281,C00205,2024-07-30,,Low,,Open,793.0,0.0,N,INVALID,CSAT score outside 1-5 range,Open
CS000282,C00110,2025-03-22,2025-03-29 14:00:00,,Billing,Pending,100.0,6.0,N,INVALID,CSAT score outside 1-5 range,Pending
CS000283,C01737,2024-02-14,2024-03-21 08:00:00,,,Open,184.0,3.0,Y,INVALID,Support case references customer not in subscriptions,Open
CS000284,C01113,2024-12-19,2024-12-15 00:00:00,Low,Technical,Open,678.0,2.0,,INVALID,Support case references customer not in subscriptions; Closed date earlier than opened date,Open
CS000285,C00428,2025-07-30,2025-08-07 17:00:00,Critical,Technical,Closed,648.0,4.0,N,INVALID,Support case references customer not in subscriptions,Closed
CS000286,C00582,2025-07-05,2025-07-27 03:00:00,,Technical,Pending,,4.0,,INVALID,Support case references customer not in subscriptions,Pending
CS000287,C00777,2024-08-30,2024-08-31 04:00:00,Medium,,Escalated,933.0,6.0,,INVALID,CSAT score outside 1-5 range,Escalated
CS000288,C01539,2025-09-30,,Medium,Technical,Open,,1.0,Y,VALID,No issues detected,Open
CS000289,C00743,2025-10-07,2025-10-11 13:00:00,,Billing,Escalated,,6.0,Y,INVALID,CSAT score outside 1-5 range,Escalated
CS000290,C01595,2025-07-31,2025-07-28 00:00:00,Critical,Technical,,-78.0,0.0,N,INVALID,Support case references customer not in subscriptions; Closed date earlier than opened date; Negative resolution_hours; CSAT score outside 1-5 range; Missing case_status,Nan
CS000291,C00885,2025-10-11,2025-10-02 00:00:00,Low,,Open,,1.0,Y,INVALID,Support case references customer not in subscriptions; Closed date earlier than opened date,Open
CS000292,C00019,2024-04-19,2024-05-06 03:00:00,High,Billing,,,3.0,Y,SUSPICIOUS,Missing case_status,Nan
CS000293,C01064,2025-03-10,,Low,,Pending,208.0,7.0,Y,INVALID,Support case references customer not in subscriptions; CSAT score outside 1-5 range,Pending
CS000294,C00045,2026-01-11,2026-02-10 22:00:00,High,Data Issue,Closed,-57.0,2.0,N,INVALID,Support case references customer not in subscriptions; Negative resolution_hours,Closed
CS000295,C01344,2025-03-24,2025-03-30 20:00:00,Medium,Billing,Closed,158.0,7.0,N,INVALID,Support case references customer not in subscriptions; CSAT score outside 1-5 range,Closed
CS000296,C00758,2025-05-06,,Low,Data Issue,Closed,,5.0,,INVALID,Closed case missing closure date/resolution hours,Closed
CS000297,C01146,2024-08-12,2024-08-14 14:00:00,High,Technical,Closed,149.0,3.0,Y,INVALID,Support case references customer not in subscriptions,Closed
CS000298,C01571,2024-03-27,2024-04-17 12:00:00,,Billing,,,2.0,Y,INVALID,Support case references customer not in subscriptions; Missing case_status,Nan
CS000299,C01766,2025-12-21,2025-12-27 10:00:00,High,,Escalated,,3.0,,INVALID,Support case references customer not in subscriptions,Escalated
CS000300,C01742,2024-02-06,,Low,,Escalated,633.0,1.0,Y,INVALID,Support case references customer not in subscriptions,Escalated
CS000301,C00424,2024-04-29,2024-06-01 07:00:00,,Billing,,15.0,,N,SUSPICIOUS,Missing case_status,Nan
CS000302,C01201,2025-05-24,2025-05-21 00:00:00,Critical,Technical,Pending,981.0,4.0,Y,INVALID,Closed date earlier than opened date,Pending
CS000303,C01568,2025-08-02,2025-08-04 12:00:00,High,Cancellation,Escalated,-52.0,0.0,,INVALID,Negative resolution_hours; CSAT score outside 1-5 range,Escalated
CS000304,C00306,2024-08-11,2024-08-26 20:00:00,Medium,Technical,Pending,-60.0,1.0,N,INVALID,Support case references customer not in subscriptions; Negative resolution_hours,Pending
CS000305,C00432,2025-11-17,2025-11-24 09:00:00,Medium,Billing,Escalated,190.0,4.0,Y,INVALID,Support case references customer not in subscriptions,Escalated
CS000306,C00119,2024-01-25,2024-02-28 14:00:00,Critical,,Pending,829.0,5.0,Y,VALID,No issues detected,Pending
CS000307,C00595,2025-07-15,2025-08-03 16:00:00,Medium,Data Issue,Closed,-46.0,3.0,N,INVALID,Support case references customer not in subscriptions; Negative resolution_hours,Closed
CS000308,C01468,2025-05-13,,Medium,Technical,Closed,703.0,1.0,N,INVALID,Support case references customer not in subscriptions; Closed case missing closure date/resolution hours,Closed
,C01628,2024-05-25,2024-06-24 14:00:00,Low,Cancellation,Closed,-6.0,3.0,Y,INVALID,Missing case_id; Support case references customer not in subscriptions; Negative resolution_hours,Closed
,C01574,2024-05-07,2024-06-15 23:00:00,High,Technical,Escalated,287.0,6.0,,INVALID,Missing case_id; CSAT score outside 1-5 range,Escalated
CS000311,C00189,2024-11-13,2024-12-07 16:00:00,,Billing,Closed,-99.0,7.0,Y,INVALID,Support case references customer not in subscriptions; Negative resolution_hours; CSAT score outside 1-5 range,Closed
CS000312,C00898,2025-07-05,2025-07-08 12:00:00,Medium,Technical,,626.0,3.0,Y,INVALID,Support case references customer not in subscriptions; Missing case_status,Nan
CS000313,C00834,2025-11-18,2025-12-03 13:00:00,Low,Technical,Open,,1.0,N,VALID,No issues detected,Open
CS000314,C01037,2024-03-08,2024-03-16 15:00:00,,Access,Escalated,787.0,6.0,Y,INVALID,Support case references customer not in subscriptions; CSAT score outside 1-5 range,Escalated
CS000315,C00521,2025-11-04,2025-11-16 01:00:00,Medium,Access,,,,Y,SUSPICIOUS,Missing case_status,Nan
CS000316,C00143,2024-03-27,2024-04-24 20:00:00,Critical,Cancellation,Closed,-38.0,6.0,Y,INVALID,Negative resolution_hours; CSAT score outside 1-5 range,Closed
CS000317,C00204,2025-01-08,2025-02-02 02:00:00,High,,Escalated,,3.0,Y,INVALID,Support case references customer not in subscriptions,Escalated
CS000318,C00400,2024-03-26,2024-03-27 22:00:00,Medium,Cancellation,Escalated,-54.0,6.0,Y,INVALID,Negative resolution_hours; CSAT score outside 1-5 range,Escalated
CS000319,C00586,2025-11-01,2025-11-10 13:00:00,High,Billing,Escalated,470.0,3.0,Y,VALID,No issues detected,Escalated
CS000320,C01454,2025-10-02,2025-11-07 21:00:00,High,Cancellation,,765.0,,N,SUSPICIOUS,Missing case_status,Nan
CS000321,C01505,2025-08-16,,High,Data Issue,,337.0,0.0,N,INVALID,CSAT score outside 1-5 range; Missing case_status,Nan
CS000322,C00550,2025-08-20,2025-08-24 18:00:00,Critical,Data Issue,,,,Y,SUSPICIOUS,Missing case_status,Nan
CS000323,C00032,2024-08-15,2024-09-08 22:00:00,,Data Issue,,,0.0,Y,INVALID,CSAT score outside 1-5 range; Missing case_status,Nan
CS000324,C00128,2024-10-11,2024-10-30 13:00:00,Medium,,,,1.0,N,SUSPICIOUS,Missing case_status,Nan
CS000325,C00482,2024-09-28,2024-10-01 01:00:00,,,Closed,,2.0,N,INVALID,Support case references customer not in subscriptions; Closed case missing closure date/resolution hours,Closed
CS000326,C01463,2025-01-01,2025-01-06 21:00:00,High,Data Issue,Pending,-28.0,6.0,N,INVALID,Negative resolution_hours; CSAT score outside 1-5 range,Pending
CS000327,C00270,2024-08-04,2024-07-28 00:00:00,Low,,Open,,4.0,Y,INVALID,Closed date earlier than opened date,Open
CS000328,C01325,2025-12-26,2026-02-03 09:00:00,Critical,Billing,Escalated,336.0,,N,VALID,No issues detected,Escalated
CS000329,C01442,2025-04-26,2025-04-17 00:00:00,Low,Data Issue,Escalated,,0.0,N,INVALID,Closed date earlier than opened date; CSAT score outside 1-5 range,Escalated
CS000330,C01742,2025-01-04,2025-02-08 00:00:00,,Technical,Closed,827.0,1.0,Y,INVALID,Support case references customer not in subscriptions,Closed
CS000331,C01479,2024-10-10,,,Access,Closed,,,,INVALID,Support case references customer not in subscriptions; Closed case missing closure date/resolution hours,Closed
CS000332,C00042,2025-07-30,2025-09-02 03:00:00,Low,Data Issue,Escalated,509.0,2.0,,VALID,No issues detected,Escalated
CS000333,C01647,2024-01-03,2024-01-19 05:00:00,,Technical,Escalated,257.0,3.0,Y,VALID,No issues detected,Escalated
CS000334,C01608,2025-09-04,2025-09-16 00:00:00,,Access,Open,,5.0,Y,VALID,No issues detected,Open
CS000335,C00263,2026-01-09,2026-01-28 02:00:00,,,Open,-31.0,,Y,INVALID,Support case references customer not in subscriptions; Negative resolution_hours,Open
CS000336,C00896,2025-02-06,2025-01-27 00:00:00,High,Cancellation,Open,252.0,1.0,N,INVALID,Support case references customer not in subscriptions; Closed date earlier than opened date,Open
CS000337,C01127,2025-12-24,2026-01-12 04:00:00,Critical,,Open,,,,VALID,No issues detected,Open
CS000338,C00660,2024-05-30,2024-06-27 21:00:00,Critical,Data Issue,Open,,7.0,N,INVALID,CSAT score outside 1-5 range,Open
CS000339,C01579,2025-03-28,2025-04-05 17:00:00,Critical,Access,,708.0,1.0,N,INVALID,Support case references customer not in subscriptions; Missing case_status,Nan
CS000340,C01060,2025-09-27,,Medium,Data Issue,,-62.0,5.0,N,INVALID,Support case references customer not in subscriptions; Negative resolution_hours; Missing case_status,Nan
CS000341,C00186,2025-01-03,2025-02-05 10:00:00,Low,,Escalated,-21.0,3.0,Y,INVALID,Support case references customer not in subscriptions; Negative resolution_hours,Escalated
CS000342,C00872,2024-07-29,,,Technical,Open,-15.0,5.0,,INVALID,Support case references customer not in subscriptions; Negative resolution_hours,Open
CS000343,C00350,2025-05-27,2025-06-14 14:00:00,Medium,,Open,741.0,1.0,N,INVALID,Support case references customer not in subscriptions,Open
CS000344,C00203,2025-07-15,2025-08-02 12:00:00,Medium,Cancellation,,,0.0,N,INVALID,Support case references customer not in subscriptions; CSAT score outside 1-5 range; Missing case_status,Nan
CS000345,C00510,2025-10-21,,Critical,Cancellation,,255.0,3.0,,SUSPICIOUS,Missing case_status,Nan
CS000346,C00188,2024-11-06,2024-10-30 00:00:00,Critical,Billing,Pending,-30.0,3.0,,INVALID,Closed date earlier than opened date; Negative resolution_hours,Pending
CS000347,C00073,2024-12-06,2024-12-22 11:00:00,Critical,Cancellation,Open,527.0,,,INVALID,Support case references customer not in subscriptions,Open
CS000348,C00345,2025-09-09,2025-09-06 00:00:00,Medium,,Closed,238.0,5.0,Y,INVALID,Support case references customer not in subscriptions; Closed date earlier than opened date,Closed
CS000349,C00606,2025-08-16,2025-09-16 08:00:00,Medium,Technical,Escalated,,5.0,Y,INVALID,Support case references customer not in subscriptions,Escalated
CS000350,C00247,2025-03-15,2025-04-23 16:00:00,High,Cancellation,Closed,,7.0,Y,INVALID,Support case references customer not in subscriptions; CSAT score outside 1-5 range; Closed case missing closure date/resolution hours,Closed
CS000351,C01016,2024-07-13,2024-08-11 06:00:00,Critical,Data Issue,Open,-81.0,7.0,,INVALID,Support case references customer not in subscriptions; Negative resolution_hours; CSAT score outside 1-5 range,Open
CS000352,C01419,2024-04-27,2024-05-21 07:00:00,Low,Access,Closed,,,Y,INVALID,Support case references customer not in subscriptions; Closed case missing closure date/resolution hours,Closed
CS000353,C00767,2024-09-11,2024-10-08 17:00:00,Medium,Technical,Open,269.0,2.0,,INVALID,Support case references customer not in subscriptions,Open
CS000354,C00819,2025-09-24,2025-09-26 09:00:00,Low,,,667.0,1.0,Y,INVALID,Support case references customer not in subscriptions; Missing case_status,Nan
CS000355,C01535,2025-12-08,2026-01-05 14:00:00,Medium,Technical,Closed,,2.0,Y,INVALID,Support case references customer not in subscriptions; Closed case missing closure date/resolution hours,Closed
CS000356,C00742,2024-03-02,,,Access,,,3.0,N,INVALID,Support case references customer not in subscriptions; Missing case_status,Nan
CS000357,C01400,2025-03-02,,Low,Access,Escalated,649.0,6.0,,INVALID,CSAT score outside 1-5 range,Escalated
CS000358,C01731,2025-08-10,2025-08-30 01:00:00,Medium,Billing,Closed,433.0,6.0,,INVALID,Support case references customer not in subscriptions; CSAT score outside 1-5 range,Closed
CS000359,C00801,2024-08-01,2024-08-01 23:00:00,Medium,Data Issue,Pending,,,N,INVALID,Support case references customer not in subscriptions,Pending
CS000360,C01736,2025-07-17,2025-08-12 06:00:00,,Data Issue,Open,-22.0,5.0,Y,INVALID,Support case references customer not in subscriptions; Negative resolution_hours,Open
CS000361,C01087,2024-12-06,2025-01-13 10:00:00,,,Pending,,,,INVALID,Support case references customer not in subscriptions,Pending
CS000362,C01158,2026-01-16,2026-02-12 12:00:00,Medium,,Open,,1.0,Y,VALID,No issues detected,Open
CS000363,C00852,2024-03-26,2024-04-11 17:00:00,High,,Escalated,,3.0,Y,INVALID,Support case references customer not in subscriptions,Escalated
CS000364,C00013,2025-08-02,2025-08-04 16:00:00,,Cancellation,Closed,637.0,2.0,Y,VALID,No issues detected,Closed
CS000365,C01098,2024-06-29,2024-07-04 01:00:00,,Access,Escalated,-83.0,,N,INVALID,Negative resolution_hours,Escalated
CS000366,C01034,2024-05-15,2024-06-09 02:00:00,High,Cancellation,Closed,-65.0,6.0,N,INVALID,Support case references customer not in subscriptions; Negative resolution_hours; CSAT score outside 1-5 range,Closed
CS000367,C01373,2024-08-18,2024-08-22 13:00:00,Medium,Billing,Escalated,,6.0,,INVALID,Support case references customer not in subscriptions; CSAT score outside 1-5 range,Escalated
CS000368,C00014,2024-10-18,2024-10-18 02:00:00,Medium,Cancellation,Open,,,,INVALID,Support case references customer not in subscriptions,Open
CS000369,C00121,2025-06-03,,High,Cancellation,,,0.0,Y,INVALID,Support case references customer not in subscriptions; CSAT score outside 1-5 range; Missing case_status,Nan
CS000370,C00098,2025-12-12,2026-01-02 05:00:00,,Billing,Closed,-67.0,7.0,Y,INVALID,Negative resolution_hours; CSAT score outside 1-5 range,Closed
CS000371,C01633,2025-07-11,,Medium,Cancellation,,,5.0,N,SUSPICIOUS,Missing case_status,Nan
CS000372,C00271,2025-02-28,2025-03-21 04:00:00,Medium,Technical,Escalated,221.0,1.0,,VALID,No issues detected,Escalated
CS000373,C00639,2024-10-18,2024-10-24 23:00:00,Critical,Cancellation,Closed,950.0,7.0,Y,INVALID,CSAT score outside 1-5 range,Closed
CS000374,C01616,2024-01-29,2024-03-02 15:00:00,High,Technical,Open,-99.0,,Y,INVALID,Support case references customer not in subscriptions; Negative resolution_hours,Open
CS000375,C01586,2024-12-24,2025-01-29 02:00:00,,Data Issue,,586.0,3.0,Y,INVALID,Support case references customer not in subscriptions; Missing case_status,Nan
CS000376,C00582,2024-08-09,2024-08-30 00:00:00,Medium,Cancellation,Closed,777.0,4.0,,INVALID,Support case references customer not in subscriptions,Closed
CS000377,C01177,2024-09-18,2024-10-03 13:00:00,Critical,Access,Open,375.0,,,INVALID,Support case references customer not in subscriptions,Open
CS000378,C00487,2025-12-02,2025-12-29 10:00:00,High,Access,Open,187.0,6.0,,INVALID,Support case references customer not in subscriptions; CSAT score outside 1-5 range,Open
CS000379,C00828,2024-12-14,2025-01-03 00:00:00,Critical,Cancellation,Escalated,-57.0,3.0,Y,INVALID,Support case references customer not in subscriptions; Negative resolution_hours,Escalated
,C00814,2024-10-02,2024-10-22 08:00:00,High,Billing,Escalated,,0.0,N,INVALID,Missing case_id; Support case references customer not in subscriptions; CSAT score outside 1-5 range,Escalated
CS000381,C00745,2024-05-15,2024-05-22 22:00:00,Critical,Technical,Open,406.0,1.0,,VALID,No issues detected,Open
CS000382,C00845,2025-07-28,,Low,Access,Closed,,6.0,Y,INVALID,Support case references customer not in subscriptions; CSAT score outside 1-5 range; Closed case missing closure date/resolution hours,Closed
CS000383,C01431,2025-01-21,2025-02-13 11:00:00,Low,Cancellation,Open,,5.0,N,INVALID,Support case references customer not in subscriptions,Open
CS000384,C00671,2025-11-27,2025-12-07 16:00:00,Medium,Cancellation,Escalated,621.0,6.0,,INVALID,CSAT score outside 1-5 range,Escalated
CS000385,C00163,2024-02-13,2024-03-04 17:00:00,Low,Technical,Pending,-16.0,3.0,N,INVALID,Negative resolution_hours,Pending
CS000386,C01118,2025-04-12,,Low,Technical,,,7.0,,INVALID,Support case references customer not in subscriptions; CSAT score outside 1-5 range; Missing case_status,Nan
CS000387,C01740,2024-06-10,2024-06-15 01:00:00,Medium,Access,Open,374.0,3.0,Y,INVALID,Support case references customer not in subscriptions,Open
CS000388,C00137,2025-03-30,2025-04-13 18:00:00,High,Technical,Pending,,6.0,N,INVALID,Support case references customer not in subscriptions; CSAT score outside 1-5 range,Pending
CS000389,C00284,2025-09-04,2025-10-13 09:00:00,High,Cancellation,Pending,401.0,4.0,N,INVALID,Support case references customer not in subscriptions,Pending
CS000390,C00569,2024-10-29,,,Technical,Escalated,574.0,5.0,N,INVALID,Support case references customer not in subscriptions,Escalated
CS000391,C00350,2025-01-25,2025-02-21 21:00:00,Medium,Data Issue,Pending,397.0,4.0,,INVALID,Support case references customer not in subscriptions,Pending
,C00363,2025-08-29,2025-09-27 16:00:00,High,Cancellation,Escalated,660.0,3.0,Y,INVALID,Missing case_id; Support case references customer not in subscriptions,Escalated
CS000393,C00492,2024-11-23,2024-12-18 04:00:00,Critical,,,,2.0,Y,SUSPICIOUS,Missing case_status,Nan
CS000394,C00769,2024-02-10,2024-03-01 12:00:00,High,Technical,Open,,,Y,INVALID,Support case references customer not in subscriptions,Open
CS000395,C00715,2024-11-24,2024-11-16 00:00:00,Critical,Data Issue,Escalated,,3.0,Y,INVALID,Support case references customer not in subscriptions; Closed date earlier than opened date,Escalated
CS000396,C01482,2025-08-22,,Low,Data Issue,Escalated,,2.0,,VALID,No issues detected,Escalated
CS000397,C00154,2024-08-26,2024-09-17 00:00:00,Low,Cancellation,Closed,,4.0,Y,INVALID,Support case references customer not in subscriptions; Closed case missing closure date/resolution hours,Closed
CS000398,C01602,2024-12-26,2025-01-26 00:00:00,Medium,Access,,487.0,5.0,Y,INVALID,Support case references customer not in subscriptions; Missing case_status,Nan
CS000399,C00159,2025-10-16,2025-11-07 05:00:00,High,,Open,,2.0,Y,INVALID,Support case references customer not in subscriptions,Open
CS000400,C00427,2024-11-25,2025-01-02 07:00:00,Medium,,Pending,,5.0,N,INVALID,Support case references customer not in subscriptions,Pending
CS000401,C00692,2025-02-19,2025-02-23 17:00:00,Low,Access,,517.0,2.0,,INVALID,Support case references customer not in subscriptions; Missing case_status,Nan
CS000402,C00703,2024-10-22,2024-11-20 20:00:00,,Billing,Escalated,,,,VALID,No issues detected,Escalated
CS000403,C00116,2025-12-24,,Low,Data Issue,Open,-83.0,0.0,,INVALID,Support case references customer not in subscriptions; Negative resolution_hours; CSAT score outside 1-5 range,Open
CS000404,C00942,2024-10-10,2024-10-20 06:00:00,Low,Technical,Pending,-45.0,7.0,N,INVALID,Support case references customer not in subscriptions; Negative resolution_hours; CSAT score outside 1-5 range,Pending
CS000405,C01303,2024-02-17,2024-02-12 00:00:00,,,Pending,,,,INVALID,Closed date earlier than opened date,Pending
CS000406,C00156,2024-04-10,2024-04-25 15:00:00,Medium,Data Issue,Escalated,-37.0,0.0,Y,INVALID,Negative resolution_hours; CSAT score outside 1-5 range,Escalated
CS000407,C00653,2024-11-24,2024-11-19 00:00:00,Medium,Cancellation,Closed,813.0,0.0,Y,INVALID,Support case references customer not in subscriptions; Closed date earlier than opened date; CSAT score outside 1-5 range,Closed
CS000408,C01008,2025-12-28,2026-01-22 14:00:00,,,Open,329.0,6.0,N,INVALID,CSAT score outside 1-5 range,Open
CS000409,C00372,2025-08-10,2025-08-06 00:00:00,High,Technical,Escalated,249.0,7.0,Y,INVALID,Support case references customer not in subscriptions; Closed date earlier than opened date; CSAT score outside 1-5 range,Escalated
CS000410,C00686,2024-10-16,2024-11-06 05:00:00,High,Data Issue,Open,,3.0,,VALID,No issues detected,Open
CS000411,C00923,2025-08-07,2025-08-11 09:00:00,Critical,Access,Escalated,151.0,1.0,Y,INVALID,Support case references customer not in subscriptions,Escalated
CS000412,C00644,2024-09-06,2024-10-03 17:00:00,High,Technical,Closed,913.0,7.0,Y,INVALID,CSAT score outside 1-5 range,Closed
CS000413,C00815,2025-12-02,2025-12-28 16:00:00,Medium,Access,Closed,,6.0,,INVALID,Support case references customer not in subscriptions; CSAT score outside 1-5 range; Closed case missing closure date/resolution hours,Closed
CS000414,C01704,2025-05-18,2025-06-03 13:00:00,Low,Data Issue,Closed,773.0,3.0,Y,INVALID,Support case references customer not in subscriptions,Closed
CS000415,C01794,2025-04-11,,High,Data Issue,Escalated,,5.0,Y,VALID,No issues detected,Escalated
CS000416,C00480,2024-10-17,2024-11-20 15:00:00,Low,Technical,Closed,670.0,2.0,N,INVALID,Support case references customer not in subscriptions,Closed
CS000417,C00787,2025-02-18,2025-03-27 19:00:00,,Technical,,548.0,5.0,N,INVALID,Support case references customer not in subscriptions; Missing case_status,Nan
CS000418,C01496,2024-02-18,2024-03-04 05:00:00,Medium,,Escalated,863.0,2.0,N,INVALID,Support case references customer not in subscriptions,Escalated
CS000419,C01535,2025-07-03,2025-07-02 00:00:00,,,Pending,,7.0,Y,INVALID,Support case references customer not in subscriptions; Closed date earlier than opened date; CSAT score outside 1-5 range,Pending
CS000420,C00339,2024-11-13,2024-12-17 19:00:00,High,Billing,Closed,-66.0,4.0,N,INVALID,Negative resolution_hours,Closed
CS000421,C00005,2024-04-04,,Medium,Cancellation,,-18.0,3.0,,INVALID,Support case references customer not in subscriptions; Negative resolution_hours; Missing case_status,Nan
CS000422,C00372,2024-12-12,2024-12-06 00:00:00,Low,Access,,74.0,,N,INVALID,Support case references customer not in subscriptions; Closed date earlier than opened date; Missing case_status,Nan
CS000423,C01207,2024-12-18,2025-01-04 16:00:00,Critical,Access,,932.0,5.0,Y,SUSPICIOUS,Missing case_status,Nan
CS000424,C01415,2025-01-13,2025-02-10 03:00:00,Critical,,Pending,-7.0,0.0,Y,INVALID,Negative resolution_hours; CSAT score outside 1-5 range,Pending
CS000425,C00768,2024-06-06,2024-07-04 11:00:00,Low,Cancellation,Closed,-75.0,5.0,,INVALID,Negative resolution_hours,Closed
CS000426,C01519,2025-12-14,2025-12-31 18:00:00,Medium,Cancellation,Open,596.0,5.0,,INVALID,Support case references customer not in subscriptions,Open
,C01392,2024-06-02,2024-07-01 11:00:00,Medium,Technical,Escalated,-60.0,4.0,,INVALID,Missing case_id; Negative resolution_hours,Escalated
CS000428,C00678,2024-06-15,,Low,,Pending,-69.0,3.0,Y,INVALID,Support case references customer not in subscriptions; Negative resolution_hours,Pending
CS000429,C00663,2025-07-25,2025-08-26 07:00:00,Low,Cancellation,Escalated,323.0,2.0,Y,INVALID,Support case references customer not in subscriptions,Escalated
CS000430,C01124,2024-11-22,2024-11-15 00:00:00,Critical,Cancellation,Open,211.0,4.0,Y,INVALID,Support case references customer not in subscriptions; Closed date earlier than opened date,Open
CS000431,C00831,2025-02-27,2025-03-24 08:00:00,High,Access,Escalated,-18.0,6.0,N,INVALID,Support case references customer not in subscriptions; Negative resolution_hours; CSAT score outside 1-5 range,Escalated
CS000432,C01521,2025-04-16,2025-04-20 11:00:00,Critical,Access,Pending,-84.0,5.0,N,INVALID,Support case references customer not in subscriptions; Negative resolution_hours,Pending
CS000433,C00981,2025-02-18,2025-02-21 22:00:00,,Access,Escalated,780.0,7.0,N,INVALID,CSAT score outside 1-5 range,Escalated
CS000434,C00689,2025-02-03,2025-02-14 16:00:00,Low,Access,Pending,,5.0,N,INVALID,Support case references customer not in subscriptions,Pending
CS000435,C01740,2024-08-11,2024-09-01 10:00:00,,Access,Escalated,-97.0,7.0,Y,INVALID,Support case references customer not in subscriptions; Negative resolution_hours; CSAT score outside 1-5 range,Escalated
CS000436,C01745,2025-06-18,,Low,Access,Open,,4.0,,VALID,No issues detected,Open
CS000437,C01246,2025-10-17,,Medium,Data Issue,Open,814.0,3.0,,VALID,No issues detected,Open
CS000438,C00273,2024-06-19,2024-07-10 01:00:00,Medium,Data Issue,Pending,-22.0,3.0,Y,INVALID,Negative resolution_hours,Pending
CS000439,C00439,2024-02-06,2024-03-13 02:00:00,Critical,,,,0.0,,INVALID,CSAT score outside 1-5 range; Missing case_status,Nan
CS000440,C01763,2025-11-10,2025-11-21 08:00:00,Medium,Technical,Pending,-32.0,2.0,,INVALID,Negative resolution_hours,Pending
CS000441,C01271,2024-08-05,2024-09-11 01:00:00,Low,Technical,Closed,,6.0,Y,INVALID,Support case references customer not in subscriptions; CSAT score outside 1-5 range; Closed case missing closure date/resolution hours,Closed
,C00297,2025-02-26,,High,Billing,Closed,52.0,7.0,Y,INVALID,Missing case_id; Support case references customer not in subscriptions; CSAT score outside 1-5 range; Closed case missing closure date/resolution hours,Closed
CS000443,C01175,2024-03-29,2024-04-24 21:00:00,High,Data Issue,Escalated,,7.0,Y,INVALID,Support case references customer not in subscriptions; CSAT score outside 1-5 range,Escalated
CS000444,C01022,2025-08-13,2025-08-06 00:00:00,Critical,Technical,Closed,768.0,,N,INVALID,Support case references customer not in subscriptions; Closed date earlier than opened date,Closed
CS000445,C00604,2024-06-13,2024-07-03 00:00:00,Critical,Technical,Pending,,0.0,Y,INVALID,CSAT score outside 1-5 range,Pending
CS000446,C01564,2025-04-28,2025-05-11 13:00:00,,Data Issue,Closed,-8.0,6.0,N,INVALID,Negative resolution_hours; CSAT score outside 1-5 range,Closed
CS000447,C00952,2026-01-16,2026-01-20 08:00:00,High,Access,Closed,,5.0,Y,INVALID,Closed case missing closure date/resolution hours,Closed
CS000448,C01673,2024-02-16,2024-02-22 21:00:00,Medium,Access,Open,21.0,4.0,Y,VALID,No issues detected,Open
CS000449,C00388,2024-02-12,2024-02-12 09:00:00,Low,Technical,,,6.0,N,INVALID,Support case references customer not in subscriptions; CSAT score outside 1-5 range; Missing case_status,Nan
CS000450,C01636,2024-02-20,2024-02-23 08:00:00,Critical,Technical,Pending,-51.0,2.0,N,INVALID,Negative resolution_hours,Pending
CS000451,C00643,2025-02-10,2025-02-28 17:00:00,Critical,Data Issue,Pending,-43.0,2.0,N,INVALID,Support case references customer not in subscriptions; Negative resolution_hours,Pending
CS000452,C01534,2024-02-26,2024-03-04 01:00:00,Low,Access,Closed,-7.0,6.0,,INVALID,Negative resolution_hours; CSAT score outside 1-5 range,Closed
CS000453,C00697,2024-06-09,2024-05-31 00:00:00,,,,-15.0,,N,INVALID,Closed date earlier than opened date; Negative resolution_hours; Missing case_status,Nan
CS000454,C00472,2025-08-15,2025-08-23 07:00:00,Critical,Cancellation,,-28.0,4.0,Y,INVALID,Negative resolution_hours; Missing case_status,Nan
CS000455,C00769,2026-01-08,2026-02-16 05:00:00,Medium,Cancellation,Closed,,7.0,,INVALID,Support case references customer not in subscriptions; CSAT score outside 1-5 range; Closed case missing closure date/resolution hours,Closed
,C00367,2025-07-22,2025-08-23 07:00:00,High,,Pending,-65.0,0.0,,INVALID,Missing case_id; Support case references customer not in subscriptions; Negative resolution_hours; CSAT score outside 1-5 range,Pending
CS000457,C01189,2025-12-08,2026-01-06 14:00:00,High,Technical,Open,-62.0,5.0,,INVALID,Support case references customer not in subscriptions; Negative resolution_hours,Open
CS000458,C01648,2025-11-11,,Medium,Billing,Closed,895.0,1.0,,INVALID,Support case references customer not in subscriptions; Closed case missing closure date/resolution hours,Closed
CS000459,C00929,2024-07-16,,Low,Access,Pending,54.0,,N,INVALID,Support case references customer not in subscriptions,Pending
CS000460,C01442,2025-03-04,2025-03-08 01:00:00,High,Cancellation,Escalated,428.0,0.0,,INVALID,CSAT score outside 1-5 range,Escalated
CS000461,C00726,2026-01-25,2026-02-09 00:00:00,Critical,,Pending,-3.0,0.0,,INVALID,Support case references customer not in subscriptions; Negative resolution_hours; CSAT score outside 1-5 range,Pending
CS000462,C01200,2025-08-30,2025-09-30 10:00:00,High,Billing,,-19.0,3.0,Y,INVALID,Support case references customer not in subscriptions; Negative resolution_hours; Missing case_status,Nan
CS000463,C00666,2025-07-28,2025-08-03 17:00:00,High,Billing,Pending,502.0,0.0,Y,INVALID,Support case references customer not in subscriptions; CSAT score outside 1-5 range,Pending
CS000464,C01748,2024-06-04,2024-06-14 17:00:00,,Technical,Open,,3.0,Y,INVALID,Support case references customer not in subscriptions,Open
CS000465,C00306,2024-04-18,2024-05-13 21:00:00,Critical,Billing,Escalated,,,,INVALID,Support case references customer not in subscriptions,Escalated
,C00316,2024-12-17,,,Access,Open,,,N,INVALID,Missing case_id; Support case references customer not in subscriptions,Open
CS000467,C01666,2024-03-18,,Low,Billing,,,6.0,,INVALID,Support case references customer not in subscriptions; CSAT score outside 1-5 range; Missing case_status,Nan
CS000468,C01334,2025-02-21,,,,Open,-49.0,2.0,N,INVALID,Negative resolution_hours,Open
CS000469,C00335,2025-02-24,2025-02-25 18:00:00,,Technical,,,0.0,Y,INVALID,Support case references customer not in subscriptions; CSAT score outside 1-5 range; Missing case_status,Nan
CS000470,C01031,2025-05-02,2025-05-03 03:00:00,High,Data Issue,,-15.0,4.0,,INVALID,Support case references customer not in subscriptions; Negative resolution_hours; Missing case_status,Nan
CS000471,C00862,2024-03-31,2024-04-20 14:00:00,Critical,,Pending,,,Y,INVALID,Support case references customer not in subscriptions,Pending
CS000472,C00353,2025-04-23,2025-05-25 07:00:00,,Access,Escalated,,6.0,Y,INVALID,Support case references customer not in subscriptions; CSAT score outside 1-5 range,Escalated
CS000473,C00002,2025-06-17,2025-07-23 03:00:00,High,Technical,Escalated,525.0,3.0,Y,INVALID,Support case references customer not in subscriptions,Escalated
CS000474,C00328,2025-05-27,,,Cancellation,Escalated,-82.0,7.0,Y,INVALID,Negative resolution_hours; CSAT score outside 1-5 range,Escalated
CS000475,C01204,2026-01-25,,Low,Cancellation,Open,,7.0,Y,INVALID,Support case references customer not in subscriptions; CSAT score outside 1-5 range,Open
CS000476,C00491,2024-03-06,2024-03-31 01:00:00,Medium,Data Issue,Escalated,358.0,1.0,Y,INVALID,Support case references customer not in subscriptions,Escalated
CS000477,C01144,2025-08-08,2025-08-22 17:00:00,Medium,Access,Open,-28.0,0.0,N,INVALID,Support case references customer not in subscriptions; Negative resolution_hours; CSAT score outside 1-5 range,Open
CS000478,C01400,2024-04-20,2024-05-19 18:00:00,Critical,Billing,Escalated,,3.0,N,VALID,No issues detected,Escalated
CS000479,C01790,2024-05-29,2024-06-14 03:00:00,Critical,Cancellation,Pending,,6.0,N,INVALID,CSAT score outside 1-5 range,Pending
CS000480,C00834,2025-12-31,2026-01-21 08:00:00,Low,Technical,Closed,402.0,5.0,,VALID,No issues detected,Closed
CS000481,C01346,2025-02-23,2025-04-03 15:00:00,Critical,Technical,Pending,911.0,1.0,,INVALID,Support case references customer not in subscriptions,Pending
CS000482,C01332,2025-04-25,2025-05-05 22:00:00,Medium,Cancellation,Pending,,,N,INVALID,Support case references customer not in subscriptions,Pending
CS000483,C00921,2024-08-30,2024-09-30 12:00:00,Critical,Technical,Escalated,-2.0,2.0,Y,INVALID,Negative resolution_hours,Escalated
CS000484,C01448,2025-05-20,2025-05-18 00:00:00,High,,Open,-41.0,,N,INVALID,Closed date earlier than opened date; Negative resolution_hours,Open
CS000485,C00321,2024-11-25,2024-12-25 20:00:00,,Data Issue,Open,-98.0,0.0,N,INVALID,Negative resolution_hours; CSAT score outside 1-5 range,Open
CS000486,C00660,2024-05-26,2024-05-28 17:00:00,Medium,Cancellation,Escalated,326.0,4.0,,VALID,No issues detected,Escalated
CS000487,C00857,2024-10-24,2024-11-27 11:00:00,Low,Billing,Pending,,1.0,N,INVALID,Support case references customer not in subscriptions,Pending
CS000488,C01590,2024-02-22,2024-03-17 11:00:00,Medium,Access,Closed,-32.0,3.0,N,INVALID,Support case references customer not in subscriptions; Negative resolution_hours,Closed
CS000489,C00815,2024-06-10,2024-06-29 00:00:00,Medium,Cancellation,Closed,,0.0,N,INVALID,Support case references customer not in subscriptions; CSAT score outside 1-5 range; Closed case missing closure date/resolution hours,Closed
CS000490,C00921,2025-10-12,2025-10-06 00:00:00,,Cancellation,Open,668.0,7.0,N,INVALID,Closed date earlier than opened date; CSAT score outside 1-5 range,Open
CS000491,C00956,2025-12-21,2026-01-05 22:00:00,High,Technical,,205.0,5.0,,INVALID,Support case references customer not in subscriptions; Missing case_status,Nan
CS000492,C01705,2024-04-26,,Medium,Technical,Open,-86.0,6.0,N,INVALID,Negative resolution_hours; CSAT score outside 1-5 range,Open
CS000493,C01341,2025-09-12,2025-10-20 03:00:00,Medium,Billing,Escalated,,5.0,N,INVALID,Support case references customer not in subscriptions,Escalated
CS000494,C01579,2024-07-12,2024-07-08 00:00:00,Low,,Escalated,,6.0,Y,INVALID,Support case references customer not in subscriptions; Closed date earlier than opened date; CSAT score outside 1-5 range,Escalated
CS000495,C00463,2024-04-20,2024-04-23 15:00:00,Critical,Access,Open,349.0,5.0,N,VALID,No issues detected,Open
CS000496,C01360,2025-11-03,2025-11-17 02:00:00,Medium,Cancellation,Open,-12.0,6.0,Y,INVALID,Support case references customer not in subscriptions; Negative resolution_hours; CSAT score outside 1-5 range,Open
CS000497,C00058,2025-05-03,2025-06-07 16:00:00,Low,,Closed,-91.0,3.0,Y,INVALID,Support case references customer not in subscriptions; Negative resolution_hours,Closed
CS000498,C01515,2024-10-08,2024-10-22 09:00:00,Low,,,-67.0,,,INVALID,Negative resolution_hours; Missing case_status,Nan
CS000499,C01274,2025-04-17,2025-04-20 16:00:00,Critical,,Open,,0.0,Y,INVALID,Support case references customer not in subscriptions; CSAT score outside 1-5 range,Open
CS000500,C01642,2025-01-23,2025-02-17 07:00:00,High,Billing,Pending,619.0,,Y,INVALID,Support case references customer not in subscriptions,Pending
CS000501,C00791,2025-11-22,2025-11-30 11:00:00,Critical,Cancellation,Pending,6.0,6.0,,INVALID,Support case references customer not in subscriptions; CSAT score outside 1-5 range,Pending
CS000502,C01229,2024-10-06,2024-10-13 13:00:00,High,,Escalated,-75.0,0.0,Y,INVALID,Negative resolution_hours; CSAT score outside 1-5 range,Escalated
CS000503,C01285,2024-01-23,2024-02-18 17:00:00,,Cancellation,Escalated,-29.0,3.0,Y,INVALID,Negative resolution_hours,Escalated
CS000504,C00874,2025-06-22,2025-07-17 06:00:00,,Technical,Closed,-47.0,7.0,Y,INVALID,Support case references customer not in subscriptions; Negative resolution_hours; CSAT score outside 1-5 range,Closed
CS000505,C00861,2025-09-04,,Critical,,Escalated,337.0,,N,INVALID,Support case references customer not in subscriptions,Escalated
CS000506,C00631,2024-03-27,2024-04-18 07:00:00,Critical,Technical,,,1.0,Y,SUSPICIOUS,Missing case_status,Nan
,C01569,2024-04-12,2024-04-24 23:00:00,Critical,Access,Closed,-73.0,2.0,Y,INVALID,Missing case_id; Negative resolution_hours,Closed
CS000508,C01428,2025-08-25,2025-09-09 10:00:00,,Billing,,,5.0,Y,SUSPICIOUS,Missing case_status,Nan
CS000509,C00949,2024-03-10,2024-03-16 16:00:00,Low,Cancellation,Closed,-94.0,6.0,N,INVALID,Support case references customer not in subscriptions; Negative resolution_hours; CSAT score outside 1-5 range,Closed
CS000510,C00379,2024-11-15,2024-12-04 09:00:00,Medium,Access,Pending,-47.0,6.0,Y,INVALID,Negative resolution_hours; CSAT score outside 1-5 range,Pending
CS000511,C00633,2025-11-01,,Critical,,Closed,733.0,3.0,N,INVALID,Closed case missing closure date/resolution hours,Closed
CS000512,C00931,2024-03-01,2024-02-28 00:00:00,Medium,Access,Closed,-10.0,4.0,Y,INVALID,Support case references customer not in subscriptions; Closed date earlier than opened date; Negative resolution_hours,Closed
CS000513,C00395,2026-01-04,2026-01-10 09:00:00,High,,Pending,-36.0,2.0,,INVALID,Support case references customer not in subscriptions; Negative resolution_hours,Pending
CS000514,C00970,2024-01-18,2024-01-26 19:00:00,Medium,Billing,Closed,374.0,6.0,N,INVALID,Support case references customer not in subscriptions; CSAT score outside 1-5 range,Closed
CS000515,C00706,2025-12-20,2026-01-02 06:00:00,Critical,Data Issue,,,6.0,Y,INVALID,CSAT score outside 1-5 range; Missing case_status,Nan
CS000516,C01203,2024-10-22,2024-11-06 10:00:00,Low,,,981.0,,N,INVALID,Support case references customer not in subscriptions; Missing case_status,Nan
CS000517,C00210,2025-08-04,2025-08-23 21:00:00,Low,Cancellation,Pending,-57.0,2.0,Y,INVALID,Negative resolution_hours,Pending
CS000518,C00868,2024-04-16,2024-05-21 11:00:00,High,Data Issue,Pending,431.0,4.0,N,INVALID,Support case references customer not in subscriptions,Pending
CS000519,C00212,2024-09-16,2024-09-16 03:00:00,,Data Issue,Pending,-25.0,3.0,Y,INVALID,Support case references customer not in subscriptions; Negative resolution_hours,Pending
CS000520,C01666,2024-10-12,,Low,,Closed,,3.0,,INVALID,Support case references customer not in subscriptions; Closed case missing closure date/resolution hours,Closed
CS000521,C00067,2024-09-04,2024-10-10 14:00:00,High,Cancellation,Closed,447.0,1.0,N,VALID,No issues detected,Closed
CS000522,C01077,2025-11-30,2025-11-20 00:00:00,Critical,Technical,Closed,,5.0,,INVALID,Closed date earlier than opened date; Closed case missing closure date/resolution hours,Closed
CS000523,C01678,2026-01-12,2026-01-06 00:00:00,Medium,,Escalated,-31.0,5.0,Y,INVALID,Support case references customer not in subscriptions; Closed date earlier than opened date; Negative resolution_hours,Escalated
CS000524,C00933,2025-01-20,2025-01-17 00:00:00,Critical,,Open,-74.0,0.0,N,INVALID,Support case references customer not in subscriptions; Closed date earlier than opened date; Negative resolution_hours; CSAT score outside 1-5 range,Open
CS000525,C00745,2024-12-27,,,Technical,Open,,0.0,N,INVALID,CSAT score outside 1-5 range,Open
CS000526,C00280,2025-03-24,2025-04-13 09:00:00,High,Technical,,,5.0,Y,SUSPICIOUS,Missing case_status,Nan
CS000527,C01151,2025-03-08,2025-03-20 21:00:00,Critical,Data Issue,Pending,-81.0,,,INVALID,Negative resolution_hours,Pending
CS000528,C00081,2024-01-23,2024-02-06 23:00:00,Critical,Cancellation,Escalated,-1.0,6.0,N,INVALID,Support case references customer not in subscriptions; Negative resolution_hours; CSAT score outside 1-5 range,Escalated
CS000529,C00322,2024-08-14,2024-09-22 05:00:00,,Access,Closed,,1.0,Y,INVALID,Support case references customer not in subscriptions; Closed case missing closure date/resolution hours,Closed
CS000530,C00562,2025-11-08,2025-12-08 11:00:00,Low,,Open,-16.0,7.0,Y,INVALID,Support case references customer not in subscriptions; Negative resolution_hours; CSAT score outside 1-5 range,Open
CS000531,C01561,2025-02-11,2025-02-22 00:00:00,,Technical,Closed,,4.0,,INVALID,Support case references customer not in subscriptions; Closed case missing closure date/resolution hours,Closed
CS000532,C01741,2024-08-13,2024-08-17 01:00:00,High,,Open,,4.0,,INVALID,Support case references customer not in subscriptions,Open
CS000533,C01036,2024-03-19,2024-04-19 14:00:00,Medium,Technical,Closed,-37.0,2.0,N,INVALID,Support case references customer not in subscriptions; Negative resolution_hours,Closed
,C00791,2025-04-20,2025-05-17 12:00:00,Low,Access,Open,31.0,1.0,,INVALID,Missing case_id; Support case references customer not in subscriptions,Open
,C01469,2025-03-21,2025-04-29 23:00:00,,,Open,315.0,7.0,Y,INVALID,Missing case_id; Support case references customer not in subscriptions; CSAT score outside 1-5 range,Open
CS000536,C00101,2024-11-13,2024-12-18 07:00:00,Critical,Access,Pending,,5.0,,VALID,No issues detected,Pending
CS000537,C01458,2024-09-21,2024-10-04 04:00:00,,,Open,,4.0,N,VALID,No issues detected,Open
CS000538,C01350,2024-07-21,2024-08-06 18:00:00,Critical,Billing,Open,,5.0,N,VALID,No issues detected,Open
CS000539,C00705,2025-03-03,2025-03-22 19:00:00,Critical,,Closed,-85.0,1.0,Y,INVALID,Support case references customer not in subscriptions; Negative resolution_hours,Closed
CS000540,C00145,2024-11-13,2024-12-11 11:00:00,Medium,Data Issue,Pending,,,,INVALID,Support case references customer not in subscriptions,Pending
CS000541,C00595,2025-10-04,,High,,Open,579.0,5.0,N,INVALID,Support case references customer not in subscriptions,Open
CS000542,C00167,2025-10-08,2025-10-25 02:00:00,Critical,Access,Closed,-79.0,0.0,,INVALID,Support case references customer not in subscriptions; Negative resolution_hours; CSAT score outside 1-5 range,Closed
CS000543,C00878,2025-10-28,2025-11-23 16:00:00,Critical,Access,Closed,18.0,0.0,,INVALID,Support case references customer not in subscriptions; CSAT score outside 1-5 range,Closed
CS000544,C00765,2025-12-28,2026-01-11 04:00:00,Medium,Data Issue,,26.0,1.0,N,SUSPICIOUS,Missing case_status,Nan
CS000545,C00753,2024-01-05,2024-02-10 05:00:00,Low,,Closed,159.0,3.0,Y,INVALID,Support case references customer not in subscriptions,Closed
,C00385,2025-09-22,,Critical,Technical,,951.0,0.0,Y,INVALID,Missing case_id; CSAT score outside 1-5 range; Missing case_status,Nan
CS000547,C01641,2024-02-10,2024-02-13 07:00:00,Critical,Cancellation,,,1.0,Y,SUSPICIOUS,Missing case_status,Nan
,C00275,2025-09-04,2025-09-18 01:00:00,Medium,Billing,Closed,104.0,5.0,N,INVALID,Missing case_id; Support case references customer not in subscriptions,Closed
CS000549,C01758,2024-11-21,2024-12-06 03:00:00,,Access,Closed,,3.0,N,INVALID,Support case references customer not in subscriptions; Closed case missing closure date/resolution hours,Closed
CS000550,C01112,2024-11-07,2024-11-11 19:00:00,Medium,Technical,,,5.0,Y,INVALID,Support case references customer not in subscriptions; Missing case_status,Nan
CS000551,C00888,2025-12-04,2025-12-04 08:00:00,Medium,,Open,145.0,0.0,Y,INVALID,Support case references customer not in subscriptions; CSAT score outside 1-5 range,Open
CS000552,C00082,2025-12-23,2026-01-07 05:00:00,Medium,Cancellation,Pending,382.0,7.0,N,INVALID,CSAT score outside 1-5 range,Pending
CS000553,C00752,2025-02-10,2025-02-11 07:00:00,Low,Cancellation,,-28.0,0.0,Y,INVALID,Support case references customer not in subscriptions; Negative resolution_hours; CSAT score outside 1-5 range; Missing case_status,Nan
CS000554,C01690,2024-05-22,,Low,Cancellation,Closed,,7.0,Y,INVALID,Support case references customer not in subscriptions; CSAT score outside 1-5 range; Closed case missing closure date/resolution hours,Closed
CS000555,C00652,2026-01-07,2026-01-08 06:00:00,Low,Data Issue,Pending,,0.0,,INVALID,CSAT score outside 1-5 range,Pending
CS000556,C00148,2024-02-01,2024-02-19 12:00:00,Critical,Billing,Open,,3.0,Y,INVALID,Support case references customer not in subscriptions,Open
CS000557,C01351,2025-11-12,2025-12-17 00:00:00,,Technical,Escalated,,3.0,Y,INVALID,Support case references customer not in subscriptions,Escalated
CS000558,C00819,2025-09-20,2025-10-26 07:00:00,Medium,Data Issue,Open,,3.0,,INVALID,Support case references customer not in subscriptions,Open
CS000559,C00699,2025-01-18,,Medium,Access,Pending,,3.0,N,VALID,No issues detected,Pending
,C00715,2024-11-26,2025-01-03 10:00:00,,Technical,,-66.0,,N,INVALID,Missing case_id; Support case references customer not in subscriptions; Negative resolution_hours; Missing case_status,Nan
CS000561,C00860,2024-04-11,,High,,,,5.0,Y,SUSPICIOUS,Missing case_status,Nan
CS000562,C01725,2024-05-17,,High,Technical,Pending,-21.0,5.0,Y,INVALID,Negative resolution_hours,Pending
CS000563,C01486,2025-11-09,2025-11-25 18:00:00,Medium,Access,Open,-92.0,7.0,,INVALID,Support case references customer not in subscriptions; Negative resolution_hours; CSAT score outside 1-5 range,Open
CS000564,C01399,2025-03-06,2025-04-05 02:00:00,,,Closed,-6.0,2.0,N,INVALID,Support case references customer not in subscriptions; Negative resolution_hours,Closed
CS000565,C00585,2024-10-16,2024-10-14 00:00:00,,Technical,Open,875.0,6.0,Y,INVALID,Closed date earlier than opened date; CSAT score outside 1-5 range,Open
CS000566,C00432,2025-09-04,2025-10-05 03:00:00,Low,Cancellation,Escalated,,,Y,INVALID,Support case references customer not in subscriptions,Escalated
CS000567,C01603,2025-02-05,2025-03-04 14:00:00,,Data Issue,Open,-30.0,3.0,Y,INVALID,Support case references customer not in subscriptions; Negative resolution_hours,Open
CS000568,C00112,2024-12-27,2025-01-29 00:00:00,,Cancellation,Closed,,1.0,Y,INVALID,Support case references customer not in subscriptions; Closed case missing closure date/resolution hours,Closed
CS000569,C00157,2026-01-02,2026-02-07 17:00:00,Medium,,Open,-85.0,6.0,,INVALID,Support case references customer not in subscriptions; Negative resolution_hours; CSAT score outside 1-5 range,Open
CS000570,C00490,2025-07-27,2025-07-29 00:00:00,,,,-40.0,7.0,Y,INVALID,Support case references customer not in subscriptions; Negative resolution_hours; CSAT score outside 1-5 range; Missing case_status,Nan
CS000571,C01121,2024-12-13,,Low,,,-29.0,4.0,N,INVALID,Negative resolution_hours; Missing case_status,Nan
,C01097,2025-07-14,,Medium,Data Issue,Open,-84.0,7.0,N,INVALID,Missing case_id; Support case references customer not in subscriptions; Negative resolution_hours; CSAT score outside 1-5 range,Open
,C01081,2024-04-21,2024-05-30 12:00:00,Low,Data Issue,Pending,-95.0,0.0,N,INVALID,Missing case_id; Support case references customer not in subscriptions; Negative resolution_hours; CSAT score outside 1-5 range,Pending
CS000574,C00678,2025-12-04,2025-12-31 20:00:00,Critical,,Escalated,558.0,4.0,Y,INVALID,Support case references customer not in subscriptions,Escalated
CS000575,C00497,2024-08-25,2024-08-20 00:00:00,Medium,,Closed,-25.0,0.0,N,INVALID,Support case references customer not in subscriptions; Closed date earlier than opened date; Negative resolution_hours; CSAT score outside 1-5 range,Closed
CS000576,C01553,2025-04-17,,Critical,Billing,Escalated,-88.0,2.0,,INVALID,Support case references customer not in subscriptions; Negative resolution_hours,Escalated
CS000577,C00620,2024-06-21,2024-07-17 09:00:00,,Technical,Pending,-33.0,3.0,N,INVALID,Support case references customer not in subscriptions; Negative resolution_hours,Pending
CS000578,C01493,2024-07-04,2024-07-01 00:00:00,Critical,,Pending,221.0,5.0,N,INVALID,Closed date earlier than opened date,Pending
CS000579,C01554,2024-07-04,2024-07-13 21:00:00,,Data Issue,Pending,,,Y,INVALID,Support case references customer not in subscriptions,Pending
CS000580,C01464,2025-04-04,2025-05-04 00:00:00,,Cancellation,Pending,-96.0,4.0,Y,INVALID,Negative resolution_hours,Pending
CS000581,C00175,2025-02-10,2025-03-21 02:00:00,,Data Issue,,804.0,7.0,Y,INVALID,Support case references customer not in subscriptions; CSAT score outside 1-5 range; Missing case_status,Nan
CS000582,C00666,2025-10-21,2025-11-18 05:00:00,Medium,Access,,3.0,2.0,N,INVALID,Support case references customer not in subscriptions; Missing case_status,Nan
CS000583,C00561,2026-01-27,2026-03-02 18:00:00,Low,Cancellation,Open,153.0,5.0,N,VALID,No issues detected,Open
CS000584,C00727,2025-09-07,,,Data Issue,Escalated,440.0,0.0,Y,INVALID,CSAT score outside 1-5 range,Escalated
CS000585,C01400,2025-01-25,2025-02-08 05:00:00,High,Data Issue,Closed,768.0,2.0,Y,VALID,No issues detected,Closed
CS000586,C01315,2025-05-19,2025-06-03 09:00:00,Critical,Cancellation,Open,,4.0,Y,VALID,No issues detected,Open
CS000587,C00237,2025-08-24,,Low,,Open,468.0,3.0,N,VALID,No issues detected,Open
CS000588,C01262,2024-07-06,,Medium,Billing,Open,-18.0,1.0,N,INVALID,Support case references customer not in subscriptions; Negative resolution_hours,Open
CS000589,C01284,2024-10-03,2024-11-07 12:00:00,,Data Issue,Closed,687.0,7.0,,INVALID,CSAT score outside 1-5 range,Closed
CS000590,C00319,2025-11-30,2025-12-18 19:00:00,Critical,Billing,Escalated,65.0,0.0,N,INVALID,Support case references customer not in subscriptions; CSAT score outside 1-5 range,Escalated
CS000591,C00250,2024-08-08,2024-09-07 21:00:00,Medium,Cancellation,Pending,-30.0,2.0,N,INVALID,Negative resolution_hours,Pending
CS000592,C00069,2025-10-08,2025-11-11 14:00:00,Low,,Closed,563.0,3.0,N,VALID,No issues detected,Closed
CS000593,C00245,2024-09-05,,Medium,Billing,Escalated,-86.0,3.0,Y,INVALID,Support case references customer not in subscriptions; Negative resolution_hours,Escalated
CS000594,C00063,2025-02-22,2025-02-13 00:00:00,Medium,Access,Pending,746.0,2.0,Y,INVALID,Support case references customer not in subscriptions; Closed date earlier than opened date,Pending
CS000595,C00422,2024-01-05,2024-02-01 15:00:00,Critical,Cancellation,,-17.0,0.0,,INVALID,Negative resolution_hours; CSAT score outside 1-5 range; Missing case_status,Nan
CS000596,C01256,2024-06-18,2024-07-24 03:00:00,Low,,Pending,468.0,3.0,N,INVALID,Support case references customer not in subscriptions,Pending
CS000597,C01577,2025-11-25,2025-12-24 17:00:00,Low,,Closed,-7.0,,,INVALID,Negative resolution_hours,Closed
CS000598,C00712,2024-05-15,2024-05-25 12:00:00,Medium,Billing,Open,795.0,6.0,Y,INVALID,Support case references customer not in subscriptions; CSAT score outside 1-5 range,Open
CS000599,C00263,2024-06-27,,,Cancellation,Closed,362.0,2.0,,INVALID,Support case references customer not in subscriptions; Closed case missing closure date/resolution hours,Closed
CS000600,C01185,2024-09-06,2024-09-07 21:00:00,High,,Closed,-93.0,0.0,Y,INVALID,Support case references customer not in subscriptions; Negative resolution_hours; CSAT score outside 1-5 range,Closed
CS000601,C00984,2025-01-27,,Critical,Cancellation,Closed,666.0,6.0,N,INVALID,Support case references customer not in subscriptions; CSAT score outside 1-5 range; Closed case missing closure date/resolution hours,Closed
CS000602,C00549,2025-02-13,2025-02-22 15:00:00,Low,Technical,Closed,130.0,3.0,Y,VALID,No issues detected,Closed
CS000603,C00726,2025-02-23,2025-02-27 22:00:00,,Technical,Closed,,,Y,INVALID,Support case references customer not in subscriptions; Closed case missing closure date/resolution hours,Closed
CS000604,C00492,2025-09-17,2025-09-23 14:00:00,Critical,Billing,,284.0,3.0,Y,SUSPICIOUS,Missing case_status,Nan
CS000605,C00984,2024-12-18,2025-01-18 19:00:00,Critical,Technical,Escalated,,3.0,,INVALID,Support case references customer not in subscriptions,Escalated
CS000606,C01398,2026-01-15,2026-02-17 22:00:00,Critical,Data Issue,Open,-53.0,5.0,Y,INVALID,Negative resolution_hours,Open
CS000607,C01184,2025-11-25,,Critical,Data Issue,Open,560.0,7.0,,INVALID,Support case references customer not in subscriptions; CSAT score outside 1-5 range,Open
,C00340,2026-01-08,,High,Data Issue,Pending,,4.0,Y,INVALID,Missing case_id,Pending
CS000609,C01201,2025-04-20,2025-05-09 06:00:00,Critical,Cancellation,Closed,-45.0,,N,INVALID,Negative resolution_hours,Closed
CS000610,C00795,2025-04-19,2025-04-18 00:00:00,Medium,Cancellation,Open,-4.0,7.0,N,INVALID,Closed date earlier than opened date; Negative resolution_hours; CSAT score outside 1-5 range,Open
CS000611,C00997,2025-09-25,2025-10-12 09:00:00,Low,Access,Escalated,-74.0,6.0,Y,INVALID,Support case references customer not in subscriptions; Negative resolution_hours; CSAT score outside 1-5 range,Escalated
,C00675,2024-09-10,2024-08-31 00:00:00,Critical,Technical,,,5.0,N,INVALID,Missing case_id; Closed date earlier than opened date; Missing case_status,Nan
CS000613,C00368,2025-02-26,2025-03-02 07:00:00,Low,Technical,Closed,,,,INVALID,Support case references customer not in subscriptions; Closed case missing closure date/resolution hours,Closed
CS000614,C01416,2024-06-03,2024-06-07 22:00:00,,Technical,Open,-70.0,0.0,N,INVALID,Support case references customer not in subscriptions; Negative resolution_hours; CSAT score outside 1-5 range,Open
CS000615,C01738,2024-11-22,2024-12-29 04:00:00,High,Cancellation,Pending,-8.0,6.0,N,INVALID,Support case references customer not in subscriptions; Negative resolution_hours; CSAT score outside 1-5 range,Pending
CS000616,C00947,2024-09-29,2024-10-27 01:00:00,Critical,Access,Escalated,979.0,3.0,,INVALID,Support case references customer not in subscriptions,Escalated
,C00382,2025-12-26,2026-01-15 22:00:00,Critical,Access,,-29.0,2.0,N,INVALID,Missing case_id; Negative resolution_hours; Missing case_status,Nan
CS000618,C00461,2024-12-30,2025-01-02 03:00:00,Medium,Billing,Open,343.0,5.0,N,INVALID,Support case references customer not in subscriptions,Open
CS000619,C00720,2024-09-23,,Critical,Cancellation,Open,-20.0,5.0,N,INVALID,Support case references customer not in subscriptions; Negative resolution_hours,Open
CS000620,C01448,2024-09-27,2024-10-21 08:00:00,Low,Cancellation,Closed,,0.0,,INVALID,CSAT score outside 1-5 range; Closed case missing closure date/resolution hours,Closed
CS000621,C00274,2025-07-18,2025-07-23 09:00:00,High,Access,Escalated,,6.0,Y,INVALID,Support case references customer not in subscriptions; CSAT score outside 1-5 range,Escalated
CS000622,C01158,2025-03-02,,Medium,Technical,Pending,31.0,0.0,N,INVALID,CSAT score outside 1-5 range,Pending
CS000623,C00238,2025-07-07,,High,Technical,Open,-51.0,7.0,N,INVALID,Negative resolution_hours; CSAT score outside 1-5 range,Open
CS000624,C01010,2024-05-24,2024-05-28 08:00:00,,Billing,Escalated,-63.0,2.0,N,INVALID,Support case references customer not in subscriptions; Negative resolution_hours,Escalated
CS000625,C00473,2024-05-13,2024-05-31 17:00:00,Low,Cancellation,,,1.0,N,INVALID,Support case references customer not in subscriptions; Missing case_status,Nan
CS000626,C01218,2024-05-23,2024-06-13 17:00:00,High,Data Issue,,521.0,,Y,INVALID,Support case references customer not in subscriptions; Missing case_status,Nan
CS000627,C00473,2025-06-27,,,Access,Closed,-85.0,7.0,Y,INVALID,Support case references customer not in subscriptions; Negative resolution_hours; CSAT score outside 1-5 range; Closed case missing closure date/resolution hours,Closed
CS000628,C01416,2025-07-12,2025-07-03 00:00:00,,Technical,Open,-88.0,7.0,Y,INVALID,Support case references customer not in subscriptions; Closed date earlier than opened date; Negative resolution_hours; CSAT score outside 1-5 range,Open
CS000629,C01366,2024-01-16,2024-01-16 08:00:00,High,,Open,-16.0,,,INVALID,Support case references customer not in subscriptions; Negative resolution_hours,Open
CS000630,C00468,2025-01-08,,High,Access,,-97.0,5.0,,INVALID,Negative resolution_hours; Missing case_status,Nan
,C01305,2024-02-20,2024-03-17 20:00:00,Medium,Billing,Closed,954.0,,Y,INVALID,Missing case_id; Support case references customer not in subscriptions,Closed
CS000632,C00621,2024-07-30,2024-08-19 16:00:00,Medium,Access,Closed,,6.0,,INVALID,CSAT score outside 1-5 range; Closed case missing closure date/resolution hours,Closed
CS000633,C00853,2024-04-15,2024-05-10 21:00:00,,Billing,Escalated,-42.0,0.0,,INVALID,Negative resolution_hours; CSAT score outside 1-5 range,Escalated
CS000634,C01446,2025-07-25,,Medium,Billing,Pending,-16.0,6.0,Y,INVALID,Negative resolution_hours; CSAT score outside 1-5 range,Pending
CS000635,C00759,2024-07-16,2024-08-11 05:00:00,Medium,,Closed,602.0,1.0,,INVALID,Support case references customer not in subscriptions,Closed
CS000636,C00141,2024-03-01,2024-03-18 04:00:00,Critical,Billing,Escalated,,2.0,Y,VALID,No issues detected,Escalated
CS000637,C00948,2025-05-24,2025-05-29 18:00:00,High,Access,Pending,861.0,2.0,N,INVALID,Support case references customer not in subscriptions,Pending
CS000638,C01421,2025-02-07,2025-03-10 16:00:00,Low,,Escalated,-73.0,,,INVALID,Negative resolution_hours,Escalated
CS000639,C01499,2024-08-13,,,,Open,,0.0,N,INVALID,Support case references customer not in subscriptions; CSAT score outside 1-5 range,Open
CS000640,C01221,2025-07-10,2025-08-11 18:00:00,,Billing,Closed,-10.0,7.0,,INVALID,Support case references customer not in subscriptions; Negative resolution_hours; CSAT score outside 1-5 range,Closed
CS000641,C00912,2025-11-28,2025-12-04 03:00:00,High,Billing,,451.0,4.0,Y,SUSPICIOUS,Missing case_status,Nan
CS000642,C01068,2025-05-24,2025-06-04 00:00:00,,Cancellation,Escalated,,6.0,Y,INVALID,CSAT score outside 1-5 range,Escalated
CS000643,C01554,2025-01-10,2025-01-26 03:00:00,Critical,Billing,Pending,-22.0,3.0,N,INVALID,Support case references customer not in subscriptions; Negative resolution_hours,Pending
CS000644,C00116,2025-10-04,2025-10-09 12:00:00,Critical,,Closed,-56.0,0.0,,INVALID,Support case references customer not in subscriptions; Negative resolution_hours; CSAT score outside 1-5 range,Closed
CS000645,C01668,2025-11-22,2025-11-25 21:00:00,Critical,Cancellation,Escalated,-26.0,5.0,N,INVALID,Negative resolution_hours,Escalated
CS000646,C01082,2025-04-25,,,Access,Pending,-77.0,4.0,N,INVALID,Support case references customer not in subscriptions; Negative resolution_hours,Pending
CS000647,C00392,2025-03-06,2025-03-13 19:00:00,Medium,Cancellation,,,6.0,Y,INVALID,CSAT score outside 1-5 range; Missing case_status,Nan
CS000648,C00799,2024-06-02,2024-06-24 09:00:00,High,Data Issue,Closed,,2.0,,INVALID,Support case references customer not in subscriptions; Closed case missing closure date/resolution hours,Closed
CS000649,C00195,2024-02-12,,High,Data Issue,Pending,,7.0,,INVALID,Support case references customer not in subscriptions; CSAT score outside 1-5 range,Pending
CS000650,C00077,2025-06-11,2025-07-08 21:00:00,Medium,Access,Pending,,0.0,Y,INVALID,Support case references customer not in subscriptions; CSAT score outside 1-5 range,Pending
CS000651,C01699,2024-11-02,2024-11-06 12:00:00,Medium,Data Issue,Pending,,,Y,VALID,No issues detected,Pending
CS000652,C00415,2024-02-03,2024-03-06 22:00:00,Critical,Data Issue,Pending,65.0,5.0,Y,INVALID,Support case references customer not in subscriptions,Pending
CS000653,C00244,2025-01-15,2025-01-18 11:00:00,Critical,Technical,,-3.0,2.0,,INVALID,Support case references customer not in subscriptions; Negative resolution_hours; Missing case_status,Nan
CS000654,C01252,2025-10-25,2025-10-21 00:00:00,High,Billing,Closed,910.0,3.0,,INVALID,Support case references customer not in subscriptions; Closed date earlier than opened date,Closed
CS000655,C00433,2025-09-25,2025-10-19 21:00:00,High,Cancellation,Pending,810.0,4.0,Y,VALID,No issues detected,Pending
CS000656,C01764,2024-01-07,2024-02-02 12:00:00,,,Closed,-3.0,6.0,N,INVALID,Support case references customer not in subscriptions; Negative resolution_hours; CSAT score outside 1-5 range,Closed
CS000657,C01188,2024-12-15,2025-01-01 04:00:00,Critical,Data Issue,,-21.0,1.0,,INVALID,Support case references customer not in subscriptions; Negative resolution_hours; Missing case_status,Nan
CS000658,C01094,2025-10-10,,,Technical,Escalated,447.0,7.0,,INVALID,Support case references customer not in subscriptions; CSAT score outside 1-5 range,Escalated
CS000659,C00554,2024-11-12,,High,Billing,Escalated,-90.0,4.0,,INVALID,Support case references customer not in subscriptions; Negative resolution_hours,Escalated
,C00575,2024-01-20,2024-02-16 11:00:00,Low,Billing,Closed,-47.0,4.0,,INVALID,Missing case_id; Support case references customer not in subscriptions; Negative resolution_hours,Closed
CS000661,C00689,2025-12-29,2026-01-16 09:00:00,Critical,Access,Escalated,942.0,0.0,Y,INVALID,Support case references customer not in subscriptions; CSAT score outside 1-5 range,Escalated
CS000662,C01379,2024-04-07,2024-04-14 15:00:00,Medium,Cancellation,Open,213.0,6.0,N,INVALID,Support case references customer not in subscriptions; CSAT score outside 1-5 range,Open
CS000663,C01298,2024-09-28,,Low,Data Issue,Open,,3.0,Y,INVALID,Support case references customer not in subscriptions,Open
CS000664,C01645,2026-01-28,2026-02-26 15:00:00,,,Pending,567.0,4.0,N,VALID,No issues detected,Pending
CS000665,,2024-01-13,2024-01-26 08:00:00,High,,,66.0,6.0,,INVALID,CSAT score outside 1-5 range; Missing case_status,Nan
CS000666,C00592,2024-03-21,2024-04-22 10:00:00,Critical,Access,Escalated,409.0,0.0,N,INVALID,Support case references customer not in subscriptions; CSAT score outside 1-5 range,Escalated
CS000667,C00052,2024-08-02,2024-08-15 05:00:00,,Data Issue,Pending,-22.0,5.0,N,INVALID,Support case references customer not in subscriptions; Negative resolution_hours,Pending
CS000668,C00970,2025-04-03,2025-05-10 05:00:00,Low,Technical,Open,486.0,7.0,,INVALID,Support case references customer not in subscriptions; CSAT score outside 1-5 range,Open
CS000669,C01626,2024-09-02,2024-09-09 20:00:00,Critical,,Pending,488.0,,N,INVALID,Support case references customer not in subscriptions,Pending
CS000670,C00462,2024-06-20,2024-06-23 14:00:00,Low,Cancellation,Closed,338.0,5.0,N,VALID,No issues detected,Closed
CS000671,C00725,2025-10-25,2025-10-27 06:00:00,Medium,Cancellation,Closed,-16.0,5.0,Y,INVALID,Support case references customer not in subscriptions; Negative resolution_hours,Closed
CS000672,C00459,2024-04-21,2024-05-01 11:00:00,,Technical,Escalated,-59.0,5.0,Y,INVALID,Support case references customer not in subscriptions; Negative resolution_hours,Escalated
CS000673,C01140,2024-09-02,2024-09-27 23:00:00,,Technical,Closed,-48.0,3.0,N,INVALID,Negative resolution_hours,Closed
CS000674,C00615,2025-10-15,2025-11-07 17:00:00,Low,Technical,Open,,0.0,N,INVALID,Support case references customer not in subscriptions; CSAT score outside 1-5 range,Open
CS000675,C01457,2026-01-20,2026-01-27 16:00:00,Low,Data Issue,Closed,,4.0,Y,INVALID,Support case references customer not in subscriptions; Closed case missing closure date/resolution hours,Closed
CS000676,C01526,2025-04-16,2025-05-16 17:00:00,Critical,Access,Escalated,137.0,0.0,N,INVALID,Support case references customer not in subscriptions; CSAT score outside 1-5 range,Escalated
CS000677,C01792,2024-03-14,2024-04-01 12:00:00,Low,,,-8.0,3.0,Y,INVALID,Negative resolution_hours; Missing case_status,Nan
CS000678,C01279,2024-04-29,,High,,Pending,-60.0,,,INVALID,Negative resolution_hours,Pending
CS000679,C01128,2025-01-06,2025-01-16 19:00:00,High,Technical,Closed,12.0,6.0,Y,INVALID,Support case references customer not in subscriptions; CSAT score outside 1-5 range,Closed
CS000680,C00722,2025-02-17,2025-02-25 03:00:00,,Technical,,,3.0,Y,SUSPICIOUS,Missing case_status,Nan
CS000681,C00866,2025-04-23,,High,Data Issue,Escalated,65.0,6.0,,INVALID,CSAT score outside 1-5 range,Escalated
CS000682,C00382,2024-04-04,2024-05-02 23:00:00,,Data Issue,Escalated,-95.0,0.0,N,INVALID,Negative resolution_hours; CSAT score outside 1-5 range,Escalated
CS000683,C00386,2025-04-29,2025-05-03 07:00:00,Critical,Technical,,-61.0,0.0,N,INVALID,Support case references customer not in subscriptions; Negative resolution_hours; CSAT score outside 1-5 range; Missing case_status,Nan
CS000684,C00843,2025-04-15,2025-05-04 09:00:00,Medium,,Escalated,-87.0,7.0,Y,INVALID,Support case references customer not in subscriptions; Negative resolution_hours; CSAT score outside 1-5 range,Escalated
CS000685,C01048,2024-05-26,2024-06-11 20:00:00,Critical,Data Issue,Closed,772.0,5.0,,INVALID,Support case references customer not in subscriptions,Closed
CS000686,C00034,2026-01-12,2026-02-09 07:00:00,Low,Cancellation,Escalated,-60.0,2.0,,INVALID,Support case references customer not in subscriptions; Negative resolution_hours,Escalated
CS000687,C00022,2025-03-17,2025-04-03 10:00:00,Medium,Cancellation,Closed,156.0,3.0,,INVALID,Support case references customer not in subscriptions,Closed
CS000688,C00571,2025-10-07,2025-11-05 16:00:00,Low,Billing,Escalated,-45.0,0.0,N,INVALID,Negative resolution_hours; CSAT score outside 1-5 range,Escalated
CS000689,C01123,2025-03-04,2025-03-12 23:00:00,Medium,Billing,,,7.0,Y,INVALID,Support case references customer not in subscriptions; CSAT score outside 1-5 range; Missing case_status,Nan
CS000690,C00818,2024-08-15,2024-08-31 21:00:00,,Access,Closed,,2.0,,INVALID,Closed case missing closure date/resolution hours,Closed
CS000691,C01773,2025-11-24,2025-12-06 04:00:00,Medium,Access,,,3.0,Y,SUSPICIOUS,Missing case_status,Nan
CS000692,C00491,2024-01-19,2024-02-16 10:00:00,Low,Technical,,6.0,3.0,Y,INVALID,Support case references customer not in subscriptions; Missing case_status,Nan
CS000693,C00979,2025-04-21,2025-05-07 21:00:00,High,Data Issue,Closed,,3.0,N,INVALID,Support case references customer not in subscriptions; Closed case missing closure date/resolution hours,Closed
CS000694,C01238,2024-11-06,2024-11-23 04:00:00,Low,Cancellation,Open,-10.0,2.0,Y,INVALID,Negative resolution_hours,Open
CS000695,C00804,2025-08-12,,Low,Cancellation,Escalated,-43.0,7.0,N,INVALID,Negative resolution_hours; CSAT score outside 1-5 range,Escalated
CS000696,C00691,2024-07-14,2024-07-08 00:00:00,Low,Cancellation,Pending,,6.0,N,INVALID,Closed date earlier than opened date; CSAT score outside 1-5 range,Pending
CS000697,C00630,2025-02-10,2025-03-13 09:00:00,,,Pending,,1.0,,INVALID,Support case references customer not in subscriptions,Pending
CS000698,C01745,2024-09-04,2024-09-04 04:00:00,Low,Cancellation,Pending,,5.0,,VALID,No issues detected,Pending
CS000699,C00729,2025-03-10,2025-03-21 10:00:00,Low,Cancellation,,,0.0,,INVALID,Support case references customer not in subscriptions; CSAT score outside 1-5 range; Missing case_status,Nan
CS000700,C00504,2025-09-11,2025-09-11 15:00:00,High,Technical,Pending,-10.0,1.0,,INVALID,Support case references customer not in subscriptions; Negative resolution_hours,Pending
CS000701,C01422,2024-05-30,2024-06-30 12:00:00,Critical,Billing,,,7.0,N,INVALID,Support case references customer not in subscriptions; CSAT score outside 1-5 range; Missing case_status,Nan
CS000702,C01297,2024-07-25,2024-08-20 22:00:00,Critical,Billing,,324.0,6.0,,INVALID,CSAT score outside 1-5 range; Missing case_status,Nan
CS000703,C01269,2024-12-03,2024-12-27 04:00:00,Critical,,Pending,,7.0,N,INVALID,Support case references customer not in subscriptions; CSAT score outside 1-5 range,Pending
CS000704,C00915,2025-01-12,2025-02-11 13:00:00,Critical,Cancellation,Closed,-31.0,7.0,N,INVALID,Negative resolution_hours; CSAT score outside 1-5 range,Closed
CS000705,C00365,2024-07-10,2024-07-06 00:00:00,,Access,Escalated,-44.0,7.0,Y,INVALID,Support case references customer not in subscriptions; Closed date earlier than opened date; Negative resolution_hours; CSAT score outside 1-5 range,Escalated
CS000706,C01294,2024-05-18,2024-05-22 17:00:00,Medium,Access,Closed,418.0,6.0,N,INVALID,CSAT score outside 1-5 range,Closed
CS000707,C00928,2025-02-26,,Critical,Billing,Open,-76.0,6.0,Y,INVALID,Support case references customer not in subscriptions; Negative resolution_hours; CSAT score outside 1-5 range,Open
CS000708,C00497,2026-01-24,2026-02-19 16:00:00,High,,Open,-98.0,5.0,,INVALID,Support case references customer not in subscriptions; Negative resolution_hours,Open
CS000709,C01124,2024-10-09,,Low,Data Issue,Closed,-92.0,6.0,,INVALID,Support case references customer not in subscriptions; Negative resolution_hours; CSAT score outside 1-5 range; Closed case missing closure date/resolution hours,Closed
CS000710,C00349,2025-11-30,2026-01-03 12:00:00,Critical,Billing,Closed,177.0,2.0,,INVALID,Support case references customer not in subscriptions,Closed
CS000711,C01070,2025-11-12,2025-11-20 05:00:00,Critical,,,-86.0,,Y,INVALID,Support case references customer not in subscriptions; Negative resolution_hours; Missing case_status,Nan
CS000712,C00753,2025-09-25,2025-09-17 00:00:00,Critical,Technical,Open,314.0,,N,INVALID,Support case references customer not in subscriptions; Closed date earlier than opened date,Open
CS000713,C00674,2025-11-18,2025-11-20 17:00:00,High,Cancellation,Escalated,367.0,5.0,,INVALID,Support case references customer not in subscriptions,Escalated
,C00362,2025-06-09,2025-06-12 17:00:00,Medium,Technical,,201.0,7.0,N,INVALID,Missing case_id; Support case references customer not in subscriptions; CSAT score outside 1-5 range; Missing case_status,Nan
CS000715,C00715,2024-12-16,2024-12-16 15:00:00,,,Closed,-49.0,3.0,N,INVALID,Support case references customer not in subscriptions; Negative resolution_hours,Closed
CS000716,C99999,2024-10-04,2024-10-23 19:00:00,,Cancellation,Open,-95.0,7.0,,INVALID,Support case references customer not in subscriptions; Negative resolution_hours; CSAT score outside 1-5 range,Open
CS000717,C00218,2024-03-31,2024-04-27 09:00:00,,Data Issue,,,7.0,N,INVALID,Support case references customer not in subscriptions; CSAT score outside 1-5 range; Missing case_status,Nan
CS000718,C00729,2025-04-28,2025-04-30 08:00:00,Medium,Cancellation,Pending,,7.0,Y,INVALID,Support case references customer not in subscriptions; CSAT score outside 1-5 range,Pending
CS000719,C01559,2024-03-17,2024-04-02 13:00:00,High,Cancellation,Closed,795.0,7.0,N,INVALID,Support case references customer not in subscriptions; CSAT score outside 1-5 range,Closed
CS000720,C01639,2024-06-22,2024-06-25 21:00:00,High,Technical,Open,888.0,6.0,N,INVALID,Support case references customer not in subscriptions; CSAT score outside 1-5 range,Open
CS000721,C00434,2025-06-10,2025-06-21 17:00:00,Critical,Access,Closed,-50.0,2.0,,INVALID,Negative resolution_hours,Closed
CS000722,C00611,2025-04-04,2025-04-27 12:00:00,,Access,Open,,4.0,,INVALID,Support case references customer not in subscriptions,Open
CS000723,C01360,2025-11-18,2025-12-21 01:00:00,,Access,Closed,-58.0,7.0,N,INVALID,Support case references customer not in subscriptions; Negative resolution_hours; CSAT score outside 1-5 range,Closed
CS000724,C00911,2024-02-07,,Low,,,,6.0,N,INVALID,CSAT score outside 1-5 range; Missing case_status,Nan
CS000725,C00430,2025-11-01,2025-11-19 09:00:00,Low,Data Issue,Closed,,0.0,N,INVALID,Support case references customer not in subscriptions; CSAT score outside 1-5 range; Closed case missing closure date/resolution hours,Closed
CS000726,C00797,2025-09-16,2025-10-03 07:00:00,High,Cancellation,Open,,3.0,,VALID,No issues detected,Open
CS000727,C00930,2024-02-03,2024-02-12 13:00:00,Critical,Data Issue,Closed,,7.0,N,INVALID,Support case references customer not in subscriptions; CSAT score outside 1-5 range; Closed case missing closure date/resolution hours,Closed
CS000728,C01374,2024-03-09,2024-04-06 13:00:00,Medium,Data Issue,Pending,211.0,1.0,,VALID,No issues detected,Pending
CS000729,C00462,2025-06-10,2025-07-13 02:00:00,Low,Cancellation,,838.0,2.0,N,SUSPICIOUS,Missing case_status,Nan
CS000730,C01434,2024-08-22,,Critical,Technical,Pending,-47.0,3.0,,INVALID,Negative resolution_hours,Pending
CS000731,C01414,2024-03-10,2024-04-01 11:00:00,Medium,Technical,Open,,0.0,Y,INVALID,Support case references customer not in subscriptions; CSAT score outside 1-5 range,Open
CS000732,C00389,2024-08-07,2024-08-15 04:00:00,,,,542.0,0.0,N,INVALID,Support case references customer not in subscriptions; CSAT score outside 1-5 range; Missing case_status,Nan
CS000733,C01593,2024-10-19,2024-11-01 20:00:00,High,Access,Open,,1.0,N,VALID,No issues detected,Open
CS000734,C00635,2025-06-22,,Critical,,Pending,,6.0,N,INVALID,CSAT score outside 1-5 range,Pending
CS000735,C00829,2025-03-05,,Medium,Data Issue,Escalated,656.0,3.0,,INVALID,Support case references customer not in subscriptions,Escalated
CS000736,C01654,2025-03-10,2025-04-06 19:00:00,Low,Billing,,,3.0,N,INVALID,Support case references customer not in subscriptions; Missing case_status,Nan
CS000737,C00386,2025-12-23,2026-01-04 18:00:00,High,Technical,,,5.0,Y,INVALID,Support case references customer not in subscriptions; Missing case_status,Nan
CS000738,C00774,2025-11-25,2025-12-03 18:00:00,,,Escalated,527.0,3.0,,INVALID,Support case references customer not in subscriptions,Escalated
CS000739,C00938,2024-03-15,,,,Closed,252.0,3.0,N,INVALID,Support case references customer not in subscriptions; Closed case missing closure date/resolution hours,Closed
CS000740,C01239,2025-09-12,2025-10-02 13:00:00,Medium,Technical,Open,,6.0,Y,INVALID,CSAT score outside 1-5 range,Open
CS000741,C01395,2024-03-05,2024-03-17 23:00:00,Low,Technical,Pending,50.0,0.0,,INVALID,CSAT score outside 1-5 range,Pending
CS000742,C00868,2025-12-09,2025-12-31 06:00:00,,Access,Closed,,1.0,,INVALID,Support case references customer not in subscriptions; Closed case missing closure date/resolution hours,Closed
CS000743,C00375,2025-05-21,2025-06-19 01:00:00,High,Cancellation,,-11.0,4.0,,INVALID,Support case references customer not in subscriptions; Negative resolution_hours; Missing case_status,Nan
CS000744,C00872,2025-08-19,2025-09-27 04:00:00,Critical,Data Issue,Escalated,291.0,4.0,,INVALID,Support case references customer not in subscriptions,Escalated
CS000745,C00932,2026-01-03,2026-01-08 04:00:00,High,Access,Escalated,,7.0,N,INVALID,Support case references customer not in subscriptions; CSAT score outside 1-5 range,Escalated
CS000746,C00704,2024-02-29,2024-02-26 00:00:00,,Billing,Escalated,887.0,1.0,Y,INVALID,Closed date earlier than opened date,Escalated
CS000747,C00289,2024-03-09,2024-03-30 08:00:00,Medium,Data Issue,Pending,412.0,7.0,,INVALID,CSAT score outside 1-5 range,Pending
CS000748,C01501,2024-11-25,2024-12-19 12:00:00,,Technical,Pending,573.0,2.0,,INVALID,Support case references customer not in subscriptions,Pending
CS000749,C01193,2025-05-05,2025-06-09 04:00:00,,Billing,Closed,,,N,INVALID,Closed case missing closure date/resolution hours,Closed
CS000750,C01300,2024-12-02,,Medium,,Pending,34.0,2.0,Y,VALID,No issues detected,Pending
CS000751,C01781,2024-05-09,2024-05-23 23:00:00,Low,Billing,Closed,,3.0,,INVALID,Closed case missing closure date/resolution hours,Closed
CS000752,C00356,2024-01-28,2024-02-20 18:00:00,High,Technical,Closed,-20.0,2.0,N,INVALID,Negative resolution_hours,Closed
CS000753,C00629,2024-03-07,2024-03-11 16:00:00,Critical,Technical,Escalated,718.0,4.0,N,INVALID,Support case references customer not in subscriptions,Escalated
CS000754,C00987,2024-01-09,2024-02-13 01:00:00,Medium,Cancellation,Escalated,516.0,0.0,Y,INVALID,Support case references customer not in subscriptions; CSAT score outside 1-5 range,Escalated
CS000755,C01351,2024-05-15,2024-06-07 08:00:00,Critical,Billing,,,5.0,Y,INVALID,Support case references customer not in subscriptions; Missing case_status,Nan
CS000756,C00263,2025-09-26,2025-10-15 19:00:00,,,Open,440.0,,Y,INVALID,Support case references customer not in subscriptions,Open
CS000757,C00502,2024-09-04,2024-10-06 15:00:00,,Data Issue,Open,,6.0,,INVALID,Support case references customer not in subscriptions; CSAT score outside 1-5 range,Open
CS000758,C00439,2025-10-10,2025-11-16 00:00:00,Low,Cancellation,Open,517.0,,N,VALID,No issues detected,Open
CS000759,C00064,2024-04-06,2024-04-14 23:00:00,Low,Technical,Escalated,-91.0,2.0,N,INVALID,Support case references customer not in subscriptions; Negative resolution_hours,Escalated
CS000760,C01311,2025-01-06,2025-01-25 11:00:00,Medium,Billing,Closed,882.0,3.0,Y,INVALID,Support case references customer not in subscriptions,Closed
CS000761,C01594,2025-01-15,2025-01-21 05:00:00,Low,Access,Escalated,238.0,0.0,N,INVALID,CSAT score outside 1-5 range,Escalated
CS000762,C00806,2024-12-12,,Medium,,Closed,75.0,2.0,Y,INVALID,Closed case missing closure date/resolution hours,Closed
CS000763,C00809,2025-10-15,2025-10-23 12:00:00,Medium,Technical,Escalated,,0.0,N,INVALID,CSAT score outside 1-5 range,Escalated
CS000764,C00117,2025-03-21,2025-03-31 08:00:00,Critical,Data Issue,Escalated,-32.0,6.0,N,INVALID,Support case references customer not in subscriptions; Negative resolution_hours; CSAT score outside 1-5 range,Escalated
CS000765,C00492,2025-11-12,2025-12-12 17:00:00,Critical,Cancellation,Closed,,3.0,N,INVALID,Closed case missing closure date/resolution hours,Closed
CS000766,C00346,2024-07-15,2024-07-26 05:00:00,Medium,Access,Escalated,-65.0,0.0,Y,INVALID,Negative resolution_hours; CSAT score outside 1-5 range,Escalated
CS000767,C01688,2024-12-12,2024-12-30 20:00:00,Critical,,Open,-41.0,4.0,Y,INVALID,Support case references customer not in subscriptions; Negative resolution_hours,Open
CS000768,C00953,2024-06-22,2024-07-11 05:00:00,Medium,Cancellation,Escalated,,0.0,Y,INVALID,Support case references customer not in subscriptions; CSAT score outside 1-5 range,Escalated
CS000769,C00742,2025-11-19,2025-11-26 23:00:00,High,Billing,Open,736.0,1.0,Y,INVALID,Support case references customer not in subscriptions,Open
CS000770,C01697,2024-01-14,2024-02-01 02:00:00,Medium,Data Issue,,76.0,2.0,N,INVALID,Support case references customer not in subscriptions; Missing case_status,Nan
CS000771,C01748,2025-05-08,2025-06-01 03:00:00,,Access,,,1.0,Y,INVALID,Support case references customer not in subscriptions; Missing case_status,Nan
CS000772,C01552,2025-01-16,2025-01-10 00:00:00,Low,Access,,-52.0,3.0,,INVALID,Support case references customer not in subscriptions; Closed date earlier than opened date; Negative resolution_hours; Missing case_status,Nan
CS000773,C01597,2026-01-19,,High,Billing,Open,731.0,5.0,N,VALID,No issues detected,Open
CS000774,C00787,2025-09-19,2025-09-26 05:00:00,High,,Escalated,113.0,0.0,,INVALID,Support case references customer not in subscriptions; CSAT score outside 1-5 range,Escalated
CS000775,C00714,2025-10-27,2025-11-17 08:00:00,High,Data Issue,Closed,,0.0,Y,INVALID,CSAT score outside 1-5 range; Closed case missing closure date/resolution hours,Closed
CS000776,C00131,2026-01-13,2026-02-06 11:00:00,,,,1.0,3.0,,INVALID,Support case references customer not in subscriptions; Missing case_status,Nan
CS000777,C01163,2025-10-12,2025-11-02 14:00:00,Medium,Cancellation,Escalated,-9.0,1.0,N,INVALID,Support case references customer not in subscriptions; Negative resolution_hours,Escalated
CS000778,C00404,2025-03-12,2025-03-12 17:00:00,Medium,Data Issue,Escalated,-30.0,7.0,Y,INVALID,Support case references customer not in subscriptions; Negative resolution_hours; CSAT score outside 1-5 range,Escalated
CS000779,C01581,2024-05-21,2024-06-14 01:00:00,,,Pending,,4.0,N,VALID,No issues detected,Pending
CS000780,C00120,2024-05-22,2024-06-13 05:00:00,,,Pending,,3.0,Y,INVALID,Support case references customer not in subscriptions,Pending
CS000781,C00507,2024-11-17,2024-12-22 17:00:00,High,Access,,-81.0,,,INVALID,Negative resolution_hours; Missing case_status,Nan
CS000782,C00817,2025-08-31,2025-10-06 03:00:00,Critical,Access,Closed,-26.0,2.0,N,INVALID,Negative resolution_hours,Closed
CS000783,C01731,2024-03-24,2024-04-14 11:00:00,,Data Issue,Open,,5.0,Y,INVALID,Support case references customer not in subscriptions,Open
CS000784,C01115,2025-08-29,2025-08-31 17:00:00,Critical,Cancellation,,-49.0,0.0,,INVALID,Support case references customer not in subscriptions; Negative resolution_hours; CSAT score outside 1-5 range; Missing case_status,Nan
CS000785,C01312,2025-04-05,2025-04-19 20:00:00,,Data Issue,Pending,,1.0,N,VALID,No issues detected,Pending
CS000786,C00151,2025-05-16,2025-05-16 08:00:00,High,,Escalated,-29.0,5.0,N,INVALID,Negative resolution_hours,Escalated
CS000787,C00370,2025-04-27,2025-05-02 13:00:00,High,Technical,Closed,,0.0,,INVALID,Support case references customer not in subscriptions; CSAT score outside 1-5 range; Closed case missing closure date/resolution hours,Closed
CS000788,C01127,2026-01-29,2026-01-25 00:00:00,Medium,,Closed,261.0,1.0,Y,INVALID,Closed date earlier than opened date,Closed
CS000789,C00582,2026-01-06,,Medium,Cancellation,,214.0,1.0,Y,INVALID,Support case references customer not in subscriptions; Missing case_status,Nan
CS000790,C01311,2025-11-21,2025-12-08 15:00:00,Medium,Data Issue,Open,-94.0,7.0,Y,INVALID,Support case references customer not in subscriptions; Negative resolution_hours; CSAT score outside 1-5 range,Open
CS000791,C00472,2025-08-15,2025-09-09 03:00:00,High,,Closed,942.0,7.0,N,INVALID,CSAT score outside 1-5 range,Closed
CS000792,C00537,2025-06-08,,Low,Data Issue,Escalated,-29.0,7.0,,INVALID,Support case references customer not in subscriptions; Negative resolution_hours; CSAT score outside 1-5 range,Escalated
CS000793,C00060,2025-08-25,2025-09-21 05:00:00,,Technical,Open,,2.0,,INVALID,Support case references customer not in subscriptions,Open
CS000794,C00888,2024-11-11,2024-11-28 20:00:00,,,Pending,-49.0,1.0,,INVALID,Support case references customer not in subscriptions; Negative resolution_hours,Pending
CS000795,C00976,2024-02-04,,Medium,,Open,,7.0,N,INVALID,Support case references customer not in subscriptions; CSAT score outside 1-5 range,Open
CS000796,C00169,2024-12-28,2025-01-09 16:00:00,Critical,Cancellation,Escalated,561.0,3.0,,INVALID,Support case references customer not in subscriptions,Escalated
CS000797,C01466,2024-05-22,2024-06-16 16:00:00,Critical,Billing,Closed,-16.0,4.0,Y,INVALID,Support case references customer not in subscriptions; Negative resolution_hours,Closed
CS000798,C00346,2026-01-01,,High,Technical,Pending,-89.0,5.0,Y,INVALID,Negative resolution_hours,Pending
CS000799,C00530,2025-07-25,2025-07-28 04:00:00,Critical,Access,Open,-46.0,1.0,,INVALID,Negative resolution_hours,Open
CS000800,C00265,2024-01-16,2024-01-27 11:00:00,Medium,Technical,Open,59.0,4.0,Y,INVALID,Support case references customer not in subscriptions,Open
CS000801,C01066,2025-03-19,2025-03-25 02:00:00,,Technical,Closed,553.0,,N,INVALID,Support case references customer not in subscriptions,Closed
CS000802,C00677,2024-04-28,,High,Billing,Closed,,7.0,N,INVALID,Support case references customer not in subscriptions; CSAT score outside 1-5 range; Closed case missing closure date/resolution hours,Closed
CS000803,C01293,2025-02-14,2025-02-22 21:00:00,,Technical,Pending,741.0,5.0,,VALID,No issues detected,Pending
CS000804,C00711,2025-08-26,2025-08-30 13:00:00,Critical,Technical,Open,670.0,3.0,N,VALID,No issues detected,Open
CS000805,C01246,2024-06-14,2024-07-03 17:00:00,Low,Cancellation,Closed,,5.0,N,INVALID,Closed case missing closure date/resolution hours,Closed
CS000806,C01641,2025-04-22,2025-04-22 11:00:00,High,Access,Closed,404.0,,N,VALID,No issues detected,Closed
CS000807,C00364,2024-01-02,2023-12-29 00:00:00,Low,Data Issue,Open,492.0,3.0,,INVALID,Closed date earlier than opened date,Open
CS000808,C01128,2025-01-24,2025-03-02 17:00:00,Critical,Technical,,891.0,6.0,N,INVALID,Support case references customer not in subscriptions; CSAT score outside 1-5 range; Missing case_status,Nan
CS000809,C00344,2024-12-24,2025-01-15 15:00:00,,Data Issue,Closed,,2.0,N,INVALID,Support case references customer not in subscriptions; Closed case missing closure date/resolution hours,Closed
CS000810,C00625,2025-03-08,2025-03-10 04:00:00,,Data Issue,,,3.0,N,SUSPICIOUS,Missing case_status,Nan
CS000811,C01070,2024-11-19,2024-12-27 14:00:00,Low,Technical,Closed,-2.0,6.0,Y,INVALID,Support case references customer not in subscriptions; Negative resolution_hours; CSAT score outside 1-5 range,Closed
CS000812,C00214,2025-08-07,2025-08-09 23:00:00,Medium,Billing,,,6.0,Y,INVALID,Support case references customer not in subscriptions; CSAT score outside 1-5 range; Missing case_status,Nan
CS000813,C00438,2024-01-25,2024-02-19 12:00:00,,Access,Escalated,-6.0,2.0,,INVALID,Support case references customer not in subscriptions; Negative resolution_hours,Escalated
CS000814,C00358,2026-01-03,2026-01-13 07:00:00,Low,Access,Escalated,,7.0,Y,INVALID,Support case references customer not in subscriptions; CSAT score outside 1-5 range,Escalated
CS000815,C00499,2025-10-28,2025-11-26 08:00:00,High,Access,,,3.0,,INVALID,Support case references customer not in subscriptions; Missing case_status,Nan
CS000816,C00020,2025-11-07,2025-11-22 10:00:00,Low,,Open,,4.0,Y,INVALID,Support case references customer not in subscriptions,Open
CS000817,C01289,2024-11-28,2024-12-06 10:00:00,,Access,,-54.0,1.0,Y,INVALID,Negative resolution_hours; Missing case_status,Nan
,C00194,2025-11-25,2026-01-02 07:00:00,Medium,,Closed,,7.0,N,INVALID,Missing case_id; CSAT score outside 1-5 range; Closed case missing closure date/resolution hours,Closed
CS000819,C01118,2025-06-22,2025-07-02 02:00:00,High,Billing,Open,,3.0,,INVALID,Support case references customer not in subscriptions,Open
CS000820,C01613,2026-01-04,2025-12-28 00:00:00,Critical,Billing,,,3.0,Y,INVALID,Support case references customer not in subscriptions; Closed date earlier than opened date; Missing case_status,Nan
CS000821,C00010,2025-05-04,2025-05-21 22:00:00,High,Cancellation,Closed,224.0,0.0,,INVALID,CSAT score outside 1-5 range,Closed
CS000822,C01163,2024-05-28,,Medium,,Escalated,882.0,3.0,,INVALID,Support case references customer not in subscriptions,Escalated
CS000823,C01423,2024-11-07,2024-12-16 13:00:00,,Technical,Pending,,4.0,,INVALID,Support case references customer not in subscriptions,Pending
CS000824,C01237,2024-02-16,2024-03-09 22:00:00,,Technical,,-70.0,1.0,,INVALID,Negative resolution_hours; Missing case_status,Nan
CS000825,C01418,2024-06-07,2024-07-06 12:00:00,Medium,Cancellation,,805.0,3.0,Y,SUSPICIOUS,Missing case_status,Nan
CS000826,C01036,2024-08-19,2024-08-24 17:00:00,,Technical,Closed,415.0,6.0,Y,INVALID,Support case references customer not in subscriptions; CSAT score outside 1-5 range,Closed
CS000827,C00086,2025-07-31,2025-08-13 14:00:00,Medium,,,-13.0,1.0,,INVALID,Support case references customer not in subscriptions; Negative resolution_hours; Missing case_status,Nan
CS000828,C01185,2024-11-14,2024-11-19 05:00:00,High,Access,,-91.0,4.0,,INVALID,Support case references customer not in subscriptions; Negative resolution_hours; Missing case_status,Nan
CS000829,C00628,2024-08-02,2024-08-15 07:00:00,,Cancellation,Escalated,,4.0,Y,INVALID,Support case references customer not in subscriptions,Escalated
CS000830,C00831,2025-06-11,2025-06-28 00:00:00,Low,,Open,,7.0,,INVALID,Support case references customer not in subscriptions; CSAT score outside 1-5 range,Open
CS000831,C01325,2025-02-06,2025-02-10 23:00:00,High,Billing,Closed,-6.0,2.0,Y,INVALID,Negative resolution_hours,Closed
CS000832,C00049,2025-08-04,2025-08-26 03:00:00,,Data Issue,,,,N,INVALID,Support case references customer not in subscriptions; Missing case_status,Nan
CS000833,C00892,2024-01-14,2024-02-16 07:00:00,,Cancellation,Closed,,0.0,Y,INVALID,Support case references customer not in subscriptions; CSAT score outside 1-5 range; Closed case missing closure date/resolution hours,Closed
CS000834,C00969,2025-11-01,2025-11-09 05:00:00,Medium,Access,,603.0,4.0,Y,SUSPICIOUS,Missing case_status,Nan
CS000835,C01500,2024-05-19,2024-05-30 20:00:00,Critical,Billing,Escalated,569.0,7.0,,INVALID,CSAT score outside 1-5 range,Escalated
CS000836,C01412,2025-04-30,2025-04-23 00:00:00,Medium,Billing,Open,,,N,INVALID,Support case references customer not in subscriptions; Closed date earlier than opened date,Open
CS000837,C00516,2025-12-19,,High,Cancellation,Closed,566.0,0.0,,INVALID,CSAT score outside 1-5 range; Closed case missing closure date/resolution hours,Closed
CS000838,C00969,2025-06-18,2025-07-20 03:00:00,Low,Data Issue,Escalated,,5.0,Y,VALID,No issues detected,Escalated
CS000839,C01120,2024-12-10,2024-12-14 15:00:00,Low,Data Issue,,-80.0,0.0,Y,INVALID,Support case references customer not in subscriptions; Negative resolution_hours; CSAT score outside 1-5 range; Missing case_status,Nan
CS000840,C01774,2025-12-14,2026-01-17 07:00:00,High,Data Issue,Pending,,1.0,,INVALID,Support case references customer not in subscriptions,Pending
CS000841,C00075,2024-03-21,2024-03-24 09:00:00,Medium,Technical,Pending,910.0,3.0,N,VALID,No issues detected,Pending
CS000842,C01561,2025-11-24,,Critical,Access,Open,572.0,2.0,N,INVALID,Support case references customer not in subscriptions,Open
CS000843,C00780,2024-03-19,2024-04-23 12:00:00,Low,,Closed,375.0,7.0,Y,INVALID,CSAT score outside 1-5 range,Closed
CS000844,C00485,2025-03-02,2025-03-03 11:00:00,Critical,,Closed,,6.0,,INVALID,CSAT score outside 1-5 range; Closed case missing closure date/resolution hours,Closed
CS000845,C01502,2025-05-17,2025-05-21 06:00:00,High,,,-21.0,1.0,Y,INVALID,Support case references customer not in subscriptions; Negative resolution_hours; Missing case_status,Nan
CS000846,C01489,2024-01-04,2024-01-07 01:00:00,Medium,Cancellation,Closed,-89.0,3.0,Y,INVALID,Negative resolution_hours,Closed
CS000847,C01622,2024-12-24,2025-01-08 04:00:00,Critical,Data Issue,Pending,48.0,6.0,Y,INVALID,Support case references customer not in subscriptions; CSAT score outside 1-5 range,Pending
CS000848,C00391,2025-03-07,2025-03-09 04:00:00,Low,,Pending,,6.0,,INVALID,CSAT score outside 1-5 range,Pending
CS000849,C00605,2025-07-22,2025-07-29 14:00:00,Medium,Data Issue,Escalated,-79.0,5.0,,INVALID,Support case references customer not in subscriptions; Negative resolution_hours,Escalated
CS000850,C00130,2024-03-21,2024-04-24 04:00:00,Low,Technical,,148.0,1.0,Y,INVALID,Support case references customer not in subscriptions; Missing case_status,Nan
CS000851,C00611,2024-07-28,2024-08-07 13:00:00,Low,Billing,Escalated,-82.0,3.0,Y,INVALID,Support case references customer not in subscriptions; Negative resolution_hours,Escalated
CS000852,C00199,2024-05-24,2024-06-26 05:00:00,Low,Billing,Escalated,856.0,7.0,,INVALID,Support case references customer not in subscriptions; CSAT score outside 1-5 range,Escalated
CS000853,C01702,2025-02-07,2025-02-16 19:00:00,,Access,Open,,,Y,VALID,No issues detected,Open
,C01103,2025-04-18,2025-05-16 22:00:00,,Technical,Open,-27.0,3.0,N,INVALID,Missing case_id; Negative resolution_hours,Open
CS000855,C01225,2025-02-19,2025-02-24 22:00:00,,Access,Escalated,189.0,5.0,,INVALID,Support case references customer not in subscriptions,Escalated
CS000856,C00223,2024-04-22,2024-05-21 14:00:00,Low,Data Issue,Open,111.0,6.0,Y,INVALID,Support case references customer not in subscriptions; CSAT score outside 1-5 range,Open
CS000857,C00113,2025-08-18,2025-08-25 15:00:00,Medium,,,-89.0,4.0,Y,INVALID,Support case references customer not in subscriptions; Negative resolution_hours; Missing case_status,Nan
CS000858,C00768,2026-01-20,2026-02-25 06:00:00,High,,Escalated,673.0,7.0,,INVALID,CSAT score outside 1-5 range,Escalated
CS000859,C01503,2024-10-05,,High,Data Issue,Closed,76.0,7.0,,INVALID,Support case references customer not in subscriptions; CSAT score outside 1-5 range; Closed case missing closure date/resolution hours,Closed
CS000860,C00660,2025-08-31,,,Data Issue,Open,540.0,,Y,VALID,No issues detected,Open
CS000861,C00772,2024-04-05,2024-04-06 06:00:00,,Cancellation,Escalated,,,N,INVALID,Support case references customer not in subscriptions,Escalated
CS000862,C01481,2024-06-02,2024-06-09 22:00:00,High,Data Issue,,-62.0,6.0,N,INVALID,Negative resolution_hours; CSAT score outside 1-5 range; Missing case_status,Nan
CS000863,C00504,2025-10-05,2025-11-01 03:00:00,High,Cancellation,Escalated,,3.0,N,INVALID,Support case references customer not in subscriptions,Escalated
,C00795,2025-11-23,2025-11-26 07:00:00,,Cancellation,,,3.0,,INVALID,Missing case_id; Missing case_status,Nan
CS000865,C01433,2025-12-19,2026-01-11 00:00:00,High,Data Issue,Open,-32.0,,,INVALID,Support case references customer not in subscriptions; Negative resolution_hours,Open
CS000866,C01184,2025-07-13,2025-07-03 00:00:00,Low,,,23.0,3.0,,INVALID,Support case references customer not in subscriptions; Closed date earlier than opened date; Missing case_status,Nan
CS000867,C00418,2025-07-31,2025-08-06 08:00:00,Low,,Pending,,2.0,N,VALID,No issues detected,Pending
CS000868,C00822,2025-10-10,2025-10-23 20:00:00,Low,Technical,Open,,2.0,Y,VALID,No issues detected,Open
CS000869,C00149,2024-02-17,2024-02-21 08:00:00,High,Technical,Pending,499.0,3.0,N,VALID,No issues detected,Pending
CS000870,C00917,2024-02-14,2024-02-13 00:00:00,Critical,,Closed,,,N,INVALID,Closed date earlier than opened date; Closed case missing closure date/resolution hours,Closed
CS000871,C00510,2024-02-20,2024-03-03 16:00:00,Low,Billing,Pending,-60.0,2.0,,INVALID,Negative resolution_hours,Pending
CS000872,C00248,2024-07-30,2024-08-16 12:00:00,,Data Issue,Closed,836.0,7.0,Y,INVALID,Support case references customer not in subscriptions; CSAT score outside 1-5 range,Closed
,C01372,2024-01-14,2024-01-30 13:00:00,Critical,,,,3.0,,INVALID,Missing case_id; Support case references customer not in subscriptions; Missing case_status,Nan
CS000874,C00368,2024-05-31,2024-05-27 00:00:00,Medium,,Pending,-64.0,7.0,Y,INVALID,Support case references customer not in subscriptions; Closed date earlier than opened date; Negative resolution_hours; CSAT score outside 1-5 range,Pending
CS000875,C00567,2024-09-19,,Low,Billing,Open,-1.0,0.0,Y,INVALID,Support case references customer not in subscriptions; Negative resolution_hours; CSAT score outside 1-5 range,Open
CS000876,C01316,2025-12-06,2026-01-02 18:00:00,Medium,Technical,,705.0,5.0,N,INVALID,Support case references customer not in subscriptions; Missing case_status,Nan
CS000877,C00133,2025-02-11,,Low,Technical,,-88.0,0.0,Y,INVALID,Negative resolution_hours; CSAT score outside 1-5 range; Missing case_status,Nan
,C00848,2025-12-12,2025-12-17 19:00:00,Critical,,Closed,,4.0,,INVALID,Missing case_id; Support case references customer not in subscriptions; Closed case missing closure date/resolution hours,Closed
CS000879,C01436,2025-12-26,,Low,Billing,Closed,,7.0,,INVALID,Support case references customer not in subscriptions; CSAT score outside 1-5 range; Closed case missing closure date/resolution hours,Closed
CS000880,C00561,2024-12-17,2024-12-07 00:00:00,High,Billing,Pending,-46.0,,,INVALID,Closed date earlier than opened date; Negative resolution_hours,Pending
CS000881,C00402,2024-12-22,2025-01-23 23:00:00,Critical,Cancellation,Pending,-76.0,7.0,N,INVALID,Support case references customer not in subscriptions; Negative resolution_hours; CSAT score outside 1-5 range,Pending
CS000882,C01309,2025-08-29,2025-09-12 02:00:00,Low,Access,,,2.0,,INVALID,Support case references customer not in subscriptions; Missing case_status,Nan
CS000883,C00940,2024-07-06,2024-07-25 21:00:00,Critical,Data Issue,Open,,4.0,Y,INVALID,Support case references customer not in subscriptions,Open
CS000884,C00983,2024-04-24,2024-04-25 18:00:00,Low,Technical,Open,566.0,4.0,N,INVALID,Support case references customer not in subscriptions,Open
CS000885,C00952,2024-02-12,2024-03-21 02:00:00,Low,Billing,Escalated,-24.0,4.0,,INVALID,Negative resolution_hours,Escalated
CS000886,C00599,2025-11-12,2025-11-05 00:00:00,,Billing,Closed,-8.0,1.0,Y,INVALID,Support case references customer not in subscriptions; Closed date earlier than opened date; Negative resolution_hours,Closed
CS000887,C01271,2025-06-06,2025-07-08 14:00:00,Low,Cancellation,Pending,53.0,,N,INVALID,Support case references customer not in subscriptions,Pending
CS000888,C01016,2024-06-13,2024-06-14 08:00:00,Critical,Billing,Pending,,,,INVALID,Support case references customer not in subscriptions,Pending
,C00464,2024-03-17,2024-03-10 00:00:00,,,Pending,-28.0,4.0,N,INVALID,Missing case_id; Support case references customer not in subscriptions; Closed date earlier than opened date; Negative resolution_hours,Pending
CS000890,C01479,2025-12-26,2025-12-31 06:00:00,High,Cancellation,Open,994.0,2.0,Y,INVALID,Support case references customer not in subscriptions,Open
CS000891,C00581,2025-05-12,2025-06-04 08:00:00,Medium,Access,Open,,0.0,Y,INVALID,CSAT score outside 1-5 range,Open
CS000892,C00821,2024-08-09,2024-09-08 09:00:00,High,Data Issue,,275.0,,N,INVALID,Support case references customer not in subscriptions; Missing case_status,Nan
CS000893,C01270,2024-05-16,2024-06-17 14:00:00,Low,Technical,Pending,906.0,5.0,N,INVALID,Support case references customer not in subscriptions,Pending
CS000894,C01234,2025-03-12,2025-04-08 06:00:00,,Billing,Closed,,2.0,,INVALID,Closed case missing closure date/resolution hours,Closed
CS000895,C01166,2025-07-15,2025-07-14 00:00:00,High,Data Issue,Closed,,,Y,INVALID,Support case references customer not in subscriptions; Closed date earlier than opened date; Closed case missing closure date/resolution hours,Closed
CS000896,C01464,2025-01-23,2025-02-15 19:00:00,,Billing,,860.0,5.0,Y,SUSPICIOUS,Missing case_status,Nan
CS000897,C01447,2024-03-14,2024-04-09 22:00:00,Medium,Data Issue,Open,,7.0,N,INVALID,Support case references customer not in subscriptions; CSAT score outside 1-5 range,Open
CS000898,C00091,2024-01-30,2024-03-05 16:00:00,Medium,Access,,,6.0,,INVALID,CSAT score outside 1-5 range; Missing case_status,Nan
CS000899,C01012,2025-08-26,2025-09-09 23:00:00,Low,Access,Escalated,737.0,0.0,,INVALID,CSAT score outside 1-5 range,Escalated
CS000900,C01356,2024-02-09,2024-02-21 00:00:00,Critical,Cancellation,Closed,547.0,7.0,,INVALID,CSAT score outside 1-5 range,Closed
CS000901,C01668,2025-01-06,2025-01-12 04:00:00,Low,,Pending,-10.0,4.0,,INVALID,Negative resolution_hours,Pending
,C00647,2024-09-19,2024-10-17 22:00:00,High,Cancellation,Escalated,858.0,0.0,Y,INVALID,Missing case_id; Support case references customer not in subscriptions; CSAT score outside 1-5 range,Escalated
CS000903,C00745,2024-08-28,2024-09-23 06:00:00,,Access,Open,386.0,5.0,N,VALID,No issues detected,Open
CS000904,C01280,2025-03-03,2025-03-11 00:00:00,High,Billing,Pending,-69.0,7.0,,INVALID,Support case references customer not in subscriptions; Negative resolution_hours; CSAT score outside 1-5 range,Pending
CS000905,C00201,2026-01-12,,Low,,Closed,768.0,,,INVALID,Closed case missing closure date/resolution hours,Closed
CS000906,C00982,2025-12-18,2026-01-02 00:00:00,Critical,Technical,Closed,412.0,3.0,N,INVALID,Support case references customer not in subscriptions,Closed
CS000907,C00999,2025-12-10,,Critical,Data Issue,Pending,,,N,INVALID,Support case references customer not in subscriptions,Pending
CS000908,C01527,2025-10-31,2025-11-26 13:00:00,Critical,Data Issue,Escalated,-97.0,4.0,N,INVALID,Support case references customer not in subscriptions; Negative resolution_hours,Escalated
CS000909,C00317,2025-05-22,2025-05-17 00:00:00,Critical,,Pending,-82.0,0.0,Y,INVALID,Support case references customer not in subscriptions; Closed date earlier than opened date; Negative resolution_hours; CSAT score outside 1-5 range,Pending
CS000910,C00113,2024-06-11,2024-06-18 22:00:00,Medium,Cancellation,,-48.0,0.0,,INVALID,Support case references customer not in subscriptions; Negative resolution_hours; CSAT score outside 1-5 range; Missing case_status,Nan
CS000911,C00215,2025-08-12,2025-09-01 08:00:00,High,Technical,Pending,29.0,3.0,Y,VALID,No issues detected,Pending
CS000912,C00148,2024-10-04,,High,Billing,Pending,,,Y,INVALID,Support case references customer not in subscriptions,Pending
CS000913,C00849,2024-09-21,2024-10-27 16:00:00,Low,Technical,Escalated,,3.0,,VALID,No issues detected,Escalated
CS000914,C00678,2025-03-11,,Critical,Cancellation,,,6.0,N,INVALID,Support case references customer not in subscriptions; CSAT score outside 1-5 range; Missing case_status,Nan
CS000915,C01435,2025-12-03,2025-12-05 22:00:00,,Billing,Escalated,-71.0,2.0,Y,INVALID,Support case references customer not in subscriptions; Negative resolution_hours,Escalated
CS000916,C01057,2024-04-12,2024-05-18 01:00:00,Medium,Billing,Escalated,,3.0,N,VALID,No issues detected,Escalated
CS000917,C00938,2025-08-14,2025-08-29 16:00:00,Critical,Access,Closed,,4.0,,INVALID,Support case references customer not in subscriptions; Closed case missing closure date/resolution hours,Closed
CS000918,C01702,2024-01-30,2024-01-29 00:00:00,,Technical,Open,,5.0,,INVALID,Closed date earlier than opened date,Open
CS000919,C00155,2025-04-29,2025-06-03 08:00:00,Critical,Data Issue,Pending,,7.0,N,INVALID,Support case references customer not in subscriptions; CSAT score outside 1-5 range,Pending
CS000920,C01466,2025-12-06,2025-12-23 05:00:00,Critical,Technical,Open,85.0,5.0,,INVALID,Support case references customer not in subscriptions,Open
CS000921,C01512,2024-11-17,2024-11-22 02:00:00,Critical,Billing,Escalated,-70.0,2.0,Y,INVALID,Negative resolution_hours,Escalated
CS000922,C01563,2024-03-02,2024-03-05 08:00:00,Critical,Access,,-74.0,6.0,Y,INVALID,Negative resolution_hours; CSAT score outside 1-5 range; Missing case_status,Nan
CS000923,C00103,2024-11-29,2024-12-12 00:00:00,Medium,,Pending,328.0,2.0,N,VALID,No issues detected,Pending
CS000924,C00048,2024-12-05,2025-01-13 08:00:00,Medium,Technical,Pending,998.0,1.0,,INVALID,Support case references customer not in subscriptions,Pending
CS000925,C01071,2025-07-26,2025-08-02 06:00:00,,Technical,,858.0,5.0,,SUSPICIOUS,Missing case_status,Nan
CS000926,C01196,2024-11-23,,Critical,,Open,-53.0,3.0,Y,INVALID,Negative resolution_hours,Open
CS000927,C01172,2025-08-23,2025-09-19 12:00:00,,,Open,-92.0,3.0,,INVALID,Support case references customer not in subscriptions; Negative resolution_hours,Open
CS000928,C00127,2025-10-28,2025-11-02 14:00:00,Medium,Data Issue,Open,,3.0,N,INVALID,Support case references customer not in subscriptions,Open
,C01672,2024-06-11,2024-06-12 16:00:00,Low,Technical,Escalated,-26.0,2.0,N,INVALID,Missing case_id; Support case references customer not in subscriptions; Negative resolution_hours,Escalated
CS000930,C00347,2025-07-09,,Critical,Billing,Pending,,2.0,,INVALID,Support case references customer not in subscriptions,Pending
CS000931,C00161,2025-12-28,2026-01-26 21:00:00,High,Technical,Pending,,2.0,Y,VALID,No issues detected,Pending
CS000932,C00898,2025-01-11,2025-02-06 13:00:00,,Technical,Open,995.0,1.0,,INVALID,Support case references customer not in subscriptions,Open
CS000933,C00819,2025-09-26,,Critical,Access,Closed,816.0,6.0,,INVALID,Support case references customer not in subscriptions; CSAT score outside 1-5 range; Closed case missing closure date/resolution hours,Closed
CS000934,C00787,2025-03-19,2025-04-01 06:00:00,High,Cancellation,Pending,-78.0,2.0,N,INVALID,Support case references customer not in subscriptions; Negative resolution_hours,Pending
CS000935,C01378,2024-11-13,2024-11-26 06:00:00,,Technical,Open,-70.0,0.0,N,INVALID,Negative resolution_hours; CSAT score outside 1-5 range,Open
CS000936,C00233,2024-02-10,2024-03-03 08:00:00,Low,,Pending,366.0,6.0,,INVALID,Support case references customer not in subscriptions; CSAT score outside 1-5 range,Pending
,C01775,2025-01-04,2025-02-02 11:00:00,,Data Issue,Open,,4.0,,INVALID,Missing case_id; Support case references customer not in subscriptions,Open
CS000938,C01207,2026-01-05,2026-01-09 10:00:00,High,Billing,Pending,,5.0,N,VALID,No issues detected,Pending
CS000939,C00725,2025-09-27,2025-09-28 06:00:00,Low,,Open,961.0,7.0,Y,INVALID,Support case references customer not in subscriptions; CSAT score outside 1-5 range,Open
CS000940,C01433,2025-12-22,2025-12-28 18:00:00,Medium,,,-55.0,5.0,N,INVALID,Support case references customer not in subscriptions; Negative resolution_hours; Missing case_status,Nan
CS000941,C00969,2024-11-21,2024-12-16 16:00:00,High,Access,Escalated,,2.0,,VALID,No issues detected,Escalated
CS000942,C01693,2025-09-16,,Low,Billing,Open,252.0,4.0,,INVALID,Support case references customer not in subscriptions,Open
CS000943,C00132,2025-02-04,,,Access,Pending,-83.0,6.0,,INVALID,Negative resolution_hours; CSAT score outside 1-5 range,Pending
CS000944,C01684,2024-11-03,,Medium,,Pending,358.0,3.0,,INVALID,Support case references customer not in subscriptions,Pending
CS000945,C01772,2024-12-20,2025-01-24 05:00:00,High,,Pending,116.0,7.0,,INVALID,Support case references customer not in subscriptions; CSAT score outside 1-5 range,Pending
CS000946,C01290,2025-08-16,2025-09-04 21:00:00,Medium,Billing,Closed,822.0,3.0,N,INVALID,Support case references customer not in subscriptions,Closed
CS000947,C01705,2024-03-26,2024-04-17 09:00:00,Medium,Billing,Closed,,1.0,Y,INVALID,Closed case missing closure date/resolution hours,Closed
CS000948,C01512,2024-03-25,2024-04-28 00:00:00,Critical,,Pending,416.0,2.0,,VALID,No issues detected,Pending
,C01416,2025-01-12,2025-01-21 09:00:00,High,,Pending,-72.0,2.0,N,INVALID,Missing case_id; Support case references customer not in subscriptions; Negative resolution_hours,Pending
CS000950,C00131,2025-11-14,2025-11-30 11:00:00,Medium,Data Issue,,,7.0,,INVALID,Support case references customer not in subscriptions; CSAT score outside 1-5 range; Missing case_status,Nan
CS000951,C00864,2024-05-29,2024-06-01 03:00:00,High,Data Issue,Escalated,932.0,2.0,Y,VALID,No issues detected,Escalated
CS000952,C01350,2025-02-20,2025-02-28 13:00:00,Critical,Billing,Closed,,2.0,Y,INVALID,Closed case missing closure date/resolution hours,Closed
CS000953,C01095,2025-09-30,2025-10-19 14:00:00,High,Data Issue,Escalated,-98.0,4.0,,INVALID,Negative resolution_hours,Escalated
CS000954,C00156,2024-12-20,,Medium,Technical,,415.0,1.0,Y,SUSPICIOUS,Missing case_status,Nan
CS000955,C01462,2026-01-26,2026-01-22 00:00:00,Critical,Data Issue,Closed,,3.0,N,INVALID,Closed date earlier than opened date; Closed case missing closure date/resolution hours,Closed
,C00712,2024-06-02,2024-07-04 22:00:00,High,Technical,Closed,,,N,INVALID,Missing case_id; Support case references customer not in subscriptions; Closed case missing closure date/resolution hours,Closed
CS000957,C00341,2024-06-30,2024-06-25 00:00:00,High,,,-94.0,1.0,,INVALID,Support case references customer not in subscriptions; Closed date earlier than opened date; Negative resolution_hours; Missing case_status,Nan
CS000958,C01714,2025-12-27,,Low,Access,,255.0,6.0,Y,INVALID,CSAT score outside 1-5 range; Missing case_status,Nan
CS000959,C00009,2024-10-13,2024-10-07 00:00:00,Low,Technical,Closed,345.0,7.0,N,INVALID,Support case references customer not in subscriptions; Closed date earlier than opened date; CSAT score outside 1-5 range,Closed
CS000960,C00091,2024-12-30,2025-01-04 07:00:00,Low,Cancellation,Escalated,,2.0,N,VALID,No issues detected,Escalated
CS000961,C01641,2025-12-22,2026-01-17 00:00:00,Medium,Cancellation,Pending,-28.0,3.0,Y,INVALID,Negative resolution_hours,Pending
CS000962,C01612,2024-07-28,2024-08-31 18:00:00,Low,Cancellation,,-69.0,,,INVALID,Negative resolution_hours; Missing case_status,Nan
CS000963,C00023,2024-07-29,2024-08-07 18:00:00,Medium,Cancellation,Pending,722.0,5.0,,INVALID,Support case references customer not in subscriptions,Pending
CS000964,C00048,2025-02-09,2025-02-27 11:00:00,High,,Open,54.0,1.0,N,INVALID,Support case references customer not in subscriptions,Open
CS000965,C01694,2024-07-12,2024-08-09 18:00:00,High,Technical,Closed,493.0,3.0,N,VALID,No issues detected,Closed
CS000966,C00448,2025-12-12,2026-01-20 08:00:00,Medium,Billing,Closed,,7.0,,INVALID,CSAT score outside 1-5 range; Closed case missing closure date/resolution hours,Closed
CS000967,C00627,2025-09-26,,Low,,,,3.0,,INVALID,Support case references customer not in subscriptions; Missing case_status,Nan
CS000968,C01484,2024-07-14,2024-08-12 07:00:00,Low,Cancellation,Open,,,Y,VALID,No issues detected,Open
CS000969,C01504,2024-07-03,2024-07-24 06:00:00,,Cancellation,Pending,-86.0,2.0,,INVALID,Negative resolution_hours,Pending
CS000970,C01097,2024-06-04,2024-07-10 08:00:00,,Technical,Open,-29.0,7.0,N,INVALID,Support case references customer not in subscriptions; Negative resolution_hours; CSAT score outside 1-5 range,Open
,C00454,2024-09-08,,Medium,Data Issue,,,1.0,N,INVALID,Missing case_id; Support case references customer not in subscriptions; Missing case_status,Nan
CS000972,C00897,2024-12-21,,High,,Open,954.0,7.0,Y,INVALID,Support case references customer not in subscriptions; CSAT score outside 1-5 range,Open
CS000973,C00773,2025-10-05,2025-10-21 17:00:00,High,Billing,Escalated,-38.0,,N,INVALID,Negative resolution_hours,Escalated
CS000974,C00826,2024-11-18,2024-12-15 16:00:00,,Cancellation,,270.0,,N,INVALID,Support case references customer not in subscriptions; Missing case_status,Nan
CS000975,C00723,2025-03-10,,Medium,Data Issue,Open,,4.0,,VALID,No issues detected,Open
CS000976,C01608,2024-03-14,2024-03-18 14:00:00,,Billing,Open,780.0,1.0,N,VALID,No issues detected,Open
CS000977,C00590,2025-10-31,,Critical,,Open,,4.0,Y,VALID,No issues detected,Open
CS000978,C00729,2025-09-20,2025-10-12 08:00:00,,Data Issue,Pending,510.0,4.0,Y,INVALID,Support case references customer not in subscriptions,Pending
CS000979,C01163,2024-01-10,2024-02-14 11:00:00,High,Data Issue,Escalated,-29.0,0.0,N,INVALID,Support case references customer not in subscriptions; Negative resolution_hours; CSAT score outside 1-5 range,Escalated
CS000980,C00137,2024-12-02,2024-12-13 00:00:00,Critical,Access,Open,-7.0,3.0,N,INVALID,Support case references customer not in subscriptions; Negative resolution_hours,Open
CS000981,C01395,2024-06-20,2024-07-21 02:00:00,High,Data Issue,,821.0,,,SUSPICIOUS,Missing case_status,Nan
CS000982,C01155,2024-05-20,2024-06-04 18:00:00,Low,,,,2.0,Y,SUSPICIOUS,Missing case_status,Nan
CS000983,C01488,2024-01-02,2024-01-07 13:00:00,Low,Access,Escalated,-93.0,7.0,Y,INVALID,Support case references customer not in subscriptions; Negative resolution_hours; CSAT score outside 1-5 range,Escalated
CS000984,C01523,2024-07-03,,Medium,Access,Closed,-53.0,,,INVALID,Support case references customer not in subscriptions; Negative resolution_hours; Closed case missing closure date/resolution hours,Closed
CS000985,C00559,2024-07-10,2024-07-12 09:00:00,Low,Cancellation,Pending,,1.0,,INVALID,Support case references customer not in subscriptions,Pending
CS000986,C00148,2024-09-14,2024-10-09 06:00:00,Critical,Technical,Pending,-35.0,4.0,N,INVALID,Support case references customer not in subscriptions; Negative resolution_hours,Pending
CS000987,C01528,2025-07-09,,Medium,Technical,,-62.0,7.0,Y,INVALID,Negative resolution_hours; CSAT score outside 1-5 range; Missing case_status,Nan
CS000988,C00582,2025-05-22,2025-06-23 00:00:00,Medium,Access,,,0.0,N,INVALID,Support case references customer not in subscriptions; CSAT score outside 1-5 range; Missing case_status,Nan
CS000989,C00639,2024-07-08,2024-08-10 12:00:00,Medium,Cancellation,Escalated,-40.0,2.0,N,INVALID,Negative resolution_hours,Escalated
CS000990,C01410,2025-07-18,2025-08-22 04:00:00,Critical,Billing,,-6.0,3.0,N,INVALID,Support case references customer not in subscriptions; Negative resolution_hours; Missing case_status,Nan
CS000991,C01032,2025-06-30,2025-07-04 12:00:00,High,Billing,Open,,2.0,Y,VALID,No issues detected,Open
CS000992,C01055,2024-07-17,,High,Cancellation,Escalated,-87.0,0.0,N,INVALID,Negative resolution_hours; CSAT score outside 1-5 range,Escalated
CS000993,C00988,2024-04-29,,High,,Escalated,,1.0,N,VALID,No issues detected,Escalated
CS000994,C01551,2025-05-29,2025-06-22 23:00:00,Critical,,Pending,727.0,6.0,,INVALID,CSAT score outside 1-5 range,Pending
CS000995,C00120,2024-10-12,2024-10-16 09:00:00,Low,,,-39.0,0.0,N,INVALID,Support case references customer not in subscriptions; Negative resolution_hours; CSAT score outside 1-5 range; Missing case_status,Nan
CS000996,C01669,2024-06-27,,,Access,Open,66.0,4.0,,INVALID,Support case references customer not in subscriptions,Open
CS000997,C00742,2025-02-10,,,,Escalated,-15.0,0.0,,INVALID,Support case references customer not in subscriptions; Negative resolution_hours; CSAT score outside 1-5 range,Escalated
CS000998,C00336,2025-11-03,2025-11-16 06:00:00,High,Technical,Open,,3.0,N,VALID,No issues detected,Open
CS000999,C00414,2024-10-11,2024-11-19 12:00:00,,,Escalated,,3.0,,VALID,No issues detected,Escalated
CS001000,C00849,2024-07-02,2024-08-04 18:00:00,Medium,Access,Escalated,,0.0,N,INVALID,CSAT score outside 1-5 range,Escalated
CS001001,C00159,2025-08-13,2025-09-10 01:00:00,High,Technical,Open,102.0,0.0,,INVALID,Support case references customer not in subscriptions; CSAT score outside 1-5 range,Open
CS001002,C00818,2024-09-18,2024-10-24 01:00:00,Medium,Billing,Pending,,3.0,N,VALID,No issues detected,Pending
CS001003,C00318,2024-05-02,2024-05-31 19:00:00,High,Access,Open,558.0,2.0,Y,INVALID,Support case references customer not in subscriptions,Open
CS001004,C00292,2025-02-14,,High,Data Issue,Escalated,-36.0,5.0,,INVALID,Negative resolution_hours,Escalated
CS001005,C01106,2024-02-23,2024-03-17 01:00:00,Low,Technical,,-75.0,1.0,Y,INVALID,Negative resolution_hours; Missing case_status,Nan
CS001006,C00368,2025-04-06,2025-04-25 02:00:00,Critical,Technical,,-22.0,0.0,Y,INVALID,Support case references customer not in subscriptions; Negative resolution_hours; CSAT score outside 1-5 range; Missing case_status,Nan
CS001007,C01236,2025-12-29,2026-01-26 17:00:00,Critical,Access,,381.0,4.0,Y,INVALID,Support case references customer not in subscriptions; Missing case_status,Nan
CS001008,C00288,2024-10-14,2024-10-04 00:00:00,High,,Escalated,-23.0,3.0,,INVALID,Support case references customer not in subscriptions; Closed date earlier than opened date; Negative resolution_hours,Escalated
CS001009,C00729,2024-09-08,,,Access,Escalated,66.0,3.0,,INVALID,Support case references customer not in subscriptions,Escalated
CS001010,C00958,2024-07-10,2024-07-16 05:00:00,Critical,Access,Open,-92.0,1.0,,INVALID,Negative resolution_hours,Open
CS001011,C01743,2025-04-11,2025-04-13 08:00:00,Medium,Technical,Open,-45.0,5.0,N,INVALID,Negative resolution_hours,Open
CS001012,C00374,2024-07-14,2024-07-26 21:00:00,,Technical,Pending,629.0,1.0,,INVALID,Support case references customer not in subscriptions,Pending
CS001013,C01389,2025-01-13,2025-01-14 07:00:00,Medium,Technical,,70.0,2.0,Y,SUSPICIOUS,Missing case_status,Nan
CS001014,C00977,2025-10-30,,Low,Data Issue,Open,,2.0,,INVALID,Support case references customer not in subscriptions,Open
CS001015,C01426,2024-08-30,2024-09-18 11:00:00,,Access,Open,150.0,6.0,,INVALID,CSAT score outside 1-5 range,Open
CS001016,C00687,2024-08-28,2024-09-02 17:00:00,,Billing,Open,84.0,4.0,N,INVALID,Support case references customer not in subscriptions,Open
,C01283,2025-05-23,,High,Billing,Closed,566.0,4.0,N,INVALID,Missing case_id; Support case references customer not in subscriptions; Closed case missing closure date/resolution hours,Closed
CS001018,C01591,2024-11-22,2024-12-20 09:00:00,High,,Closed,902.0,1.0,,VALID,No issues detected,Closed
CS001019,C00037,2024-04-07,2024-05-17 00:00:00,,Billing,Escalated,903.0,0.0,,INVALID,CSAT score outside 1-5 range,Escalated
CS001020,C01267,2025-12-24,,Low,Technical,Pending,,3.0,N,INVALID,Support case references customer not in subscriptions,Pending
CS001021,C01666,2024-05-08,2024-06-05 03:00:00,Medium,Cancellation,Pending,-72.0,1.0,,INVALID,Support case references customer not in subscriptions; Negative resolution_hours,Pending
CS001022,C01619,2025-03-29,2025-04-02 03:00:00,Low,Data Issue,,,7.0,N,INVALID,Support case references customer not in subscriptions; CSAT score outside 1-5 range; Missing case_status,Nan
CS001023,C00411,2025-04-15,2025-05-09 05:00:00,Low,Cancellation,Closed,,0.0,Y,INVALID,Support case references customer not in subscriptions; CSAT score outside 1-5 range; Closed case missing closure date/resolution hours,Closed
CS001024,C01009,2025-03-22,2025-04-24 10:00:00,Critical,Access,Pending,,0.0,N,INVALID,CSAT score outside 1-5 range,Pending
CS001025,C01729,2024-03-10,2024-04-03 03:00:00,Low,Access,Closed,-77.0,0.0,N,INVALID,Negative resolution_hours; CSAT score outside 1-5 range,Closed
CS001026,C01056,2025-02-12,2025-03-09 04:00:00,Low,Cancellation,Closed,-3.0,7.0,N,INVALID,Negative resolution_hours; CSAT score outside 1-5 range,Closed
CS001027,C01694,2025-03-24,,Critical,,Closed,98.0,3.0,,INVALID,Closed case missing closure date/resolution hours,Closed
CS001028,C00013,2024-11-21,2024-12-29 01:00:00,,Technical,Escalated,-35.0,2.0,,INVALID,Negative resolution_hours,Escalated
CS001029,C01360,2024-04-28,2024-05-30 07:00:00,Critical,Data Issue,Escalated,,5.0,,INVALID,Support case references customer not in subscriptions,Escalated
CS001030,C01486,2024-08-07,2024-09-07 12:00:00,Critical,Cancellation,Closed,,7.0,,INVALID,Support case references customer not in subscriptions; CSAT score outside 1-5 range; Closed case missing closure date/resolution hours,Closed
CS001031,C01584,2024-04-17,2024-05-07 05:00:00,High,Data Issue,Escalated,,2.0,,INVALID,Support case references customer not in subscriptions,Escalated
CS001032,C00238,2025-06-20,2025-07-09 05:00:00,High,Data Issue,Escalated,,,Y,VALID,No issues detected,Escalated
CS001033,C01264,2025-01-20,2025-01-23 10:00:00,Low,Technical,Open,,3.0,N,INVALID,Support case references customer not in subscriptions,Open
CS001034,C00101,2024-04-28,,,Technical,Escalated,257.0,6.0,,INVALID,CSAT score outside 1-5 range,Escalated
CS001035,C01048,2024-05-29,2024-06-14 04:00:00,,Data Issue,Closed,,4.0,Y,INVALID,Support case references customer not in subscriptions; Closed case missing closure date/resolution hours,Closed
CS001036,C00092,2025-10-17,2025-10-22 16:00:00,High,Access,Pending,,1.0,N,INVALID,Support case references customer not in subscriptions,Pending
CS001037,C00150,2025-05-15,2025-05-16 11:00:00,High,,Pending,821.0,7.0,,INVALID,Support case references customer not in subscriptions; CSAT score outside 1-5 range,Pending
CS001038,C01118,2024-08-28,2024-09-22 23:00:00,,Data Issue,Closed,203.0,3.0,,INVALID,Support case references customer not in subscriptions,Closed
CS001039,C00886,2024-12-13,2024-12-13 02:00:00,,Technical,Escalated,,2.0,N,INVALID,Support case references customer not in subscriptions,Escalated
CS001040,C00044,2025-06-30,,Critical,Cancellation,Escalated,-29.0,2.0,Y,INVALID,Support case references customer not in subscriptions; Negative resolution_hours,Escalated
CS001041,C01290,2026-01-06,2026-01-14 07:00:00,,Technical,Pending,,2.0,,INVALID,Support case references customer not in subscriptions,Pending
CS001042,C01301,2025-10-12,,High,Billing,Closed,-88.0,5.0,Y,INVALID,Negative resolution_hours; Closed case missing closure date/resolution hours,Closed
CS001043,C01656,2024-05-14,2024-06-07 14:00:00,High,Cancellation,,,1.0,Y,SUSPICIOUS,Missing case_status,Nan
CS001044,C00447,2025-05-17,,,Technical,Closed,-70.0,7.0,Y,INVALID,Support case references customer not in subscriptions; Negative resolution_hours; CSAT score outside 1-5 range; Closed case missing closure date/resolution hours,Closed
CS001045,C00374,2025-12-02,2025-12-23 16:00:00,Critical,Cancellation,Escalated,-6.0,6.0,N,INVALID,Support case references customer not in subscriptions; Negative resolution_hours; CSAT score outside 1-5 range,Escalated
CS001046,C00545,2024-10-13,2024-11-06 01:00:00,Critical,Access,Pending,425.0,6.0,N,INVALID,Support case references customer not in subscriptions; CSAT score outside 1-5 range,Pending
CS001047,C01367,2025-06-11,2025-06-26 06:00:00,Low,Access,Closed,-11.0,1.0,,INVALID,Negative resolution_hours,Closed
CS001048,C00458,2024-12-06,2024-12-07 16:00:00,Medium,,Open,,,N,INVALID,Support case references customer not in subscriptions,Open
CS001049,C01484,2024-05-08,2024-05-21 05:00:00,High,Cancellation,Closed,909.0,5.0,Y,VALID,No issues detected,Closed
CS001050,C00198,2025-05-14,2025-05-31 00:00:00,Low,Technical,Open,,0.0,,INVALID,Support case references customer not in subscriptions; CSAT score outside 1-5 range,Open
CS001051,C00952,2024-04-17,2024-05-19 10:00:00,Critical,Billing,Closed,349.0,5.0,Y,VALID,No issues detected,Closed
CS001052,C00380,2024-05-30,2024-06-19 18:00:00,Medium,Access,,-77.0,7.0,N,INVALID,Support case references customer not in subscriptions; Negative resolution_hours; CSAT score outside 1-5 range; Missing case_status,Nan
CS001053,C00491,2025-12-30,2026-01-23 15:00:00,High,Billing,,-58.0,3.0,,INVALID,Support case references customer not in subscriptions; Negative resolution_hours; Missing case_status,Nan
CS001054,C00765,2025-03-13,2025-03-15 10:00:00,Medium,Data Issue,Pending,,0.0,N,INVALID,CSAT score outside 1-5 range,Pending
CS001055,C00217,2024-04-30,2024-05-11 03:00:00,Critical,Data Issue,Open,382.0,4.0,,INVALID,Support case references customer not in subscriptions,Open
CS001056,C01269,2025-09-01,2025-10-07 12:00:00,High,Cancellation,,,7.0,Y,INVALID,Support case references customer not in subscriptions; CSAT score outside 1-5 range; Missing case_status,Nan
CS001057,C00053,2024-01-02,2024-01-18 13:00:00,,Cancellation,Escalated,-50.0,2.0,Y,INVALID,Negative resolution_hours,Escalated
CS001058,C00758,2025-06-10,2025-06-30 23:00:00,Medium,Access,Pending,544.0,1.0,N,VALID,No issues detected,Pending
CS001059,C00143,2024-04-26,2024-05-02 03:00:00,,Cancellation,Pending,187.0,4.0,N,VALID,No issues detected,Pending
CS001060,C01298,2024-01-01,2024-02-09 19:00:00,High,Cancellation,Open,-44.0,1.0,,INVALID,Support case references customer not in subscriptions; Negative resolution_hours,Open
CS001061,C00381,2024-12-03,,Low,Cancellation,Pending,-82.0,3.0,,INVALID,Support case references customer not in subscriptions; Negative resolution_hours,Pending
CS001062,C00600,2026-01-23,2026-02-14 20:00:00,Critical,Data Issue,,,0.0,N,INVALID,CSAT score outside 1-5 range; Missing case_status,Nan
CS001063,C01622,2025-10-03,2025-11-07 18:00:00,Low,Technical,Closed,695.0,6.0,Y,INVALID,Support case references customer not in subscriptions; CSAT score outside 1-5 range,Closed
CS001064,C00683,2024-10-08,2024-11-13 02:00:00,Critical,Billing,,-20.0,,Y,INVALID,Support case references customer not in subscriptions; Negative resolution_hours; Missing case_status,Nan
CS001065,C00822,2026-01-03,2026-01-15 08:00:00,Medium,Cancellation,Closed,,0.0,,INVALID,CSAT score outside 1-5 range; Closed case missing closure date/resolution hours,Closed
CS001066,C00191,2024-06-21,2024-06-15 00:00:00,Low,Billing,Closed,-4.0,2.0,N,INVALID,Support case references customer not in subscriptions; Closed date earlier than opened date; Negative resolution_hours,Closed
CS001067,C01748,2024-09-12,2024-09-25 07:00:00,,Billing,Open,,7.0,N,INVALID,Support case references customer not in subscriptions; CSAT score outside 1-5 range,Open
CS001068,C01090,2025-06-10,2025-06-30 21:00:00,Medium,Technical,Open,478.0,,Y,INVALID,Support case references customer not in subscriptions,Open
CS001069,C00968,2026-01-12,2026-02-19 23:00:00,High,Data Issue,Open,680.0,6.0,,INVALID,CSAT score outside 1-5 range,Open
CS001070,C00618,2025-04-03,2025-04-27 00:00:00,High,Cancellation,,732.0,,Y,INVALID,Support case references customer not in subscriptions; Missing case_status,Nan
CS001071,C00979,2025-11-24,2026-01-02 01:00:00,,Billing,Escalated,-65.0,4.0,Y,INVALID,Support case references customer not in subscriptions; Negative resolution_hours,Escalated
,C01790,2024-11-04,2024-12-08 17:00:00,Low,Data Issue,,175.0,6.0,Y,INVALID,Missing case_id; CSAT score outside 1-5 range; Missing case_status,Nan
CS001073,C00672,2024-01-04,2023-12-30 00:00:00,Low,Cancellation,Pending,-100.0,,,INVALID,Support case references customer not in subscriptions; Closed date earlier than opened date; Negative resolution_hours,Pending
CS001074,C01335,2024-04-01,2024-05-03 11:00:00,Low,Data Issue,Escalated,-7.0,,,INVALID,Negative resolution_hours,Escalated
CS001075,C00094,2025-06-05,2025-06-10 05:00:00,Medium,Billing,Open,,7.0,Y,INVALID,Support case references customer not in subscriptions; CSAT score outside 1-5 range,Open
CS001076,C01078,2025-09-15,2025-10-04 00:00:00,,Billing,Open,-82.0,3.0,N,INVALID,Support case references customer not in subscriptions; Negative resolution_hours,Open
CS001077,C00766,2024-06-10,2024-06-17 16:00:00,Low,Access,Escalated,-12.0,5.0,Y,INVALID,Negative resolution_hours,Escalated
CS001078,C00689,2025-01-20,2025-02-16 02:00:00,Medium,Data Issue,,-6.0,0.0,Y,INVALID,Support case references customer not in subscriptions; Negative resolution_hours; CSAT score outside 1-5 range; Missing case_status,Nan
CS001079,C00987,2024-06-15,2024-07-22 13:00:00,High,Cancellation,Pending,-25.0,3.0,N,INVALID,Support case references customer not in subscriptions; Negative resolution_hours,Pending
CS001080,C01440,2025-07-09,2025-08-10 19:00:00,Critical,Technical,Escalated,-57.0,3.0,,INVALID,Support case references customer not in subscriptions; Negative resolution_hours,Escalated
CS001081,C01736,2024-03-06,2024-04-04 14:00:00,Critical,Cancellation,Closed,,1.0,,INVALID,Support case references customer not in subscriptions; Closed case missing closure date/resolution hours,Closed
CS001082,C00995,2024-02-07,2024-03-03 13:00:00,Critical,Cancellation,Open,872.0,1.0,N,INVALID,Support case references customer not in subscriptions,Open
CS001083,C01337,2024-11-14,2024-11-25 20:00:00,Medium,,,169.0,3.0,,SUSPICIOUS,Missing case_status,Nan
CS001084,C00886,2024-05-10,2024-05-21 18:00:00,,Billing,Pending,,3.0,,INVALID,Support case references customer not in subscriptions,Pending
CS001085,C00791,2025-12-23,2026-01-09 19:00:00,High,Cancellation,,835.0,0.0,,INVALID,Support case references customer not in subscriptions; CSAT score outside 1-5 range; Missing case_status,Nan
,C01321,2025-08-16,2025-09-02 18:00:00,Low,Data Issue,Open,,1.0,,INVALID,Missing case_id; Support case references customer not in subscriptions,Open
CS001087,C01483,2025-10-24,,Medium,Technical,Pending,270.0,7.0,N,INVALID,Support case references customer not in subscriptions; CSAT score outside 1-5 range,Pending
CS001088,C00342,2025-05-09,,Medium,Cancellation,Open,-74.0,,Y,INVALID,Support case references customer not in subscriptions; Negative resolution_hours,Open
CS001089,C01578,2024-12-24,2024-12-19 00:00:00,,Technical,Escalated,-97.0,4.0,Y,INVALID,Support case references customer not in subscriptions; Closed date earlier than opened date; Negative resolution_hours,Escalated
CS001090,C00169,2025-08-20,2025-09-28 19:00:00,Medium,Access,,998.0,7.0,N,INVALID,Support case references customer not in subscriptions; CSAT score outside 1-5 range; Missing case_status,Nan
CS001091,C01422,2025-10-19,2025-10-28 19:00:00,High,Billing,Closed,,5.0,Y,INVALID,Support case references customer not in subscriptions; Closed case missing closure date/resolution hours,Closed
CS001092,C00178,2026-01-03,2026-01-31 17:00:00,High,Cancellation,Escalated,991.0,4.0,N,VALID,No issues detected,Escalated
CS001093,C01788,2025-05-03,2025-05-25 23:00:00,Medium,Billing,Pending,,2.0,N,VALID,No issues detected,Pending
CS001094,C00659,2025-11-30,2025-11-26 00:00:00,Medium,Data Issue,Open,-22.0,1.0,,INVALID,Closed date earlier than opened date; Negative resolution_hours,Open
CS001095,C00584,2025-08-24,2025-09-12 08:00:00,,Access,,458.0,7.0,Y,INVALID,Support case references customer not in subscriptions; CSAT score outside 1-5 range; Missing case_status,Nan
CS001096,C01514,2025-05-09,2025-06-02 23:00:00,Medium,Cancellation,Pending,-79.0,3.0,Y,INVALID,Negative resolution_hours,Pending
CS001097,C00333,2025-07-19,,Low,Technical,Escalated,-88.0,5.0,Y,INVALID,Negative resolution_hours,Escalated
CS001098,C00214,2025-07-08,2025-07-22 00:00:00,High,Cancellation,Escalated,,4.0,N,INVALID,Support case references customer not in subscriptions,Escalated
,C00653,2025-08-06,2025-09-10 12:00:00,Medium,Billing,Escalated,,,Y,INVALID,Missing case_id; Support case references customer not in subscriptions,Escalated
CS001100,C01496,2024-11-30,2024-12-27 02:00:00,Low,Billing,Pending,-29.0,1.0,Y,INVALID,Support case references customer not in subscriptions; Negative resolution_hours,Pending
CS001101,C01265,2025-10-12,2025-11-02 00:00:00,Medium,Technical,,-93.0,3.0,N,INVALID,Negative resolution_hours; Missing case_status,Nan
CS001102,C00739,2025-12-23,2026-01-11 09:00:00,Low,Technical,Escalated,,2.0,,INVALID,Support case references customer not in subscriptions,Escalated
CS001103,C00129,2024-05-04,2024-05-10 06:00:00,,Access,Closed,-47.0,6.0,,INVALID,Support case references customer not in subscriptions; Negative resolution_hours; CSAT score outside 1-5 range,Closed
CS001104,C01788,2024-04-25,2024-05-15 07:00:00,Low,Technical,Open,621.0,6.0,Y,INVALID,CSAT score outside 1-5 range,Open
CS001105,C00443,2024-03-27,2024-04-09 20:00:00,High,Technical,,167.0,1.0,,SUSPICIOUS,Missing case_status,Nan
CS001106,C00081,2025-12-19,,Critical,Cancellation,Escalated,,2.0,,INVALID,Support case references customer not in subscriptions,Escalated
CS001107,C00997,2024-03-13,2024-03-14 09:00:00,Critical,Access,Escalated,-69.0,0.0,Y,INVALID,Support case references customer not in subscriptions; Negative resolution_hours; CSAT score outside 1-5 range,Escalated
CS001108,C00563,2024-10-09,2024-11-06 21:00:00,,Data Issue,,-15.0,,Y,INVALID,Support case references customer not in subscriptions; Negative resolution_hours; Missing case_status,Nan
CS001109,C01106,2025-02-08,2025-02-09 14:00:00,Medium,Cancellation,Open,,0.0,,INVALID,CSAT score outside 1-5 range,Open
CS001110,C00638,2024-06-30,2024-08-07 19:00:00,High,Access,Escalated,,0.0,Y,INVALID,Support case references customer not in subscriptions; CSAT score outside 1-5 range,Escalated
CS001111,C00768,2025-08-13,2025-09-21 14:00:00,,Technical,Escalated,,,Y,VALID,No issues detected,Escalated
CS001112,C01410,2024-09-30,,Low,Access,Open,488.0,4.0,,INVALID,Support case references customer not in subscriptions,Open
CS001113,C01646,2025-05-16,2025-05-24 17:00:00,High,,,-91.0,5.0,Y,INVALID,Negative resolution_hours; Missing case_status,Nan
CS001114,C01045,2025-05-03,2025-06-02 17:00:00,Medium,Technical,,,2.0,,SUSPICIOUS,Missing case_status,Nan
CS001115,C00143,2025-05-22,,Low,,Open,,0.0,,INVALID,CSAT score outside 1-5 range,Open
CS001116,C01138,2024-08-15,2024-09-13 16:00:00,Critical,Data Issue,Pending,27.0,2.0,Y,INVALID,Support case references customer not in subscriptions,Pending
CS001117,C01006,2025-02-10,,Low,Technical,Closed,-44.0,5.0,Y,INVALID,Support case references customer not in subscriptions; Negative resolution_hours; Closed case missing closure date/resolution hours,Closed
CS001118,C00984,2024-11-17,,Low,Access,Closed,584.0,6.0,Y,INVALID,Support case references customer not in subscriptions; CSAT score outside 1-5 range; Closed case missing closure date/resolution hours,Closed
CS001119,C01713,2024-07-20,2024-08-23 19:00:00,High,Billing,Open,-32.0,5.0,,INVALID,Negative resolution_hours,Open
CS001120,C01364,2024-08-19,2024-09-26 13:00:00,Low,Billing,Closed,85.0,4.0,N,INVALID,Support case references customer not in subscriptions,Closed
CS001121,C01284,2025-03-30,2025-05-08 20:00:00,Critical,Billing,,,4.0,N,SUSPICIOUS,Missing case_status,Nan
CS001122,C01578,2024-03-10,2024-03-23 07:00:00,High,Technical,,941.0,6.0,,INVALID,Support case references customer not in subscriptions; CSAT score outside 1-5 range; Missing case_status,Nan
CS001123,C00661,2025-07-16,2025-07-27 22:00:00,,,Escalated,-92.0,4.0,,INVALID,Support case references customer not in subscriptions; Negative resolution_hours,Escalated
CS001124,C00594,2024-07-19,2024-08-23 22:00:00,High,Billing,,-48.0,7.0,,INVALID,Negative resolution_hours; CSAT score outside 1-5 range; Missing case_status,Nan
CS001125,C00634,2026-01-28,,High,Billing,Pending,,0.0,,INVALID,Support case references customer not in subscriptions; CSAT score outside 1-5 range,Pending
CS001126,C00597,2024-08-03,2024-08-11 20:00:00,Medium,Cancellation,,-17.0,5.0,Y,INVALID,Negative resolution_hours; Missing case_status,Nan
CS001127,C00334,2024-01-16,,High,Billing,Escalated,-18.0,7.0,,INVALID,Support case references customer not in subscriptions; Negative resolution_hours; CSAT score outside 1-5 range,Escalated
CS001128,C00614,2024-02-14,2024-02-10 00:00:00,Medium,Technical,Open,,6.0,N,INVALID,Support case references customer not in subscriptions; Closed date earlier than opened date; CSAT score outside 1-5 range,Open
CS001129,C01255,2025-06-29,2025-08-03 22:00:00,Critical,,Pending,616.0,6.0,N,INVALID,CSAT score outside 1-5 range,Pending
CS001130,C01288,2024-05-11,2024-06-10 10:00:00,Critical,Access,,384.0,7.0,N,INVALID,CSAT score outside 1-5 range; Missing case_status,Nan
CS001131,C01363,2024-06-28,2024-07-01 03:00:00,Critical,Technical,Open,,4.0,,VALID,No issues detected,Open
CS001132,C01677,2024-01-30,2024-01-26 00:00:00,Medium,Access,,-29.0,6.0,,INVALID,Support case references customer not in subscriptions; Closed date earlier than opened date; Negative resolution_hours; CSAT score outside 1-5 range; Missing case_status,Nan
CS001133,C00675,2025-03-14,2025-03-16 00:00:00,Low,Access,Escalated,,,N,VALID,No issues detected,Escalated
CS001134,C00438,2025-01-12,2025-02-08 17:00:00,Critical,Access,Closed,,6.0,Y,INVALID,Support case references customer not in subscriptions; CSAT score outside 1-5 range; Closed case missing closure date/resolution hours,Closed
CS001135,C01031,2024-11-10,2024-11-30 22:00:00,Medium,Cancellation,,,1.0,N,INVALID,Support case references customer not in subscriptions; Missing case_status,Nan
CS001136,C00035,2024-02-22,2024-02-25 02:00:00,Medium,Access,,,5.0,N,SUSPICIOUS,Missing case_status,Nan
CS001137,C01692,2024-11-08,2024-12-14 01:00:00,Medium,Technical,Closed,-32.0,,N,INVALID,Support case references customer not in subscriptions; Negative resolution_hours,Closed
CS001138,C00240,2024-11-08,2024-12-15 22:00:00,Low,Technical,Pending,268.0,0.0,N,INVALID,Support case references customer not in subscriptions; CSAT score outside 1-5 range,Pending
CS001139,C00393,2025-07-25,2025-08-03 06:00:00,Low,Data Issue,,,1.0,N,SUSPICIOUS,Missing case_status,Nan
CS001140,C00303,2026-01-13,,Critical,Technical,Closed,-45.0,,Y,INVALID,Support case references customer not in subscriptions; Negative resolution_hours; Closed case missing closure date/resolution hours,Closed
CS001141,C00004,2024-12-02,2024-12-07 02:00:00,,Access,Open,,3.0,Y,VALID,No issues detected,Open
CS001142,C00123,2024-09-02,2024-10-04 04:00:00,Low,,Open,,,,VALID,No issues detected,Open
CS001143,C01158,2024-04-04,2024-04-11 01:00:00,,Billing,Open,342.0,0.0,N,INVALID,CSAT score outside 1-5 range,Open
CS001144,C01085,2024-12-22,2025-01-24 04:00:00,Critical,Technical,Open,594.0,5.0,N,INVALID,Support case references customer not in subscriptions,Open
CS001145,C00912,2024-01-15,2024-01-24 01:00:00,High,Access,Escalated,,6.0,N,INVALID,CSAT score outside 1-5 range,Escalated
CS001146,C01090,2024-01-22,2024-02-23 07:00:00,,Billing,Escalated,,7.0,Y,INVALID,Support case references customer not in subscriptions; CSAT score outside 1-5 range,Escalated
CS001147,C00198,2025-12-13,2025-12-05 00:00:00,Critical,Billing,Open,-61.0,4.0,Y,INVALID,Support case references customer not in subscriptions; Closed date earlier than opened date; Negative resolution_hours,Open
CS001148,C00564,2024-04-11,,Critical,Technical,,373.0,5.0,N,INVALID,Support case references customer not in subscriptions; Missing case_status,Nan
CS001149,C00642,2025-06-17,2025-07-17 16:00:00,,Cancellation,Pending,,7.0,N,INVALID,CSAT score outside 1-5 range,Pending
CS001150,C00174,2025-07-08,2025-08-03 03:00:00,Medium,,,-3.0,1.0,Y,INVALID,Negative resolution_hours; Missing case_status,Nan
CS001151,C00146,2025-02-15,2025-03-05 13:00:00,Medium,,Closed,,4.0,,INVALID,Support case references customer not in subscriptions; Closed case missing closure date/resolution hours,Closed
,C00143,2025-08-18,2025-08-22 14:00:00,Low,Data Issue,Escalated,-24.0,,Y,INVALID,Missing case_id; Negative resolution_hours,Escalated
CS001153,C00170,2024-09-18,2024-10-19 16:00:00,Low,,Escalated,560.0,,N,INVALID,Support case references customer not in subscriptions,Escalated
CS001154,C00837,2024-02-23,2024-02-24 19:00:00,,Data Issue,Escalated,,,,VALID,No issues detected,Escalated
CS001155,C00230,2024-08-26,,Medium,Access,Escalated,117.0,3.0,N,VALID,No issues detected,Escalated
CS001156,C00192,2025-09-14,2025-10-12 09:00:00,Critical,Billing,Open,762.0,3.0,,INVALID,Support case references customer not in subscriptions,Open
CS001157,C00978,2024-04-16,2024-05-01 06:00:00,Medium,,Closed,-54.0,3.0,,INVALID,Support case references customer not in subscriptions; Negative resolution_hours,Closed
CS001158,C00848,2026-01-01,2026-01-22 05:00:00,,Billing,Open,,,,INVALID,Support case references customer not in subscriptions,Open
CS001159,C01331,2025-06-06,2025-06-27 20:00:00,Low,Technical,,,4.0,,INVALID,Support case references customer not in subscriptions; Missing case_status,Nan
CS001160,C01317,2024-11-13,,,Access,Closed,,1.0,,INVALID,Support case references customer not in subscriptions; Closed case missing closure date/resolution hours,Closed
CS001161,C00885,2026-01-11,2026-01-23 20:00:00,,,Open,661.0,5.0,N,INVALID,Support case references customer not in subscriptions,Open
CS001162,C00898,2024-02-19,2024-03-06 17:00:00,High,Technical,Closed,653.0,7.0,,INVALID,Support case references customer not in subscriptions; CSAT score outside 1-5 range,Closed
CS001163,C00201,2025-02-15,,Critical,Technical,Pending,-63.0,4.0,Y,INVALID,Negative resolution_hours,Pending
CS001164,C01131,2024-08-01,2024-07-23 00:00:00,High,Cancellation,Closed,648.0,7.0,Y,INVALID,Closed date earlier than opened date; CSAT score outside 1-5 range,Closed
CS001165,C01166,2025-12-03,2025-11-28 00:00:00,High,Cancellation,Open,495.0,4.0,,INVALID,Support case references customer not in subscriptions; Closed date earlier than opened date,Open
CS001166,C00131,2025-10-07,2025-11-08 03:00:00,Critical,Billing,Escalated,866.0,1.0,,INVALID,Support case references customer not in subscriptions,Escalated
CS001167,C01567,2025-09-21,2025-10-20 14:00:00,,Cancellation,Pending,-1.0,1.0,Y,INVALID,Support case references customer not in subscriptions; Negative resolution_hours,Pending
CS001168,C00140,2024-07-11,2024-08-02 11:00:00,Critical,Access,,-10.0,0.0,Y,INVALID,Negative resolution_hours; CSAT score outside 1-5 range; Missing case_status,Nan
CS001169,C00613,2025-04-24,2025-05-04 20:00:00,,Billing,Pending,,6.0,N,INVALID,CSAT score outside 1-5 range,Pending
CS001170,C00510,2025-06-10,2025-07-06 00:00:00,,Data Issue,Pending,,4.0,,VALID,No issues detected,Pending
CS001171,C00255,2024-04-30,2024-05-07 12:00:00,Critical,Technical,Open,721.0,5.0,Y,INVALID,Support case references customer not in subscriptions,Open
CS001172,C01258,2026-01-22,2026-03-02 01:00:00,High,Cancellation,,,5.0,N,SUSPICIOUS,Missing case_status,Nan
CS001173,C00723,2025-06-24,,,Billing,Closed,624.0,2.0,Y,INVALID,Closed case missing closure date/resolution hours,Closed
CS001174,C01750,2025-11-30,2025-12-29 20:00:00,,Technical,Escalated,645.0,4.0,Y,INVALID,Support case references customer not in subscriptions,Escalated
CS001175,C01420,2024-03-16,2024-03-18 14:00:00,Critical,Data Issue,,-46.0,3.0,,INVALID,Support case references customer not in subscriptions; Negative resolution_hours; Missing case_status,Nan
CS001176,C00411,2024-09-19,2024-10-04 21:00:00,,,Escalated,394.0,7.0,N,INVALID,Support case references customer not in subscriptions; CSAT score outside 1-5 range,Escalated
CS001177,C01481,2025-06-14,2025-07-17 16:00:00,Medium,Billing,Pending,600.0,7.0,N,INVALID,CSAT score outside 1-5 range,Pending
CS001178,C01383,2024-08-20,2024-08-16 00:00:00,Low,Billing,Open,,,,INVALID,Support case references customer not in subscriptions; Closed date earlier than opened date,Open
CS001179,C00152,2026-01-30,2026-01-29 00:00:00,Low,Data Issue,Escalated,865.0,,N,INVALID,Support case references customer not in subscriptions; Closed date earlier than opened date,Escalated
CS001180,C01337,2024-04-16,2024-05-06 00:00:00,High,Access,Closed,-11.0,1.0,Y,INVALID,Negative resolution_hours,Closed
CS001181,C01601,2025-02-17,2025-02-26 03:00:00,High,Technical,Closed,556.0,1.0,N,VALID,No issues detected,Closed
CS001182,C00742,2024-12-17,2025-01-24 10:00:00,Low,,Escalated,-97.0,7.0,N,INVALID,Support case references customer not in subscriptions; Negative resolution_hours; CSAT score outside 1-5 range,Escalated
CS001183,C00505,2025-05-25,2025-05-29 00:00:00,Low,Cancellation,Pending,657.0,,N,INVALID,Support case references customer not in subscriptions,Pending
CS001184,C00386,2025-11-16,2025-12-23 03:00:00,Medium,Billing,Open,,,N,INVALID,Support case references customer not in subscriptions,Open
CS001185,C01001,2025-11-16,2025-12-18 05:00:00,Critical,Data Issue,,111.0,6.0,N,INVALID,CSAT score outside 1-5 range; Missing case_status,Nan
CS001186,C01176,2025-02-18,2025-03-20 09:00:00,Critical,,,826.0,7.0,,INVALID,CSAT score outside 1-5 range; Missing case_status,Nan
CS001187,C00743,2024-12-03,2024-12-12 13:00:00,Low,Billing,,,0.0,N,INVALID,CSAT score outside 1-5 range; Missing case_status,Nan
CS001188,C01474,2026-01-03,2026-01-29 15:00:00,Low,Cancellation,Closed,536.0,,,INVALID,Support case references customer not in subscriptions,Closed
CS001189,C00044,2025-08-11,2025-09-05 18:00:00,Critical,Cancellation,,215.0,5.0,,INVALID,Support case references customer not in subscriptions; Missing case_status,Nan
CS001190,C00223,2024-04-02,2024-04-05 21:00:00,Critical,,Pending,-7.0,5.0,N,INVALID,Support case references customer not in subscriptions; Negative resolution_hours,Pending
CS001191,C00011,2024-11-11,2024-11-13 15:00:00,Medium,Technical,Escalated,713.0,3.0,N,VALID,No issues detected,Escalated
CS001192,C00361,2024-06-12,2024-07-12 20:00:00,High,Data Issue,,-7.0,0.0,Y,INVALID,Support case references customer not in subscriptions; Negative resolution_hours; CSAT score outside 1-5 range; Missing case_status,Nan
CS001193,C01219,2024-01-25,2024-02-20 03:00:00,Critical,,Pending,-58.0,7.0,Y,INVALID,Support case references customer not in subscriptions; Negative resolution_hours; CSAT score outside 1-5 range,Pending
CS001194,C00095,2025-09-21,2025-09-26 16:00:00,Medium,Access,Open,24.0,0.0,,INVALID,CSAT score outside 1-5 range,Open
CS001195,C00724,2025-08-19,2025-08-29 14:00:00,Critical,Billing,Pending,-99.0,5.0,N,INVALID,Support case references customer not in subscriptions; Negative resolution_hours,Pending
CS001196,C00717,2025-04-14,2025-05-20 05:00:00,,Billing,Closed,,1.0,Y,INVALID,Support case references customer not in subscriptions; Closed case missing closure date/resolution hours,Closed
CS001197,C01390,2025-05-31,2025-06-12 10:00:00,Low,Data Issue,,570.0,0.0,Y,INVALID,Support case references customer not in subscriptions; CSAT score outside 1-5 range; Missing case_status,Nan
CS001198,C01205,2025-10-31,,,Billing,Closed,411.0,6.0,N,INVALID,Support case references customer not in subscriptions; CSAT score outside 1-5 range; Closed case missing closure date/resolution hours,Closed
CS001199,C00210,2024-09-24,2024-10-15 23:00:00,,Cancellation,Closed,-40.0,,Y,INVALID,Negative resolution_hours,Closed
CS001200,C01181,2025-05-30,2025-06-04 18:00:00,Medium,Technical,Open,,2.0,,VALID,No issues detected,Open
CS001201,C00766,2024-03-24,2024-04-28 19:00:00,,Data Issue,Open,-10.0,1.0,Y,INVALID,Negative resolution_hours,Open
CS001202,C00840,2025-06-14,2025-07-01 18:00:00,,Technical,Open,64.0,7.0,,INVALID,Support case references customer not in subscriptions; CSAT score outside 1-5 range,Open
CS001203,C01206,2024-04-04,2024-05-10 18:00:00,Medium,Billing,,-61.0,6.0,Y,INVALID,Support case references customer not in subscriptions; Negative resolution_hours; CSAT score outside 1-5 range; Missing case_status,Nan
CS001204,C00137,2025-02-22,2025-03-02 10:00:00,Low,Cancellation,Escalated,504.0,3.0,,INVALID,Support case references customer not in subscriptions,Escalated
CS001205,C00432,2024-04-05,2024-04-14 12:00:00,Medium,,Escalated,,1.0,N,INVALID,Support case references customer not in subscriptions,Escalated
CS001206,C01331,2025-08-03,2025-08-10 05:00:00,Low,Access,,864.0,,,INVALID,Support case references customer not in subscriptions; Missing case_status,Nan
CS001207,C01322,2024-05-25,2024-05-28 09:00:00,Low,Technical,Escalated,674.0,3.0,,VALID,No issues detected,Escalated
CS001208,C01106,2024-12-26,2025-01-06 13:00:00,Low,Billing,Pending,776.0,7.0,N,INVALID,CSAT score outside 1-5 range,Pending
CS001209,C01358,2024-01-24,,Low,Billing,,276.0,0.0,Y,INVALID,Support case references customer not in subscriptions; CSAT score outside 1-5 range; Missing case_status,Nan
CS001210,C00946,2024-04-01,2024-04-25 07:00:00,High,Cancellation,Open,,4.0,,VALID,No issues detected,Open
CS001211,C00032,2025-01-11,2025-01-13 15:00:00,Medium,Technical,Closed,781.0,2.0,,VALID,No issues detected,Closed
CS001212,C00044,2024-02-10,,Medium,Technical,,-91.0,3.0,N,INVALID,Support case references customer not in subscriptions; Negative resolution_hours; Missing case_status,Nan
CS001213,C00278,2025-05-27,2025-06-07 00:00:00,Medium,,Pending,,5.0,,INVALID,Support case references customer not in subscriptions,Pending
CS001214,C01268,2024-02-26,,High,,,537.0,3.0,,SUSPICIOUS,Missing case_status,Nan
CS001215,C00617,2024-08-04,2024-08-09 06:00:00,Low,Data Issue,Pending,,2.0,Y,INVALID,Support case references customer not in subscriptions,Pending
CS001216,C01194,2024-06-16,2024-07-25 19:00:00,High,Data Issue,Closed,,2.0,Y,INVALID,Closed case missing closure date/resolution hours,Closed
CS001217,C00179,2025-08-18,2025-09-25 17:00:00,Critical,Access,Pending,,0.0,Y,INVALID,CSAT score outside 1-5 range,Pending
CS001218,,2024-09-15,2024-10-07 16:00:00,Low,Billing,Closed,715.0,0.0,,INVALID,CSAT score outside 1-5 range,Closed
CS001219,C00427,2025-07-25,2025-07-31 12:00:00,Low,Cancellation,,-97.0,,Y,INVALID,Support case references customer not in subscriptions; Negative resolution_hours; Missing case_status,Nan
CS001220,C00871,2025-02-09,,Medium,Billing,Pending,876.0,,N,VALID,No issues detected,Pending
CS001221,C00421,2025-03-23,2025-05-01 13:00:00,,Cancellation,Pending,-73.0,6.0,N,INVALID,Negative resolution_hours; CSAT score outside 1-5 range,Pending
CS001222,C00816,2025-01-28,2025-02-14 11:00:00,Medium,Technical,Open,-84.0,5.0,,INVALID,Support case references customer not in subscriptions; Negative resolution_hours,Open
CS001223,C00972,2024-04-12,2024-04-24 16:00:00,Low,Cancellation,,-60.0,0.0,N,INVALID,Support case references customer not in subscriptions; Negative resolution_hours; CSAT score outside 1-5 range; Missing case_status,Nan
CS001224,C00957,2025-08-31,,Critical,Access,Escalated,,4.0,N,VALID,No issues detected,Escalated
CS001225,C01285,2024-03-19,2024-04-01 08:00:00,Critical,Data Issue,,,6.0,N,INVALID,CSAT score outside 1-5 range; Missing case_status,Nan
CS001226,C00167,2025-04-26,,Critical,Cancellation,,-37.0,0.0,,INVALID,Support case references customer not in subscriptions; Negative resolution_hours; CSAT score outside 1-5 range; Missing case_status,Nan
CS001227,C01647,2025-10-17,2025-11-24 04:00:00,Low,Billing,,,6.0,,INVALID,CSAT score outside 1-5 range; Missing case_status,Nan
CS001228,C00163,2025-05-23,2025-06-07 20:00:00,Medium,,Pending,-18.0,2.0,N,INVALID,Negative resolution_hours,Pending
CS001229,C01683,2024-06-14,2024-06-10 00:00:00,,,Pending,94.0,7.0,,INVALID,Closed date earlier than opened date; CSAT score outside 1-5 range,Pending
,C01512,2024-11-18,2024-12-24 03:00:00,Medium,Technical,Pending,,1.0,N,INVALID,Missing case_id,Pending
CS001231,C00611,2024-10-05,2024-10-23 18:00:00,,Technical,Closed,-40.0,3.0,,INVALID,Support case references customer not in subscriptions; Negative resolution_hours,Closed
CS001232,C00896,2025-10-04,2025-09-25 00:00:00,High,Cancellation,,828.0,,Y,INVALID,Support case references customer not in subscriptions; Closed date earlier than opened date; Missing case_status,Nan
CS001233,C00666,2025-11-17,2025-12-03 05:00:00,Critical,Technical,Closed,-85.0,6.0,,INVALID,Support case references customer not in subscriptions; Negative resolution_hours; CSAT score outside 1-5 range,Closed
CS001234,C00820,2024-12-20,2025-01-07 10:00:00,Critical,Data Issue,Closed,372.0,0.0,N,INVALID,Support case references customer not in subscriptions; CSAT score outside 1-5 range,Closed
CS001235,C00391,2025-04-29,2025-06-08 00:00:00,High,Billing,Open,522.0,2.0,Y,VALID,No issues detected,Open
,C01183,2024-03-16,2024-03-30 10:00:00,Low,,Open,,5.0,,INVALID,Missing case_id,Open
CS001237,C01621,2025-03-28,2025-04-25 19:00:00,High,Access,Closed,125.0,0.0,,INVALID,Support case references customer not in subscriptions; CSAT score outside 1-5 range,Closed
CS001238,C00603,2025-04-14,2025-04-26 13:00:00,Medium,Access,Closed,-81.0,2.0,N,INVALID,Negative resolution_hours,Closed
,C00487,2025-06-15,,,Data Issue,Pending,129.0,5.0,,INVALID,Missing case_id; Support case references customer not in subscriptions,Pending
CS001240,C00885,2024-12-12,2024-12-17 21:00:00,Medium,Cancellation,Closed,,7.0,,INVALID,Support case references customer not in subscriptions; CSAT score outside 1-5 range; Closed case missing closure date/resolution hours,Closed
CS001241,C00327,2025-04-26,2025-05-01 03:00:00,Critical,,Escalated,-68.0,1.0,,INVALID,Negative resolution_hours,Escalated
CS001242,C01008,2025-05-10,2025-05-29 13:00:00,Low,,Closed,-23.0,3.0,Y,INVALID,Negative resolution_hours,Closed
,C00280,2026-01-29,2026-02-12 19:00:00,Critical,,,,3.0,Y,INVALID,Missing case_id; Missing case_status,Nan
CS001244,C00104,2024-11-23,2024-11-15 00:00:00,Low,Access,,,7.0,Y,INVALID,Support case references customer not in subscriptions; Closed date earlier than opened date; CSAT score outside 1-5 range; Missing case_status,Nan
CS001245,C00018,2024-07-02,2024-07-02 13:00:00,Low,Cancellation,,384.0,4.0,,INVALID,Support case references customer not in subscriptions; Missing case_status,Nan
CS001246,C00970,2025-04-01,2025-04-23 10:00:00,High,Data Issue,Closed,,3.0,Y,INVALID,Support case references customer not in subscriptions; Closed case missing closure date/resolution hours,Closed
CS001247,C00421,2024-02-16,2024-02-26 02:00:00,High,Technical,Pending,-93.0,3.0,N,INVALID,Negative resolution_hours,Pending
CS001248,C01592,2025-12-10,,,Access,Escalated,-70.0,,N,INVALID,Support case references customer not in subscriptions; Negative resolution_hours,Escalated
CS001249,C01366,2024-04-13,2024-04-08 00:00:00,High,Data Issue,Escalated,443.0,1.0,N,INVALID,Support case references customer not in subscriptions; Closed date earlier than opened date,Escalated
CS001250,C00162,2024-10-15,2024-11-20 13:00:00,,Cancellation,Closed,,6.0,Y,INVALID,CSAT score outside 1-5 range; Closed case missing closure date/resolution hours,Closed
CS001251,C00316,2025-10-16,2025-10-17 01:00:00,Critical,Data Issue,Pending,,5.0,N,INVALID,Support case references customer not in subscriptions,Pending
CS001252,C01724,2025-06-03,2025-06-28 15:00:00,High,Access,Closed,-80.0,4.0,,INVALID,Support case references customer not in subscriptions; Negative resolution_hours,Closed
CS001253,C01359,2025-12-14,2025-12-28 11:00:00,Critical,,Closed,769.0,7.0,Y,INVALID,Support case references customer not in subscriptions; CSAT score outside 1-5 range,Closed
CS001254,C01248,2024-10-07,2024-10-10 18:00:00,Medium,,Pending,-33.0,4.0,Y,INVALID,Support case references customer not in subscriptions; Negative resolution_hours,Pending
CS001255,C00047,2025-12-28,,Critical,Access,,,2.0,,SUSPICIOUS,Missing case_status,Nan
CS001256,C00097,2024-08-27,,Low,,Pending,,3.0,N,INVALID,Support case references customer not in subscriptions,Pending
CS001257,C01556,2025-03-25,2025-04-03 13:00:00,High,Access,Escalated,,2.0,Y,INVALID,Support case references customer not in subscriptions,Escalated
CS001258,C00869,2024-06-14,2024-06-15 12:00:00,Low,Access,Closed,,6.0,Y,INVALID,CSAT score outside 1-5 range; Closed case missing closure date/resolution hours,Closed
CS001259,C00338,2024-09-20,2024-10-03 21:00:00,Low,Technical,Open,-44.0,0.0,Y,INVALID,Negative resolution_hours; CSAT score outside 1-5 range,Open
CS001260,C01797,2025-09-19,2025-10-16 12:00:00,Critical,,Pending,281.0,,,INVALID,Support case references customer not in subscriptions,Pending
CS001261,C00980,2025-08-15,2025-08-21 10:00:00,Low,,Pending,-85.0,4.0,,INVALID,Negative resolution_hours,Pending
CS001262,C00027,2024-08-29,2024-09-28 00:00:00,Critical,Access,,186.0,5.0,,INVALID,Support case references customer not in subscriptions; Missing case_status,Nan
CS001263,C00601,2025-11-30,2025-12-15 02:00:00,,Billing,,,4.0,N,SUSPICIOUS,Missing case_status,Nan
CS001264,C00747,2025-07-19,2025-08-14 06:00:00,High,Technical,,460.0,2.0,,SUSPICIOUS,Missing case_status,Nan
,C01502,2024-03-24,2024-03-28 07:00:00,Low,Data Issue,Open,68.0,5.0,N,INVALID,Missing case_id; Support case references customer not in subscriptions,Open
CS001266,C01093,2026-01-27,2026-01-27 21:00:00,Critical,Cancellation,,,3.0,,SUSPICIOUS,Missing case_status,Nan
CS001267,C01454,2025-09-01,2025-09-11 07:00:00,Low,Technical,Open,-18.0,5.0,,INVALID,Negative resolution_hours,Open
CS001268,C00293,2025-01-29,2025-02-07 08:00:00,Medium,Cancellation,Pending,3.0,4.0,Y,INVALID,Support case references customer not in subscriptions,Pending
CS001269,C01091,2025-08-12,2025-08-23 05:00:00,Medium,Cancellation,Open,-22.0,6.0,,INVALID,Support case references customer not in subscriptions; Negative resolution_hours; CSAT score outside 1-5 range,Open
CS001270,C00873,2024-12-04,,High,Technical,Escalated,-77.0,7.0,,INVALID,Negative resolution_hours; CSAT score outside 1-5 range,Escalated
CS001271,C01497,2025-07-18,2025-07-18 09:00:00,Medium,Billing,Closed,980.0,2.0,N,VALID,No issues detected,Closed
CS001272,C01566,2025-05-07,2025-06-15 00:00:00,Low,,,,5.0,Y,INVALID,Support case references customer not in subscriptions; Missing case_status,Nan
CS001273,C01101,2025-07-18,2025-08-20 13:00:00,Low,Cancellation,Escalated,862.0,1.0,Y,INVALID,Support case references customer not in subscriptions,Escalated
CS001274,C01446,2025-02-23,2025-03-27 14:00:00,Low,Billing,Open,,4.0,Y,VALID,No issues detected,Open
CS001275,C01706,2024-08-05,,High,Technical,Escalated,,7.0,,INVALID,Support case references customer not in subscriptions; CSAT score outside 1-5 range,Escalated
CS001276,C01101,2025-03-09,2025-03-01 00:00:00,Medium,,Escalated,948.0,2.0,Y,INVALID,Support case references customer not in subscriptions; Closed date earlier than opened date,Escalated
CS001277,C01471,2024-05-11,2024-05-02 00:00:00,Critical,Cancellation,Open,,2.0,,INVALID,Support case references customer not in subscriptions; Closed date earlier than opened date,Open
CS001278,C01033,2025-06-08,2025-06-04 00:00:00,High,Technical,,-39.0,7.0,Y,INVALID,Support case references customer not in subscriptions; Closed date earlier than opened date; Negative resolution_hours; CSAT score outside 1-5 range; Missing case_status,Nan
CS001279,C00972,2024-01-07,2024-01-27 20:00:00,High,Technical,Pending,2.0,,N,INVALID,Support case references customer not in subscriptions,Pending
CS001280,C00632,2024-11-14,2024-12-01 15:00:00,,Access,Open,391.0,6.0,Y,INVALID,Support case references customer not in subscriptions; CSAT score outside 1-5 range,Open
CS001281,C00940,2025-05-03,2025-05-06 02:00:00,,,Open,-10.0,,N,INVALID,Support case references customer not in subscriptions; Negative resolution_hours,Open
CS001282,C01615,2025-12-01,2026-01-06 01:00:00,High,Billing,Open,,4.0,Y,VALID,No issues detected,Open
CS001283,C00477,2025-07-29,2025-07-31 09:00:00,,Access,Escalated,-45.0,4.0,N,INVALID,Negative resolution_hours,Escalated
CS001284,C00999,2025-04-01,2025-05-10 15:00:00,High,Access,Escalated,,4.0,Y,INVALID,Support case references customer not in subscriptions,Escalated
CS001285,C01254,2024-11-14,2024-12-17 17:00:00,Low,,Pending,-65.0,3.0,N,INVALID,Support case references customer not in subscriptions; Negative resolution_hours,Pending
CS001286,C01192,2024-02-15,2024-03-09 14:00:00,Low,Data Issue,,394.0,7.0,,INVALID,CSAT score outside 1-5 range; Missing case_status,Nan
CS001287,C00469,2024-08-15,2024-08-27 18:00:00,,,Open,,3.0,Y,INVALID,Support case references customer not in subscriptions,Open
,C00391,2024-01-23,,High,Technical,Open,-16.0,,N,INVALID,Missing case_id; Negative resolution_hours,Open
CS001289,C00950,2025-09-09,2025-09-18 17:00:00,Critical,Data Issue,Open,931.0,2.0,N,INVALID,Support case references customer not in subscriptions,Open
CS001290,C01367,2024-08-28,2024-09-17 03:00:00,High,Cancellation,Closed,,5.0,Y,INVALID,Closed case missing closure date/resolution hours,Closed
CS001291,C00852,2024-02-19,2024-03-19 08:00:00,Medium,Data Issue,,-82.0,4.0,Y,INVALID,Support case references customer not in subscriptions; Negative resolution_hours; Missing case_status,Nan
CS001292,C01666,2025-04-02,2025-03-29 00:00:00,High,,Open,432.0,3.0,,INVALID,Support case references customer not in subscriptions; Closed date earlier than opened date,Open
CS001293,C00618,2024-01-18,,Medium,Technical,,,6.0,,INVALID,Support case references customer not in subscriptions; CSAT score outside 1-5 range; Missing case_status,Nan
CS001294,C01275,2024-08-03,2024-08-04 23:00:00,High,Cancellation,Closed,,5.0,N,INVALID,Support case references customer not in subscriptions; Closed case missing closure date/resolution hours,Closed
CS001295,C00900,2024-11-06,2024-12-05 16:00:00,,Technical,Pending,-53.0,3.0,,INVALID,Support case references customer not in subscriptions; Negative resolution_hours,Pending
,C00959,2025-06-05,2025-06-23 08:00:00,Critical,Access,Open,585.0,4.0,Y,INVALID,Missing case_id; Support case references customer not in subscriptions,Open
CS001297,C01471,2024-04-15,2024-04-13 00:00:00,Critical,,Closed,376.0,1.0,Y,INVALID,Support case references customer not in subscriptions; Closed date earlier than opened date,Closed
CS001298,C00731,2025-07-19,2025-08-11 14:00:00,Critical,Billing,Open,-84.0,6.0,N,INVALID,Support case references customer not in subscriptions; Negative resolution_hours; CSAT score outside 1-5 range,Open
CS001299,C01265,2024-03-16,2024-04-10 23:00:00,Low,Billing,Open,-95.0,,N,INVALID,Negative resolution_hours,Open
CS001300,C00175,2024-05-01,2024-04-26 00:00:00,Medium,Data Issue,Pending,,,,INVALID,Support case references customer not in subscriptions; Closed date earlier than opened date,Pending
CS001301,C01395,2024-08-25,2024-09-08 18:00:00,Critical,,Open,-94.0,4.0,Y,INVALID,Negative resolution_hours,Open
,C01020,2026-01-01,2026-01-01 03:00:00,Critical,,Closed,825.0,4.0,Y,INVALID,Missing case_id; Support case references customer not in subscriptions,Closed
CS001303,C01044,2025-03-12,2025-04-05 22:00:00,Critical,Access,Closed,553.0,5.0,,INVALID,Support case references customer not in subscriptions,Closed
CS001304,C01675,2024-01-19,2024-01-24 02:00:00,Critical,Data Issue,Closed,,1.0,N,INVALID,Support case references customer not in subscriptions; Closed case missing closure date/resolution hours,Closed
CS001305,C01512,2024-11-23,2024-12-07 06:00:00,,Technical,Pending,845.0,4.0,Y,VALID,No issues detected,Pending
CS001306,C01648,2024-11-21,2024-12-12 23:00:00,Medium,Cancellation,,-48.0,0.0,,INVALID,Support case references customer not in subscriptions; Negative resolution_hours; CSAT score outside 1-5 range; Missing case_status,Nan
CS001307,C00899,2025-07-25,2025-07-27 00:00:00,Critical,Billing,Escalated,,2.0,,VALID,No issues detected,Escalated
CS001308,C00247,2024-01-12,2024-01-27 21:00:00,Medium,,Pending,408.0,1.0,Y,INVALID,Support case references customer not in subscriptions,Pending
CS001309,C00357,2024-03-13,2024-03-27 04:00:00,Critical,Technical,Escalated,-71.0,3.0,Y,INVALID,Negative resolution_hours,Escalated
CS001310,C01139,2025-04-12,2025-04-28 15:00:00,,Cancellation,Escalated,-11.0,2.0,Y,INVALID,Support case references customer not in subscriptions; Negative resolution_hours,Escalated
CS001311,C00975,2024-01-18,2024-02-23 13:00:00,Low,Cancellation,Pending,-34.0,5.0,Y,INVALID,Support case references customer not in subscriptions; Negative resolution_hours,Pending
CS001312,C00869,2025-06-03,2025-06-21 15:00:00,Critical,Billing,Pending,918.0,5.0,N,VALID,No issues detected,Pending
CS001313,C00733,2025-09-24,2025-10-27 08:00:00,Critical,Data Issue,Closed,716.0,6.0,,INVALID,CSAT score outside 1-5 range,Closed
CS001314,C01678,2025-06-18,2025-06-20 09:00:00,Low,Cancellation,Closed,,2.0,N,INVALID,Support case references customer not in subscriptions; Closed case missing closure date/resolution hours,Closed
CS001315,C00839,2025-08-16,2025-09-09 14:00:00,,Cancellation,Escalated,,4.0,,INVALID,Support case references customer not in subscriptions,Escalated
CS001316,C01501,2025-08-05,,,Access,Closed,,2.0,,INVALID,Support case references customer not in subscriptions; Closed case missing closure date/resolution hours,Closed
CS001317,C00068,2025-11-27,,Low,Data Issue,,,1.0,Y,INVALID,Support case references customer not in subscriptions; Missing case_status,Nan
,C00918,2024-05-24,2024-06-21 07:00:00,High,Cancellation,Escalated,-34.0,7.0,,INVALID,Missing case_id; Negative resolution_hours; CSAT score outside 1-5 range,Escalated
CS001319,C00363,2024-03-07,2024-02-26 00:00:00,Low,Technical,,,5.0,,INVALID,Support case references customer not in subscriptions; Closed date earlier than opened date; Missing case_status,Nan
CS001320,C01322,2024-12-05,2024-12-30 06:00:00,Critical,,Escalated,-65.0,3.0,,INVALID,Negative resolution_hours,Escalated
CS001321,C00710,2024-01-13,2024-01-12 00:00:00,Critical,Data Issue,,-4.0,5.0,Y,INVALID,Support case references customer not in subscriptions; Closed date earlier than opened date; Negative resolution_hours; Missing case_status,Nan
CS001322,C00452,2024-01-30,2024-01-31 13:00:00,,,,-100.0,0.0,N,INVALID,Support case references customer not in subscriptions; Negative resolution_hours; CSAT score outside 1-5 range; Missing case_status,Nan
CS001323,C00419,2025-07-12,2025-08-05 07:00:00,Medium,Access,Open,-62.0,4.0,Y,INVALID,Support case references customer not in subscriptions; Negative resolution_hours,Open
CS001324,C00719,2024-09-26,2024-09-24 00:00:00,Medium,Billing,Pending,,6.0,,INVALID,Closed date earlier than opened date; CSAT score outside 1-5 range,Pending
CS001325,C01535,2024-01-17,,Low,Technical,Closed,,0.0,N,INVALID,Support case references customer not in subscriptions; CSAT score outside 1-5 range; Closed case missing closure date/resolution hours,Closed
CS001326,C01570,2024-04-22,2024-05-26 14:00:00,Critical,Cancellation,Closed,629.0,6.0,,INVALID,CSAT score outside 1-5 range,Closed
CS001327,C00286,2024-04-19,2024-05-24 18:00:00,Low,,Open,366.0,1.0,N,INVALID,Support case references customer not in subscriptions,Open
CS001328,C01560,2024-07-20,2024-08-06 02:00:00,Medium,Data Issue,Escalated,,1.0,,VALID,No issues detected,Escalated
CS001329,C01733,2024-05-28,2024-06-27 08:00:00,Medium,Access,Open,-53.0,4.0,N,INVALID,Support case references customer not in subscriptions; Negative resolution_hours,Open
,C01155,2025-01-10,,,Data Issue,Escalated,182.0,0.0,Y,INVALID,Missing case_id; CSAT score outside 1-5 range,Escalated
CS001331,C00300,2025-12-06,2026-01-04 19:00:00,Medium,Technical,Escalated,420.0,1.0,,INVALID,Support case references customer not in subscriptions,Escalated
CS001332,C00537,2026-01-27,2026-03-03 19:00:00,Low,Data Issue,Pending,992.0,0.0,Y,INVALID,Support case references customer not in subscriptions; CSAT score outside 1-5 range,Pending
CS001333,C00618,2025-08-14,2025-09-18 10:00:00,Medium,Billing,Closed,-30.0,4.0,N,INVALID,Support case references customer not in subscriptions; Negative resolution_hours,Closed
CS001334,C00886,2025-11-05,2025-11-04 00:00:00,High,,,754.0,0.0,,INVALID,Support case references customer not in subscriptions; Closed date earlier than opened date; CSAT score outside 1-5 range; Missing case_status,Nan
CS001335,C00605,2024-04-05,2024-05-05 17:00:00,Low,Data Issue,Pending,641.0,4.0,N,INVALID,Support case references customer not in subscriptions,Pending
CS001336,C01246,2024-11-29,2025-01-05 04:00:00,,Data Issue,Pending,-62.0,1.0,N,INVALID,Negative resolution_hours,Pending
CS001337,C00148,2024-09-26,2024-10-25 09:00:00,Low,Billing,Open,,6.0,Y,INVALID,Support case references customer not in subscriptions; CSAT score outside 1-5 range,Open
CS001338,C00545,2024-07-11,2024-07-12 20:00:00,Low,Data Issue,,,3.0,N,INVALID,Support case references customer not in subscriptions; Missing case_status,Nan
CS001339,C01347,2025-02-19,2025-03-16 02:00:00,Medium,Technical,Pending,,3.0,Y,VALID,No issues detected,Pending
CS001340,C00735,2025-11-18,2025-12-23 14:00:00,,Billing,Escalated,,2.0,N,INVALID,Support case references customer not in subscriptions,Escalated
CS001341,C00507,2025-05-20,2025-06-27 00:00:00,Low,Technical,Open,,4.0,Y,VALID,No issues detected,Open
CS001342,C01036,2025-05-08,2025-05-18 10:00:00,Low,Data Issue,Open,-72.0,0.0,Y,INVALID,Support case references customer not in subscriptions; Negative resolution_hours; CSAT score outside 1-5 range,Open
CS001343,C01447,2025-12-19,2026-01-06 13:00:00,,Billing,,-34.0,4.0,,INVALID,Support case references customer not in subscriptions; Negative resolution_hours; Missing case_status,Nan
,C00359,2024-11-15,2024-12-11 06:00:00,,Billing,Escalated,294.0,,,INVALID,Missing case_id,Escalated
CS001345,C00948,2025-02-24,,Low,Cancellation,Closed,-94.0,7.0,,INVALID,Support case references customer not in subscriptions; Negative resolution_hours; CSAT score outside 1-5 range; Closed case missing closure date/resolution hours,Closed
CS001346,C01137,2025-01-16,2025-02-01 08:00:00,Medium,Cancellation,,,1.0,N,SUSPICIOUS,Missing case_status,Nan
CS001347,C01379,2024-05-05,2024-05-28 00:00:00,Medium,Access,Open,,3.0,Y,INVALID,Support case references customer not in subscriptions,Open
CS001348,C00278,2024-10-02,2024-10-27 04:00:00,Medium,Billing,Pending,440.0,0.0,Y,INVALID,Support case references customer not in subscriptions; CSAT score outside 1-5 range,Pending
CS001349,C00207,2025-10-28,2025-11-13 23:00:00,Critical,,Closed,105.0,4.0,N,VALID,No issues detected,Closed
CS001350,C00956,2025-09-03,2025-10-05 14:00:00,Low,Billing,Open,460.0,,Y,INVALID,Support case references customer not in subscriptions,Open
CS001351,C01320,2024-02-07,2024-03-01 12:00:00,Critical,Billing,Escalated,384.0,4.0,Y,INVALID,Support case references customer not in subscriptions,Escalated
,C01321,2024-09-02,2024-10-03 12:00:00,Low,Access,Pending,-75.0,1.0,,INVALID,Missing case_id; Support case references customer not in subscriptions; Negative resolution_hours,Pending
CS001353,C01213,2024-07-10,,Medium,Data Issue,Pending,-47.0,2.0,,INVALID,Support case references customer not in subscriptions; Negative resolution_hours,Pending
CS001354,C00593,2024-02-08,2024-02-22 22:00:00,Medium,Billing,Closed,,,Y,INVALID,Closed case missing closure date/resolution hours,Closed
CS001355,C00373,2025-08-28,,,Access,,-66.0,1.0,N,INVALID,Support case references customer not in subscriptions; Negative resolution_hours; Missing case_status,Nan
CS001356,C00956,2024-04-21,2024-05-08 01:00:00,Critical,Access,Pending,150.0,0.0,N,INVALID,Support case references customer not in subscriptions; CSAT score outside 1-5 range,Pending
CS001357,C01152,2024-06-17,2024-07-18 16:00:00,,Billing,Open,-26.0,5.0,N,INVALID,Support case references customer not in subscriptions; Negative resolution_hours,Open
CS001358,C00840,2025-07-23,2025-08-16 22:00:00,,Access,,-56.0,,,INVALID,Support case references customer not in subscriptions; Negative resolution_hours; Missing case_status,Nan
CS001359,C01534,2025-04-01,2025-04-23 06:00:00,Critical,Data Issue,Closed,546.0,0.0,,INVALID,CSAT score outside 1-5 range,Closed
CS001360,C00064,2025-06-28,,High,Data Issue,Pending,-80.0,2.0,,INVALID,Support case references customer not in subscriptions; Negative resolution_hours,Pending
,C00891,2025-07-10,2025-08-09 19:00:00,Critical,Technical,Pending,558.0,2.0,Y,INVALID,Missing case_id; Support case references customer not in subscriptions,Pending
CS001362,C00014,2025-05-14,,Critical,,Escalated,668.0,6.0,,INVALID,Support case references customer not in subscriptions; CSAT score outside 1-5 range,Escalated
CS001363,C00360,2024-08-25,2024-08-16 00:00:00,Low,Data Issue,Open,-6.0,5.0,Y,INVALID,Support case references customer not in subscriptions; Closed date earlier than opened date; Negative resolution_hours,Open
CS001364,C00693,2024-11-30,2024-12-22 18:00:00,Medium,Data Issue,,-42.0,,N,INVALID,Support case references customer not in subscriptions; Negative resolution_hours; Missing case_status,Nan
,C01559,2025-03-26,2025-05-03 17:00:00,Critical,,Open,998.0,5.0,,INVALID,Missing case_id; Support case references customer not in subscriptions,Open
CS001366,C01779,2025-05-12,2025-05-20 19:00:00,Critical,Billing,Closed,,4.0,Y,INVALID,Closed case missing closure date/resolution hours,Closed
CS001367,C00447,2024-08-03,2024-08-23 05:00:00,Medium,,Pending,39.0,5.0,,INVALID,Support case references customer not in subscriptions,Pending
CS001368,C00180,2024-11-17,2024-12-13 20:00:00,Medium,Cancellation,,-37.0,4.0,,INVALID,Negative resolution_hours; Missing case_status,Nan
CS001369,C00941,2024-04-28,2024-04-30 11:00:00,Critical,Technical,Closed,,5.0,N,INVALID,Support case references customer not in subscriptions; Closed case missing closure date/resolution hours,Closed
,C01117,2024-10-16,,Low,Technical,Open,,5.0,N,INVALID,Missing case_id; Support case references customer not in subscriptions,Open
CS001371,C01183,2025-03-27,2025-04-22 22:00:00,,Cancellation,Open,,2.0,N,VALID,No issues detected,Open
CS001372,C00801,2025-04-22,2025-05-04 14:00:00,High,Cancellation,Open,,5.0,N,INVALID,Support case references customer not in subscriptions,Open
CS001373,C00494,2025-04-13,2025-05-11 06:00:00,,,Open,,4.0,,INVALID,Support case references customer not in subscriptions,Open
CS001374,C00745,2024-05-08,2024-06-04 07:00:00,Low,Access,,708.0,2.0,N,SUSPICIOUS,Missing case_status,Nan
CS001375,C01530,2024-12-27,2025-01-23 16:00:00,,Billing,Escalated,-97.0,2.0,N,INVALID,Support case references customer not in subscriptions; Negative resolution_hours,Escalated
CS001376,C00226,2025-09-21,,Medium,Data Issue,Pending,,2.0,N,INVALID,Support case references customer not in subscriptions,Pending
CS001377,C01756,2025-09-24,,High,Technical,Open,2.0,5.0,N,VALID,No issues detected,Open
CS001378,C00287,2024-10-21,2024-11-29 04:00:00,High,Technical,Open,,3.0,,VALID,No issues detected,Open
CS001379,C00155,2025-06-02,2025-07-07 07:00:00,Medium,Billing,Pending,-30.0,4.0,Y,INVALID,Support case references customer not in subscriptions; Negative resolution_hours,Pending
,C00101,2026-01-13,2026-01-24 16:00:00,,,Escalated,-49.0,1.0,,INVALID,Missing case_id; Negative resolution_hours,Escalated
CS001381,C01638,2025-05-12,2025-05-26 12:00:00,Low,Data Issue,Escalated,396.0,2.0,Y,VALID,No issues detected,Escalated
CS001382,C00229,2025-04-29,2025-05-20 12:00:00,Low,Data Issue,Open,730.0,4.0,,VALID,No issues detected,Open
CS001383,C00693,2024-01-12,2024-02-09 05:00:00,High,Technical,,-83.0,1.0,N,INVALID,Support case references customer not in subscriptions; Negative resolution_hours; Missing case_status,Nan
,C00832,2024-04-14,2024-05-15 02:00:00,Critical,Data Issue,Open,,0.0,N,INVALID,Missing case_id; Support case references customer not in subscriptions; CSAT score outside 1-5 range,Open
CS001385,C00585,2024-08-27,,,Cancellation,Escalated,,6.0,N,INVALID,CSAT score outside 1-5 range,Escalated
CS001386,C01122,2025-09-14,2025-09-26 11:00:00,,Cancellation,,596.0,3.0,Y,SUSPICIOUS,Missing case_status,Nan
CS001387,C01240,2024-02-19,2024-03-12 20:00:00,High,,,-34.0,6.0,,INVALID,Negative resolution_hours; CSAT score outside 1-5 range; Missing case_status,Nan
CS001388,C00477,2024-10-12,2024-10-25 17:00:00,Low,Billing,Open,233.0,2.0,Y,VALID,No issues detected,Open
CS001389,C00357,2024-12-02,2024-11-25 00:00:00,,Access,Escalated,-53.0,2.0,,INVALID,Closed date earlier than opened date; Negative resolution_hours,Escalated
CS001390,C00314,2025-10-25,2025-11-22 22:00:00,High,Access,,710.0,0.0,N,INVALID,CSAT score outside 1-5 range; Missing case_status,Nan
CS001391,C01344,2025-07-07,2025-07-25 08:00:00,Critical,Access,Escalated,505.0,0.0,N,INVALID,Support case references customer not in subscriptions; CSAT score outside 1-5 range,Escalated
CS001392,C00969,2024-12-14,,High,Billing,Closed,-3.0,7.0,N,INVALID,Negative resolution_hours; CSAT score outside 1-5 range; Closed case missing closure date/resolution hours,Closed
CS001393,C00575,2025-12-30,2026-01-20 10:00:00,Low,Data Issue,Open,36.0,0.0,,INVALID,Support case references customer not in subscriptions; CSAT score outside 1-5 range,Open
CS001394,C01137,2024-06-08,2024-06-13 06:00:00,,Technical,Open,,4.0,Y,VALID,No issues detected,Open
CS001395,C01354,2025-02-08,2025-02-23 00:00:00,,Billing,Closed,-13.0,0.0,Y,INVALID,Support case references customer not in subscriptions; Negative resolution_hours; CSAT score outside 1-5 range,Closed
CS001396,C01399,2025-01-30,2025-01-23 00:00:00,Medium,Data Issue,,-87.0,3.0,N,INVALID,Support case references customer not in subscriptions; Closed date earlier than opened date; Negative resolution_hours; Missing case_status,Nan
CS001397,C01226,2024-05-01,2024-06-09 12:00:00,Low,Cancellation,Escalated,,2.0,,VALID,No issues detected,Escalated
CS001398,C01185,2024-05-05,,Medium,Cancellation,,-14.0,4.0,,INVALID,Support case references customer not in subscriptions; Negative resolution_hours; Missing case_status,Nan
CS001399,C01530,2025-10-26,2025-10-25 00:00:00,Critical,Access,,,2.0,Y,INVALID,Support case references customer not in subscriptions; Closed date earlier than opened date; Missing case_status,Nan
CS001400,C00258,2025-04-14,2025-05-15 19:00:00,Critical,,Closed,180.0,3.0,N,VALID,No issues detected,Closed
,C00171,2024-11-21,2024-12-10 18:00:00,High,Cancellation,Pending,-91.0,5.0,N,INVALID,Missing case_id; Negative resolution_hours,Pending
CS001402,C00170,2026-01-08,2026-02-11 10:00:00,High,Technical,Escalated,293.0,3.0,Y,INVALID,Support case references customer not in subscriptions,Escalated
CS001403,C01596,2024-07-20,2024-07-29 22:00:00,Medium,Technical,Pending,,0.0,Y,INVALID,Support case references customer not in subscriptions; CSAT score outside 1-5 range,Pending
CS001404,C00327,2026-01-08,2026-01-14 16:00:00,,Cancellation,Closed,985.0,,,VALID,No issues detected,Closed
CS001405,C01704,2025-08-31,2025-09-15 06:00:00,Medium,Access,,464.0,0.0,,INVALID,Support case references customer not in subscriptions; CSAT score outside 1-5 range; Missing case_status,Nan
CS001406,C00293,2025-02-10,2025-02-12 13:00:00,,Access,,-100.0,,N,INVALID,Support case references customer not in subscriptions; Negative resolution_hours; Missing case_status,Nan
CS001407,C01281,2025-02-23,2025-03-09 14:00:00,Low,Technical,Open,775.0,5.0,N,INVALID,Support case references customer not in subscriptions,Open
CS001408,C01532,2024-09-11,2024-09-03 00:00:00,,Billing,Open,-27.0,,,INVALID,Closed date earlier than opened date; Negative resolution_hours,Open
CS001409,C00076,2025-08-22,2025-08-31 21:00:00,Medium,Data Issue,Pending,-56.0,1.0,N,INVALID,Support case references customer not in subscriptions; Negative resolution_hours,Pending
CS001410,C01106,2025-06-14,2025-07-10 12:00:00,,Billing,Escalated,,3.0,Y,VALID,No issues detected,Escalated
CS001411,C00534,2025-11-17,2025-12-25 14:00:00,High,Technical,,569.0,4.0,N,SUSPICIOUS,Missing case_status,Nan
CS001412,C00376,2024-10-23,2024-10-17 00:00:00,,Data Issue,Open,311.0,4.0,,INVALID,Support case references customer not in subscriptions; Closed date earlier than opened date,Open
CS001413,C01133,2025-07-05,2025-08-05 03:00:00,Medium,Data Issue,Closed,,0.0,N,INVALID,Support case references customer not in subscriptions; CSAT score outside 1-5 range; Closed case missing closure date/resolution hours,Closed
CS001414,C00998,2024-08-24,2024-09-10 19:00:00,Low,Access,Pending,643.0,6.0,Y,INVALID,Support case references customer not in subscriptions; CSAT score outside 1-5 range,Pending
CS001415,C00542,2024-03-19,,Medium,Billing,Open,-70.0,0.0,,INVALID,Support case references customer not in subscriptions; Negative resolution_hours; CSAT score outside 1-5 range,Open
CS001416,C00627,2024-03-03,,,Data Issue,Open,,6.0,,INVALID,Support case references customer not in subscriptions; CSAT score outside 1-5 range,Open
CS001417,C01650,2025-06-13,2025-06-16 14:00:00,Medium,Data Issue,Closed,,7.0,,INVALID,CSAT score outside 1-5 range; Closed case missing closure date/resolution hours,Closed
CS001418,C00545,2024-03-30,2024-05-03 10:00:00,High,Data Issue,Open,-47.0,1.0,,INVALID,Support case references customer not in subscriptions; Negative resolution_hours,Open
CS001419,C00792,2026-01-18,2026-01-30 12:00:00,Low,Technical,Open,207.0,5.0,,VALID,No issues detected,Open
CS001420,C01425,2024-10-12,2024-11-17 18:00:00,,,Pending,308.0,5.0,N,VALID,No issues detected,Pending
CS001421,C01680,2024-02-15,2024-03-03 16:00:00,,Technical,Escalated,,4.0,N,INVALID,Support case references customer not in subscriptions,Escalated
CS001422,C99999,2024-03-10,2024-04-10 11:00:00,Critical,,Open,,6.0,Y,INVALID,Support case references customer not in subscriptions; CSAT score outside 1-5 range,Open
CS001423,C01371,2025-08-20,2025-09-04 20:00:00,Critical,Access,,,3.0,N,SUSPICIOUS,Missing case_status,Nan
CS001424,C00954,2025-12-28,2026-01-11 11:00:00,High,,Closed,166.0,5.0,N,INVALID,Support case references customer not in subscriptions,Closed
CS001425,C01616,2025-07-22,2025-08-03 14:00:00,High,Technical,Pending,,6.0,,INVALID,Support case references customer not in subscriptions; CSAT score outside 1-5 range,Pending
CS001426,C01423,2025-10-07,,Low,Access,Closed,939.0,7.0,,INVALID,Support case references customer not in subscriptions; CSAT score outside 1-5 range; Closed case missing closure date/resolution hours,Closed
CS001427,C00913,2024-04-04,2024-04-12 03:00:00,Low,Technical,Pending,,6.0,Y,INVALID,Support case references customer not in subscriptions; CSAT score outside 1-5 range,Pending
CS001428,C01544,2025-09-01,2025-09-18 05:00:00,High,Cancellation,Closed,212.0,3.0,,VALID,No issues detected,Closed
CS001429,C01122,2025-09-16,2025-09-16 03:00:00,,,Pending,-16.0,,N,INVALID,Negative resolution_hours,Pending
CS001430,C01723,2024-10-17,,,Data Issue,Escalated,-82.0,1.0,Y,INVALID,Support case references customer not in subscriptions; Negative resolution_hours,Escalated
CS001431,C01778,2025-07-19,2025-08-04 15:00:00,Low,Cancellation,Escalated,163.0,3.0,,INVALID,Support case references customer not in subscriptions,Escalated
CS001432,C01449,2025-05-09,2025-05-15 10:00:00,Low,Access,,-62.0,3.0,Y,INVALID,Negative resolution_hours; Missing case_status,Nan
CS001433,C00796,2025-08-29,,Critical,Data Issue,Open,,2.0,N,INVALID,Support case references customer not in subscriptions,Open
CS001434,C01280,2025-10-13,2025-11-18 21:00:00,Low,Data Issue,,-2.0,4.0,Y,INVALID,Support case references customer not in subscriptions; Negative resolution_hours; Missing case_status,Nan
,C01703,2024-06-08,2024-06-08 19:00:00,Medium,Access,Escalated,683.0,1.0,N,INVALID,Missing case_id; Support case references customer not in subscriptions,Escalated
CS001436,C01598,2026-01-19,2026-01-23 09:00:00,Low,,Open,186.0,5.0,Y,VALID,No issues detected,Open
CS001437,C00492,2024-02-15,2024-03-03 06:00:00,High,Data Issue,,,,,SUSPICIOUS,Missing case_status,Nan
CS001438,C00189,2025-01-05,2025-01-07 08:00:00,,,Escalated,-66.0,7.0,,INVALID,Support case references customer not in subscriptions; Negative resolution_hours; CSAT score outside 1-5 range,Escalated
CS001439,C01605,2025-09-28,,Medium,Technical,Escalated,-93.0,1.0,N,INVALID,Support case references customer not in subscriptions; Negative resolution_hours,Escalated
,C01253,2024-08-29,,Medium,Technical,Pending,,0.0,,INVALID,Missing case_id; CSAT score outside 1-5 range,Pending
CS001441,C01692,2024-10-18,2024-10-22 16:00:00,Low,,Escalated,-55.0,3.0,,INVALID,Support case references customer not in subscriptions; Negative resolution_hours,Escalated
CS001442,C01551,2024-02-09,2024-02-13 10:00:00,Critical,Technical,Open,,4.0,,VALID,No issues detected,Open
CS001443,C01050,2026-01-13,2026-01-12 00:00:00,Critical,Technical,Escalated,,6.0,,INVALID,Support case references customer not in subscriptions; Closed date earlier than opened date; CSAT score outside 1-5 range,Escalated
CS001444,C01179,2024-02-09,,Critical,Billing,,-62.0,7.0,,INVALID,Negative resolution_hours; CSAT score outside 1-5 range; Missing case_status,Nan
CS001445,C00600,2024-10-15,,Low,Access,,-11.0,4.0,N,INVALID,Negative resolution_hours; Missing case_status,Nan
CS001446,C01120,2024-05-31,2024-07-07 22:00:00,Critical,,Escalated,,7.0,Y,INVALID,Support case references customer not in subscriptions; CSAT score outside 1-5 range,Escalated
CS001447,C00925,2024-12-08,2025-01-15 06:00:00,Critical,Cancellation,Escalated,,3.0,N,VALID,No issues detected,Escalated
CS001448,C01068,2025-02-04,2025-03-06 18:00:00,High,Data Issue,Pending,-50.0,5.0,N,INVALID,Negative resolution_hours,Pending
CS001449,C00734,2025-07-04,2025-07-23 21:00:00,Low,Data Issue,Escalated,516.0,2.0,,INVALID,Support case references customer not in subscriptions,Escalated
CS001450,C01649,2025-11-03,2025-12-06 00:00:00,,Data Issue,Closed,,2.0,N,INVALID,Closed case missing closure date/resolution hours,Closed
CS001451,C01036,2025-12-30,2026-01-09 16:00:00,Critical,Access,Pending,,4.0,N,INVALID,Support case references customer not in subscriptions,Pending
CS001452,C01786,2024-04-20,2024-04-14 00:00:00,High,Cancellation,Escalated,750.0,1.0,,INVALID,Closed date earlier than opened date,Escalated
CS001453,C01459,2025-11-03,2025-11-13 15:00:00,High,Technical,Open,-17.0,3.0,Y,INVALID,Negative resolution_hours,Open
CS001454,C00810,2025-09-14,2025-10-07 15:00:00,Medium,Billing,Open,-68.0,,,INVALID,Negative resolution_hours,Open
CS001455,C00977,2024-08-22,2024-09-02 12:00:00,High,Cancellation,,-79.0,5.0,Y,INVALID,Support case references customer not in subscriptions; Negative resolution_hours; Missing case_status,Nan
CS001456,C01089,2025-11-16,2025-12-11 09:00:00,High,Data Issue,Escalated,-78.0,,,INVALID,Support case references customer not in subscriptions; Negative resolution_hours,Escalated
CS001457,C00229,2024-09-12,2024-10-13 01:00:00,High,Data Issue,Closed,714.0,6.0,,INVALID,CSAT score outside 1-5 range,Closed
CS001458,C01522,2024-10-09,,Critical,Cancellation,Pending,93.0,5.0,N,VALID,No issues detected,Pending
CS001459,C01791,2025-10-08,2025-11-16 05:00:00,Low,,Open,,4.0,N,INVALID,Support case references customer not in subscriptions,Open
CS001460,C00400,2024-08-27,2024-09-30 13:00:00,Medium,Data Issue,Open,764.0,6.0,N,INVALID,CSAT score outside 1-5 range,Open
CS001461,C00490,2026-01-16,2026-02-13 01:00:00,Low,Technical,,-82.0,2.0,,INVALID,Support case references customer not in subscriptions; Negative resolution_hours; Missing case_status,Nan
CS001462,C01152,2024-07-02,2024-07-10 07:00:00,,Cancellation,Closed,,6.0,,INVALID,Support case references customer not in subscriptions; CSAT score outside 1-5 range; Closed case missing closure date/resolution hours,Closed
CS001463,C00084,2025-07-12,2025-08-10 09:00:00,Medium,Data Issue,Closed,-84.0,1.0,N,INVALID,Negative resolution_hours,Closed
CS001464,C00829,2024-10-24,2024-11-08 00:00:00,Low,Data Issue,Closed,469.0,6.0,,INVALID,Support case references customer not in subscriptions; CSAT score outside 1-5 range,Closed
CS001465,C00594,2025-11-21,2025-12-09 12:00:00,,,Escalated,,2.0,N,VALID,No issues detected,Escalated
CS001466,C01284,2024-02-16,2024-03-11 05:00:00,High,Data Issue,Closed,524.0,2.0,N,VALID,No issues detected,Closed
CS001467,C00640,2024-10-15,2024-11-18 22:00:00,Low,Data Issue,Closed,,3.0,N,INVALID,Support case references customer not in subscriptions; Closed case missing closure date/resolution hours,Closed
CS001468,C01041,2025-02-04,2025-03-12 01:00:00,High,Cancellation,Open,,5.0,N,INVALID,Support case references customer not in subscriptions,Open
CS001469,C00334,2024-02-06,2024-02-08 04:00:00,Low,Billing,Escalated,-94.0,5.0,N,INVALID,Support case references customer not in subscriptions; Negative resolution_hours,Escalated
CS001470,C01745,2024-02-04,2024-02-06 16:00:00,Medium,Cancellation,Open,,5.0,N,VALID,No issues detected,Open
CS001471,C00654,2025-09-08,2025-09-21 22:00:00,Critical,Data Issue,Open,,2.0,N,INVALID,Support case references customer not in subscriptions,Open
CS001472,C01013,2024-07-09,2024-07-18 06:00:00,Low,Access,Pending,,7.0,,INVALID,CSAT score outside 1-5 range,Pending
CS001473,C00302,2025-11-03,2025-12-02 18:00:00,,Technical,,346.0,2.0,Y,INVALID,Support case references customer not in subscriptions; Missing case_status,Nan
CS001474,C01032,2024-07-26,2024-08-04 21:00:00,Medium,Billing,Escalated,,3.0,Y,VALID,No issues detected,Escalated
CS001475,C00752,2024-02-20,2024-03-22 16:00:00,High,,Pending,,3.0,Y,INVALID,Support case references customer not in subscriptions,Pending
CS001476,C00087,2025-11-30,2026-01-02 19:00:00,,Billing,Closed,345.0,3.0,Y,INVALID,Support case references customer not in subscriptions,Closed
CS001477,C00981,2024-03-21,,,Billing,,235.0,6.0,N,INVALID,CSAT score outside 1-5 range; Missing case_status,Nan
CS001478,C01211,2025-02-04,2025-03-11 16:00:00,High,Cancellation,Pending,-64.0,6.0,Y,INVALID,Negative resolution_hours; CSAT score outside 1-5 range,Pending
CS001479,C01727,2024-06-21,2024-07-02 16:00:00,Critical,Data Issue,Closed,-89.0,4.0,N,INVALID,Negative resolution_hours,Closed
CS001480,C01527,2024-02-20,2024-03-11 22:00:00,High,Data Issue,Closed,,,Y,INVALID,Support case references customer not in subscriptions; Closed case missing closure date/resolution hours,Closed
CS001481,C01707,2026-01-19,2026-01-20 17:00:00,Critical,,,-81.0,5.0,,INVALID,Support case references customer not in subscriptions; Negative resolution_hours; Missing case_status,Nan
CS001482,C00876,2024-01-29,2024-02-14 01:00:00,Medium,Cancellation,Escalated,547.0,4.0,N,INVALID,Support case references customer not in subscriptions,Escalated
CS001483,C01057,2024-11-04,,,Billing,Escalated,,7.0,Y,INVALID,CSAT score outside 1-5 range,Escalated
CS001484,C01389,2025-08-25,2025-10-01 01:00:00,Critical,Billing,,-63.0,5.0,Y,INVALID,Negative resolution_hours; Missing case_status,Nan
CS001485,C00449,2025-05-27,2025-07-05 05:00:00,,,Open,-15.0,6.0,,INVALID,Support case references customer not in subscriptions; Negative resolution_hours; CSAT score outside 1-5 range,Open
CS001486,C01196,2025-08-22,2025-08-17 00:00:00,Low,Technical,Open,,5.0,,INVALID,Closed date earlier than opened date,Open
CS001487,C00777,2025-12-01,2025-12-21 17:00:00,,Technical,,,4.0,Y,SUSPICIOUS,Missing case_status,Nan
CS001488,C01400,2024-07-28,2024-08-04 22:00:00,Low,Access,,-10.0,2.0,N,INVALID,Negative resolution_hours; Missing case_status,Nan
CS001489,C01623,2025-03-12,2025-04-03 03:00:00,High,Cancellation,Open,769.0,5.0,Y,INVALID,Support case references customer not in subscriptions,Open
CS001490,C00753,2025-11-06,2025-12-07 14:00:00,Critical,,Open,,4.0,,INVALID,Support case references customer not in subscriptions,Open
CS001491,C01716,2024-01-16,2024-01-29 13:00:00,Critical,Data Issue,Open,-47.0,6.0,,INVALID,Negative resolution_hours; CSAT score outside 1-5 range,Open
,C00627,2025-01-08,2025-01-24 14:00:00,Critical,,Escalated,,4.0,Y,INVALID,Missing case_id; Support case references customer not in subscriptions,Escalated
CS001493,C00369,2025-06-26,2025-08-01 14:00:00,,Data Issue,Closed,-39.0,3.0,,INVALID,Negative resolution_hours,Closed
CS001494,C01383,2024-07-21,2024-08-26 17:00:00,Medium,,,-30.0,1.0,Y,INVALID,Support case references customer not in subscriptions; Negative resolution_hours; Missing case_status,Nan
CS001495,C00919,2024-06-04,2024-06-24 08:00:00,High,Billing,Open,-38.0,1.0,Y,INVALID,Support case references customer not in subscriptions; Negative resolution_hours,Open
CS001496,C00630,2025-01-02,2025-01-31 17:00:00,Critical,,,,7.0,Y,INVALID,Support case references customer not in subscriptions; CSAT score outside 1-5 range; Missing case_status,Nan
CS001497,C01492,2024-10-05,2024-11-09 08:00:00,High,,,676.0,0.0,Y,INVALID,Support case references customer not in subscriptions; CSAT score outside 1-5 range; Missing case_status,Nan
CS001498,C00827,2025-09-29,2025-10-04 16:00:00,Medium,Cancellation,Escalated,-59.0,6.0,Y,INVALID,Support case references customer not in subscriptions; Negative resolution_hours; CSAT score outside 1-5 range,Escalated
CS001499,C00299,2024-05-04,2024-05-31 12:00:00,High,,Open,,,N,INVALID,Support case references customer not in subscriptions,Open
CS001500,C00642,2024-05-07,2024-05-25 15:00:00,,,Closed,593.0,7.0,N,INVALID,CSAT score outside 1-5 range,Closed
CS001501,C01436,2024-08-25,2024-08-18 00:00:00,Medium,,Closed,,,,INVALID,Support case references customer not in subscriptions; Closed date earlier than opened date; Closed case missing closure date/resolution hours,Closed
CS001502,C00256,2025-08-08,2025-08-10 03:00:00,Medium,,,-63.0,3.0,Y,INVALID,Negative resolution_hours; Missing case_status,Nan
CS001503,C01357,2026-01-06,,Medium,Access,Closed,,4.0,N,INVALID,Closed case missing closure date/resolution hours,Closed
CS001504,C01660,2024-04-30,2024-05-01 13:00:00,Medium,Data Issue,Escalated,,4.0,N,VALID,No issues detected,Escalated
CS001505,C00963,2024-12-26,2025-01-03 01:00:00,,Billing,Open,,7.0,Y,INVALID,CSAT score outside 1-5 range,Open
CS001506,C00807,2025-06-11,2025-06-20 10:00:00,Medium,Data Issue,,-81.0,4.0,Y,INVALID,Support case references customer not in subscriptions; Negative resolution_hours; Missing case_status,Nan
CS001507,C01628,2025-08-06,2025-09-10 14:00:00,High,,,528.0,5.0,N,INVALID,Support case references customer not in subscriptions; Missing case_status,Nan
CS001508,C01659,2024-11-27,2024-11-30 21:00:00,High,Technical,,,0.0,,INVALID,Support case references customer not in subscriptions; CSAT score outside 1-5 range; Missing case_status,Nan
CS001509,C00661,2025-09-21,2025-10-04 21:00:00,Low,Technical,Escalated,,7.0,Y,INVALID,Support case references customer not in subscriptions; CSAT score outside 1-5 range,Escalated
CS001510,C01378,2025-04-05,2025-04-28 07:00:00,Critical,Access,Closed,832.0,,N,VALID,No issues detected,Closed
CS001511,C01665,2026-01-11,2026-02-08 17:00:00,Low,Technical,Escalated,-74.0,6.0,Y,INVALID,Negative resolution_hours; CSAT score outside 1-5 range,Escalated
CS001512,C01704,2024-04-07,2024-04-30 14:00:00,Low,Cancellation,Escalated,-73.0,2.0,Y,INVALID,Support case references customer not in subscriptions; Negative resolution_hours,Escalated
CS001513,C01449,2025-01-05,,Medium,Cancellation,Escalated,-57.0,7.0,N,INVALID,Negative resolution_hours; CSAT score outside 1-5 range,Escalated
CS001514,C01065,2025-03-29,2025-05-04 16:00:00,,,,-55.0,1.0,,INVALID,Support case references customer not in subscriptions; Negative resolution_hours; Missing case_status,Nan
CS001515,C00228,2024-09-18,,,Technical,Open,,2.0,Y,VALID,No issues detected,Open
CS001516,C01021,2024-09-25,2024-09-27 20:00:00,Medium,Cancellation,Escalated,-37.0,2.0,N,INVALID,Support case references customer not in subscriptions; Negative resolution_hours,Escalated
CS001517,C01033,2024-11-14,2024-12-20 22:00:00,Low,,,,6.0,N,INVALID,Support case references customer not in subscriptions; CSAT score outside 1-5 range; Missing case_status,Nan
CS001518,C00454,2025-08-20,2025-09-24 22:00:00,High,Technical,Escalated,272.0,2.0,,INVALID,Support case references customer not in subscriptions,Escalated
CS001519,C00603,2025-01-08,2025-02-12 17:00:00,Critical,Access,Escalated,-39.0,4.0,N,INVALID,Negative resolution_hours,Escalated
CS001520,C00511,2024-12-31,,Critical,Data Issue,Escalated,807.0,,Y,INVALID,Support case references customer not in subscriptions,Escalated
CS001521,C01643,2025-03-31,2025-04-03 14:00:00,Medium,Cancellation,Open,,0.0,N,INVALID,Support case references customer not in subscriptions; CSAT score outside 1-5 range,Open
CS001522,C00265,2024-04-17,2024-05-03 13:00:00,Low,Billing,,929.0,,N,INVALID,Support case references customer not in subscriptions; Missing case_status,Nan
CS001523,C01708,2025-12-30,2026-02-01 00:00:00,High,,,503.0,6.0,,INVALID,Support case references customer not in subscriptions; CSAT score outside 1-5 range; Missing case_status,Nan
CS001524,C00448,2026-01-12,2026-01-15 12:00:00,Critical,Cancellation,,,,,SUSPICIOUS,Missing case_status,Nan
CS001525,C01793,2025-12-18,2025-12-29 04:00:00,Low,Cancellation,Open,-13.0,2.0,,INVALID,Negative resolution_hours,Open
CS001526,C01672,2025-01-24,2025-01-24 18:00:00,Low,Access,Escalated,-27.0,5.0,Y,INVALID,Support case references customer not in subscriptions; Negative resolution_hours,Escalated
CS001527,C01477,2025-01-27,2025-02-26 20:00:00,Low,Billing,Open,-81.0,0.0,,INVALID,Negative resolution_hours; CSAT score outside 1-5 range,Open
CS001528,C00763,2024-10-12,,Medium,Technical,Pending,542.0,3.0,Y,VALID,No issues detected,Pending
CS001529,C00076,2024-02-21,2024-03-30 06:00:00,Critical,,Pending,954.0,,,INVALID,Support case references customer not in subscriptions,Pending
CS001530,C00392,2026-01-27,2026-03-02 02:00:00,Critical,,Closed,-52.0,4.0,,INVALID,Negative resolution_hours,Closed
CS001531,C00952,2024-10-23,2024-10-22 00:00:00,Critical,Data Issue,,105.0,0.0,,INVALID,Closed date earlier than opened date; CSAT score outside 1-5 range; Missing case_status,Nan
CS001532,C01383,2025-04-05,2025-04-23 15:00:00,Medium,Technical,Escalated,,3.0,Y,INVALID,Support case references customer not in subscriptions,Escalated
CS001533,C00865,2024-10-07,2024-10-09 23:00:00,Critical,Cancellation,Escalated,-32.0,6.0,N,INVALID,Support case references customer not in subscriptions; Negative resolution_hours; CSAT score outside 1-5 range,Escalated
CS001534,C00242,2024-02-07,2024-02-20 05:00:00,High,Billing,Pending,682.0,1.0,,VALID,No issues detected,Pending
CS001535,C01697,2025-08-03,,,,Pending,,5.0,Y,INVALID,Support case references customer not in subscriptions,Pending
CS001536,C00060,2024-07-27,2024-09-02 09:00:00,Critical,Billing,Closed,-100.0,5.0,,INVALID,Support case references customer not in subscriptions; Negative resolution_hours,Closed
,C01663,2024-10-11,2024-10-20 02:00:00,High,Access,Pending,-72.0,5.0,N,INVALID,Missing case_id; Support case references customer not in subscriptions; Negative resolution_hours,Pending
CS001538,C01072,2026-01-03,2026-01-18 08:00:00,High,Technical,Escalated,,,Y,INVALID,Support case references customer not in subscriptions,Escalated
CS001539,C00265,2026-01-05,2026-01-09 17:00:00,,Technical,Closed,-33.0,5.0,Y,INVALID,Support case references customer not in subscriptions; Negative resolution_hours,Closed
CS001540,C00087,2025-04-06,2025-04-28 21:00:00,Medium,Data Issue,,,2.0,,INVALID,Support case references customer not in subscriptions; Missing case_status,Nan
CS001541,C00550,2024-10-29,2024-11-30 22:00:00,,,,976.0,3.0,Y,SUSPICIOUS,Missing case_status,Nan
CS001542,C01701,2024-05-09,2024-05-26 13:00:00,High,Access,Escalated,-20.0,0.0,N,INVALID,Negative resolution_hours; CSAT score outside 1-5 range,Escalated
CS001543,C00380,2024-04-22,2024-04-17 00:00:00,Medium,Technical,Closed,358.0,3.0,,INVALID,Support case references customer not in subscriptions; Closed date earlier than opened date,Closed
CS001544,C00698,2024-09-27,2024-10-05 16:00:00,High,Billing,Open,71.0,0.0,N,INVALID,Support case references customer not in subscriptions; CSAT score outside 1-5 range,Open
CS001545,C00189,2024-09-04,2024-10-13 13:00:00,Critical,,Pending,-94.0,3.0,Y,INVALID,Support case references customer not in subscriptions; Negative resolution_hours,Pending
CS001546,C00868,2025-10-10,2025-10-04 00:00:00,Low,Technical,,572.0,0.0,N,INVALID,Support case references customer not in subscriptions; Closed date earlier than opened date; CSAT score outside 1-5 range; Missing case_status,Nan
CS001547,C00427,2025-11-06,2025-12-06 17:00:00,Critical,Billing,,774.0,1.0,Y,INVALID,Support case references customer not in subscriptions; Missing case_status,Nan
CS001548,C01345,2024-04-05,2024-04-15 21:00:00,Critical,,Closed,-12.0,3.0,Y,INVALID,Support case references customer not in subscriptions; Negative resolution_hours,Closed
CS001549,C00344,2025-06-19,2025-07-02 03:00:00,High,Cancellation,Open,186.0,2.0,,INVALID,Support case references customer not in subscriptions,Open
CS001550,C00760,2024-01-08,2024-02-09 23:00:00,,,Open,-93.0,5.0,Y,INVALID,Support case references customer not in subscriptions; Negative resolution_hours,Open
CS001551,C00574,2024-07-05,2024-06-26 00:00:00,Critical,Billing,Closed,,0.0,,INVALID,Support case references customer not in subscriptions; Closed date earlier than opened date; CSAT score outside 1-5 range; Closed case missing closure date/resolution hours,Closed
CS001552,C00432,2025-06-18,2025-07-14 23:00:00,High,Billing,Escalated,-55.0,3.0,,INVALID,Support case references customer not in subscriptions; Negative resolution_hours,Escalated
CS001553,C00168,2025-05-29,,,Billing,,910.0,5.0,,INVALID,Support case references customer not in subscriptions; Missing case_status,Nan
CS001554,C00551,2025-10-19,2025-10-29 14:00:00,Low,Technical,Closed,-95.0,,N,INVALID,Support case references customer not in subscriptions; Negative resolution_hours,Closed
CS001555,C01016,2025-10-24,2025-11-23 23:00:00,Low,,,,5.0,,INVALID,Support case references customer not in subscriptions; Missing case_status,Nan
CS001556,C01111,2025-08-23,,Medium,Data Issue,Closed,4.0,,N,INVALID,Closed case missing closure date/resolution hours,Closed
CS001557,C00135,2025-03-21,2025-03-29 17:00:00,,Billing,Pending,,1.0,Y,INVALID,Support case references customer not in subscriptions,Pending
CS001558,C00640,2025-12-29,,Medium,Data Issue,,-5.0,6.0,,INVALID,Support case references customer not in subscriptions; Negative resolution_hours; CSAT score outside 1-5 range; Missing case_status,Nan
CS001559,C00411,2024-12-17,2025-01-16 19:00:00,High,Cancellation,Open,-1.0,3.0,Y,INVALID,Support case references customer not in subscriptions; Negative resolution_hours,Open
CS001560,C01794,2025-05-17,2025-05-28 09:00:00,Critical,Access,Open,292.0,,N,VALID,No issues detected,Open
CS001561,C00317,2025-11-07,2025-11-23 06:00:00,Medium,Technical,Closed,-50.0,1.0,N,INVALID,Support case references customer not in subscriptions; Negative resolution_hours,Closed
CS001562,C01177,2024-03-28,2024-04-05 05:00:00,,Billing,,24.0,,N,INVALID,Support case references customer not in subscriptions; Missing case_status,Nan
CS001563,C00023,2024-07-04,2024-07-26 05:00:00,,Data Issue,,948.0,3.0,N,INVALID,Support case references customer not in subscriptions; Missing case_status,Nan
CS001564,C01433,2026-01-26,2026-03-03 15:00:00,Low,Access,Open,,3.0,,INVALID,Support case references customer not in subscriptions,Open
CS001565,C00625,2025-05-13,2025-05-10 00:00:00,,Technical,Pending,104.0,6.0,,INVALID,Closed date earlier than opened date; CSAT score outside 1-5 range,Pending
CS001566,C01766,2025-05-24,2025-06-24 01:00:00,High,Cancellation,Pending,,1.0,N,INVALID,Support case references customer not in subscriptions,Pending
CS001567,C00877,2024-02-06,2024-03-08 08:00:00,Critical,Data Issue,Pending,,,,INVALID,Support case references customer not in subscriptions,Pending
CS001568,C00160,2025-11-28,,Medium,Data Issue,,,6.0,Y,INVALID,Support case references customer not in subscriptions; CSAT score outside 1-5 range; Missing case_status,Nan
CS001569,C01514,2024-03-25,2024-04-12 02:00:00,Critical,Billing,,,6.0,,INVALID,CSAT score outside 1-5 range; Missing case_status,Nan
CS001570,C01371,2024-12-27,2025-01-21 13:00:00,High,Access,Closed,,3.0,,INVALID,Closed case missing closure date/resolution hours,Closed
CS001571,C00742,2025-01-15,2025-01-24 21:00:00,Critical,,Open,-49.0,0.0,,INVALID,Support case references customer not in subscriptions; Negative resolution_hours; CSAT score outside 1-5 range,Open
CS001572,C00038,2025-04-01,2025-03-30 00:00:00,High,Cancellation,Pending,-91.0,5.0,,INVALID,Closed date earlier than opened date; Negative resolution_hours,Pending
CS001573,C01744,2025-03-24,2025-04-16 14:00:00,Medium,Technical,Pending,311.0,5.0,Y,INVALID,Support case references customer not in subscriptions,Pending
CS001574,C01185,2024-08-29,2024-09-30 17:00:00,,Billing,,-65.0,1.0,Y,INVALID,Support case references customer not in subscriptions; Negative resolution_hours; Missing case_status,Nan
CS001575,C00721,2024-12-25,,Critical,Billing,Closed,,7.0,Y,INVALID,Support case references customer not in subscriptions; CSAT score outside 1-5 range; Closed case missing closure date/resolution hours,Closed
CS001576,C00166,2025-11-25,2025-12-06 16:00:00,,,,-73.0,3.0,,INVALID,Negative resolution_hours; Missing case_status,Nan
,C01490,2025-05-06,2025-05-09 11:00:00,Critical,Technical,Escalated,,4.0,,INVALID,Missing case_id; Support case references customer not in subscriptions,Escalated
CS001578,C00420,2025-10-10,2025-10-22 04:00:00,High,Billing,Pending,-52.0,1.0,N,INVALID,Support case references customer not in subscriptions; Negative resolution_hours,Pending
CS001579,C00099,2024-09-05,2024-10-12 05:00:00,Medium,Cancellation,Pending,-21.0,2.0,,INVALID,Support case references customer not in subscriptions; Negative resolution_hours,Pending
CS001580,C01328,2024-11-25,2024-11-26 10:00:00,Critical,Access,,-89.0,6.0,Y,INVALID,Support case references customer not in subscriptions; Negative resolution_hours; CSAT score outside 1-5 range; Missing case_status,Nan
CS001581,C01047,2024-05-09,,Medium,Data Issue,,-86.0,0.0,N,INVALID,Support case references customer not in subscriptions; Negative resolution_hours; CSAT score outside 1-5 range; Missing case_status,Nan
CS001582,C01381,2025-04-18,2025-05-13 08:00:00,Medium,,Pending,-3.0,,Y,INVALID,Support case references customer not in subscriptions; Negative resolution_hours,Pending
CS001583,C00426,2024-06-13,2024-06-16 14:00:00,Low,Access,Open,132.0,7.0,Y,INVALID,CSAT score outside 1-5 range,Open
CS001584,C00142,2026-01-04,2026-01-13 23:00:00,Critical,Technical,Pending,,1.0,N,INVALID,Support case references customer not in subscriptions,Pending
CS001585,C00773,2025-08-05,2025-09-11 02:00:00,Low,Data Issue,Pending,-14.0,,Y,INVALID,Negative resolution_hours,Pending
CS001586,C00900,2025-01-29,,Critical,,Closed,-98.0,6.0,Y,INVALID,Support case references customer not in subscriptions; Negative resolution_hours; CSAT score outside 1-5 range; Closed case missing closure date/resolution hours,Closed
CS001587,C00949,2024-07-02,2024-07-28 22:00:00,Critical,Technical,Escalated,,3.0,,INVALID,Support case references customer not in subscriptions,Escalated
CS001588,C01228,2024-03-12,2024-04-02 10:00:00,High,Data Issue,Closed,-98.0,,Y,INVALID,Support case references customer not in subscriptions; Negative resolution_hours,Closed
CS001589,C00684,2025-05-21,2025-05-25 20:00:00,,Technical,Closed,170.0,6.0,N,INVALID,CSAT score outside 1-5 range,Closed
,C00270,2024-07-16,2024-07-14 00:00:00,,Cancellation,Pending,-49.0,2.0,Y,INVALID,Missing case_id; Closed date earlier than opened date; Negative resolution_hours,Pending
CS001591,C01495,2025-06-11,2025-06-12 12:00:00,Medium,Data Issue,Escalated,-54.0,1.0,N,INVALID,Negative resolution_hours,Escalated
,C01271,2025-06-04,2025-06-24 09:00:00,,Cancellation,Open,657.0,7.0,N,INVALID,Missing case_id; Support case references customer not in subscriptions; CSAT score outside 1-5 range,Open
CS001593,C01044,2024-09-14,2024-10-23 21:00:00,,,Open,546.0,3.0,Y,INVALID,Support case references customer not in subscriptions,Open
CS001594,C00816,2025-04-15,2025-05-18 13:00:00,Medium,,Open,-47.0,0.0,N,INVALID,Support case references customer not in subscriptions; Negative resolution_hours; CSAT score outside 1-5 range,Open
CS001595,C01646,2024-06-28,2024-07-10 16:00:00,High,Data Issue,Pending,,4.0,N,VALID,No issues detected,Pending
CS001596,C01570,2024-09-13,2024-10-08 22:00:00,,Data Issue,Pending,326.0,1.0,N,VALID,No issues detected,Pending
CS001597,C01798,2024-12-03,2024-12-05 03:00:00,,,Escalated,,6.0,,INVALID,Support case references customer not in subscriptions; CSAT score outside 1-5 range,Escalated
CS001598,C00694,2024-05-07,2024-06-08 07:00:00,,Billing,Open,-72.0,4.0,Y,INVALID,Negative resolution_hours,Open
,C01035,2024-10-02,2024-10-06 02:00:00,Critical,Technical,Open,-44.0,0.0,,INVALID,Missing case_id; Support case references customer not in subscriptions; Negative resolution_hours; CSAT score outside 1-5 range,Open
CS001600,C00410,2025-07-13,2025-08-21 07:00:00,Low,,Open,,5.0,Y,INVALID,Support case references customer not in subscriptions,Open
CS001601,C00783,2024-11-30,,Low,Data Issue,Escalated,-57.0,3.0,Y,INVALID,Support case references customer not in subscriptions; Negative resolution_hours,Escalated
CS001602,C00561,2024-10-09,2024-10-29 18:00:00,,,Closed,436.0,3.0,Y,VALID,No issues detected,Closed
CS001603,C01474,2024-11-23,2024-12-18 22:00:00,,Billing,,870.0,3.0,Y,INVALID,Support case references customer not in subscriptions; Missing case_status,Nan
CS001604,C00088,2025-01-15,2025-02-20 03:00:00,,Cancellation,Closed,,5.0,,INVALID,Support case references customer not in subscriptions; Closed case missing closure date/resolution hours,Closed
CS001605,C01181,2024-07-12,2024-07-21 11:00:00,High,Data Issue,Pending,-50.0,1.0,,INVALID,Negative resolution_hours,Pending
CS001606,C01408,2025-12-01,2025-12-05 13:00:00,Medium,Cancellation,Closed,,7.0,Y,INVALID,Support case references customer not in subscriptions; CSAT score outside 1-5 range; Closed case missing closure date/resolution hours,Closed
CS001607,C00510,2025-03-15,2025-03-26 11:00:00,Medium,Cancellation,Escalated,,0.0,Y,INVALID,CSAT score outside 1-5 range,Escalated
CS001608,C01628,2025-09-18,2025-10-09 14:00:00,Medium,Data Issue,Open,-10.0,6.0,N,INVALID,Support case references customer not in subscriptions; Negative resolution_hours; CSAT score outside 1-5 range,Open
,C01525,2025-01-25,2025-02-13 12:00:00,Low,Cancellation,Escalated,,,,INVALID,Missing case_id,Escalated
CS001610,C00096,2024-05-16,,,Data Issue,,,0.0,N,INVALID,Support case references customer not in subscriptions; CSAT score outside 1-5 range; Missing case_status,Nan
CS001611,C00473,2024-01-17,2024-02-09 22:00:00,,Billing,Closed,,7.0,Y,INVALID,Support case references customer not in subscriptions; CSAT score outside 1-5 range; Closed case missing closure date/resolution hours,Closed
CS001612,C00503,2026-01-26,2026-03-02 18:00:00,Low,Data Issue,Closed,-21.0,0.0,Y,INVALID,Support case references customer not in subscriptions; Negative resolution_hours; CSAT score outside 1-5 range,Closed
CS001613,C00963,2026-01-03,2026-01-30 04:00:00,Low,Access,Closed,-43.0,,,INVALID,Negative resolution_hours,Closed
CS001614,C00849,2025-06-14,2025-07-04 00:00:00,Medium,,,606.0,2.0,,SUSPICIOUS,Missing case_status,Nan
CS001615,C00181,2025-06-17,2025-07-15 07:00:00,,Technical,,-50.0,,Y,INVALID,Negative resolution_hours; Missing case_status,Nan
CS001616,C00462,2025-02-26,2025-03-07 07:00:00,Low,Access,,-42.0,1.0,,INVALID,Negative resolution_hours; Missing case_status,Nan
CS001617,C01213,2024-01-19,2024-02-05 14:00:00,Critical,Access,,989.0,2.0,Y,INVALID,Support case references customer not in subscriptions; Missing case_status,Nan
CS001618,C01631,2025-10-05,2025-11-08 17:00:00,High,Technical,Open,534.0,7.0,,INVALID,CSAT score outside 1-5 range,Open
CS001619,C00576,2024-08-07,,,Cancellation,Closed,460.0,1.0,,INVALID,Closed case missing closure date/resolution hours,Closed
CS001620,C01758,2024-06-27,2024-07-05 16:00:00,Low,Cancellation,Escalated,63.0,2.0,Y,INVALID,Support case references customer not in subscriptions,Escalated
CS001621,C00408,2025-06-19,2025-07-25 09:00:00,,Data Issue,Closed,-59.0,2.0,,INVALID,Negative resolution_hours,Closed
CS001622,C00270,2024-11-26,2025-01-02 13:00:00,Low,,Open,,7.0,Y,INVALID,CSAT score outside 1-5 range,Open
CS001623,C01003,2025-06-17,2025-06-27 21:00:00,Critical,Cancellation,Closed,15.0,1.0,N,VALID,No issues detected,Closed
CS001624,C00442,2024-03-10,2024-03-14 20:00:00,Critical,,,,6.0,N,INVALID,CSAT score outside 1-5 range; Missing case_status,Nan
CS001625,C00320,2025-06-25,2025-08-01 04:00:00,Critical,Data Issue,Escalated,,7.0,Y,INVALID,CSAT score outside 1-5 range,Escalated
CS001626,C01639,2024-05-29,2024-05-25 00:00:00,Low,,,956.0,7.0,Y,INVALID,Support case references customer not in subscriptions; Closed date earlier than opened date; CSAT score outside 1-5 range; Missing case_status,Nan
CS001627,C00914,2025-02-06,,Low,Technical,Pending,-28.0,4.0,N,INVALID,Negative resolution_hours,Pending
,C00035,2025-09-28,2025-10-02 14:00:00,Critical,Access,,877.0,,,INVALID,Missing case_id; Missing case_status,Nan
CS001629,C01104,2024-12-15,,Critical,Billing,Escalated,,5.0,,INVALID,Support case references customer not in subscriptions,Escalated
CS001630,C00077,2025-08-20,2025-09-23 14:00:00,Critical,,,-19.0,7.0,Y,INVALID,Support case references customer not in subscriptions; Negative resolution_hours; CSAT score outside 1-5 range; Missing case_status,Nan
CS001631,C01081,2024-06-23,2024-07-31 02:00:00,,Billing,,241.0,1.0,,INVALID,Support case references customer not in subscriptions; Missing case_status,Nan
CS001632,C00513,2024-12-17,2025-01-10 20:00:00,,Data Issue,Pending,,2.0,Y,VALID,No issues detected,Pending
CS001633,C01373,2025-10-15,2025-10-21 05:00:00,,Data Issue,Pending,831.0,1.0,Y,INVALID,Support case references customer not in subscriptions,Pending
CS001634,C01119,2025-03-31,2025-05-06 05:00:00,,,Pending,-47.0,0.0,N,INVALID,Support case references customer not in subscriptions; Negative resolution_hours; CSAT score outside 1-5 range,Pending
CS001635,C00422,2025-05-29,2025-05-31 07:00:00,High,Access,Pending,706.0,6.0,Y,INVALID,CSAT score outside 1-5 range,Pending
CS001636,C00779,2024-05-10,,,Billing,Open,,6.0,N,INVALID,Support case references customer not in subscriptions; CSAT score outside 1-5 range,Open
CS001637,C01724,2025-05-19,2025-05-13 00:00:00,Critical,,Open,-75.0,5.0,,INVALID,Support case references customer not in subscriptions; Closed date earlier than opened date; Negative resolution_hours,Open
CS001638,C01178,2025-08-25,2025-09-28 00:00:00,,Access,Pending,31.0,7.0,N,INVALID,CSAT score outside 1-5 range,Pending
CS001639,C00780,2025-03-03,2025-03-12 11:00:00,Medium,Cancellation,Closed,-88.0,5.0,,INVALID,Negative resolution_hours,Closed
,C01560,2024-08-21,2024-08-22 05:00:00,,Access,,,5.0,N,INVALID,Missing case_id; Missing case_status,Nan
CS001641,C00708,2025-01-19,2025-02-23 08:00:00,Low,Cancellation,Closed,-62.0,,Y,INVALID,Negative resolution_hours,Closed
CS001642,C01221,2024-08-28,2024-08-21 00:00:00,Low,,Closed,-5.0,,N,INVALID,Support case references customer not in subscriptions; Closed date earlier than opened date; Negative resolution_hours,Closed
CS001643,C01696,2024-03-28,2024-04-07 06:00:00,High,,,486.0,,,SUSPICIOUS,Missing case_status,Nan
CS001644,C00162,2024-12-29,2025-02-01 05:00:00,Low,Cancellation,Open,958.0,3.0,Y,VALID,No issues detected,Open
CS001645,C01315,2025-11-17,2025-11-23 17:00:00,Low,,Closed,-55.0,6.0,Y,INVALID,Negative resolution_hours; CSAT score outside 1-5 range,Closed
CS001646,C00109,2024-09-10,2024-10-18 22:00:00,,,Open,-31.0,7.0,Y,INVALID,Support case references customer not in subscriptions; Negative resolution_hours; CSAT score outside 1-5 range,Open
CS001647,C00444,2024-03-06,2024-02-26 00:00:00,High,,Pending,585.0,1.0,N,INVALID,Support case references customer not in subscriptions; Closed date earlier than opened date,Pending
CS001648,C01586,2024-09-11,,High,Access,Closed,,3.0,,INVALID,Support case references customer not in subscriptions; Closed case missing closure date/resolution hours,Closed
CS001649,C00488,2025-07-06,2025-07-01 00:00:00,Critical,,,,6.0,N,INVALID,Support case references customer not in subscriptions; Closed date earlier than opened date; CSAT score outside 1-5 range; Missing case_status,Nan
CS001650,C00229,2025-05-11,2025-05-21 08:00:00,High,Access,Escalated,,6.0,,INVALID,CSAT score outside 1-5 range,Escalated
CS001651,C01682,2025-02-10,2025-02-23 06:00:00,Low,Access,Pending,931.0,7.0,Y,INVALID,Support case references customer not in subscriptions; CSAT score outside 1-5 range,Pending
CS001652,C01735,2024-07-21,,Low,Technical,Open,,2.0,Y,VALID,No issues detected,Open
CS001653,C00168,2025-05-03,2025-05-24 22:00:00,High,Cancellation,Open,-77.0,4.0,,INVALID,Support case references customer not in subscriptions; Negative resolution_hours,Open
CS001654,C01729,2024-02-17,2024-03-01 02:00:00,Low,Billing,Escalated,-56.0,6.0,,INVALID,Negative resolution_hours; CSAT score outside 1-5 range,Escalated
CS001655,C00209,2025-11-08,2025-11-28 20:00:00,Critical,,Open,818.0,0.0,N,INVALID,Support case references customer not in subscriptions; CSAT score outside 1-5 range,Open
,C00086,2025-01-15,,Critical,Billing,Pending,,6.0,,INVALID,Missing case_id; Support case references customer not in subscriptions; CSAT score outside 1-5 range,Pending
CS001657,C00376,2025-04-21,,,Technical,,,5.0,N,INVALID,Support case references customer not in subscriptions; Missing case_status,Nan
CS001658,C00709,2024-08-09,,High,Cancellation,Escalated,-79.0,7.0,Y,INVALID,Support case references customer not in subscriptions; Negative resolution_hours; CSAT score outside 1-5 range,Escalated
CS001659,C01519,2024-01-31,2024-02-18 21:00:00,High,Cancellation,Closed,-74.0,1.0,,INVALID,Support case references customer not in subscriptions; Negative resolution_hours,Closed
CS001660,C01100,2025-01-26,,Medium,,Escalated,-24.0,0.0,N,INVALID,Support case references customer not in subscriptions; Negative resolution_hours; CSAT score outside 1-5 range,Escalated
CS001661,C00248,2025-09-08,,Critical,,Closed,881.0,3.0,N,INVALID,Support case references customer not in subscriptions; Closed case missing closure date/resolution hours,Closed
CS001662,C00529,2024-06-17,2024-06-12 00:00:00,High,Cancellation,Escalated,46.0,6.0,Y,INVALID,Closed date earlier than opened date; CSAT score outside 1-5 range,Escalated
CS001663,C01282,2024-09-20,2024-10-20 01:00:00,Critical,Technical,Open,-87.0,3.0,,INVALID,Support case references customer not in subscriptions; Negative resolution_hours,Open
,C00056,2024-02-16,2024-03-03 00:00:00,,Billing,Open,-36.0,2.0,Y,INVALID,Missing case_id; Negative resolution_hours,Open
CS001665,C01064,2024-05-09,,Medium,Technical,Escalated,,,N,INVALID,Support case references customer not in subscriptions,Escalated
CS001666,C01434,2024-05-23,2024-06-19 18:00:00,Critical,Access,Pending,,2.0,N,VALID,No issues detected,Pending
CS001667,C01702,2024-01-22,2024-01-25 00:00:00,,,Pending,202.0,6.0,Y,INVALID,CSAT score outside 1-5 range,Pending
CS001668,C00662,2024-07-03,2024-07-19 15:00:00,Low,Data Issue,,,5.0,,INVALID,Support case references customer not in subscriptions; Missing case_status,Nan
CS001669,C01745,2024-12-31,2025-01-27 07:00:00,Low,Billing,Escalated,,4.0,N,VALID,No issues detected,Escalated
CS001670,C00578,2024-02-14,2024-03-21 00:00:00,Low,Technical,Pending,,2.0,,INVALID,Support case references customer not in subscriptions,Pending
CS001671,C00853,2025-01-05,2025-02-03 00:00:00,,Billing,Closed,,2.0,N,INVALID,Closed case missing closure date/resolution hours,Closed
CS001672,C01418,2025-11-21,2025-12-15 14:00:00,Low,Billing,Pending,530.0,0.0,,INVALID,CSAT score outside 1-5 range,Pending
CS001673,C00179,2025-05-12,2025-06-02 07:00:00,Medium,Access,Pending,-18.0,1.0,N,INVALID,Negative resolution_hours,Pending
CS001674,C00468,2024-03-10,2024-03-15 23:00:00,Critical,Technical,Open,139.0,0.0,N,INVALID,CSAT score outside 1-5 range,Open
CS001675,C00124,2025-07-08,2025-07-20 02:00:00,High,Technical,Escalated,,7.0,,INVALID,Support case references customer not in subscriptions; CSAT score outside 1-5 range,Escalated
CS001676,C01583,2024-04-30,2024-05-28 12:00:00,Medium,Billing,Closed,-31.0,4.0,Y,INVALID,Support case references customer not in subscriptions; Negative resolution_hours,Closed
CS001677,C00584,2025-08-22,2025-08-22 14:00:00,Low,,Pending,-31.0,6.0,Y,INVALID,Support case references customer not in subscriptions; Negative resolution_hours; CSAT score outside 1-5 range,Pending
CS001678,C01151,2025-04-20,2025-05-05 22:00:00,Medium,Cancellation,Escalated,-98.0,4.0,N,INVALID,Negative resolution_hours,Escalated
CS001679,C00911,2025-07-14,2025-08-19 21:00:00,,Technical,Closed,,,N,INVALID,Closed case missing closure date/resolution hours,Closed
CS001680,C01403,2024-10-20,2024-11-02 20:00:00,,Access,Closed,251.0,,Y,VALID,No issues detected,Closed
CS001681,C01113,2024-02-06,2024-02-14 00:00:00,,,,,2.0,Y,INVALID,Support case references customer not in subscriptions; Missing case_status,Nan
CS001682,C01533,2025-05-19,2025-05-27 23:00:00,,Cancellation,,703.0,5.0,,INVALID,Support case references customer not in subscriptions; Missing case_status,Nan
CS001683,C00386,2025-11-25,,High,Data Issue,,789.0,5.0,Y,INVALID,Support case references customer not in subscriptions; Missing case_status,Nan
CS001684,C01177,2024-02-01,2024-02-15 02:00:00,Low,Data Issue,Closed,,5.0,,INVALID,Support case references customer not in subscriptions; Closed case missing closure date/resolution hours,Closed
CS001685,C00015,2025-04-30,2025-06-05 01:00:00,Critical,Access,,-21.0,5.0,,INVALID,Support case references customer not in subscriptions; Negative resolution_hours; Missing case_status,Nan
CS001686,C00539,2024-10-23,2024-10-19 00:00:00,Medium,Technical,Closed,,3.0,,INVALID,Closed date earlier than opened date; Closed case missing closure date/resolution hours,Closed
CS001687,C00482,2024-12-07,2024-12-16 04:00:00,Critical,Billing,Open,130.0,,Y,INVALID,Support case references customer not in subscriptions,Open
,C00310,2025-07-27,2025-08-20 01:00:00,High,,Escalated,481.0,0.0,N,INVALID,Missing case_id; CSAT score outside 1-5 range,Escalated
CS001689,C00173,2024-04-03,2024-04-23 06:00:00,Critical,Access,Pending,,0.0,,INVALID,Support case references customer not in subscriptions; CSAT score outside 1-5 range,Pending
CS001690,C00134,2025-10-13,,Low,Data Issue,Closed,,6.0,,INVALID,CSAT score outside 1-5 range; Closed case missing closure date/resolution hours,Closed
,C00221,2025-05-31,2025-06-15 17:00:00,Low,Billing,Closed,320.0,6.0,N,INVALID,Missing case_id; Support case references customer not in subscriptions; CSAT score outside 1-5 range,Closed
CS001692,C00155,2024-05-04,2024-06-12 15:00:00,Low,Cancellation,Escalated,,1.0,Y,INVALID,Support case references customer not in subscriptions,Escalated
CS001693,C01101,2024-01-23,,Critical,,Escalated,,4.0,Y,INVALID,Support case references customer not in subscriptions,Escalated
CS001694,C00629,2025-09-04,,High,Cancellation,Pending,,6.0,Y,INVALID,Support case references customer not in subscriptions; CSAT score outside 1-5 range,Pending
CS001695,C00030,2024-07-31,,High,Access,Escalated,-18.0,1.0,Y,INVALID,Support case references customer not in subscriptions; Negative resolution_hours,Escalated
CS001696,C01663,2025-03-08,2025-02-26 00:00:00,Low,,,-81.0,3.0,Y,INVALID,Support case references customer not in subscriptions; Closed date earlier than opened date; Negative resolution_hours; Missing case_status,Nan
CS001697,C00325,2024-06-08,2024-06-02 00:00:00,,Access,Closed,,5.0,N,INVALID,Support case references customer not in subscriptions; Closed date earlier than opened date; Closed case missing closure date/resolution hours,Closed
CS001698,C00416,2024-06-06,2024-07-05 06:00:00,High,Cancellation,Escalated,-43.0,3.0,N,INVALID,Support case references customer not in subscriptions; Negative resolution_hours,Escalated
CS001699,C00368,2025-04-16,,High,Cancellation,Open,-31.0,4.0,,INVALID,Support case references customer not in subscriptions; Negative resolution_hours,Open
CS001700,C00451,2024-01-18,,High,Data Issue,Escalated,,7.0,Y,INVALID,Support case references customer not in subscriptions; CSAT score outside 1-5 range,Escalated
CS001701,C00239,2024-10-17,2024-11-13 05:00:00,Medium,Access,,806.0,2.0,,INVALID,Support case references customer not in subscriptions; Missing case_status,Nan
CS001702,C01348,2024-04-22,2024-05-19 01:00:00,High,Billing,Pending,-5.0,2.0,Y,INVALID,Negative resolution_hours,Pending
CS001703,C00680,2024-07-10,,Critical,Data Issue,Open,608.0,,Y,VALID,No issues detected,Open
CS001704,C01045,2024-07-30,2024-08-02 22:00:00,High,Cancellation,Pending,-38.0,3.0,N,INVALID,Negative resolution_hours,Pending
CS001705,C00322,2024-05-20,2024-06-10 05:00:00,Critical,,Open,,7.0,,INVALID,Support case references customer not in subscriptions; CSAT score outside 1-5 range,Open
CS001706,C00851,2024-06-03,2024-06-22 16:00:00,Critical,Technical,Pending,273.0,3.0,N,INVALID,Support case references customer not in subscriptions,Pending
CS001707,C00816,2024-03-04,2024-04-03 01:00:00,High,Data Issue,,,4.0,N,INVALID,Support case references customer not in subscriptions; Missing case_status,Nan
CS001708,C01665,2025-09-22,2025-10-31 12:00:00,,Access,Open,-60.0,1.0,N,INVALID,Negative resolution_hours,Open
CS001709,C01386,2024-03-30,2024-04-08 10:00:00,,,Pending,583.0,7.0,,INVALID,Support case references customer not in subscriptions; CSAT score outside 1-5 range,Pending
CS001710,C00927,2025-12-24,2026-01-24 14:00:00,Critical,Data Issue,Escalated,-56.0,5.0,Y,INVALID,Negative resolution_hours,Escalated
CS001711,C01665,2024-08-17,2024-09-02 07:00:00,Low,Access,Pending,-30.0,7.0,,INVALID,Negative resolution_hours; CSAT score outside 1-5 range,Pending
CS001712,C01524,2024-09-28,2024-09-29 20:00:00,Medium,Access,Pending,,6.0,N,INVALID,CSAT score outside 1-5 range,Pending
CS001713,C01135,2025-10-05,2025-10-11 02:00:00,Medium,Data Issue,Open,-95.0,5.0,Y,INVALID,Negative resolution_hours,Open
CS001714,C00441,2024-02-25,2024-03-06 15:00:00,Medium,Access,Open,437.0,1.0,Y,INVALID,Support case references customer not in subscriptions,Open
,C01707,2024-09-04,2024-09-19 06:00:00,Low,Cancellation,Closed,-71.0,3.0,N,INVALID,Missing case_id; Support case references customer not in subscriptions; Negative resolution_hours,Closed
CS001716,C00853,2024-01-19,2024-01-25 08:00:00,Critical,,Open,,4.0,N,VALID,No issues detected,Open
CS001717,C00700,2025-04-04,2025-04-12 11:00:00,,Cancellation,Pending,939.0,6.0,N,INVALID,Support case references customer not in subscriptions; CSAT score outside 1-5 range,Pending
CS001718,C01033,2024-12-05,2025-01-10 12:00:00,High,Technical,Closed,-3.0,,Y,INVALID,Support case references customer not in subscriptions; Negative resolution_hours,Closed
CS001719,C01510,2024-10-09,2024-10-30 22:00:00,Critical,Cancellation,Pending,410.0,7.0,Y,INVALID,CSAT score outside 1-5 range,Pending
CS001720,C00135,2024-11-13,2024-12-08 11:00:00,,Billing,Closed,480.0,6.0,Y,INVALID,Support case references customer not in subscriptions; CSAT score outside 1-5 range,Closed
CS001721,C01776,2025-09-01,2025-09-24 04:00:00,Medium,Billing,Pending,60.0,2.0,Y,INVALID,Support case references customer not in subscriptions,Pending
CS001722,C01742,2025-11-22,2025-11-26 09:00:00,Critical,Data Issue,,-93.0,4.0,,INVALID,Support case references customer not in subscriptions; Negative resolution_hours; Missing case_status,Nan
CS001723,C00346,2024-03-25,2024-04-15 20:00:00,Critical,Cancellation,Pending,-97.0,4.0,Y,INVALID,Negative resolution_hours,Pending
CS001724,C00560,2024-04-28,2024-05-24 09:00:00,,Cancellation,Closed,,3.0,,INVALID,Closed case missing closure date/resolution hours,Closed
CS001725,C00457,2026-01-04,2026-01-06 08:00:00,,Access,Escalated,337.0,,N,VALID,No issues detected,Escalated
CS001726,C01519,2024-06-04,2024-06-18 08:00:00,Critical,Billing,,,1.0,N,INVALID,Support case references customer not in subscriptions; Missing case_status,Nan
CS001727,C01388,2024-05-26,,Low,Cancellation,,-69.0,4.0,N,INVALID,Negative resolution_hours; Missing case_status,Nan
CS001728,C01100,2025-04-30,2025-05-27 12:00:00,Low,Access,Closed,503.0,0.0,N,INVALID,Support case references customer not in subscriptions; CSAT score outside 1-5 range,Closed
CS001729,C01075,2025-06-16,2025-07-06 06:00:00,Low,Billing,Escalated,-4.0,6.0,N,INVALID,Negative resolution_hours; CSAT score outside 1-5 range,Escalated
CS001730,C00667,2026-01-28,2026-02-20 09:00:00,Medium,Access,Closed,671.0,4.0,N,INVALID,Support case references customer not in subscriptions,Closed
,C01523,2025-05-09,,Medium,,,,5.0,N,INVALID,Missing case_id; Support case references customer not in subscriptions; Missing case_status,Nan
CS001732,C00798,2025-08-15,2025-08-22 00:00:00,,,,,6.0,Y,INVALID,Support case references customer not in subscriptions; CSAT score outside 1-5 range; Missing case_status,Nan
CS001733,C01724,2024-04-05,,Critical,,Open,,7.0,N,INVALID,Support case references customer not in subscriptions; CSAT score outside 1-5 range,Open
CS001734,C00854,2025-10-01,2025-10-09 06:00:00,High,Cancellation,,-89.0,,N,INVALID,Support case references customer not in subscriptions; Negative resolution_hours; Missing case_status,Nan
CS001735,C01491,2025-02-02,,High,Access,Open,,2.0,Y,VALID,No issues detected,Open
CS001736,C00108,2024-05-15,2024-05-15 11:00:00,High,Access,Pending,-29.0,0.0,Y,INVALID,Negative resolution_hours; CSAT score outside 1-5 range,Pending
CS001737,C01135,2025-05-02,2025-04-24 00:00:00,Medium,Technical,,,3.0,,INVALID,Closed date earlier than opened date; Missing case_status,Nan
CS001738,C00921,2025-11-20,2025-11-25 01:00:00,Critical,Cancellation,Closed,,3.0,Y,INVALID,Closed case missing closure date/resolution hours,Closed
CS001739,C00227,2025-06-23,,Critical,Data Issue,,144.0,1.0,,INVALID,Support case references customer not in subscriptions; Missing case_status,Nan
,C00841,2024-12-21,2024-12-30 00:00:00,High,Technical,Escalated,-60.0,2.0,Y,INVALID,Missing case_id; Support case references customer not in subscriptions; Negative resolution_hours,Escalated
CS001741,C00531,2024-11-16,2024-11-16 16:00:00,,Technical,Pending,-82.0,6.0,N,INVALID,Support case references customer not in subscriptions; Negative resolution_hours; CSAT score outside 1-5 range,Pending
CS001742,C01457,2024-04-14,2024-04-10 00:00:00,High,Data Issue,Pending,,,N,INVALID,Support case references customer not in subscriptions; Closed date earlier than opened date,Pending
CS001743,C01792,2024-11-24,2024-12-14 06:00:00,Critical,Access,Escalated,29.0,3.0,,VALID,No issues detected,Escalated
CS001744,C00628,2025-10-24,2025-12-02 08:00:00,,Access,,,,Y,INVALID,Support case references customer not in subscriptions; Missing case_status,Nan
CS001745,C01199,2024-11-16,2024-11-10 00:00:00,,,Open,130.0,1.0,,INVALID,Closed date earlier than opened date,Open
CS001746,C01557,2024-11-02,2024-11-20 04:00:00,,,Open,416.0,4.0,N,INVALID,Support case references customer not in subscriptions,Open
CS001747,C00737,2024-09-14,2024-09-15 22:00:00,,Billing,,,2.0,N,SUSPICIOUS,Missing case_status,Nan
CS001748,C00563,2025-07-07,2025-07-22 09:00:00,Low,Billing,Closed,,6.0,Y,INVALID,Support case references customer not in subscriptions; CSAT score outside 1-5 range; Closed case missing closure date/resolution hours,Closed
CS001749,C01493,2024-08-30,2024-09-17 04:00:00,Low,,Pending,,0.0,,INVALID,CSAT score outside 1-5 range,Pending
CS001750,C00250,2024-04-26,2024-05-18 13:00:00,Critical,Data Issue,Closed,673.0,4.0,Y,VALID,No issues detected,Closed
CS001751,C01248,2025-08-23,2025-08-24 08:00:00,Medium,Data Issue,Pending,570.0,0.0,N,INVALID,Support case references customer not in subscriptions; CSAT score outside 1-5 range,Pending
CS001752,C00674,2025-06-01,2025-07-01 16:00:00,High,,Closed,-18.0,3.0,,INVALID,Support case references customer not in subscriptions; Negative resolution_hours,Closed
CS001753,C00158,2025-03-27,2025-03-29 23:00:00,High,,Escalated,,6.0,,INVALID,Support case references customer not in subscriptions; CSAT score outside 1-5 range,Escalated
CS001754,C01611,2025-07-30,2025-09-02 11:00:00,Low,Technical,Closed,-50.0,7.0,Y,INVALID,Support case references customer not in subscriptions; Negative resolution_hours; CSAT score outside 1-5 range,Closed
CS001755,C00035,2024-03-18,2024-04-26 20:00:00,High,Billing,Open,,1.0,,VALID,No issues detected,Open
CS001756,C00542,2024-02-21,2024-02-29 09:00:00,High,Access,Escalated,,4.0,Y,INVALID,Support case references customer not in subscriptions,Escalated
CS001757,C01597,2024-08-17,2024-08-19 08:00:00,High,Billing,Pending,705.0,1.0,Y,VALID,No issues detected,Pending
CS001758,C00187,2025-11-06,2025-11-27 18:00:00,Critical,Data Issue,Open,40.0,0.0,Y,INVALID,Support case references customer not in subscriptions; CSAT score outside 1-5 range,Open
CS001759,C00366,2025-06-27,2025-08-02 11:00:00,High,Access,Open,941.0,2.0,N,VALID,No issues detected,Open
CS001760,C00835,2024-04-04,2024-04-23 01:00:00,Medium,Data Issue,Closed,323.0,5.0,Y,VALID,No issues detected,Closed
CS001761,C00004,2025-08-05,2025-09-09 00:00:00,High,Billing,,139.0,6.0,N,INVALID,CSAT score outside 1-5 range; Missing case_status,Nan
,C00518,2024-05-08,2024-05-26 23:00:00,Critical,Cancellation,Escalated,701.0,7.0,,INVALID,Missing case_id; Support case references customer not in subscriptions; CSAT score outside 1-5 range,Escalated
CS001763,C00223,2025-04-24,2025-06-02 11:00:00,Low,Technical,Escalated,-4.0,3.0,Y,INVALID,Support case references customer not in subscriptions; Negative resolution_hours,Escalated
CS001764,C00348,2024-06-27,2024-06-27 15:00:00,Medium,Cancellation,Closed,,5.0,,INVALID,Support case references customer not in subscriptions; Closed case missing closure date/resolution hours,Closed
CS001765,C00756,2025-04-18,2025-04-27 10:00:00,High,Billing,Pending,-3.0,7.0,Y,INVALID,Negative resolution_hours; CSAT score outside 1-5 range,Pending
CS001766,C01030,2024-06-20,2024-06-30 09:00:00,Low,Billing,,-5.0,4.0,N,INVALID,Support case references customer not in subscriptions; Negative resolution_hours; Missing case_status,Nan
CS001767,C01314,2025-11-13,2025-11-19 08:00:00,,Access,,198.0,6.0,Y,INVALID,Support case references customer not in subscriptions; CSAT score outside 1-5 range; Missing case_status,Nan
CS001768,C00065,2024-12-14,2024-12-31 05:00:00,,Technical,Pending,-1.0,0.0,,INVALID,Negative resolution_hours; CSAT score outside 1-5 range,Pending
CS001769,C00412,2025-06-27,2025-06-23 00:00:00,Critical,,Open,,,Y,INVALID,Support case references customer not in subscriptions; Closed date earlier than opened date,Open
CS001770,C01157,2025-05-23,2025-07-01 17:00:00,Low,Data Issue,Closed,,3.0,Y,INVALID,Support case references customer not in subscriptions; Closed case missing closure date/resolution hours,Closed
CS001771,C01492,2025-05-28,,High,Billing,,,3.0,Y,INVALID,Support case references customer not in subscriptions; Missing case_status,Nan
CS001772,C01020,2025-09-13,2025-10-04 17:00:00,,Data Issue,,-81.0,1.0,Y,INVALID,Support case references customer not in subscriptions; Negative resolution_hours; Missing case_status,Nan
CS001773,C01517,2025-11-13,2025-11-23 04:00:00,Low,,Open,-18.0,7.0,N,INVALID,Support case references customer not in subscriptions; Negative resolution_hours; CSAT score outside 1-5 range,Open
CS001774,C01587,2025-11-15,2025-12-03 22:00:00,,Technical,Escalated,,7.0,Y,INVALID,Support case references customer not in subscriptions; CSAT score outside 1-5 range,Escalated
CS001775,C00345,2024-08-26,2024-09-17 03:00:00,Medium,Billing,Escalated,-37.0,3.0,Y,INVALID,Support case references customer not in subscriptions; Negative resolution_hours,Escalated
CS001776,C00839,2025-08-09,2025-08-20 16:00:00,Low,Access,Escalated,771.0,,Y,INVALID,Support case references customer not in subscriptions,Escalated
CS001777,C00204,2024-08-24,2024-09-26 04:00:00,Critical,Technical,Pending,,3.0,,INVALID,Support case references customer not in subscriptions,Pending
CS001778,C00695,2025-02-28,2025-03-24 18:00:00,Low,Cancellation,Pending,,6.0,Y,INVALID,CSAT score outside 1-5 range,Pending
CS001779,C00388,2026-01-06,2026-01-18 21:00:00,,,Closed,621.0,5.0,,INVALID,Support case references customer not in subscriptions,Closed
CS001780,C00343,2024-05-01,,High,Cancellation,Escalated,,,Y,INVALID,Support case references customer not in subscriptions,Escalated
CS001781,C00605,2024-08-17,2024-09-25 04:00:00,High,Technical,Closed,,0.0,Y,INVALID,Support case references customer not in subscriptions; CSAT score outside 1-5 range; Closed case missing closure date/resolution hours,Closed
CS001782,C00657,2026-01-28,,,Access,Closed,86.0,7.0,N,INVALID,Support case references customer not in subscriptions; CSAT score outside 1-5 range; Closed case missing closure date/resolution hours,Closed
CS001783,C00787,2024-05-19,,,Access,,186.0,2.0,Y,INVALID,Support case references customer not in subscriptions; Missing case_status,Nan
,C01096,2024-05-23,2024-06-26 15:00:00,High,Access,,445.0,7.0,N,INVALID,Missing case_id; Support case references customer not in subscriptions; CSAT score outside 1-5 range; Missing case_status,Nan
CS001785,C01276,2024-07-30,2024-08-20 18:00:00,,Access,Pending,-80.0,,N,INVALID,Support case references customer not in subscriptions; Negative resolution_hours,Pending
CS001786,C01743,2024-06-01,2024-06-19 01:00:00,Critical,,Open,-49.0,0.0,N,INVALID,Negative resolution_hours; CSAT score outside 1-5 range,Open
CS001787,C00856,2024-05-17,2024-06-05 23:00:00,,Billing,Escalated,-27.0,0.0,N,INVALID,Support case references customer not in subscriptions; Negative resolution_hours; CSAT score outside 1-5 range,Escalated
CS001788,C00575,2025-08-03,2025-09-02 10:00:00,Critical,Data Issue,Open,-61.0,3.0,Y,INVALID,Support case references customer not in subscriptions; Negative resolution_hours,Open
CS001789,C01377,2025-12-29,,High,Billing,Closed,-70.0,,N,INVALID,Negative resolution_hours; Closed case missing closure date/resolution hours,Closed
CS001790,C00657,2025-09-29,,,Access,Open,,1.0,Y,INVALID,Support case references customer not in subscriptions,Open
CS001791,C00498,2025-09-14,2025-09-12 00:00:00,Medium,Access,Open,-34.0,4.0,N,INVALID,Closed date earlier than opened date; Negative resolution_hours,Open
CS001792,C01773,2025-06-17,2025-06-19 16:00:00,High,Data Issue,Open,,3.0,N,VALID,No issues detected,Open
,C01463,2025-01-09,2025-02-02 09:00:00,Low,Data Issue,,-94.0,3.0,,INVALID,Missing case_id; Negative resolution_hours; Missing case_status,Nan
CS001794,C00708,2024-03-11,2024-04-19 10:00:00,High,Cancellation,Pending,-92.0,,,INVALID,Negative resolution_hours,Pending
CS001795,C00102,2024-02-27,2024-03-06 10:00:00,,Access,Open,685.0,5.0,,INVALID,Support case references customer not in subscriptions,Open
CS001796,C01477,2024-10-24,2024-11-06 19:00:00,Critical,Technical,Escalated,,1.0,Y,VALID,No issues detected,Escalated
CS001797,C01515,2024-04-08,2024-04-14 22:00:00,Medium,,Open,,2.0,Y,VALID,No issues detected,Open
CS001798,C00879,2024-10-15,2024-10-05 00:00:00,High,,Open,,1.0,,INVALID,Closed date earlier than opened date,Open
CS001799,C00068,2024-05-16,2024-06-01 04:00:00,Medium,Data Issue,Open,-57.0,2.0,N,INVALID,Support case references customer not in subscriptions; Negative resolution_hours,Open
CS001800,C01302,2024-08-31,2024-09-23 10:00:00,Critical,Billing,Escalated,-5.0,0.0,,INVALID,Negative resolution_hours; CSAT score outside 1-5 range,Escalated
CS001801,C01109,2025-07-16,2025-07-07 00:00:00,Low,Cancellation,Pending,,4.0,Y,INVALID,Support case references customer not in subscriptions; Closed date earlier than opened date,Pending
CS001802,C00457,2025-01-08,2025-01-04 00:00:00,Medium,Billing,,95.0,3.0,N,INVALID,Closed date earlier than opened date; Missing case_status,Nan
CS001803,C00656,2024-10-21,2024-10-27 08:00:00,Critical,Cancellation,,834.0,1.0,Y,INVALID,Support case references customer not in subscriptions; Missing case_status,Nan
CS001804,C00957,2025-10-25,2025-12-01 16:00:00,High,,Pending,,2.0,,VALID,No issues detected,Pending
CS001805,C00204,2024-08-15,,Medium,Cancellation,Open,402.0,6.0,,INVALID,Support case references customer not in subscriptions; CSAT score outside 1-5 range,Open
CS001806,C00306,2025-08-25,,,Technical,,,3.0,N,INVALID,Support case references customer not in subscriptions; Missing case_status,Nan
CS001807,C01491,2024-05-08,2024-05-07 00:00:00,Medium,Access,Closed,281.0,3.0,Y,INVALID,Closed date earlier than opened date,Closed
CS001808,C01229,2024-09-08,2024-10-13 10:00:00,,Access,Closed,-75.0,,N,INVALID,Negative resolution_hours,Closed
CS001809,C01220,2026-01-13,2026-01-11 00:00:00,,Billing,Pending,330.0,7.0,N,INVALID,Support case references customer not in subscriptions; Closed date earlier than opened date; CSAT score outside 1-5 range,Pending
CS001810,C00778,2024-08-29,,Medium,,Escalated,,1.0,,INVALID,Support case references customer not in subscriptions,Escalated
CS001811,C00793,2024-07-04,2024-07-24 03:00:00,Low,Cancellation,,,1.0,N,SUSPICIOUS,Missing case_status,Nan
CS001812,C00960,2025-08-01,,,,Pending,874.0,2.0,Y,INVALID,Support case references customer not in subscriptions,Pending
CS001813,C01723,2025-11-09,2025-11-11 09:00:00,Critical,Cancellation,,-78.0,,N,INVALID,Support case references customer not in subscriptions; Negative resolution_hours; Missing case_status,Nan
,C01506,2024-02-25,2024-03-22 13:00:00,Low,Data Issue,Pending,,1.0,N,INVALID,Missing case_id; Support case references customer not in subscriptions,Pending
CS001815,C00003,2026-01-10,2026-01-07 00:00:00,,,,,2.0,Y,INVALID,Support case references customer not in subscriptions; Closed date earlier than opened date; Missing case_status,Nan
CS001816,C00603,2024-03-06,2024-03-05 00:00:00,Low,Data Issue,,621.0,3.0,N,INVALID,Closed date earlier than opened date; Missing case_status,Nan
CS001817,C00662,2024-11-23,2024-12-11 00:00:00,Critical,Data Issue,Closed,-56.0,4.0,N,INVALID,Support case references customer not in subscriptions; Negative resolution_hours,Closed
,C01267,2024-03-19,2024-03-28 20:00:00,Critical,Cancellation,,475.0,6.0,,INVALID,Missing case_id; Support case references customer not in subscriptions; CSAT score outside 1-5 range; Missing case_status,Nan
CS001819,C01039,2025-08-06,2025-08-20 10:00:00,High,Access,Escalated,210.0,5.0,,VALID,No issues detected,Escalated
CS001820,C01430,2025-06-16,2025-06-11 00:00:00,Low,Data Issue,Pending,-42.0,7.0,,INVALID,Support case references customer not in subscriptions; Closed date earlier than opened date; Negative resolution_hours; CSAT score outside 1-5 range,Pending
CS001821,C01543,2024-01-11,2024-02-07 01:00:00,Medium,Data Issue,Closed,925.0,2.0,,VALID,No issues detected,Closed
CS001822,C01581,2025-12-15,2026-01-22 11:00:00,Medium,Billing,Pending,-72.0,3.0,Y,INVALID,Negative resolution_hours,Pending
CS001823,C00493,2024-12-26,2025-01-09 05:00:00,High,Cancellation,Escalated,,1.0,Y,VALID,No issues detected,Escalated
CS001824,C00404,2024-01-07,2024-01-18 13:00:00,,Data Issue,Closed,,1.0,N,INVALID,Support case references customer not in subscriptions; Closed case missing closure date/resolution hours,Closed
CS001825,C01618,2025-02-25,2025-03-20 09:00:00,,Cancellation,,-33.0,5.0,,INVALID,Support case references customer not in subscriptions; Negative resolution_hours; Missing case_status,Nan
CS001826,C00652,2024-08-04,2024-09-12 19:00:00,Low,Technical,Pending,,6.0,Y,INVALID,CSAT score outside 1-5 range,Pending
CS001827,C01665,2025-07-04,2025-07-30 21:00:00,,Access,Pending,347.0,2.0,,VALID,No issues detected,Pending
CS001828,C00785,2025-11-21,2025-12-12 21:00:00,Critical,Billing,Escalated,869.0,6.0,N,INVALID,Support case references customer not in subscriptions; CSAT score outside 1-5 range,Escalated
CS001829,C01552,2024-06-05,2024-07-04 11:00:00,,Access,Escalated,,0.0,Y,INVALID,Support case references customer not in subscriptions; CSAT score outside 1-5 range,Escalated
CS001830,C00562,2025-06-27,2025-06-29 16:00:00,Critical,Billing,Pending,750.0,1.0,,INVALID,Support case references customer not in subscriptions,Pending
CS001831,C01127,2025-09-15,2025-09-14 00:00:00,High,Billing,Closed,-20.0,0.0,N,INVALID,Closed date earlier than opened date; Negative resolution_hours; CSAT score outside 1-5 range,Closed
CS001832,C01067,2025-06-27,2025-07-10 12:00:00,Low,,Pending,,6.0,Y,INVALID,Support case references customer not in subscriptions; CSAT score outside 1-5 range,Pending
CS001833,C01084,2025-08-21,2025-09-12 08:00:00,Medium,Data Issue,Pending,,,N,INVALID,Support case references customer not in subscriptions,Pending
CS001834,C01043,2024-08-08,2024-08-18 14:00:00,Medium,,Escalated,814.0,3.0,Y,VALID,No issues detected,Escalated
CS001835,C00279,2025-08-16,2025-08-30 12:00:00,Low,,Pending,-46.0,5.0,Y,INVALID,Support case references customer not in subscriptions; Negative resolution_hours,Pending
CS001836,C00994,2024-06-27,2024-07-22 18:00:00,Critical,,,498.0,7.0,,INVALID,Support case references customer not in subscriptions; CSAT score outside 1-5 range; Missing case_status,Nan
CS001837,C00140,2024-07-10,2024-07-22 13:00:00,,Cancellation,Closed,-17.0,6.0,N,INVALID,Negative resolution_hours; CSAT score outside 1-5 range,Closed
CS001838,C01181,2025-12-17,2026-01-08 00:00:00,Medium,Data Issue,Closed,-32.0,4.0,Y,INVALID,Negative resolution_hours,Closed
CS001839,C01075,2024-12-09,,Critical,Billing,Closed,,3.0,Y,INVALID,Closed case missing closure date/resolution hours,Closed
CS001840,C00291,2025-11-05,2025-10-26 00:00:00,,Billing,Escalated,,7.0,N,INVALID,Closed date earlier than opened date; CSAT score outside 1-5 range,Escalated
,C00136,2025-10-23,2025-11-24 01:00:00,High,Data Issue,Open,,3.0,Y,INVALID,Missing case_id,Open
CS001842,C00495,2025-06-02,2025-05-29 00:00:00,,Billing,Pending,804.0,1.0,,INVALID,Support case references customer not in subscriptions; Closed date earlier than opened date,Pending
CS001843,C01664,2024-06-30,2024-07-06 07:00:00,High,Data Issue,Open,-62.0,1.0,Y,INVALID,Support case references customer not in subscriptions; Negative resolution_hours,Open
CS001844,C00963,2025-03-07,2025-04-15 10:00:00,,Data Issue,Closed,-65.0,4.0,,INVALID,Negative resolution_hours,Closed
CS001845,C00357,2025-04-19,,Low,Technical,,-86.0,0.0,,INVALID,Negative resolution_hours; CSAT score outside 1-5 range; Missing case_status,Nan
CS001846,C01431,2025-12-28,,,Data Issue,,558.0,2.0,,INVALID,Support case references customer not in subscriptions; Missing case_status,Nan
CS001847,C00641,2025-08-28,,Critical,Data Issue,,496.0,5.0,,SUSPICIOUS,Missing case_status,Nan
CS001848,C01287,2024-01-03,2024-02-02 18:00:00,High,Access,,809.0,1.0,Y,SUSPICIOUS,Missing case_status,Nan
CS001849,C01447,2024-11-20,,Medium,Billing,Open,,5.0,Y,INVALID,Support case references customer not in subscriptions,Open
CS001850,C01380,2024-01-31,2024-01-21 00:00:00,Critical,Access,,-23.0,4.0,,INVALID,Support case references customer not in subscriptions; Closed date earlier than opened date; Negative resolution_hours; Missing case_status,Nan
CS001851,C00445,2024-06-27,2024-07-20 18:00:00,High,Technical,Closed,,3.0,,INVALID,Closed case missing closure date/resolution hours,Closed
CS001852,C00049,2025-06-20,2025-06-30 07:00:00,Low,,Closed,-52.0,6.0,,INVALID,Support case references customer not in subscriptions; Negative resolution_hours; CSAT score outside 1-5 range,Closed
CS001853,C00609,2024-10-15,2024-10-22 21:00:00,,Billing,Pending,-4.0,0.0,N,INVALID,Support case references customer not in subscriptions; Negative resolution_hours; CSAT score outside 1-5 range,Pending
CS001854,C00896,2024-08-03,2024-08-20 02:00:00,,Technical,,-60.0,4.0,,INVALID,Support case references customer not in subscriptions; Negative resolution_hours; Missing case_status,Nan
CS001855,C00446,2024-02-08,2024-03-03 08:00:00,Medium,Billing,Closed,-23.0,0.0,,INVALID,Support case references customer not in subscriptions; Negative resolution_hours; CSAT score outside 1-5 range,Closed
CS001856,C00288,2025-06-30,2025-07-15 07:00:00,Critical,,Escalated,-6.0,,N,INVALID,Support case references customer not in subscriptions; Negative resolution_hours,Escalated
CS001857,C01397,2024-04-15,2024-05-04 10:00:00,Critical,,Closed,819.0,7.0,Y,INVALID,Support case references customer not in subscriptions; CSAT score outside 1-5 range,Closed
CS001858,C00121,2025-01-05,,Critical,Data Issue,Closed,,4.0,N,INVALID,Support case references customer not in subscriptions; Closed case missing closure date/resolution hours,Closed
CS001859,C01438,2024-01-25,2024-01-29 11:00:00,,Cancellation,Escalated,-51.0,6.0,,INVALID,Negative resolution_hours; CSAT score outside 1-5 range,Escalated
CS001860,C01415,2025-08-09,2025-09-07 07:00:00,High,Cancellation,Pending,-12.0,5.0,Y,INVALID,Negative resolution_hours,Pending
CS001861,C00536,2024-03-18,2024-03-29 03:00:00,Critical,Data Issue,Closed,-52.0,4.0,,INVALID,Support case references customer not in subscriptions; Negative resolution_hours,Closed
CS001862,C00534,2025-04-21,2025-05-13 08:00:00,,Billing,Closed,536.0,0.0,N,INVALID,CSAT score outside 1-5 range,Closed
CS001863,C01436,2024-11-14,2024-12-01 06:00:00,High,Billing,Closed,,1.0,Y,INVALID,Support case references customer not in subscriptions; Closed case missing closure date/resolution hours,Closed
,C01199,2025-05-14,2025-05-28 05:00:00,,,Escalated,242.0,,N,INVALID,Missing case_id,Escalated
CS001865,C01430,2024-08-25,2024-09-20 13:00:00,Medium,,Open,892.0,3.0,N,INVALID,Support case references customer not in subscriptions,Open
CS001866,C00334,2024-03-14,2024-03-05 00:00:00,Critical,Data Issue,Escalated,-96.0,,Y,INVALID,Support case references customer not in subscriptions; Closed date earlier than opened date; Negative resolution_hours,Escalated
CS001867,C00306,2025-03-31,2025-05-08 12:00:00,Medium,Data Issue,,-69.0,4.0,N,INVALID,Support case references customer not in subscriptions; Negative resolution_hours; Missing case_status,Nan
CS001868,C00055,2025-08-29,2025-10-06 00:00:00,Critical,Billing,Escalated,,0.0,Y,INVALID,Support case references customer not in subscriptions; CSAT score outside 1-5 range,Escalated
CS001869,C00753,2024-04-05,2024-04-10 11:00:00,Low,Cancellation,,102.0,7.0,,INVALID,Support case references customer not in subscriptions; CSAT score outside 1-5 range; Missing case_status,Nan
CS001870,C00030,2025-08-06,2025-09-06 11:00:00,,Technical,Escalated,-87.0,5.0,N,INVALID,Support case references customer not in subscriptions; Negative resolution_hours,Escalated
CS001871,C00121,2025-06-25,2025-07-27 07:00:00,High,Billing,,-61.0,3.0,Y,INVALID,Support case references customer not in subscriptions; Negative resolution_hours; Missing case_status,Nan
CS001872,C01556,2024-08-09,2024-09-02 13:00:00,Critical,Data Issue,,-11.0,6.0,N,INVALID,Support case references customer not in subscriptions; Negative resolution_hours; CSAT score outside 1-5 range; Missing case_status,Nan
CS001873,C01331,2025-07-14,2025-08-08 00:00:00,Medium,Data Issue,Pending,-49.0,1.0,N,INVALID,Support case references customer not in subscriptions; Negative resolution_hours,Pending
,C00471,2025-09-28,,,Access,Open,-14.0,1.0,N,INVALID,Missing case_id; Negative resolution_hours,Open
CS001875,C01130,2024-11-16,2024-11-29 21:00:00,Medium,Access,Closed,-17.0,3.0,N,INVALID,Support case references customer not in subscriptions; Negative resolution_hours,Closed
CS001876,C00572,2024-05-30,2024-07-04 08:00:00,Critical,Data Issue,Closed,,1.0,Y,INVALID,Closed case missing closure date/resolution hours,Closed
CS001877,C01798,2025-11-25,2025-11-28 04:00:00,Critical,Data Issue,Pending,-66.0,4.0,Y,INVALID,Support case references customer not in subscriptions; Negative resolution_hours,Pending
CS001878,C00166,2025-02-17,2025-03-03 19:00:00,Medium,Access,,-43.0,4.0,Y,INVALID,Negative resolution_hours; Missing case_status,Nan
CS001879,C00614,2025-12-08,2026-01-05 17:00:00,High,Data Issue,,-46.0,6.0,Y,INVALID,Support case references customer not in subscriptions; Negative resolution_hours; CSAT score outside 1-5 range; Missing case_status,Nan
CS001880,C01669,2024-02-19,2024-03-03 10:00:00,Critical,Access,Escalated,969.0,2.0,,INVALID,Support case references customer not in subscriptions,Escalated
CS001881,C00259,2024-12-31,2025-02-05 08:00:00,High,Billing,Escalated,,7.0,Y,INVALID,CSAT score outside 1-5 range,Escalated
CS001882,C01060,2025-04-09,2025-04-07 00:00:00,,Data Issue,,248.0,2.0,,INVALID,Support case references customer not in subscriptions; Closed date earlier than opened date; Missing case_status,Nan
CS001883,C00186,2024-07-01,2024-06-23 00:00:00,High,Data Issue,Closed,,6.0,Y,INVALID,Support case references customer not in subscriptions; Closed date earlier than opened date; CSAT score outside 1-5 range; Closed case missing closure date/resolution hours,Closed
CS001884,C00597,2025-09-08,2025-09-15 08:00:00,Low,Access,Escalated,-91.0,,N,INVALID,Negative resolution_hours,Escalated
CS001885,C01099,2025-04-11,2025-04-14 22:00:00,Medium,Cancellation,Open,550.0,4.0,N,VALID,No issues detected,Open
CS001886,C01230,2025-09-24,2025-10-08 01:00:00,,Access,Escalated,140.0,7.0,Y,INVALID,Support case references customer not in subscriptions; CSAT score outside 1-5 range,Escalated
CS001887,C01333,2025-01-31,,High,Data Issue,Pending,-20.0,3.0,N,INVALID,Negative resolution_hours,Pending
CS001888,C00126,2024-08-12,,Critical,Technical,Closed,983.0,7.0,Y,INVALID,Support case references customer not in subscriptions; CSAT score outside 1-5 range; Closed case missing closure date/resolution hours,Closed
CS001889,C00274,2024-07-29,2024-08-20 15:00:00,Medium,Access,Open,,7.0,N,INVALID,Support case references customer not in subscriptions; CSAT score outside 1-5 range,Open
CS001890,C01780,2024-05-15,2024-05-08 00:00:00,Low,Cancellation,Escalated,507.0,2.0,Y,INVALID,Closed date earlier than opened date,Escalated
CS001891,C01260,2024-08-21,2024-09-16 09:00:00,,Data Issue,Pending,877.0,,Y,INVALID,Support case references customer not in subscriptions,Pending
CS001892,C01578,2025-11-12,2025-12-21 08:00:00,,Technical,,,,Y,INVALID,Support case references customer not in subscriptions; Missing case_status,Nan
CS001893,C01004,2024-02-28,,,,,-35.0,0.0,N,INVALID,Support case references customer not in subscriptions; Negative resolution_hours; CSAT score outside 1-5 range; Missing case_status,Nan
CS001894,C01204,2024-11-08,2024-11-08 06:00:00,Low,Billing,,-92.0,,N,INVALID,Support case references customer not in subscriptions; Negative resolution_hours; Missing case_status,Nan
CS001895,C01159,2025-11-18,2025-12-24 03:00:00,Medium,Access,Open,,,N,INVALID,Support case references customer not in subscriptions,Open
CS001896,C00967,2025-12-09,,Low,Access,Closed,,6.0,N,INVALID,CSAT score outside 1-5 range; Closed case missing closure date/resolution hours,Closed
CS001897,C01175,2026-01-17,2026-02-15 22:00:00,High,Billing,Closed,,7.0,Y,INVALID,Support case references customer not in subscriptions; CSAT score outside 1-5 range; Closed case missing closure date/resolution hours,Closed
CS001898,C01121,2025-08-18,2025-08-23 00:00:00,,Technical,Closed,169.0,5.0,N,VALID,No issues detected,Closed
CS001899,C01517,2024-08-02,2024-08-10 00:00:00,,Cancellation,Open,19.0,2.0,,INVALID,Support case references customer not in subscriptions,Open
CS001900,C01641,2024-08-05,2024-08-20 04:00:00,Medium,Data Issue,Pending,,7.0,Y,INVALID,CSAT score outside 1-5 range,Pending
CS000669,C01626,2024-09-02,2024-09-09 20:00:00,Critical,,Pending,488.0,,N,INVALID,Duplicate case_id; Support case references customer not in subscriptions,Pending
CS000262,C01415,2024-12-16,2024-12-20 20:00:00,Medium,,Escalated,464.0,5.0,,INVALID,Duplicate case_id,Escalated
CS001046,C00545,2024-10-13,2024-11-06 01:00:00,Critical,Access,Pending,425.0,6.0,N,INVALID,Duplicate case_id; Support case references customer not in subscriptions; CSAT score outside 1-5 range,Pending
CS001417,C01650,2025-06-13,2025-06-16 14:00:00,Medium,Data Issue,Closed,,7.0,,INVALID,Duplicate case_id; CSAT score outside 1-5 range; Closed case missing closure date/resolution hours,Closed
CS001304,C01675,2024-01-19,2024-01-24 02:00:00,Critical,Data Issue,Closed,,1.0,N,INVALID,Duplicate case_id; Support case references customer not in subscriptions; Closed case missing closure date/resolution hours,Closed
CS000435,C01740,2024-08-11,2024-09-01 10:00:00,,Access,Escalated,-97.0,7.0,Y,INVALID,Duplicate case_id; Support case references customer not in subscriptions; Negative resolution_hours; CSAT score outside 1-5 range,Escalated
CS000094,C01546,2024-06-03,2024-07-09 11:00:00,High,,Pending,,2.0,Y,INVALID,Duplicate case_id; Support case references customer not in subscriptions,Pending
CS000819,C01118,2025-06-22,2025-07-02 02:00:00,High,Billing,Open,,3.0,,INVALID,Duplicate case_id; Support case references customer not in subscriptions,Open
,C00340,2026-01-08,,High,Data Issue,Pending,,4.0,Y,INVALID,Missing case_id,Pending
CS001046,C00545,2024-10-13,2024-11-06 01:00:00,Critical,Access,Pending,425.0,6.0,N,INVALID,Duplicate case_id; Support case references customer not in subscriptions; CSAT score outside 1-5 range,Pending
CS000700,C00504,2025-09-11,2025-09-11 15:00:00,High,Technical,Pending,-10.0,1.0,,INVALID,Duplicate case_id; Support case references customer not in subscriptions; Negative resolution_hours,Pending
CS001548,C01345,2024-04-05,2024-04-15 21:00:00,Critical,,Closed,-12.0,3.0,Y,INVALID,Duplicate case_id; Support case references customer not in subscriptions; Negative resolution_hours,Closed
CS000625,C00473,2024-05-13,2024-05-31 17:00:00,Low,Cancellation,,,1.0,N,INVALID,Duplicate case_id; Support case references customer not in subscriptions; Missing case_status,Nan
,C00989,2024-11-15,2024-11-08 00:00:00,Medium,Access,Closed,-64.0,3.0,,INVALID,Missing case_id; Support case references customer not in subscriptions; Closed date earlier than opened date; Negative resolution_hours,Closed
CS000433,C00981,2025-02-18,2025-02-21 22:00:00,,Access,Escalated,780.0,7.0,N,INVALID,Duplicate case_id; CSAT score outside 1-5 range,Escalated
CS000364,C00013,2025-08-02,2025-08-04 16:00:00,,Cancellation,Closed,637.0,2.0,Y,INVALID,Duplicate case_id,Closed
CS000821,C00010,2025-05-04,2025-05-21 22:00:00,High,Cancellation,Closed,224.0,0.0,,INVALID,Duplicate case_id; CSAT score outside 1-5 range,Closed
CS000744,C00872,2025-08-19,2025-09-27 04:00:00,Critical,Data Issue,Escalated,291.0,4.0,,INVALID,Duplicate case_id; Support case references customer not in subscriptions,Escalated
CS000821,C00010,2025-05-04,2025-05-21 22:00:00,High,Cancellation,Closed,224.0,0.0,,INVALID,Duplicate case_id; CSAT score outside 1-5 range,Closed
CS001733,C01724,2024-04-05,,Critical,,Open,,7.0,N,INVALID,Duplicate case_id; Support case references customer not in subscriptions; CSAT score outside 1-5 range,Open
CS001234,C00820,2024-12-20,2025-01-07 10:00:00,Critical,Data Issue,Closed,372.0,0.0,N,INVALID,Duplicate case_id; Support case references customer not in subscriptions; CSAT score outside 1-5 range,Closed
CS001432,C01449,2025-05-09,2025-05-15 10:00:00,Low,Access,,-62.0,3.0,Y,INVALID,Duplicate case_id; Negative resolution_hours; Missing case_status,Nan
CS001016,C00687,2024-08-28,2024-09-02 17:00:00,,Billing,Open,84.0,4.0,N,INVALID,Duplicate case_id; Support case references customer not in subscriptions,Open
CS001545,C00189,2024-09-04,2024-10-13 13:00:00,Critical,,Pending,-94.0,3.0,Y,INVALID,Duplicate case_id; Support case references customer not in subscriptions; Negative resolution_hours,Pending
CS000368,C00014,2024-10-18,2024-10-18 02:00:00,Medium,Cancellation,Open,,,,INVALID,Duplicate case_id; Support case references customer not in subscriptions,Open
CS000382,C00845,2025-07-28,,Low,Access,Closed,,6.0,Y,INVALID,Duplicate case_id; Support case references customer not in subscriptions; CSAT score outside 1-5 range; Closed case missing closure date/resolution hours,Closed
CS001090,C00169,2025-08-20,2025-09-28 19:00:00,Medium,Access,,998.0,7.0,N,INVALID,Duplicate case_id; Support case references customer not in subscriptions; CSAT score outside 1-5 range; Missing case_status,Nan
CS001510,C01378,2025-04-05,2025-04-28 07:00:00,Critical,Access,Closed,832.0,,N,INVALID,Duplicate case_id,Closed
CS000520,C01666,2024-10-12,,Low,,Closed,,3.0,,INVALID,Duplicate case_id; Support case references customer not in subscriptions; Closed case missing closure date/resolution hours,Closed
CS000170,C01314,2025-08-12,2025-08-15 11:00:00,Medium,Access,,-32.0,,Y,INVALID,Duplicate case_id; Support case references customer not in subscriptions; Negative resolution_hours; Missing case_status,Nan
CS000568,C00112,2024-12-27,2025-01-29 00:00:00,,Cancellation,Closed,,1.0,Y,INVALID,Duplicate case_id; Support case references customer not in subscriptions; Closed case missing closure date/resolution hours,Closed
CS000678,C01279,2024-04-29,,High,,Pending,-60.0,,,INVALID,Duplicate case_id; Negative resolution_hours,Pending
CS000234,C01318,2024-09-06,2024-10-02 16:00:00,Low,Data Issue,Pending,210.0,5.0,,INVALID,Duplicate case_id,Pending
CS001608,C01628,2025-09-18,2025-10-09 14:00:00,Medium,Data Issue,Open,-10.0,6.0,N,INVALID,Duplicate case_id; Support case references customer not in subscriptions; Negative resolution_hours; CSAT score outside 1-5 range,Open
CS001111,C00768,2025-08-13,2025-09-21 14:00:00,,Technical,Escalated,,,Y,INVALID,Duplicate case_id,Escalated
CS000523,C01678,2026-01-12,2026-01-06 00:00:00,Medium,,Escalated,-31.0,5.0,Y,INVALID,Duplicate case_id; Support case references customer not in subscriptions; Closed date earlier than opened date; Negative resolution_hours,Escalated
CS000687,C00022,2025-03-17,2025-04-03 10:00:00,Medium,Cancellation,Closed,156.0,3.0,,INVALID,Duplicate case_id; Support case references customer not in subscriptions,Closed
CS000026,C01771,2024-10-07,2024-10-28 06:00:00,,Access,Closed,-34.0,5.0,N,INVALID,Duplicate case_id; Support case references customer not in subscriptions; Negative resolution_hours,Closed
CS001671,C00853,2025-01-05,2025-02-03 00:00:00,,Billing,Closed,,2.0,N,INVALID,Duplicate case_id; Closed case missing closure date/resolution hours,Closed
CS000787,C00370,2025-04-27,2025-05-02 13:00:00,High,Technical,Closed,,0.0,,INVALID,Duplicate case_id; Support case references customer not in subscriptions; CSAT score outside 1-5 range; Closed case missing closure date/resolution hours,Closed
CS000090,C00987,2024-10-22,2024-10-21 00:00:00,Critical,Technical,Open,,,N,INVALID,Duplicate case_id; Support case references customer not in subscriptions; Closed date earlier than opened date,Open
CS000513,C00395,2026-01-04,2026-01-10 09:00:00,High,,Pending,-36.0,2.0,,INVALID,Duplicate case_id; Support case references customer not in subscriptions; Negative resolution_hours,Pending
CS001055,C00217,2024-04-30,2024-05-11 03:00:00,Critical,Data Issue,Open,382.0,4.0,,INVALID,Duplicate case_id; Support case references customer not in subscriptions,Open
CS000510,C00379,2024-11-15,2024-12-04 09:00:00,Medium,Access,Pending,-47.0,6.0,Y,INVALID,Duplicate case_id; Negative resolution_hours; CSAT score outside 1-5 range,Pending
CS000358,C01731,2025-08-10,2025-08-30 01:00:00,Medium,Billing,Closed,433.0,6.0,,INVALID,Duplicate case_id; Support case references customer not in subscriptions; CSAT score outside 1-5 range,Closed
CS001778,C00695,2025-02-28,2025-03-24 18:00:00,Low,Cancellation,Pending,,6.0,Y,INVALID,Duplicate case_id; CSAT score outside 1-5 range,Pending
CS000739,C00938,2024-03-15,,,,Closed,252.0,3.0,N,INVALID,Duplicate case_id; Support case references customer not in subscriptions; Closed case missing closure date/resolution hours,Closed
CS000821,C00010,2025-05-04,2025-05-21 22:00:00,High,Cancellation,Closed,224.0,0.0,,INVALID,Duplicate case_id; CSAT score outside 1-5 range,Closed
CS000371,C01633,2025-07-11,,Medium,Cancellation,,,5.0,N,INVALID,Duplicate case_id; Missing case_status,Nan
CS001303,C01044,2025-03-12,2025-04-05 22:00:00,Critical,Access,Closed,553.0,5.0,,INVALID,Duplicate case_id; Support case references customer not in subscriptions,Closed
CS001090,C00169,2025-08-20,2025-09-28 19:00:00,Medium,Access,,998.0,7.0,N,INVALID,Duplicate case_id; Support case references customer not in subscriptions; CSAT score outside 1-5 range; Missing case_status,Nan
CS000682,C00382,2024-04-04,2024-05-02 23:00:00,,Data Issue,Escalated,-95.0,0.0,N,INVALID,Duplicate case_id; Negative resolution_hours; CSAT score outside 1-5 range,Escalated
CS000161,C00111,2024-08-30,2024-09-08 13:00:00,,,Open,-8.0,7.0,Y,INVALID,Duplicate case_id; Support case references customer not in subscriptions; Negative resolution_hours; CSAT score outside 1-5 range,Open
CS001206,C01331,2025-08-03,2025-08-10 05:00:00,Low,Access,,864.0,,,INVALID,Duplicate case_id; Support case references customer not in subscriptions; Missing case_status,Nan
CS001466,C01284,2024-02-16,2024-03-11 05:00:00,High,Data Issue,Closed,524.0,2.0,N,INVALID,Duplicate case_id,Closed
CS001023,C00411,2025-04-15,2025-05-09 05:00:00,Low,Cancellation,Closed,,0.0,Y,INVALID,Duplicate case_id; Support case references customer not in subscriptions; CSAT score outside 1-5 range; Closed case missing closure date/resolution hours,Closed
CS000713,C00674,2025-11-18,2025-11-20 17:00:00,High,Cancellation,Escalated,367.0,5.0,,INVALID,Duplicate case_id; Support case references customer not in subscriptions,Escalated
CS001031,C01584,2024-04-17,2024-05-07 05:00:00,High,Data Issue,Escalated,,2.0,,INVALID,Duplicate case_id; Support case references customer not in subscriptions,Escalated
CS000295,C01344,2025-03-24,2025-03-30 20:00:00,Medium,Billing,Closed,158.0,7.0,N,INVALID,Duplicate case_id; Support case references customer not in subscriptions; CSAT score outside 1-5 range,Closed
CS000682,C00382,2024-04-04,2024-05-02 23:00:00,,Data Issue,Escalated,-95.0,0.0,N,INVALID,Duplicate case_id; Negative resolution_hours; CSAT score outside 1-5 range,Escalated
CS001143,C01158,2024-04-04,2024-04-11 01:00:00,,Billing,Open,342.0,0.0,N,INVALID,Duplicate case_id; CSAT score outside 1-5 range,Open
CS000597,C01577,2025-11-25,2025-12-24 17:00:00,Low,,Closed,-7.0,,,INVALID,Duplicate case_id; Negative resolution_hours,Closed
CS001175,C01420,2024-03-16,2024-03-18 14:00:00,Critical,Data Issue,,-46.0,3.0,,INVALID,Duplicate case_id; Support case references customer not in subscriptions; Negative resolution_hours; Missing case_status,Nan
CS000206,C01369,2024-09-16,,Low,Access,Escalated,-8.0,,Y,INVALID,Duplicate case_id; Support case references customer not in subscriptions; Negative resolution_hours,Escalated
,C01097,2025-07-14,,Medium,Data Issue,Open,-84.0,7.0,N,INVALID,Missing case_id; Support case references customer not in subscriptions; Negative resolution_hours; CSAT score outside 1-5 range,Open
CS001259,C00338,2024-09-20,2024-10-03 21:00:00,Low,Technical,Open,-44.0,0.0,Y,INVALID,Duplicate case_id; Negative resolution_hours; CSAT score outside 1-5 range,Open
CS000841,C00075,2024-03-21,2024-03-24 09:00:00,Medium,Technical,Pending,910.0,3.0,N,INVALID,Duplicate case_id,Pending
CS001279,C00972,2024-01-07,2024-01-27 20:00:00,High,Technical,Pending,2.0,,N,INVALID,Duplicate case_id; Support case references customer not in subscriptions,Pending
CS001447,C00925,2024-12-08,2025-01-15 06:00:00,Critical,Cancellation,Escalated,,3.0,N,INVALID,Duplicate case_id,Escalated
CS000606,C01398,2026-01-15,2026-02-17 22:00:00,Critical,Data Issue,Open,-53.0,5.0,Y,INVALID,Duplicate case_id; Negative resolution_hours,Open
CS000461,C00726,2026-01-25,2026-02-09 00:00:00,Critical,,Pending,-3.0,0.0,,INVALID,Duplicate case_id; Support case references customer not in subscriptions; Negative resolution_hours; CSAT score outside 1-5 range,Pending
CS000679,C01128,2025-01-06,2025-01-16 19:00:00,High,Technical,Closed,12.0,6.0,Y,INVALID,Duplicate case_id; Support case references customer not in subscriptions; CSAT score outside 1-5 range,Closed
CS000801,C01066,2025-03-19,2025-03-25 02:00:00,,Technical,Closed,553.0,,N,INVALID,Duplicate case_id; Support case references customer not in subscriptions,Closed
CS000994,C01551,2025-05-29,2025-06-22 23:00:00,Critical,,Pending,727.0,6.0,,INVALID,Duplicate case_id; CSAT score outside 1-5 range,Pending
CS001642,C01221,2024-08-28,2024-08-21 00:00:00,Low,,Closed,-5.0,,N,INVALID,Duplicate case_id; Support case references customer not in subscriptions; Closed date earlier than opened date; Negative resolution_hours,Closed
CS000259,C01507,2024-03-10,2024-03-06 00:00:00,Low,Access,Escalated,-66.0,5.0,N,INVALID,Duplicate case_id; Closed date earlier than opened date; Negative resolution_hours,Escalated
CS001847,C00641,2025-08-28,,Critical,Data Issue,,496.0,5.0,,INVALID,Duplicate case_id; Missing case_status,Nan
CS001888,C00126,2024-08-12,,Critical,Technical,Closed,983.0,7.0,Y,INVALID,Duplicate case_id; Support case references customer not in subscriptions; CSAT score outside 1-5 range; Closed case missing closure date/resolution hours,Closed
CS000241,C01248,2025-09-05,2025-10-05 14:00:00,High,Cancellation,,792.0,2.0,Y,INVALID,Duplicate case_id; Support case references customer not in subscriptions; Missing case_status,Nan
CS000197,C01516,2025-09-10,2025-09-15 17:00:00,,Access,,96.0,7.0,,INVALID,Duplicate case_id; Support case references customer not in subscriptions; CSAT score outside 1-5 range; Missing case_status,Nan
CS001497,C01492,2024-10-05,2024-11-09 08:00:00,High,,,676.0,0.0,Y,INVALID,Duplicate case_id; Support case references customer not in subscriptions; CSAT score outside 1-5 range; Missing case_status,Nan
CS000459,C00929,2024-07-16,,Low,Access,Pending,54.0,,N,INVALID,Duplicate case_id; Support case references customer not in subscriptions,Pending
CS000795,C00976,2024-02-04,,Medium,,Open,,7.0,N,INVALID,Duplicate case_id; Support case references customer not in subscriptions; CSAT score outside 1-5 range,Open
CS000903,C00745,2024-08-28,2024-09-23 06:00:00,,Access,Open,386.0,5.0,N,INVALID,Duplicate case_id,Open
CS001304,C01675,2024-01-19,2024-01-24 02:00:00,Critical,Data Issue,Closed,,1.0,N,INVALID,Duplicate case_id; Support case references customer not in subscriptions; Closed case missing closure date/resolution hours,Closed
CS000698,C01745,2024-09-04,2024-09-04 04:00:00,Low,Cancellation,Pending,,5.0,,INVALID,Duplicate case_id,Pending
CS001055,C00217,2024-04-30,2024-05-11 03:00:00,Critical,Data Issue,Open,382.0,4.0,,INVALID,Duplicate case_id; Support case references customer not in subscriptions,Open
CS001056,C01269,2025-09-01,2025-10-07 12:00:00,High,Cancellation,,,7.0,Y,INVALID,Duplicate case_id; Support case references customer not in subscriptions; CSAT score outside 1-5 range; Missing case_status,Nan
CS000691,C01773,2025-11-24,2025-12-06 04:00:00,Medium,Access,,,3.0,Y,INVALID,Duplicate case_id; Missing case_status,Nan
CS001549,C00344,2025-06-19,2025-07-02 03:00:00,High,Cancellation,Open,186.0,2.0,,INVALID,Duplicate case_id; Support case references customer not in subscriptions,Open
CS000754,C00987,2024-01-09,2024-02-13 01:00:00,Medium,Cancellation,Escalated,516.0,0.0,Y,INVALID,Duplicate case_id; Support case references customer not in subscriptions; CSAT score outside 1-5 range,Escalated
CS000552,C00082,2025-12-23,2026-01-07 05:00:00,Medium,Cancellation,Pending,382.0,7.0,N,INVALID,Duplicate case_id; CSAT score outside 1-5 range,Pending
CS001519,C00603,2025-01-08,2025-02-12 17:00:00,Critical,Access,Escalated,-39.0,4.0,N,INVALID,Duplicate case_id; Negative resolution_hours,Escalated
,C00959,2025-06-05,2025-06-23 08:00:00,Critical,Access,Open,585.0,4.0,Y,INVALID,Missing case_id; Support case references customer not in subscriptions,Open
CS000458,C01648,2025-11-11,,Medium,Billing,Closed,895.0,1.0,,INVALID,Duplicate case_id; Support case references customer not in subscriptions; Closed case missing closure date/resolution hours,Closed
CS001615,C00181,2025-06-17,2025-07-15 07:00:00,,Technical,,-50.0,,Y,INVALID,Duplicate case_id; Negative resolution_hours; Missing case_status,Nan
CS000675,C01457,2026-01-20,2026-01-27 16:00:00,Low,Data Issue,Closed,,4.0,Y,INVALID,Duplicate case_id; Support case references customer not in subscriptions; Closed case missing closure date/resolution hours,Closed
CS000958,C01714,2025-12-27,,Low,Access,,255.0,6.0,Y,INVALID,Duplicate case_id; CSAT score outside 1-5 range; Missing case_status,Nan
CS001519,C00603,2025-01-08,2025-02-12 17:00:00,Critical,Access,Escalated,-39.0,4.0,N,INVALID,Duplicate case_id; Negative resolution_hours,Escalated
CS001890,C01780,2024-05-15,2024-05-08 00:00:00,Low,Cancellation,Escalated,507.0,2.0,Y,INVALID,Duplicate case_id; Closed date earlier than opened date,Escalated
CS000759,C00064,2024-04-06,2024-04-14 23:00:00,Low,Technical,Escalated,-91.0,2.0,N,INVALID,Duplicate case_id; Support case references customer not in subscriptions; Negative resolution_hours,Escalated
CS001865,C01430,2024-08-25,2024-09-20 13:00:00,Medium,,Open,892.0,3.0,N,INVALID,Duplicate case_id; Support case references customer not in subscriptions,Open
,C00891,2025-07-10,2025-08-09 19:00:00,Critical,Technical,Pending,558.0,2.0,Y,INVALID,Missing case_id; Support case references customer not in subscriptions,Pending
CS001849,C01447,2024-11-20,,Medium,Billing,Open,,5.0,Y,INVALID,Duplicate case_id; Support case references customer not in subscriptions,Open
CS000869,C00149,2024-02-17,2024-02-21 08:00:00,High,Technical,Pending,499.0,3.0,N,INVALID,Duplicate case_id,Pending
CS000537,C01458,2024-09-21,2024-10-04 04:00:00,,,Open,,4.0,N,INVALID,Duplicate case_id,Open
CS001690,C00134,2025-10-13,,Low,Data Issue,Closed,,6.0,,INVALID,Duplicate case_id; CSAT score outside 1-5 range; Closed case missing closure date/resolution hours,Closed
CS001123,C00661,2025-07-16,2025-07-27 22:00:00,,,Escalated,-92.0,4.0,,INVALID,Duplicate case_id; Support case references customer not in subscriptions; Negative resolution_hours,Escalated
CS000192,C01045,2024-02-21,2024-03-09 20:00:00,Low,Billing,Escalated,-93.0,4.0,,INVALID,Duplicate case_id; Negative resolution_hours,Escalated
CS000985,C00559,2024-07-10,2024-07-12 09:00:00,Low,Cancellation,Pending,,1.0,,INVALID,Duplicate case_id; Support case references customer not in subscriptions,Pending
CS000370,C00098,2025-12-12,2026-01-02 05:00:00,,Billing,Closed,-67.0,7.0,Y,INVALID,Duplicate case_id; Negative resolution_hours; CSAT score outside 1-5 range,Closed
CS000805,C01246,2024-06-14,2024-07-03 17:00:00,Low,Cancellation,Closed,,5.0,N,INVALID,Duplicate case_id; Closed case missing closure date/resolution hours,Closed
CS001055,C00217,2024-04-30,2024-05-11 03:00:00,Critical,Data Issue,Open,382.0,4.0,,INVALID,Duplicate case_id; Support case references customer not in subscriptions,Open
,C00814,2024-10-02,2024-10-22 08:00:00,High,Billing,Escalated,,0.0,N,INVALID,Missing case_id; Support case references customer not in subscriptions; CSAT score outside 1-5 range,Escalated
CS000610,C00795,2025-04-19,2025-04-18 00:00:00,Medium,Cancellation,Open,-4.0,7.0,N,INVALID,Duplicate case_id; Closed date earlier than opened date; Negative resolution_hours; CSAT score outside 1-5 range,Open
CS000295,C01344,2025-03-24,2025-03-30 20:00:00,Medium,Billing,Closed,158.0,7.0,N,INVALID,Duplicate case_id; Support case references customer not in subscriptions; CSAT score outside 1-5 range,Closed
CS000568,C00112,2024-12-27,2025-01-29 00:00:00,,Cancellation,Closed,,1.0,Y,INVALID,Duplicate case_id; Support case references customer not in subscriptions; Closed case missing closure date/resolution hours,Closed
CS000644,C00116,2025-10-04,2025-10-09 12:00:00,Critical,,Closed,-56.0,0.0,,INVALID,Duplicate case_id; Support case references customer not in subscriptions; Negative resolution_hours; CSAT score outside 1-5 range,Closed
CS000709,C01124,2024-10-09,,Low,Data Issue,Closed,-92.0,6.0,,INVALID,Duplicate case_id; Support case references customer not in subscriptions; Negative resolution_hours; CSAT score outside 1-5 range; Closed case missing closure date/resolution hours,Closed
CS000632,C00621,2024-07-30,2024-08-19 16:00:00,Medium,Access,Closed,,6.0,,INVALID,Duplicate case_id; CSAT score outside 1-5 range; Closed case missing closure date/resolution hours,Closed
CS001865,C01430,2024-08-25,2024-09-20 13:00:00,Medium,,Open,892.0,3.0,N,INVALID,Duplicate case_id; Support case references customer not in subscriptions,Open
CS001311,C00975,2024-01-18,2024-02-23 13:00:00,Low,Cancellation,Pending,-34.0,5.0,Y,INVALID,Duplicate case_id; Support case references customer not in subscriptions; Negative resolution_hours,Pending
CS001531,C00952,2024-10-23,2024-10-22 00:00:00,Critical,Data Issue,,105.0,0.0,,INVALID,Duplicate case_id; Closed date earlier than opened date; CSAT score outside 1-5 range; Missing case_status,Nan
CS001813,C01723,2025-11-09,2025-11-11 09:00:00,Critical,Cancellation,,-78.0,,N,INVALID,Duplicate case_id; Support case references customer not in subscriptions; Negative resolution_hours; Missing case_status,Nan
,C00194,2025-11-25,2026-01-02 07:00:00,Medium,,Closed,,7.0,N,INVALID,Missing case_id; CSAT score outside 1-5 range; Closed case missing closure date/resolution hours,Closed
CS001187,C00743,2024-12-03,2024-12-12 13:00:00,Low,Billing,,,0.0,N,INVALID,Duplicate case_id; CSAT score outside 1-5 range; Missing case_status,Nan
CS001003,C00318,2024-05-02,2024-05-31 19:00:00,High,Access,Open,558.0,2.0,Y,INVALID,Duplicate case_id; Support case references customer not in subscriptions,Open
,C01512,2024-11-18,2024-12-24 03:00:00,Medium,Technical,Pending,,1.0,N,INVALID,Missing case_id,Pending
CS000740,C01239,2025-09-12,2025-10-02 13:00:00,Medium,Technical,Open,,6.0,Y,INVALID,Duplicate case_id; CSAT score outside 1-5 range,Open
CS001797,C01515,2024-04-08,2024-04-14 22:00:00,Medium,,Open,,2.0,Y,INVALID,Duplicate case_id,Open
CS001519,C00603,2025-01-08,2025-02-12 17:00:00,Critical,Access,Escalated,-39.0,4.0,N,INVALID,Duplicate case_id; Negative resolution_hours,Escalated
CS001704,C01045,2024-07-30,2024-08-02 22:00:00,High,Cancellation,Pending,-38.0,3.0,N,INVALID,Duplicate case_id; Negative resolution_hours,Pending
CS000847,C01622,2024-12-24,2025-01-08 04:00:00,Critical,Data Issue,Pending,48.0,6.0,Y,INVALID,Duplicate case_id; Support case references customer not in subscriptions; CSAT score outside 1-5 range,Pending
CS001051,C00952,2024-04-17,2024-05-19 10:00:00,Critical,Billing,Closed,349.0,5.0,Y,INVALID,Duplicate case_id,Closed
CS000432,C01521,2025-04-16,2025-04-20 11:00:00,Critical,Access,Pending,-84.0,5.0,N,INVALID,Duplicate case_id; Support case references customer not in subscriptions; Negative resolution_hours,Pending
CS000132,C00012,2025-01-01,2025-01-31 06:00:00,,Cancellation,Escalated,-77.0,1.0,,INVALID,Duplicate case_id; Support case references customer not in subscriptions; Negative resolution_hours,Escalated
CS000824,C01237,2024-02-16,2024-03-09 22:00:00,,Technical,,-70.0,1.0,,INVALID,Duplicate case_id; Negative resolution_hours; Missing case_status,Nan
CS001081,C01736,2024-03-06,2024-04-04 14:00:00,Critical,Cancellation,Closed,,1.0,,INVALID,Duplicate case_id; Support case references customer not in subscriptions; Closed case missing closure date/resolution hours,Closed
CS000746,C00704,2024-02-29,2024-02-26 00:00:00,,Billing,Escalated,887.0,1.0,Y,INVALID,Duplicate case_id; Closed date earlier than opened date,Escalated
CS001505,C00963,2024-12-26,2025-01-03 01:00:00,,Billing,Open,,7.0,Y,INVALID,Duplicate case_id; CSAT score outside 1-5 range,Open
CS001172,C01258,2026-01-22,2026-03-02 01:00:00,High,Cancellation,,,5.0,N,INVALID,Duplicate case_id; Missing case_status,Nan
CS001603,C01474,2024-11-23,2024-12-18 22:00:00,,Billing,,870.0,3.0,Y,INVALID,Duplicate case_id; Support case references customer not in subscriptions; Missing case_status,Nan
CS000211,C00094,2025-10-24,2025-11-17 16:00:00,Critical,Access,Closed,-32.0,4.0,,INVALID,Duplicate case_id; Support case references customer not in subscriptions; Negative resolution_hours,Closed
CS001714,C00441,2024-02-25,2024-03-06 15:00:00,Medium,Access,Open,437.0,1.0,Y,INVALID,Duplicate case_id; Support case references customer not in subscriptions,Open
CS000703,C01269,2024-12-03,2024-12-27 04:00:00,Critical,,Pending,,7.0,N,INVALID,Duplicate case_id; Support case references customer not in subscriptions; CSAT score outside 1-5 range,Pending
CS000041,C01713,2024-02-26,2024-04-05 04:00:00,,,Pending,992.0,7.0,Y,INVALID,Duplicate case_id; CSAT score outside 1-5 range,Pending
CS000543,C00878,2025-10-28,2025-11-23 16:00:00,Critical,Access,Closed,18.0,0.0,,INVALID,Duplicate case_id; Support case references customer not in subscriptions; CSAT score outside 1-5 range,Closed
CS001363,C00360,2024-08-25,2024-08-16 00:00:00,Low,Data Issue,Open,-6.0,5.0,Y,INVALID,Duplicate case_id; Support case references customer not in subscriptions; Closed date earlier than opened date; Negative resolution_hours,Open
CS000613,C00368,2025-02-26,2025-03-02 07:00:00,Low,Technical,Closed,,,,INVALID,Duplicate case_id; Support case references customer not in subscriptions; Closed case missing closure date/resolution hours,Closed
CS000625,C00473,2024-05-13,2024-05-31 17:00:00,Low,Cancellation,,,1.0,N,INVALID,Duplicate case_id; Support case references customer not in subscriptions; Missing case_status,Nan
CS001012,C00374,2024-07-14,2024-07-26 21:00:00,,Technical,Pending,629.0,1.0,,INVALID,Duplicate case_id; Support case references customer not in subscriptions,Pending
CS001624,C00442,2024-03-10,2024-03-14 20:00:00,Critical,,,,6.0,N,INVALID,Duplicate case_id; CSAT score outside 1-5 range; Missing case_status,Nan
CS001394,C01137,2024-06-08,2024-06-13 06:00:00,,Technical,Open,,4.0,Y,INVALID,Duplicate case_id,Open
CS000821,C00010,2025-05-04,2025-05-21 22:00:00,High,Cancellation,Closed,224.0,0.0,,INVALID,Duplicate case_id; CSAT score outside 1-5 range,Closed
CS000541,C00595,2025-10-04,,High,,Open,579.0,5.0,N,INVALID,Duplicate case_id; Support case references customer not in subscriptions,Open
CS001424,C00954,2025-12-28,2026-01-11 11:00:00,High,,Closed,166.0,5.0,N,INVALID,Duplicate case_id; Support case references customer not in subscriptions,Closed
CS000078,C00387,2025-07-17,2025-08-03 20:00:00,Critical,,,-38.0,,,INVALID,Duplicate case_id; Support case references customer not in subscriptions; Negative resolution_hours; Missing case_status,Nan
CS000047,C00111,2025-03-24,2025-03-26 14:00:00,Low,Billing,Open,-14.0,4.0,Y,INVALID,Duplicate case_id; Support case references customer not in subscriptions; Negative resolution_hours,Open
CS001594,C00816,2025-04-15,2025-05-18 13:00:00,Medium,,Open,-47.0,0.0,N,INVALID,Duplicate case_id; Support case references customer not in subscriptions; Negative resolution_hours; CSAT score outside 1-5 range,Open
CS000045,C01141,2024-11-26,2024-11-27 13:00:00,Medium,Access,Closed,,,Y,INVALID,Duplicate case_id; Support case references customer not in subscriptions; Closed case missing closure date/resolution hours,Closed
